customer_id,customer_name,gender,age,city,state,country,signup_date
1,Aarav Gupta,Male,32,Ludhiana,Punjab,India,2022-10-13
2,Priya Malhotra,Male,55,Ludhiana,Punjab,India,2024-05-14
3,Aarav Singh,Male,32,Mohali,Punjab,India,2024-10-31
4,Simran Kumar,Female,32,Chandigarh,Chandigarh,India,2024-07-08
5,Aisha Sharma,Male,62,Noida,Uttar Pradesh,India,2024-05-15
6,Aditya Kaur,Male,39,Mumbai,Maharashtra,India,2022-07-29
7,Rahul Singh,Female,40,Kharar,Punjab,India,2025-05-21
8,Aisha Sharma,Female,52,Noida,Uttar Pradesh,India,2022-09-13
9,Arjun Malhotra,Female,58,Bangalore,Karnataka,India,2025-06-20
10,Ananya Kumar,Male,20,Pune,Maharashtra,India,2023-04-12
11,Arjun Kumar,Male,42,Jaipur,Rajasthan,India,2023-07-24
12,Priya Patel,Male,41,Chennai,Tamil Nadu,India,2023-12-29
13,Priya Gupta,Male,56,Delhi,Delhi,India,2022-12-17
14,Kabir Mehta,Female,35,Gurgaon,Haryana,India,2025-02-14
15,Priya Patel,Male,32,Gurgaon,Haryana,India,2022-03-07
16,Rahul Gupta,Male,31,Mumbai,Maharashtra,India,2025-03-07
17,Vihaan Mehta,Female,59,Mumbai,Maharashtra,India,2024-07-28
18,Aditya Kaur,Male,65,Amritsar,Punjab,India,2025-02-23
19,Meera Gill,Female,55,Noida,Uttar Pradesh,India,2024-03-28
20,Vihaan Kaur,Female,23,Pune,Maharashtra,India,2022-04-07
21,Kabir Kaur,Female,56,Ludhiana,Punjab,India,2022-05-11
22,Rahul Gill,Female,51,Bangalore,Karnataka,India,2023-05-30
23,Priya Singh,Female,59,Chandigarh,Chandigarh,India,2023-11-28
24,Aditya Verma,Male,47,Ludhiana,Punjab,India,2022-01-07
25,Simran Kaur,Male,58,Noida,Uttar Pradesh,India,2023-09-04
26,Kabir Patel,Male,52,Delhi,Delhi,India,2024-12-22
27,Ananya Patel,Female,19,Chandigarh,Chandigarh,India,2022-08-18
28,Neha Gupta,Male,21,Pune,Maharashtra,India,2023-05-09
29,Arjun Mehta,Male,52,Kharar,Punjab,India,2022-09-15
30,Priya Mehta,Male,34,Amritsar,Punjab,India,2024-12-16
31,Vihaan Malhotra,Male,63,Hyderabad,Telangana,India,2023-10-01
32,Priya Patel,Female,51,Bangalore,Karnataka,India,2024-07-13
33,Vihaan Kumar,Male,39,Ludhiana,Punjab,India,2022-02-13
34,Ananya Kumar,Male,22,Gurgaon,Haryana,India,2022-05-01
35,Arjun Sharma,Female,22,Gurgaon,Haryana,India,2024-11-18
36,Aditya Mehta,Male,52,Gurgaon,Haryana,India,2022-09-28
37,Vihaan Mehta,Female,30,Kolkata,West Bengal,India,2022-07-13
38,Priya Verma,Female,45,Ludhiana,Punjab,India,2024-04-21
39,Ishita Sharma,Male,21,Chennai,Tamil Nadu,India,2024-04-04
40,Aisha Singh,Male,30,Mumbai,Maharashtra,India,2023-01-25
41,Kabir Verma,Male,35,Chennai,Tamil Nadu,India,2024-08-05
42,Ishita Singh,Female,53,Gurgaon,Haryana,India,2022-07-20
43,Priya Malhotra,Male,23,Mohali,Punjab,India,2023-04-30
44,Rahul Mehta,Female,31,Jalandhar,Punjab,India,2024-04-01
45,Kabir Verma,Male,42,Mohali,Punjab,India,2023-06-28
46,Aditya Verma,Female,27,Chennai,Tamil Nadu,India,2023-01-24
47,Vihaan Sharma,Male,65,Jaipur,Rajasthan,India,2023-10-05
48,Aarav Gill,Female,50,Mohali,Punjab,India,2024-12-23
49,Aarav Malhotra,Male,29,Jalandhar,Punjab,India,2022-05-21
50,Priya Kumar,Female,25,Kharar,Punjab,India,2025-03-12
51,Ananya Gill,Male,57,Gurgaon,Haryana,India,2022-06-17
52,Priya Gill,Female,34,Hyderabad,Telangana,India,2023-02-23
53,Vihaan Gupta,Female,26,Mumbai,Maharashtra,India,2023-09-07
54,Rohan Singh,Male,47,Chennai,Tamil Nadu,India,2025-06-26
55,Arjun Malhotra,Male,50,Ludhiana,Punjab,India,2023-06-28
56,Neha Patel,Male,33,Amritsar,Punjab,India,2024-01-27
57,Kabir Mehta,Female,57,Jaipur,Rajasthan,India,2024-12-19
58,Priya Malhotra,Female,60,Chandigarh,Chandigarh,India,2022-08-01
59,Aditya Singh,Male,65,Amritsar,Punjab,India,2025-02-07
60,Aditya Gupta,Male,63,Amritsar,Punjab,India,2023-12-04
61,Priya Gupta,Female,34,Delhi,Delhi,India,2022-04-15
62,Priya Verma,Female,20,Kharar,Punjab,India,2022-01-08
63,Aisha Kaur,Female,28,Mumbai,Maharashtra,India,2024-06-23
64,Simran Sharma,Male,22,Hyderabad,Telangana,India,2022-11-02
65,Ishita Patel,Male,45,Mohali,Punjab,India,2022-09-19
66,Aditya Patel,Male,40,Mohali,Punjab,India,2023-03-07
67,Priya Singh,Female,53,Gurgaon,Haryana,India,2024-04-12
68,Neha Kumar,Male,29,Amritsar,Punjab,India,2024-04-24
69,Kabir Patel,Female,60,Chandigarh,Chandigarh,India,2023-05-24
70,Kabir Singh,Female,20,Noida,Uttar Pradesh,India,2024-08-21
71,Vihaan Mehta,Female,37,Gurgaon,Haryana,India,2023-04-12
72,Aarav Kumar,Female,39,Gurgaon,Haryana,India,2023-07-25
73,Aisha Gupta,Female,59,Kharar,Punjab,India,2024-11-09
74,Priya Malhotra,Female,19,Bangalore,Karnataka,India,2022-08-25
75,Kabir Gill,Female,20,Noida,Uttar Pradesh,India,2022-08-11
76,Rohan Patel,Female,56,Hyderabad,Telangana,India,2024-11-13
77,Rahul Gill,Male,34,Ludhiana,Punjab,India,2022-04-01
78,Aarav Malhotra,Male,41,Hyderabad,Telangana,India,2024-06-02
79,Priya Patel,Female,60,Kharar,Punjab,India,2022-09-13
80,Simran Gupta,Female,38,Jaipur,Rajasthan,India,2024-04-04
81,Simran Kaur,Male,44,Jaipur,Rajasthan,India,2024-02-16
82,Ananya Gill,Female,43,Jalandhar,Punjab,India,2025-01-27
83,Aditya Gupta,Male,45,Chandigarh,Chandigarh,India,2025-04-02
84,Karan Mehta,Female,61,Mumbai,Maharashtra,India,2023-03-14
85,Aisha Kaur,Male,36,Kolkata,West Bengal,India,2024-11-21
86,Arjun Kumar,Female,32,Mumbai,Maharashtra,India,2023-02-12
87,Aarav Sharma,Male,48,Amritsar,Punjab,India,2025-06-05
88,Karan Verma,Male,63,Kharar,Punjab,India,2024-02-26
89,Rahul Kumar,Male,59,Kolkata,West Bengal,India,2022-01-12
90,Aisha Verma,Male,29,Ludhiana,Punjab,India,2024-11-26
91,Aarav Malhotra,Male,25,Chennai,Tamil Nadu,India,2024-07-23
92,Aisha Mehta,Female,46,Amritsar,Punjab,India,2025-06-08
93,Ishita Malhotra,Female,28,Hyderabad,Telangana,India,2024-08-30
94,Aditya Kumar,Female,51,Chennai,Tamil Nadu,India,2024-09-19
95,Aditya Mehta,Male,63,Gurgaon,Haryana,India,2023-08-09
96,Aditya Patel,Female,52,Gurgaon,Haryana,India,2022-06-15
97,Kabir Kumar,Female,62,Amritsar,Punjab,India,2022-11-09
98,Arjun Verma,Female,39,Delhi,Delhi,India,2025-01-16
99,Rahul Sharma,Male,44,Chennai,Tamil Nadu,India,2024-03-08
100,Ishita Gill,Female,48,Chandigarh,Chandigarh,India,2022-01-13
101,Aditya Verma,Female,52,Pune,Maharashtra,India,2025-01-23
102,Karan Kumar,Female,45,Gurgaon,Haryana,India,2024-09-21
103,Rahul Patel,Female,64,Chandigarh,Chandigarh,India,2022-12-05
104,Neha Kaur,Male,43,Chennai,Tamil Nadu,India,2025-04-27
105,Arjun Verma,Male,47,Chandigarh,Chandigarh,India,2023-01-08
106,Aditya Verma,Female,31,Mohali,Punjab,India,2024-07-20
107,Rohan Verma,Female,44,Mumbai,Maharashtra,India,2023-06-01
108,Karan Sharma,Male,40,Kharar,Punjab,India,2023-04-05
109,Aisha Sharma,Male,33,Kharar,Punjab,India,2023-02-13
110,Ananya Kaur,Male,26,Chandigarh,Chandigarh,India,2024-08-27
111,Ananya Kumar,Female,62,Ludhiana,Punjab,India,2023-06-09
112,Kabir Gill,Male,28,Pune,Maharashtra,India,2023-09-30
113,Ananya Sharma,Female,54,Ludhiana,Punjab,India,2024-02-08
114,Meera Kumar,Male,55,Bangalore,Karnataka,India,2023-05-13
115,Meera Gupta,Male,54,Ludhiana,Punjab,India,2022-03-26
116,Simran Verma,Female,22,Pune,Maharashtra,India,2024-11-02
117,Aarav Verma,Female,24,Mumbai,Maharashtra,India,2024-06-06
118,Priya Mehta,Male,45,Pune,Maharashtra,India,2022-12-27
119,Ananya Malhotra,Female,47,Noida,Uttar Pradesh,India,2024-06-11
120,Rohan Kumar,Male,35,Noida,Uttar Pradesh,India,2024-07-12
121,Aisha Mehta,Female,39,Gurgaon,Haryana,India,2022-02-28
122,Ishita Patel,Male,49,Kolkata,West Bengal,India,2023-03-11
123,Aisha Gupta,Female,35,Pune,Maharashtra,India,2025-05-05
124,Simran Sharma,Male,23,Noida,Uttar Pradesh,India,2023-05-10
125,Karan Malhotra,Male,62,Hyderabad,Telangana,India,2024-09-02
126,Karan Sharma,Male,36,Kolkata,West Bengal,India,2023-03-30
127,Meera Kumar,Female,60,Bangalore,Karnataka,India,2025-04-06
128,Karan Malhotra,Female,45,Pune,Maharashtra,India,2025-02-01
129,Rohan Mehta,Female,37,Mumbai,Maharashtra,India,2023-05-30
130,Arjun Kumar,Female,25,Gurgaon,Haryana,India,2025-01-02
131,Vihaan Kumar,Female,35,Jalandhar,Punjab,India,2025-04-22
132,Arjun Kumar,Female,32,Jaipur,Rajasthan,India,2024-01-10
133,Aditya Sharma,Male,35,Jalandhar,Punjab,India,2022-04-04
134,Simran Gupta,Male,58,Mohali,Punjab,India,2024-10-02
135,Ishita Sharma,Female,48,Ludhiana,Punjab,India,2024-09-07
136,Rohan Kaur,Male,34,Chennai,Tamil Nadu,India,2024-09-05
137,Ishita Singh,Female,49,Ludhiana,Punjab,India,2022-06-01
138,Kabir Kaur,Female,23,Mohali,Punjab,India,2023-05-24
139,Simran Verma,Male,51,Ludhiana,Punjab,India,2024-02-19
140,Neha Mehta,Female,55,Chennai,Tamil Nadu,India,2024-05-28
141,Ananya Gill,Male,57,Jaipur,Rajasthan,India,2022-07-23
142,Priya Kumar,Female,60,Delhi,Delhi,India,2022-06-16
143,Vihaan Kaur,Male,28,Jalandhar,Punjab,India,2022-01-06
144,Karan Gill,Female,36,Hyderabad,Telangana,India,2022-03-08
145,Aditya Gupta,Female,22,Gurgaon,Haryana,India,2023-04-24
146,Aisha Gill,Male,45,Noida,Uttar Pradesh,India,2022-08-24
147,Priya Kaur,Female,27,Gurgaon,Haryana,India,2022-05-27
148,Kabir Gupta,Female,46,Mohali,Punjab,India,2022-09-12
149,Meera Gupta,Female,35,Chennai,Tamil Nadu,India,2024-10-21
150,Karan Singh,Male,45,Kolkata,West Bengal,India,2023-10-23
151,Aarav Singh,Male,61,Noida,Uttar Pradesh,India,2025-03-24
152,Aisha Gupta,Male,29,Chandigarh,Chandigarh,India,2024-08-21
153,Neha Gupta,Male,55,Chennai,Tamil Nadu,India,2024-06-11
154,Arjun Mehta,Female,44,Kolkata,West Bengal,India,2023-11-14
155,Priya Singh,Male,39,Mumbai,Maharashtra,India,2024-04-23
156,Aditya Verma,Male,47,Kolkata,West Bengal,India,2022-06-30
157,Aditya Patel,Male,43,Mumbai,Maharashtra,India,2024-11-19
158,Priya Malhotra,Female,44,Chandigarh,Chandigarh,India,2022-04-22
159,Simran Patel,Female,58,Delhi,Delhi,India,2024-06-24
160,Vihaan Gupta,Male,36,Mohali,Punjab,India,2024-06-16
161,Arjun Sharma,Male,63,Kolkata,West Bengal,India,2022-11-21
162,Simran Sharma,Female,23,Jaipur,Rajasthan,India,2023-04-06
163,Karan Singh,Male,49,Ludhiana,Punjab,India,2023-08-21
164,Rahul Mehta,Female,33,Noida,Uttar Pradesh,India,2024-07-24
165,Rahul Kumar,Male,22,Amritsar,Punjab,India,2023-07-20
166,Rohan Malhotra,Female,18,Hyderabad,Telangana,India,2023-08-03
167,Ishita Gill,Female,27,Jaipur,Rajasthan,India,2024-07-03
168,Rohan Patel,Female,47,Kolkata,West Bengal,India,2023-10-22
169,Meera Kumar,Female,32,Delhi,Delhi,India,2024-04-21
170,Rohan Mehta,Female,42,Mohali,Punjab,India,2022-11-08
171,Aarav Kaur,Female,24,Kolkata,West Bengal,India,2024-06-20
172,Simran Mehta,Male,64,Ludhiana,Punjab,India,2022-10-23
173,Ishita Kaur,Male,48,Hyderabad,Telangana,India,2023-06-27
174,Ananya Verma,Male,39,Mumbai,Maharashtra,India,2024-12-28
175,Rohan Mehta,Male,57,Bangalore,Karnataka,India,2022-05-21
176,Priya Gupta,Male,65,Gurgaon,Haryana,India,2022-07-05
177,Arjun Singh,Female,28,Hyderabad,Telangana,India,2023-09-06
178,Aarav Patel,Male,36,Chandigarh,Chandigarh,India,2024-01-05
179,Rahul Kaur,Male,51,Pune,Maharashtra,India,2024-04-23
180,Kabir Kaur,Male,57,Jalandhar,Punjab,India,2024-02-23
181,Karan Gill,Male,32,Gurgaon,Haryana,India,2024-08-02
182,Karan Gupta,Male,47,Noida,Uttar Pradesh,India,2023-08-13
183,Arjun Mehta,Female,55,Jalandhar,Punjab,India,2023-09-05
184,Meera Gupta,Female,37,Hyderabad,Telangana,India,2023-02-12
185,Ishita Mehta,Male,33,Bangalore,Karnataka,India,2024-02-21
186,Ananya Gupta,Female,19,Pune,Maharashtra,India,2024-03-21
187,Aarav Gill,Male,56,Noida,Uttar Pradesh,India,2024-10-14
188,Aisha Kumar,Female,32,Jaipur,Rajasthan,India,2023-01-25
189,Priya Kaur,Male,58,Noida,Uttar Pradesh,India,2022-03-22
190,Aisha Mehta,Male,55,Jaipur,Rajasthan,India,2024-01-18
191,Arjun Gupta,Female,65,Amritsar,Punjab,India,2024-04-30
192,Vihaan Kaur,Female,51,Jalandhar,Punjab,India,2024-10-24
193,Ishita Kaur,Female,48,Noida,Uttar Pradesh,India,2023-08-28
194,Aisha Singh,Female,22,Mumbai,Maharashtra,India,2022-10-16
195,Ishita Verma,Female,23,Gurgaon,Haryana,India,2024-03-19
196,Aditya Malhotra,Male,47,Chandigarh,Chandigarh,India,2024-01-25
197,Ananya Verma,Female,24,Noida,Uttar Pradesh,India,2023-04-24
198,Aarav Gill,Female,57,Kolkata,West Bengal,India,2023-03-30
199,Priya Mehta,Female,59,Kharar,Punjab,India,2024-04-16
200,Kabir Sharma,Male,37,Ludhiana,Punjab,India,2024-10-05
201,Arjun Kumar,Male,42,Ludhiana,Punjab,India,2024-07-18
202,Priya Malhotra,Female,55,Pune,Maharashtra,India,2022-11-13
203,Priya Singh,Female,57,Hyderabad,Telangana,India,2024-04-15
204,Aarav Patel,Male,46,Noida,Uttar Pradesh,India,2024-06-29
205,Ishita Patel,Male,61,Gurgaon,Haryana,India,2024-01-23
206,Aarav Verma,Female,30,Pune,Maharashtra,India,2022-09-08
207,Arjun Kumar,Male,21,Chennai,Tamil Nadu,India,2023-11-15
208,Kabir Gill,Male,22,Gurgaon,Haryana,India,2025-02-09
209,Ananya Kumar,Male,39,Delhi,Delhi,India,2022-10-30
210,Aditya Kaur,Male,52,Chandigarh,Chandigarh,India,2023-05-29
211,Arjun Sharma,Male,18,Jalandhar,Punjab,India,2024-01-04
212,Ananya Patel,Male,29,Gurgaon,Haryana,India,2023-06-28
213,Kabir Verma,Male,65,Mohali,Punjab,India,2022-05-11
214,Karan Patel,Male,46,Kolkata,West Bengal,India,2024-10-28
215,Ananya Sharma,Female,47,Gurgaon,Haryana,India,2022-03-05
216,Karan Verma,Female,61,Mohali,Punjab,India,2022-08-10
217,Meera Mehta,Male,23,Kolkata,West Bengal,India,2023-10-22
218,Arjun Kaur,Female,57,Amritsar,Punjab,India,2025-04-13
219,Rahul Gill,Female,47,Mumbai,Maharashtra,India,2024-11-01
220,Arjun Singh,Male,45,Hyderabad,Telangana,India,2024-07-13
221,Rahul Patel,Female,43,Gurgaon,Haryana,India,2024-05-01
222,Rohan Verma,Female,60,Ludhiana,Punjab,India,2023-06-07
223,Kabir Mehta,Male,23,Pune,Maharashtra,India,2022-06-24
224,Rahul Singh,Female,26,Kharar,Punjab,India,2025-02-13
225,Ananya Malhotra,Female,60,Mohali,Punjab,India,2022-09-08
226,Rohan Verma,Male,36,Hyderabad,Telangana,India,2025-05-14
227,Rohan Singh,Male,27,Jaipur,Rajasthan,India,2024-09-14
228,Ishita Singh,Female,53,Gurgaon,Haryana,India,2024-01-23
229,Aisha Gupta,Male,45,Ludhiana,Punjab,India,2025-02-22
230,Ananya Gupta,Male,29,Chandigarh,Chandigarh,India,2023-07-14
231,Neha Patel,Female,18,Jaipur,Rajasthan,India,2023-01-07
232,Ananya Verma,Male,27,Amritsar,Punjab,India,2022-03-04
233,Meera Malhotra,Male,42,Kharar,Punjab,India,2024-05-09
234,Rohan Kaur,Female,37,Chennai,Tamil Nadu,India,2023-10-27
235,Neha Sharma,Male,28,Kharar,Punjab,India,2025-06-19
236,Priya Singh,Female,46,Mohali,Punjab,India,2024-05-18
237,Ananya Mehta,Female,35,Kolkata,West Bengal,India,2023-03-18
238,Rohan Verma,Male,36,Ludhiana,Punjab,India,2025-04-29
239,Simran Gupta,Male,32,Kolkata,West Bengal,India,2024-03-20
240,Aarav Kumar,Female,31,Mohali,Punjab,India,2022-10-09
241,Aditya Patel,Male,18,Noida,Uttar Pradesh,India,2024-10-15
242,Kabir Kaur,Female,52,Hyderabad,Telangana,India,2023-04-17
243,Arjun Verma,Male,45,Pune,Maharashtra,India,2022-02-08
244,Neha Singh,Female,54,Chennai,Tamil Nadu,India,2024-05-29
245,Meera Verma,Female,25,Bangalore,Karnataka,India,2024-04-09
246,Rohan Kaur,Female,62,Chandigarh,Chandigarh,India,2024-01-12
247,Rahul Singh,Male,45,Kharar,Punjab,India,2025-04-21
248,Simran Singh,Female,37,Bangalore,Karnataka,India,2023-11-27
249,Rohan Kaur,Male,50,Gurgaon,Haryana,India,2022-08-22
250,Neha Patel,Female,64,Delhi,Delhi,India,2022-10-30
251,Arjun Kaur,Female,30,Gurgaon,Haryana,India,2022-12-22
252,Aisha Singh,Male,58,Amritsar,Punjab,India,2024-10-08
253,Aisha Gill,Female,61,Chennai,Tamil Nadu,India,2025-03-02
254,Ishita Patel,Male,46,Mumbai,Maharashtra,India,2022-05-20
255,Karan Gupta,Female,55,Kolkata,West Bengal,India,2022-04-26
256,Simran Singh,Female,47,Pune,Maharashtra,India,2024-07-14
257,Aarav Patel,Female,22,Mohali,Punjab,India,2022-07-04
258,Karan Gill,Male,46,Bangalore,Karnataka,India,2025-03-16
259,Rohan Gill,Female,50,Delhi,Delhi,India,2022-11-05
260,Karan Singh,Female,63,Mohali,Punjab,India,2022-06-22
261,Aarav Kumar,Female,46,Jalandhar,Punjab,India,2024-12-09
262,Rohan Patel,Female,42,Jalandhar,Punjab,India,2024-04-17
263,Priya Gill,Male,58,Mumbai,Maharashtra,India,2023-11-17
264,Rohan Singh,Female,36,Kharar,Punjab,India,2023-06-01
265,Rohan Singh,Male,40,Amritsar,Punjab,India,2023-09-28
266,Kabir Gill,Male,37,Bangalore,Karnataka,India,2025-02-18
267,Priya Patel,Male,60,Bangalore,Karnataka,India,2024-12-14
268,Priya Verma,Female,19,Kharar,Punjab,India,2024-01-13
269,Kabir Kumar,Female,49,Jaipur,Rajasthan,India,2023-01-29
270,Kabir Kaur,Male,36,Gurgaon,Haryana,India,2022-07-27
271,Priya Patel,Male,56,Mohali,Punjab,India,2024-02-11
272,Kabir Kaur,Male,64,Amritsar,Punjab,India,2024-06-15
273,Rahul Patel,Male,46,Mohali,Punjab,India,2025-06-04
274,Aisha Mehta,Male,52,Jaipur,Rajasthan,India,2023-05-05
275,Aisha Mehta,Male,41,Jaipur,Rajasthan,India,2025-03-14
276,Karan Gupta,Female,50,Chennai,Tamil Nadu,India,2024-12-16
277,Kabir Kumar,Male,34,Hyderabad,Telangana,India,2022-04-17
278,Ishita Patel,Male,63,Kolkata,West Bengal,India,2024-11-22
279,Aditya Singh,Male,35,Ludhiana,Punjab,India,2024-07-09
280,Ishita Verma,Male,32,Amritsar,Punjab,India,2024-07-12
281,Neha Sharma,Female,21,Pune,Maharashtra,India,2024-03-22
282,Vihaan Verma,Male,41,Pune,Maharashtra,India,2023-04-05
283,Rohan Singh,Female,27,Chandigarh,Chandigarh,India,2022-10-09
284,Aditya Mehta,Male,63,Mohali,Punjab,India,2024-08-18
285,Ananya Sharma,Male,19,Chennai,Tamil Nadu,India,2023-06-09
286,Ishita Kaur,Female,25,Delhi,Delhi,India,2023-08-14
287,Aditya Singh,Male,33,Gurgaon,Haryana,India,2024-05-09
288,Arjun Singh,Female,56,Chennai,Tamil Nadu,India,2025-01-02
289,Priya Malhotra,Male,63,Chandigarh,Chandigarh,India,2022-10-22
290,Rahul Sharma,Female,33,Jaipur,Rajasthan,India,2025-03-14
291,Kabir Singh,Female,22,Hyderabad,Telangana,India,2024-12-13
292,Rahul Mehta,Male,58,Chandigarh,Chandigarh,India,2024-03-03
293,Aditya Sharma,Female,22,Pune,Maharashtra,India,2023-12-08
294,Meera Singh,Female,26,Gurgaon,Haryana,India,2022-04-01
295,Simran Patel,Male,61,Pune,Maharashtra,India,2024-08-09
296,Priya Kaur,Male,22,Kolkata,West Bengal,India,2024-07-26
297,Aditya Kumar,Male,30,Mohali,Punjab,India,2022-03-27
298,Neha Gupta,Female,52,Mumbai,Maharashtra,India,2024-08-27
299,Aarav Kumar,Female,40,Noida,Uttar Pradesh,India,2022-04-08
300,Aditya Singh,Female,45,Mumbai,Maharashtra,India,2024-03-30
301,Neha Verma,Female,29,Chennai,Tamil Nadu,India,2024-10-13
302,Rohan Malhotra,Female,23,Kolkata,West Bengal,India,2024-05-19
303,Rahul Gill,Male,52,Kharar,Punjab,India,2023-08-25
304,Arjun Singh,Female,60,Mumbai,Maharashtra,India,2023-08-29
305,Karan Gill,Female,28,Jaipur,Rajasthan,India,2024-06-28
306,Karan Sharma,Female,57,Pune,Maharashtra,India,2024-06-09
307,Priya Sharma,Male,60,Noida,Uttar Pradesh,India,2024-04-11
308,Simran Kaur,Male,27,Pune,Maharashtra,India,2025-05-29
309,Aarav Kaur,Male,33,Chennai,Tamil Nadu,India,2024-01-21
310,Rahul Gill,Male,56,Pune,Maharashtra,India,2022-11-11
311,Rohan Patel,Female,22,Chennai,Tamil Nadu,India,2025-03-21
312,Simran Patel,Female,38,Amritsar,Punjab,India,2023-07-25
313,Arjun Sharma,Male,49,Gurgaon,Haryana,India,2024-11-26
314,Neha Malhotra,Male,34,Bangalore,Karnataka,India,2023-06-18
315,Vihaan Gill,Female,62,Chennai,Tamil Nadu,India,2024-10-02
316,Arjun Kaur,Male,46,Delhi,Delhi,India,2022-12-20
317,Arjun Patel,Female,63,Chennai,Tamil Nadu,India,2022-05-13
318,Neha Gupta,Male,63,Jaipur,Rajasthan,India,2022-12-23
319,Simran Kumar,Male,30,Pune,Maharashtra,India,2022-10-12
320,Aisha Mehta,Male,41,Gurgaon,Haryana,India,2025-02-08
321,Karan Malhotra,Male,57,Pune,Maharashtra,India,2022-06-26
322,Aditya Verma,Female,51,Kharar,Punjab,India,2024-04-21
323,Ishita Gill,Male,26,Hyderabad,Telangana,India,2023-10-12
324,Karan Mehta,Female,26,Kharar,Punjab,India,2025-02-03
325,Aisha Kaur,Female,50,Jalandhar,Punjab,India,2022-04-24
326,Simran Kaur,Female,28,Ludhiana,Punjab,India,2022-11-28
327,Neha Kumar,Female,51,Mumbai,Maharashtra,India,2023-08-05
328,Aditya Kumar,Female,26,Kharar,Punjab,India,2023-09-13
329,Simran Kaur,Male,28,Kharar,Punjab,India,2025-05-24
330,Ishita Gill,Male,19,Mumbai,Maharashtra,India,2022-06-16
331,Priya Gill,Female,59,Mohali,Punjab,India,2023-03-08
332,Ananya Sharma,Female,58,Hyderabad,Telangana,India,2025-01-22
333,Priya Gupta,Female,33,Jaipur,Rajasthan,India,2024-04-11
334,Karan Singh,Male,28,Jaipur,Rajasthan,India,2024-06-19
335,Karan Mehta,Male,39,Hyderabad,Telangana,India,2025-05-27
336,Rohan Patel,Female,43,Amritsar,Punjab,India,2022-09-25
337,Simran Malhotra,Male,38,Pune,Maharashtra,India,2023-05-11
338,Arjun Gupta,Female,33,Chennai,Tamil Nadu,India,2022-10-16
339,Aarav Gupta,Female,57,Ludhiana,Punjab,India,2024-05-06
340,Ishita Kaur,Female,54,Gurgaon,Haryana,India,2023-10-03
341,Aisha Kaur,Female,50,Delhi,Delhi,India,2024-08-14
342,Neha Gupta,Female,19,Kolkata,West Bengal,India,2022-07-04
343,Simran Mehta,Male,31,Bangalore,Karnataka,India,2025-04-09
344,Aarav Sharma,Female,49,Pune,Maharashtra,India,2025-05-08
345,Aditya Malhotra,Male,24,Kolkata,West Bengal,India,2024-06-01
346,Neha Gupta,Female,43,Amritsar,Punjab,India,2024-01-20
347,Rahul Sharma,Male,41,Mohali,Punjab,India,2025-02-07
348,Arjun Verma,Female,53,Jaipur,Rajasthan,India,2023-07-27
349,Kabir Singh,Female,41,Ludhiana,Punjab,India,2023-11-26
350,Aisha Kaur,Male,56,Pune,Maharashtra,India,2024-11-08
351,Simran Sharma,Male,20,Bangalore,Karnataka,India,2022-10-08
352,Aisha Mehta,Female,27,Mumbai,Maharashtra,India,2025-05-26
353,Rohan Gill,Female,28,Amritsar,Punjab,India,2024-03-15
354,Ananya Patel,Female,63,Jaipur,Rajasthan,India,2025-02-26
355,Karan Sharma,Female,39,Jaipur,Rajasthan,India,2022-08-13
356,Ananya Gupta,Male,56,Hyderabad,Telangana,India,2024-08-29
357,Priya Gill,Male,64,Noida,Uttar Pradesh,India,2022-04-16
358,Kabir Malhotra,Female,27,Kolkata,West Bengal,India,2023-05-12
359,Ananya Singh,Male,19,Mohali,Punjab,India,2024-06-22
360,Rahul Kaur,Female,62,Mumbai,Maharashtra,India,2023-02-22
361,Simran Gill,Female,65,Hyderabad,Telangana,India,2022-05-08
362,Simran Kumar,Female,60,Amritsar,Punjab,India,2024-09-06
363,Rohan Kaur,Female,52,Bangalore,Karnataka,India,2023-12-03
364,Priya Gupta,Female,30,Pune,Maharashtra,India,2023-05-20
365,Simran Gupta,Male,37,Noida,Uttar Pradesh,India,2023-08-15
366,Meera Mehta,Female,48,Delhi,Delhi,India,2023-12-16
367,Aditya Singh,Female,43,Noida,Uttar Pradesh,India,2023-12-08
368,Aditya Sharma,Female,63,Amritsar,Punjab,India,2022-06-11
369,Neha Mehta,Female,65,Pune,Maharashtra,India,2024-09-08
370,Vihaan Malhotra,Female,53,Delhi,Delhi,India,2023-07-11
371,Arjun Gill,Male,33,Amritsar,Punjab,India,2022-04-14
372,Priya Kumar,Male,24,Gurgaon,Haryana,India,2024-04-26
373,Meera Mehta,Male,61,Mumbai,Maharashtra,India,2022-10-09
374,Simran Kaur,Female,59,Chandigarh,Chandigarh,India,2024-09-01
375,Priya Kumar,Female,38,Kolkata,West Bengal,India,2023-08-08
376,Neha Singh,Male,52,Mohali,Punjab,India,2022-03-18
377,Rahul Kaur,Male,43,Jalandhar,Punjab,India,2024-10-11
378,Neha Gupta,Male,18,Jalandhar,Punjab,India,2023-09-04
379,Neha Patel,Female,47,Ludhiana,Punjab,India,2025-01-17
380,Neha Kaur,Female,35,Kolkata,West Bengal,India,2023-01-30
381,Rohan Kaur,Female,59,Ludhiana,Punjab,India,2023-06-11
382,Aarav Patel,Female,54,Jalandhar,Punjab,India,2023-01-31
383,Ananya Verma,Female,50,Jalandhar,Punjab,India,2023-11-03
384,Rahul Singh,Male,26,Kharar,Punjab,India,2024-09-04
385,Neha Kumar,Male,34,Mumbai,Maharashtra,India,2024-02-25
386,Karan Gupta,Female,37,Gurgaon,Haryana,India,2025-04-07
387,Aditya Patel,Male,21,Chandigarh,Chandigarh,India,2022-08-31
388,Aditya Kaur,Female,61,Chennai,Tamil Nadu,India,2024-10-26
389,Meera Singh,Female,41,Jaipur,Rajasthan,India,2025-06-12
390,Vihaan Kaur,Female,27,Gurgaon,Haryana,India,2024-07-20
391,Rahul Malhotra,Female,52,Pune,Maharashtra,India,2023-03-24
392,Priya Gill,Male,51,Gurgaon,Haryana,India,2024-07-03
393,Arjun Gill,Male,21,Pune,Maharashtra,India,2025-01-26
394,Ananya Malhotra,Male,28,Delhi,Delhi,India,2023-11-03
395,Arjun Kumar,Female,23,Chennai,Tamil Nadu,India,2024-11-11
396,Aisha Sharma,Female,26,Chennai,Tamil Nadu,India,2024-11-17
397,Karan Gill,Male,53,Hyderabad,Telangana,India,2024-08-04
398,Meera Sharma,Female,34,Jaipur,Rajasthan,India,2022-01-07
399,Ananya Singh,Male,45,Delhi,Delhi,India,2023-12-07
400,Simran Sharma,Male,48,Kharar,Punjab,India,2022-03-06
401,Rahul Kaur,Male,59,Jaipur,Rajasthan,India,2024-05-10
402,Neha Verma,Female,42,Pune,Maharashtra,India,2024-02-09
403,Priya Malhotra,Male,59,Kharar,Punjab,India,2023-12-14
404,Kabir Malhotra,Female,51,Ludhiana,Punjab,India,2022-09-18
405,Ishita Sharma,Male,37,Gurgaon,Haryana,India,2024-08-06
406,Simran Verma,Male,33,Hyderabad,Telangana,India,2024-08-01
407,Kabir Gupta,Male,64,Pune,Maharashtra,India,2022-08-20
408,Aisha Verma,Male,33,Mohali,Punjab,India,2023-02-27
409,Arjun Gill,Male,46,Kharar,Punjab,India,2025-05-09
410,Vihaan Sharma,Female,46,Mohali,Punjab,India,2023-04-25
411,Aisha Sharma,Male,50,Delhi,Delhi,India,2023-08-16
412,Ishita Gill,Female,54,Gurgaon,Haryana,India,2025-05-09
413,Vihaan Gupta,Male,60,Mumbai,Maharashtra,India,2024-12-03
414,Rahul Gupta,Female,21,Gurgaon,Haryana,India,2025-02-14
415,Priya Verma,Female,21,Jalandhar,Punjab,India,2023-12-07
416,Aisha Malhotra,Female,62,Bangalore,Karnataka,India,2024-05-02
417,Kabir Gupta,Female,29,Hyderabad,Telangana,India,2025-01-06
418,Vihaan Kumar,Female,63,Kolkata,West Bengal,India,2022-10-23
419,Neha Sharma,Female,44,Chennai,Tamil Nadu,India,2025-02-15
420,Rahul Kumar,Female,31,Amritsar,Punjab,India,2023-11-08
421,Neha Mehta,Female,23,Kharar,Punjab,India,2025-01-01
422,Aarav Gupta,Female,61,Delhi,Delhi,India,2025-05-23
423,Ishita Singh,Male,55,Mohali,Punjab,India,2025-02-18
424,Karan Kumar,Female,37,Delhi,Delhi,India,2022-02-01
425,Neha Kumar,Male,65,Delhi,Delhi,India,2024-09-07
426,Meera Gill,Male,43,Gurgaon,Haryana,India,2023-05-06
427,Aisha Gupta,Female,47,Mumbai,Maharashtra,India,2024-12-28
428,Aditya Gupta,Female,50,Pune,Maharashtra,India,2024-10-15
429,Arjun Mehta,Female,31,Chennai,Tamil Nadu,India,2024-01-30
430,Rahul Sharma,Male,65,Mumbai,Maharashtra,India,2022-10-26
431,Aditya Malhotra,Female,36,Chandigarh,Chandigarh,India,2022-11-09
432,Rohan Kumar,Female,54,Delhi,Delhi,India,2023-05-19
433,Simran Patel,Female,49,Kolkata,West Bengal,India,2024-10-01
434,Kabir Patel,Male,26,Chennai,Tamil Nadu,India,2025-01-24
435,Kabir Malhotra,Male,51,Kolkata,West Bengal,India,2022-03-11
436,Ishita Sharma,Male,44,Kharar,Punjab,India,2022-10-09
437,Arjun Kaur,Male,31,Gurgaon,Haryana,India,2024-11-01
438,Rohan Sharma,Female,60,Chennai,Tamil Nadu,India,2024-09-26
439,Aarav Malhotra,Female,18,Chandigarh,Chandigarh,India,2022-02-04
440,Simran Gupta,Male,50,Noida,Uttar Pradesh,India,2024-05-31
441,Arjun Singh,Male,33,Jalandhar,Punjab,India,2023-01-29
442,Ishita Patel,Female,43,Noida,Uttar Pradesh,India,2022-06-11
443,Rahul Mehta,Male,62,Pune,Maharashtra,India,2023-04-08
444,Priya Singh,Male,23,Jaipur,Rajasthan,India,2024-04-10
445,Rahul Malhotra,Female,21,Bangalore,Karnataka,India,2022-01-20
446,Arjun Mehta,Female,59,Jalandhar,Punjab,India,2023-11-10
447,Neha Malhotra,Male,32,Ludhiana,Punjab,India,2023-03-09
448,Aditya Sharma,Male,61,Kolkata,West Bengal,India,2023-07-29
449,Kabir Patel,Male,31,Mohali,Punjab,India,2025-04-17
450,Aisha Verma,Male,37,Amritsar,Punjab,India,2022-11-29
451,Ananya Verma,Female,42,Gurgaon,Haryana,India,2022-10-14
452,Simran Patel,Male,24,Kharar,Punjab,India,2024-06-14
453,Ishita Singh,Female,56,Gurgaon,Haryana,India,2025-06-11
454,Aisha Patel,Male,58,Bangalore,Karnataka,India,2023-07-14
455,Karan Kumar,Female,53,Chennai,Tamil Nadu,India,2024-02-08
456,Kabir Gill,Female,23,Hyderabad,Telangana,India,2025-06-20
457,Aisha Kumar,Male,23,Jaipur,Rajasthan,India,2023-07-03
458,Rahul Kaur,Female,38,Amritsar,Punjab,India,2024-01-09
459,Arjun Sharma,Female,46,Ludhiana,Punjab,India,2024-01-08
460,Arjun Kaur,Male,29,Noida,Uttar Pradesh,India,2024-06-01
461,Simran Malhotra,Female,24,Chennai,Tamil Nadu,India,2022-02-23
462,Rohan Malhotra,Male,56,Kharar,Punjab,India,2025-05-09
463,Ishita Verma,Male,36,Mumbai,Maharashtra,India,2024-04-27
464,Aisha Singh,Male,54,Bangalore,Karnataka,India,2024-12-03
465,Priya Verma,Male,26,Jalandhar,Punjab,India,2023-07-05
466,Aditya Mehta,Male,22,Jaipur,Rajasthan,India,2022-12-09
467,Aditya Verma,Female,48,Hyderabad,Telangana,India,2022-06-07
468,Aditya Kumar,Female,56,Pune,Maharashtra,India,2025-06-16
469,Karan Singh,Male,37,Delhi,Delhi,India,2022-01-14
470,Rohan Gill,Female,39,Bangalore,Karnataka,India,2024-06-20
471,Rahul Gill,Male,37,Mumbai,Maharashtra,India,2023-10-19
472,Karan Patel,Male,43,Delhi,Delhi,India,2023-10-16
473,Meera Mehta,Male,38,Jaipur,Rajasthan,India,2024-02-10
474,Ishita Verma,Female,25,Noida,Uttar Pradesh,India,2025-02-28
475,Ananya Malhotra,Male,61,Delhi,Delhi,India,2025-01-31
476,Meera Mehta,Male,46,Chandigarh,Chandigarh,India,2023-08-20
477,Ishita Verma,Female,26,Kharar,Punjab,India,2023-09-13
478,Aditya Kaur,Female,42,Gurgaon,Haryana,India,2022-06-01
479,Ananya Mehta,Female,52,Chennai,Tamil Nadu,India,2024-11-03
480,Simran Sharma,Female,62,Hyderabad,Telangana,India,2025-01-04
481,Arjun Kumar,Female,28,Kharar,Punjab,India,2025-06-08
482,Ananya Verma,Female,45,Mohali,Punjab,India,2022-08-05
483,Arjun Gupta,Male,50,Chandigarh,Chandigarh,India,2024-11-28
484,Karan Patel,Female,47,Gurgaon,Haryana,India,2025-04-20
485,Rohan Sharma,Female,24,Amritsar,Punjab,India,2023-08-29
486,Neha Singh,Male,64,Hyderabad,Telangana,India,2022-10-18
487,Aditya Patel,Female,31,Pune,Maharashtra,India,2024-12-03
488,Rohan Mehta,Male,46,Kolkata,West Bengal,India,2024-07-15
489,Arjun Gupta,Male,63,Mumbai,Maharashtra,India,2022-08-24
490,Ishita Patel,Male,61,Chandigarh,Chandigarh,India,2022-12-03
491,Simran Kaur,Male,39,Gurgaon,Haryana,India,2025-02-20
492,Karan Kumar,Female,58,Hyderabad,Telangana,India,2023-01-13
493,Priya Verma,Female,19,Jalandhar,Punjab,India,2025-06-11
494,Karan Gill,Female,42,Delhi,Delhi,India,2022-01-10
495,Vihaan Gupta,Male,54,Delhi,Delhi,India,2022-07-28
496,Rohan Patel,Male,47,Jalandhar,Punjab,India,2022-08-22
497,Priya Mehta,Female,56,Noida,Uttar Pradesh,India,2024-03-06
498,Ananya Singh,Female,40,Bangalore,Karnataka,India,2024-07-26
499,Ishita Gupta,Male,61,Jalandhar,Punjab,India,2022-10-02
500,Arjun Kumar,Female,25,Mumbai,Maharashtra,India,2023-01-10
501,Meera Kaur,Female,44,Pune,Maharashtra,India,2025-05-06
502,Ananya Verma,Female,29,Amritsar,Punjab,India,2024-09-23
503,Simran Kaur,Female,36,Jalandhar,Punjab,India,2022-10-15
504,Rohan Mehta,Male,40,Jalandhar,Punjab,India,2022-01-20
505,Kabir Kumar,Female,53,Kolkata,West Bengal,India,2024-11-01
506,Rahul Mehta,Female,63,Kolkata,West Bengal,India,2024-06-28
507,Kabir Singh,Male,32,Kolkata,West Bengal,India,2023-08-22
508,Aditya Kumar,Female,28,Mohali,Punjab,India,2024-07-25
509,Simran Malhotra,Male,54,Kolkata,West Bengal,India,2022-08-22
510,Aisha Malhotra,Female,52,Noida,Uttar Pradesh,India,2022-03-27
511,Simran Kumar,Female,24,Chennai,Tamil Nadu,India,2023-05-22
512,Ishita Sharma,Female,34,Jaipur,Rajasthan,India,2023-12-15
513,Karan Singh,Male,31,Kharar,Punjab,India,2025-04-19
514,Ishita Gill,Female,28,Pune,Maharashtra,India,2025-06-15
515,Aisha Kumar,Male,21,Amritsar,Punjab,India,2025-03-13
516,Simran Gupta,Male,38,Pune,Maharashtra,India,2023-08-23
517,Ananya Gupta,Male,26,Jaipur,Rajasthan,India,2024-04-22
518,Aditya Kaur,Male,33,Mohali,Punjab,India,2022-10-27
519,Ishita Kumar,Female,49,Mumbai,Maharashtra,India,2022-10-19
520,Priya Verma,Female,46,Noida,Uttar Pradesh,India,2022-06-04
521,Rahul Malhotra,Female,62,Kharar,Punjab,India,2024-01-26
522,Karan Patel,Male,64,Chennai,Tamil Nadu,India,2022-07-10
523,Priya Patel,Male,52,Chennai,Tamil Nadu,India,2024-03-25
524,Rahul Kumar,Female,35,Delhi,Delhi,India,2023-10-24
525,Rohan Malhotra,Male,54,Jaipur,Rajasthan,India,2024-09-20
526,Neha Sharma,Male,24,Mumbai,Maharashtra,India,2024-07-30
527,Arjun Kaur,Female,47,Chandigarh,Chandigarh,India,2022-01-02
528,Vihaan Kaur,Female,28,Hyderabad,Telangana,India,2023-07-16
529,Priya Patel,Female,23,Kharar,Punjab,India,2024-02-01
530,Aarav Verma,Female,64,Jalandhar,Punjab,India,2023-04-25
531,Priya Singh,Male,18,Hyderabad,Telangana,India,2023-03-14
532,Arjun Kaur,Male,51,Kolkata,West Bengal,India,2024-06-30
533,Aarav Patel,Male,45,Chandigarh,Chandigarh,India,2022-09-28
534,Arjun Kumar,Female,23,Kolkata,West Bengal,India,2022-07-29
535,Rohan Patel,Female,26,Ludhiana,Punjab,India,2024-02-23
536,Priya Kaur,Male,51,Amritsar,Punjab,India,2025-02-27
537,Ananya Kaur,Female,40,Chandigarh,Chandigarh,India,2023-03-13
538,Neha Verma,Female,31,Amritsar,Punjab,India,2022-06-27
539,Kabir Singh,Female,40,Ludhiana,Punjab,India,2024-05-29
540,Aisha Kaur,Male,35,Mumbai,Maharashtra,India,2022-06-22
541,Simran Gill,Female,62,Gurgaon,Haryana,India,2022-02-24
542,Vihaan Malhotra,Male,65,Jaipur,Rajasthan,India,2024-03-13
543,Priya Sharma,Male,49,Jaipur,Rajasthan,India,2024-03-01
544,Vihaan Mehta,Male,51,Ludhiana,Punjab,India,2022-01-25
545,Neha Patel,Male,42,Pune,Maharashtra,India,2025-03-10
546,Rohan Malhotra,Male,48,Hyderabad,Telangana,India,2022-05-30
547,Ananya Singh,Male,34,Chandigarh,Chandigarh,India,2023-03-18
548,Neha Sharma,Female,50,Mohali,Punjab,India,2023-08-10
549,Rahul Verma,Male,58,Hyderabad,Telangana,India,2025-01-03
550,Aditya Singh,Female,23,Amritsar,Punjab,India,2024-11-13
551,Aisha Kaur,Female,43,Delhi,Delhi,India,2025-04-16
552,Aditya Verma,Male,21,Kharar,Punjab,India,2023-05-16
553,Neha Verma,Male,47,Kharar,Punjab,India,2025-06-07
554,Aditya Kaur,Male,18,Mohali,Punjab,India,2022-10-09
555,Kabir Mehta,Female,51,Chandigarh,Chandigarh,India,2024-11-25
556,Kabir Patel,Male,65,Noida,Uttar Pradesh,India,2023-07-05
557,Aisha Sharma,Female,45,Ludhiana,Punjab,India,2023-07-12
558,Aditya Gill,Male,49,Kharar,Punjab,India,2024-07-21
559,Aarav Mehta,Male,41,Pune,Maharashtra,India,2022-11-19
560,Aisha Singh,Male,32,Noida,Uttar Pradesh,India,2024-11-08
561,Aarav Sharma,Male,20,Chandigarh,Chandigarh,India,2024-08-24
562,Rahul Kaur,Male,20,Pune,Maharashtra,India,2025-02-06
563,Vihaan Patel,Male,44,Hyderabad,Telangana,India,2023-10-18
564,Ishita Singh,Female,25,Noida,Uttar Pradesh,India,2024-10-25
565,Kabir Kumar,Male,43,Mohali,Punjab,India,2022-05-22
566,Ishita Gupta,Female,38,Chennai,Tamil Nadu,India,2022-06-26
567,Aarav Patel,Male,36,Chennai,Tamil Nadu,India,2025-02-28
568,Meera Gill,Male,47,Jaipur,Rajasthan,India,2024-01-25
569,Aisha Kumar,Male,27,Kolkata,West Bengal,India,2022-01-14
570,Aarav Kumar,Female,58,Hyderabad,Telangana,India,2022-01-20
571,Aarav Verma,Female,24,Mumbai,Maharashtra,India,2023-02-25
572,Rahul Mehta,Male,27,Gurgaon,Haryana,India,2023-07-28
573,Aarav Kumar,Female,62,Kharar,Punjab,India,2024-02-02
574,Meera Singh,Male,50,Chennai,Tamil Nadu,India,2022-10-01
575,Arjun Gill,Male,45,Bangalore,Karnataka,India,2022-09-25
576,Aditya Gupta,Female,43,Gurgaon,Haryana,India,2023-10-31
577,Karan Gupta,Male,22,Mumbai,Maharashtra,India,2023-02-20
578,Aisha Gill,Male,27,Amritsar,Punjab,India,2022-08-05
579,Karan Mehta,Female,44,Jalandhar,Punjab,India,2022-09-05
580,Aisha Kumar,Female,37,Pune,Maharashtra,India,2024-08-06
581,Ishita Singh,Male,28,Noida,Uttar Pradesh,India,2023-09-16
582,Vihaan Patel,Male,23,Mohali,Punjab,India,2023-05-24
583,Rahul Malhotra,Male,61,Pune,Maharashtra,India,2023-09-05
584,Ishita Kaur,Male,43,Noida,Uttar Pradesh,India,2024-07-15
585,Arjun Mehta,Male,26,Gurgaon,Haryana,India,2022-09-06
586,Aarav Kumar,Male,30,Chandigarh,Chandigarh,India,2024-03-31
587,Priya Singh,Female,22,Pune,Maharashtra,India,2022-02-14
588,Vihaan Mehta,Male,23,Kharar,Punjab,India,2023-11-11
589,Aarav Mehta,Male,28,Ludhiana,Punjab,India,2025-03-21
590,Ishita Verma,Female,19,Hyderabad,Telangana,India,2024-02-23
591,Kabir Patel,Male,29,Hyderabad,Telangana,India,2023-07-18
592,Karan Kaur,Male,57,Noida,Uttar Pradesh,India,2025-06-22
593,Priya Gupta,Female,44,Gurgaon,Haryana,India,2025-02-01
594,Aarav Singh,Female,42,Kolkata,West Bengal,India,2022-10-09
595,Vihaan Malhotra,Male,58,Hyderabad,Telangana,India,2025-01-18
596,Rahul Patel,Female,52,Chandigarh,Chandigarh,India,2024-09-19
597,Neha Gill,Female,42,Pune,Maharashtra,India,2023-07-08
598,Aarav Patel,Male,19,Jalandhar,Punjab,India,2023-07-30
599,Aisha Mehta,Female,55,Mohali,Punjab,India,2023-04-22
600,Arjun Kumar,Male,35,Jalandhar,Punjab,India,2024-12-28
601,Aisha Kumar,Female,40,Mohali,Punjab,India,2022-12-22
602,Vihaan Gill,Female,65,Jalandhar,Punjab,India,2024-01-05
603,Meera Patel,Male,54,Chandigarh,Chandigarh,India,2023-01-21
604,Simran Gupta,Male,49,Kolkata,West Bengal,India,2022-03-19
605,Aarav Kumar,Male,19,Kharar,Punjab,India,2024-12-14
606,Aarav Patel,Male,26,Kolkata,West Bengal,India,2023-11-29
607,Neha Patel,Male,19,Jalandhar,Punjab,India,2022-10-30
608,Aisha Singh,Female,22,Amritsar,Punjab,India,2024-02-05
609,Ananya Singh,Female,37,Bangalore,Karnataka,India,2023-10-23
610,Kabir Verma,Female,59,Amritsar,Punjab,India,2023-10-12
611,Meera Malhotra,Female,32,Jalandhar,Punjab,India,2025-04-21
612,Rahul Gupta,Female,26,Jalandhar,Punjab,India,2022-12-30
613,Meera Gill,Female,54,Chandigarh,Chandigarh,India,2022-03-08
614,Ananya Patel,Male,58,Jalandhar,Punjab,India,2025-03-04
615,Neha Mehta,Male,39,Ludhiana,Punjab,India,2022-06-09
616,Rohan Patel,Male,58,Gurgaon,Haryana,India,2022-07-01
617,Karan Sharma,Female,31,Mumbai,Maharashtra,India,2023-05-27
618,Rohan Gupta,Male,64,Kharar,Punjab,India,2022-01-03
619,Rahul Mehta,Female,28,Mohali,Punjab,India,2024-04-27
620,Neha Verma,Female,52,Kolkata,West Bengal,India,2024-02-08
621,Ishita Mehta,Male,28,Ludhiana,Punjab,India,2024-07-13
622,Aisha Sharma,Female,19,Kharar,Punjab,India,2023-10-15
623,Arjun Singh,Female,28,Noida,Uttar Pradesh,India,2024-02-08
624,Meera Singh,Male,39,Jalandhar,Punjab,India,2025-05-01
625,Meera Sharma,Female,59,Kolkata,West Bengal,India,2022-12-04
626,Kabir Sharma,Male,39,Hyderabad,Telangana,India,2023-02-25
627,Rahul Malhotra,Female,60,Delhi,Delhi,India,2023-07-31
628,Vihaan Singh,Male,43,Jaipur,Rajasthan,India,2025-03-16
629,Kabir Sharma,Female,18,Kolkata,West Bengal,India,2024-05-25
630,Aditya Gill,Female,30,Kharar,Punjab,India,2022-07-18
631,Vihaan Kaur,Female,23,Chandigarh,Chandigarh,India,2024-08-27
632,Aditya Verma,Female,49,Ludhiana,Punjab,India,2023-06-27
633,Priya Malhotra,Female,29,Kharar,Punjab,India,2024-01-30
634,Rohan Kaur,Female,20,Bangalore,Karnataka,India,2023-06-24
635,Karan Gupta,Male,35,Chennai,Tamil Nadu,India,2025-03-01
636,Kabir Singh,Male,60,Mohali,Punjab,India,2023-12-06
637,Aisha Gill,Male,53,Hyderabad,Telangana,India,2022-05-05
638,Ishita Malhotra,Female,52,Bangalore,Karnataka,India,2024-08-30
639,Karan Gupta,Male,43,Gurgaon,Haryana,India,2022-03-13
640,Arjun Mehta,Male,28,Amritsar,Punjab,India,2023-03-10
641,Kabir Sharma,Female,23,Delhi,Delhi,India,2024-06-10
642,Ishita Kaur,Female,38,Delhi,Delhi,India,2022-05-18
643,Rahul Malhotra,Female,53,Kharar,Punjab,India,2023-10-30
644,Simran Mehta,Male,62,Noida,Uttar Pradesh,India,2025-06-30
645,Arjun Verma,Male,27,Hyderabad,Telangana,India,2025-03-06
646,Neha Singh,Male,36,Ludhiana,Punjab,India,2025-01-01
647,Neha Verma,Female,42,Pune,Maharashtra,India,2024-09-21
648,Aarav Kaur,Female,43,Kolkata,West Bengal,India,2022-10-22
649,Aarav Verma,Female,62,Bangalore,Karnataka,India,2023-05-02
650,Meera Mehta,Female,41,Mohali,Punjab,India,2022-02-11
651,Ishita Gupta,Female,35,Mumbai,Maharashtra,India,2024-10-03
652,Ishita Kumar,Male,37,Ludhiana,Punjab,India,2024-06-26
653,Aditya Verma,Male,30,Mumbai,Maharashtra,India,2024-06-23
654,Neha Verma,Female,51,Delhi,Delhi,India,2024-02-05
655,Simran Kaur,Male,37,Mohali,Punjab,India,2024-11-03
656,Kabir Malhotra,Male,29,Bangalore,Karnataka,India,2023-01-30
657,Ishita Sharma,Male,20,Delhi,Delhi,India,2024-07-23
658,Neha Patel,Male,35,Mohali,Punjab,India,2024-01-25
659,Simran Verma,Male,61,Chennai,Tamil Nadu,India,2022-03-04
660,Rohan Mehta,Female,29,Gurgaon,Haryana,India,2024-08-29
661,Rohan Kaur,Female,65,Pune,Maharashtra,India,2022-07-05
662,Aarav Verma,Male,28,Jaipur,Rajasthan,India,2025-03-17
663,Ishita Kumar,Male,61,Delhi,Delhi,India,2023-02-28
664,Priya Verma,Male,61,Noida,Uttar Pradesh,India,2022-01-19
665,Neha Kaur,Male,56,Kolkata,West Bengal,India,2022-01-18
666,Aditya Gill,Female,63,Gurgaon,Haryana,India,2023-07-18
667,Neha Verma,Female,47,Hyderabad,Telangana,India,2023-06-01
668,Karan Gupta,Female,55,Delhi,Delhi,India,2022-07-29
669,Simran Patel,Female,37,Chandigarh,Chandigarh,India,2022-08-10
670,Arjun Patel,Female,58,Kolkata,West Bengal,India,2023-10-28
671,Aditya Gupta,Male,27,Noida,Uttar Pradesh,India,2024-11-25
672,Neha Sharma,Female,60,Gurgaon,Haryana,India,2023-10-17
673,Meera Sharma,Female,36,Amritsar,Punjab,India,2023-06-16
674,Rahul Verma,Male,55,Hyderabad,Telangana,India,2025-03-17
675,Rohan Kumar,Female,60,Delhi,Delhi,India,2024-01-05
676,Ishita Kaur,Male,36,Jaipur,Rajasthan,India,2022-07-19
677,Kabir Gupta,Male,61,Kolkata,West Bengal,India,2023-11-19
678,Vihaan Patel,Male,65,Kharar,Punjab,India,2023-09-21
679,Aisha Patel,Female,34,Hyderabad,Telangana,India,2025-04-14
680,Karan Singh,Female,21,Jaipur,Rajasthan,India,2025-04-10
681,Karan Kumar,Male,61,Kharar,Punjab,India,2024-02-21
682,Rahul Sharma,Male,26,Jaipur,Rajasthan,India,2023-02-15
683,Rahul Gill,Female,27,Mumbai,Maharashtra,India,2023-10-10
684,Aisha Singh,Female,39,Jalandhar,Punjab,India,2022-12-29
685,Priya Sharma,Male,46,Mumbai,Maharashtra,India,2023-07-15
686,Aisha Kaur,Male,49,Delhi,Delhi,India,2022-06-30
687,Ananya Verma,Female,43,Amritsar,Punjab,India,2024-05-28
688,Rahul Sharma,Male,52,Kolkata,West Bengal,India,2023-02-13
689,Aarav Patel,Male,19,Pune,Maharashtra,India,2022-01-09
690,Vihaan Patel,Female,26,Gurgaon,Haryana,India,2022-07-30
691,Simran Gill,Female,28,Bangalore,Karnataka,India,2022-05-14
692,Aditya Gupta,Female,64,Mohali,Punjab,India,2024-12-01
693,Rahul Kaur,Female,49,Mumbai,Maharashtra,India,2024-01-06
694,Kabir Verma,Male,32,Delhi,Delhi,India,2023-04-05
695,Vihaan Sharma,Male,25,Amritsar,Punjab,India,2024-01-21
696,Rahul Gupta,Male,56,Mohali,Punjab,India,2022-04-09
697,Priya Sharma,Male,62,Ludhiana,Punjab,India,2022-08-26
698,Karan Verma,Male,53,Hyderabad,Telangana,India,2023-06-02
699,Meera Kaur,Male,62,Kolkata,West Bengal,India,2022-01-20
700,Rahul Singh,Female,57,Jaipur,Rajasthan,India,2025-05-25
701,Rahul Singh,Male,36,Amritsar,Punjab,India,2022-08-22
702,Karan Kumar,Male,34,Ludhiana,Punjab,India,2024-12-07
703,Rohan Verma,Female,28,Delhi,Delhi,India,2022-03-22
704,Neha Kumar,Female,39,Kolkata,West Bengal,India,2023-04-26
705,Aarav Singh,Male,54,Chandigarh,Chandigarh,India,2024-10-08
706,Arjun Malhotra,Male,64,Amritsar,Punjab,India,2022-07-27
707,Priya Kumar,Female,36,Noida,Uttar Pradesh,India,2023-06-25
708,Aarav Singh,Male,20,Chennai,Tamil Nadu,India,2023-08-19
709,Aisha Patel,Female,65,Pune,Maharashtra,India,2022-08-26
710,Ishita Sharma,Male,26,Ludhiana,Punjab,India,2022-12-16
711,Rohan Mehta,Female,64,Mumbai,Maharashtra,India,2022-07-10
712,Ishita Patel,Male,25,Pune,Maharashtra,India,2024-03-31
713,Karan Gupta,Female,62,Bangalore,Karnataka,India,2024-09-06
714,Priya Kaur,Male,26,Hyderabad,Telangana,India,2022-05-01
715,Arjun Verma,Female,54,Jalandhar,Punjab,India,2024-06-16
716,Ananya Verma,Female,57,Jalandhar,Punjab,India,2022-03-01
717,Karan Mehta,Male,44,Amritsar,Punjab,India,2024-06-21
718,Arjun Gupta,Female,18,Mohali,Punjab,India,2024-12-10
719,Priya Patel,Male,45,Gurgaon,Haryana,India,2023-05-25
720,Rohan Verma,Male,53,Kolkata,West Bengal,India,2025-06-09
721,Aarav Kaur,Female,49,Mohali,Punjab,India,2022-12-05
722,Aisha Mehta,Female,33,Kharar,Punjab,India,2023-11-09
723,Aarav Malhotra,Male,53,Noida,Uttar Pradesh,India,2024-02-15
724,Ishita Kumar,Male,47,Bangalore,Karnataka,India,2024-06-28
725,Arjun Mehta,Female,38,Chennai,Tamil Nadu,India,2022-09-01
726,Meera Sharma,Male,43,Kolkata,West Bengal,India,2024-04-24
727,Simran Malhotra,Male,23,Mohali,Punjab,India,2025-05-22
728,Neha Malhotra,Male,59,Jaipur,Rajasthan,India,2024-07-23
729,Rohan Sharma,Male,47,Mumbai,Maharashtra,India,2023-11-11
730,Meera Patel,Female,25,Kolkata,West Bengal,India,2022-07-19
731,Aarav Patel,Female,58,Gurgaon,Haryana,India,2023-08-21
732,Meera Singh,Male,28,Pune,Maharashtra,India,2024-10-05
733,Ishita Verma,Male,34,Amritsar,Punjab,India,2025-06-05
734,Vihaan Singh,Female,31,Delhi,Delhi,India,2024-07-25
735,Meera Patel,Male,44,Delhi,Delhi,India,2022-04-06
736,Aisha Mehta,Female,60,Ludhiana,Punjab,India,2025-04-21
737,Karan Sharma,Male,53,Amritsar,Punjab,India,2024-06-05
738,Neha Malhotra,Male,62,Kolkata,West Bengal,India,2025-03-30
739,Meera Kaur,Male,42,Jalandhar,Punjab,India,2025-05-14
740,Simran Verma,Female,56,Mumbai,Maharashtra,India,2023-05-24
741,Rahul Patel,Female,46,Noida,Uttar Pradesh,India,2022-10-01
742,Rahul Gill,Female,62,Amritsar,Punjab,India,2025-01-26
743,Meera Malhotra,Male,30,Mumbai,Maharashtra,India,2023-03-06
744,Priya Patel,Male,63,Jaipur,Rajasthan,India,2022-12-31
745,Meera Singh,Female,53,Mumbai,Maharashtra,India,2024-09-10
746,Priya Malhotra,Female,45,Hyderabad,Telangana,India,2022-01-27
747,Aarav Verma,Male,21,Ludhiana,Punjab,India,2022-04-26
748,Aditya Kaur,Female,61,Delhi,Delhi,India,2023-05-29
749,Ishita Sharma,Female,31,Amritsar,Punjab,India,2025-01-13
750,Rohan Mehta,Male,57,Mohali,Punjab,India,2025-02-24
751,Meera Malhotra,Female,33,Gurgaon,Haryana,India,2024-11-12
752,Meera Sharma,Female,42,Jaipur,Rajasthan,India,2024-05-03
753,Simran Sharma,Male,65,Mumbai,Maharashtra,India,2023-05-30
754,Ananya Mehta,Male,58,Delhi,Delhi,India,2024-01-24
755,Aisha Kumar,Female,46,Delhi,Delhi,India,2022-12-30
756,Kabir Kaur,Male,42,Kharar,Punjab,India,2022-03-25
757,Aditya Malhotra,Female,26,Hyderabad,Telangana,India,2022-11-26
758,Aarav Patel,Female,63,Noida,Uttar Pradesh,India,2022-11-14
759,Kabir Patel,Male,58,Mohali,Punjab,India,2025-06-14
760,Karan Gill,Female,22,Jaipur,Rajasthan,India,2023-10-13
761,Kabir Malhotra,Male,50,Gurgaon,Haryana,India,2022-11-23
762,Simran Malhotra,Female,23,Hyderabad,Telangana,India,2023-12-17
763,Neha Kumar,Female,39,Gurgaon,Haryana,India,2024-01-09
764,Vihaan Gill,Female,53,Jaipur,Rajasthan,India,2022-01-19
765,Priya Patel,Female,33,Ludhiana,Punjab,India,2025-06-10
766,Aarav Patel,Female,25,Gurgaon,Haryana,India,2024-03-01
767,Simran Gupta,Male,51,Noida,Uttar Pradesh,India,2024-02-07
768,Karan Sharma,Female,59,Chennai,Tamil Nadu,India,2023-01-30
769,Simran Singh,Male,28,Mumbai,Maharashtra,India,2025-01-06
770,Priya Singh,Male,60,Chandigarh,Chandigarh,India,2023-03-13
771,Ishita Singh,Male,52,Hyderabad,Telangana,India,2024-06-10
772,Meera Kaur,Male,47,Kharar,Punjab,India,2023-11-11
773,Arjun Singh,Male,29,Mohali,Punjab,India,2023-05-31
774,Ananya Kumar,Female,44,Kharar,Punjab,India,2024-03-05
775,Priya Verma,Female,38,Chennai,Tamil Nadu,India,2022-02-04
776,Priya Singh,Male,59,Bangalore,Karnataka,India,2025-06-20
777,Aisha Gill,Male,62,Kharar,Punjab,India,2022-05-29
778,Neha Malhotra,Male,36,Pune,Maharashtra,India,2023-09-10
779,Aditya Mehta,Female,43,Kharar,Punjab,India,2022-03-05
780,Kabir Malhotra,Male,26,Kolkata,West Bengal,India,2024-03-11
781,Priya Kaur,Female,61,Jaipur,Rajasthan,India,2024-02-04
782,Simran Malhotra,Male,25,Chandigarh,Chandigarh,India,2022-03-27
783,Ananya Gill,Female,52,Chandigarh,Chandigarh,India,2025-01-26
784,Aditya Kumar,Female,31,Kharar,Punjab,India,2024-04-25
785,Kabir Kaur,Male,57,Amritsar,Punjab,India,2023-06-02
786,Arjun Kaur,Male,53,Delhi,Delhi,India,2024-08-02
787,Aditya Singh,Female,24,Kharar,Punjab,India,2023-02-09
788,Rohan Patel,Male,60,Kolkata,West Bengal,India,2023-04-26
789,Aditya Gill,Male,30,Ludhiana,Punjab,India,2023-10-13
790,Karan Patel,Female,62,Kolkata,West Bengal,India,2025-04-11
791,Ananya Gill,Female,38,Amritsar,Punjab,India,2024-05-27
792,Aarav Patel,Male,32,Jalandhar,Punjab,India,2024-06-12
793,Ishita Patel,Male,61,Noida,Uttar Pradesh,India,2023-11-11
794,Karan Mehta,Female,37,Kolkata,West Bengal,India,2024-09-24
795,Kabir Gill,Male,35,Ludhiana,Punjab,India,2022-10-14
796,Aditya Singh,Male,19,Delhi,Delhi,India,2024-11-04
797,Ishita Gill,Female,55,Chandigarh,Chandigarh,India,2023-03-12
798,Simran Gupta,Female,59,Mohali,Punjab,India,2022-11-01
799,Rahul Kumar,Female,26,Pune,Maharashtra,India,2024-08-09
800,Rahul Patel,Male,60,Kharar,Punjab,India,2023-05-05
801,Aisha Malhotra,Male,46,Jalandhar,Punjab,India,2022-11-23
802,Ananya Gill,Male,65,Jalandhar,Punjab,India,2024-09-17
803,Aarav Kumar,Female,32,Pune,Maharashtra,India,2022-05-09
804,Rohan Kumar,Male,60,Noida,Uttar Pradesh,India,2023-02-28
805,Rahul Mehta,Female,20,Pune,Maharashtra,India,2022-03-23
806,Arjun Malhotra,Female,65,Mumbai,Maharashtra,India,2023-06-24
807,Rahul Verma,Female,55,Jalandhar,Punjab,India,2022-06-09
808,Rahul Kumar,Female,40,Noida,Uttar Pradesh,India,2023-12-08
809,Aisha Mehta,Male,50,Kolkata,West Bengal,India,2022-10-12
810,Kabir Kumar,Male,50,Chennai,Tamil Nadu,India,2023-07-30
811,Kabir Kaur,Male,41,Delhi,Delhi,India,2025-05-17
812,Priya Kumar,Female,39,Ludhiana,Punjab,India,2022-08-21
813,Priya Mehta,Female,31,Kolkata,West Bengal,India,2025-04-24
814,Priya Verma,Male,33,Jalandhar,Punjab,India,2022-03-30
815,Ananya Gill,Male,26,Amritsar,Punjab,India,2024-11-15
816,Neha Gill,Male,21,Mohali,Punjab,India,2022-12-07
817,Neha Kaur,Female,56,Noida,Uttar Pradesh,India,2025-02-28
818,Neha Gupta,Male,31,Chandigarh,Chandigarh,India,2024-07-08
819,Ishita Mehta,Male,32,Kolkata,West Bengal,India,2024-04-21
820,Aisha Gill,Male,57,Amritsar,Punjab,India,2024-11-12
821,Kabir Patel,Female,56,Noida,Uttar Pradesh,India,2025-04-24
822,Vihaan Verma,Female,26,Kharar,Punjab,India,2022-08-11
823,Vihaan Malhotra,Female,27,Chandigarh,Chandigarh,India,2025-05-25
824,Kabir Mehta,Male,52,Ludhiana,Punjab,India,2024-10-27
825,Arjun Mehta,Male,56,Ludhiana,Punjab,India,2025-01-09
826,Neha Verma,Female,41,Chandigarh,Chandigarh,India,2022-03-30
827,Vihaan Mehta,Female,40,Hyderabad,Telangana,India,2025-04-21
828,Rahul Kaur,Female,48,Ludhiana,Punjab,India,2023-04-22
829,Aditya Gill,Female,34,Kharar,Punjab,India,2023-01-23
830,Meera Sharma,Male,51,Chandigarh,Chandigarh,India,2022-01-15
831,Priya Kumar,Female,44,Bangalore,Karnataka,India,2024-01-12
832,Kabir Verma,Female,34,Ludhiana,Punjab,India,2025-01-02
833,Ananya Patel,Female,61,Hyderabad,Telangana,India,2024-03-24
834,Rahul Malhotra,Female,29,Delhi,Delhi,India,2024-01-29
835,Aditya Gupta,Female,63,Kolkata,West Bengal,India,2024-03-26
836,Ishita Singh,Male,46,Amritsar,Punjab,India,2022-11-28
837,Vihaan Malhotra,Female,39,Ludhiana,Punjab,India,2025-02-01
838,Kabir Verma,Male,23,Mohali,Punjab,India,2022-10-25
839,Neha Gill,Female,23,Kolkata,West Bengal,India,2022-05-12
840,Vihaan Patel,Male,56,Noida,Uttar Pradesh,India,2022-03-19
841,Neha Verma,Female,63,Bangalore,Karnataka,India,2025-05-08
842,Aisha Kaur,Female,46,Mohali,Punjab,India,2022-01-22
843,Ishita Malhotra,Female,30,Delhi,Delhi,India,2022-03-10
844,Ananya Kaur,Male,41,Gurgaon,Haryana,India,2023-05-05
845,Kabir Singh,Female,43,Chandigarh,Chandigarh,India,2023-12-25
846,Rahul Gill,Male,51,Bangalore,Karnataka,India,2022-02-01
847,Neha Singh,Female,64,Kharar,Punjab,India,2025-02-19
848,Rohan Gupta,Male,56,Pune,Maharashtra,India,2023-02-03
849,Neha Verma,Male,34,Chennai,Tamil Nadu,India,2022-12-25
850,Simran Singh,Male,50,Hyderabad,Telangana,India,2023-08-26
851,Arjun Malhotra,Female,52,Mumbai,Maharashtra,India,2025-03-23
852,Meera Mehta,Female,54,Noida,Uttar Pradesh,India,2024-09-17
853,Aisha Patel,Female,61,Gurgaon,Haryana,India,2024-08-01
854,Karan Singh,Female,22,Chandigarh,Chandigarh,India,2024-02-23
855,Priya Kumar,Female,44,Gurgaon,Haryana,India,2023-12-25
856,Meera Gupta,Male,36,Chandigarh,Chandigarh,India,2022-07-10
857,Priya Patel,Male,53,Bangalore,Karnataka,India,2023-01-01
858,Rohan Patel,Male,54,Kolkata,West Bengal,India,2023-07-06
859,Meera Kumar,Female,65,Jalandhar,Punjab,India,2023-02-13
860,Meera Kumar,Female,31,Gurgaon,Haryana,India,2023-04-15
861,Ishita Kumar,Female,27,Delhi,Delhi,India,2022-08-07
862,Neha Singh,Female,57,Ludhiana,Punjab,India,2022-01-14
863,Ishita Mehta,Female,57,Mohali,Punjab,India,2023-10-08
864,Neha Gill,Female,49,Kolkata,West Bengal,India,2023-01-10
865,Rahul Kumar,Male,21,Noida,Uttar Pradesh,India,2024-12-12
866,Karan Malhotra,Male,50,Hyderabad,Telangana,India,2023-12-13
867,Ishita Kaur,Female,25,Bangalore,Karnataka,India,2024-11-27
868,Rohan Sharma,Male,61,Chennai,Tamil Nadu,India,2023-03-08
869,Ananya Singh,Female,41,Bangalore,Karnataka,India,2025-06-08
870,Kabir Malhotra,Female,33,Noida,Uttar Pradesh,India,2023-07-06
871,Ananya Patel,Female,29,Kolkata,West Bengal,India,2024-10-18
872,Vihaan Verma,Female,41,Hyderabad,Telangana,India,2024-03-31
873,Karan Kaur,Male,54,Noida,Uttar Pradesh,India,2023-04-14
874,Meera Gupta,Male,53,Ludhiana,Punjab,India,2024-06-04
875,Vihaan Kaur,Male,48,Bangalore,Karnataka,India,2022-01-20
876,Rahul Mehta,Male,58,Jalandhar,Punjab,India,2024-11-24
877,Aisha Mehta,Female,34,Mumbai,Maharashtra,India,2025-02-25
878,Rahul Singh,Male,21,Mohali,Punjab,India,2023-03-18
879,Karan Singh,Female,65,Noida,Uttar Pradesh,India,2023-11-17
880,Rohan Patel,Female,40,Noida,Uttar Pradesh,India,2022-02-10
881,Arjun Patel,Male,54,Hyderabad,Telangana,India,2025-03-25
882,Aisha Gupta,Female,38,Jalandhar,Punjab,India,2024-11-11
883,Aisha Mehta,Male,42,Kolkata,West Bengal,India,2025-06-10
884,Karan Kaur,Male,58,Jaipur,Rajasthan,India,2023-11-22
885,Priya Gill,Female,22,Hyderabad,Telangana,India,2022-06-12
886,Rohan Kumar,Female,38,Jalandhar,Punjab,India,2023-08-20
887,Ananya Verma,Female,46,Noida,Uttar Pradesh,India,2024-01-14
888,Rahul Kaur,Male,19,Chennai,Tamil Nadu,India,2022-09-14
889,Priya Gupta,Male,31,Gurgaon,Haryana,India,2022-12-08
890,Arjun Singh,Male,48,Bangalore,Karnataka,India,2025-01-28
891,Aarav Verma,Male,24,Mohali,Punjab,India,2023-06-22
892,Arjun Verma,Female,32,Amritsar,Punjab,India,2023-05-22
893,Karan Kaur,Male,51,Jaipur,Rajasthan,India,2022-12-16
894,Aarav Patel,Female,48,Chandigarh,Chandigarh,India,2024-08-14
895,Simran Mehta,Male,62,Noida,Uttar Pradesh,India,2025-01-09
896,Ananya Gill,Female,58,Jalandhar,Punjab,India,2025-03-01
897,Simran Malhotra,Female,40,Hyderabad,Telangana,India,2024-09-13
898,Aisha Singh,Female,37,Gurgaon,Haryana,India,2024-01-20
899,Aditya Kaur,Female,18,Hyderabad,Telangana,India,2022-01-01
900,Rohan Gupta,Female,52,Amritsar,Punjab,India,2022-01-18
901,Aisha Mehta,Female,18,Kolkata,West Bengal,India,2024-05-31
902,Ananya Kumar,Male,53,Jaipur,Rajasthan,India,2024-02-05
903,Rahul Malhotra,Female,43,Delhi,Delhi,India,2023-05-27
904,Meera Verma,Female,32,Jalandhar,Punjab,India,2023-06-23
905,Rahul Kumar,Female,36,Kharar,Punjab,India,2024-12-25
906,Rahul Kumar,Male,29,Noida,Uttar Pradesh,India,2022-10-07
907,Arjun Mehta,Female,35,Jaipur,Rajasthan,India,2025-06-29
908,Vihaan Patel,Male,27,Kolkata,West Bengal,India,2022-04-12
909,Kabir Singh,Female,35,Chandigarh,Chandigarh,India,2022-09-14
910,Meera Sharma,Male,23,Chennai,Tamil Nadu,India,2022-11-05
911,Karan Kumar,Female,44,Chandigarh,Chandigarh,India,2023-10-01
912,Rohan Mehta,Male,39,Kolkata,West Bengal,India,2022-06-14
913,Aarav Gupta,Female,22,Amritsar,Punjab,India,2025-01-17
914,Kabir Kumar,Female,42,Kolkata,West Bengal,India,2022-01-26
915,Aisha Kumar,Female,46,Ludhiana,Punjab,India,2023-05-22
916,Vihaan Mehta,Male,51,Mohali,Punjab,India,2023-03-03
917,Rahul Gupta,Female,28,Kolkata,West Bengal,India,2022-03-28
918,Aditya Mehta,Female,30,Ludhiana,Punjab,India,2024-01-09
919,Ishita Kumar,Male,33,Mohali,Punjab,India,2024-06-08
920,Aarav Kaur,Female,55,Mumbai,Maharashtra,India,2022-09-03
921,Aisha Kumar,Male,20,Bangalore,Karnataka,India,2025-04-05
922,Meera Gill,Male,41,Kolkata,West Bengal,India,2022-07-03
923,Kabir Mehta,Male,61,Gurgaon,Haryana,India,2025-06-20
924,Neha Sharma,Male,40,Mumbai,Maharashtra,India,2022-11-12
925,Kabir Mehta,Male,38,Ludhiana,Punjab,India,2025-02-17
926,Aisha Mehta,Male,19,Pune,Maharashtra,India,2024-02-13
927,Meera Kaur,Female,20,Pune,Maharashtra,India,2024-09-20
928,Simran Gupta,Female,30,Chennai,Tamil Nadu,India,2025-03-06
929,Simran Patel,Female,64,Jalandhar,Punjab,India,2024-08-17
930,Ishita Gill,Male,22,Noida,Uttar Pradesh,India,2024-12-23
931,Karan Gupta,Female,52,Amritsar,Punjab,India,2024-01-22
932,Aarav Malhotra,Female,64,Chennai,Tamil Nadu,India,2023-01-15
933,Ananya Patel,Male,38,Chandigarh,Chandigarh,India,2022-05-10
934,Vihaan Malhotra,Female,53,Bangalore,Karnataka,India,2022-11-12
935,Rohan Verma,Female,25,Jaipur,Rajasthan,India,2022-07-17
936,Aarav Kaur,Male,20,Kharar,Punjab,India,2023-02-18
937,Karan Kumar,Male,20,Ludhiana,Punjab,India,2025-03-15
938,Priya Mehta,Female,21,Bangalore,Karnataka,India,2024-01-21
939,Ananya Singh,Male,31,Gurgaon,Haryana,India,2024-10-03
940,Karan Sharma,Female,53,Kharar,Punjab,India,2024-05-01
941,Aisha Sharma,Female,51,Pune,Maharashtra,India,2022-03-25
942,Ishita Gupta,Male,31,Kharar,Punjab,India,2024-11-29
943,Arjun Kumar,Female,30,Ludhiana,Punjab,India,2023-01-31
944,Ananya Kaur,Female,65,Gurgaon,Haryana,India,2022-08-05
945,Priya Mehta,Female,24,Pune,Maharashtra,India,2022-12-08
946,Simran Verma,Female,60,Jalandhar,Punjab,India,2022-11-20
947,Neha Patel,Female,53,Chennai,Tamil Nadu,India,2023-10-27
948,Rahul Verma,Female,56,Pune,Maharashtra,India,2023-05-08
949,Rahul Malhotra,Female,41,Delhi,Delhi,India,2024-07-15
950,Rahul Sharma,Male,36,Chennai,Tamil Nadu,India,2025-05-05
951,Simran Kaur,Female,18,Chandigarh,Chandigarh,India,2023-09-08
952,Vihaan Patel,Male,62,Gurgaon,Haryana,India,2023-07-20
953,Arjun Sharma,Female,40,Amritsar,Punjab,India,2022-11-16
954,Aditya Patel,Male,32,Amritsar,Punjab,India,2023-06-09
955,Arjun Gill,Female,54,Jaipur,Rajasthan,India,2023-03-22
956,Meera Patel,Female,29,Kharar,Punjab,India,2024-09-26
957,Ananya Gupta,Male,64,Ludhiana,Punjab,India,2025-03-26
958,Arjun Sharma,Female,40,Bangalore,Karnataka,India,2024-06-08
959,Neha Singh,Male,65,Hyderabad,Telangana,India,2025-05-18
960,Priya Verma,Male,37,Chandigarh,Chandigarh,India,2024-12-09
961,Rohan Malhotra,Male,38,Mohali,Punjab,India,2024-10-25
962,Kabir Sharma,Female,46,Gurgaon,Haryana,India,2025-05-03
963,Vihaan Verma,Female,43,Kharar,Punjab,India,2022-10-31
964,Rohan Singh,Female,54,Amritsar,Punjab,India,2022-04-11
965,Aditya Singh,Female,50,Bangalore,Karnataka,India,2024-06-08
966,Aisha Kaur,Female,53,Amritsar,Punjab,India,2023-02-10
967,Rahul Gill,Male,53,Kolkata,West Bengal,India,2025-06-15
968,Vihaan Singh,Female,45,Gurgaon,Haryana,India,2023-10-25
969,Arjun Verma,Female,41,Kharar,Punjab,India,2023-12-15
970,Rohan Patel,Male,37,Delhi,Delhi,India,2022-12-13
971,Ananya Mehta,Male,46,Pune,Maharashtra,India,2022-04-02
972,Vihaan Patel,Male,64,Gurgaon,Haryana,India,2022-06-25
973,Meera Sharma,Male,57,Ludhiana,Punjab,India,2022-10-30
974,Aarav Patel,Male,37,Jaipur,Rajasthan,India,2024-07-10
975,Aarav Patel,Male,65,Kolkata,West Bengal,India,2025-01-06
976,Vihaan Malhotra,Female,53,Delhi,Delhi,India,2024-09-16
977,Meera Sharma,Female,55,Amritsar,Punjab,India,2024-12-14
978,Aditya Kaur,Male,36,Mohali,Punjab,India,2023-02-16
979,Aarav Mehta,Male,22,Noida,Uttar Pradesh,India,2024-03-06
980,Priya Patel,Male,19,Noida,Uttar Pradesh,India,2023-08-23
981,Vihaan Verma,Male,38,Bangalore,Karnataka,India,2024-09-19
982,Kabir Kumar,Female,53,Kharar,Punjab,India,2022-02-14
983,Vihaan Malhotra,Female,39,Mohali,Punjab,India,2024-09-30
984,Meera Kaur,Male,40,Bangalore,Karnataka,India,2023-12-22
985,Priya Gupta,Male,50,Pune,Maharashtra,India,2023-07-19
986,Priya Gupta,Female,19,Mohali,Punjab,India,2025-02-10
987,Vihaan Kaur,Female,43,Noida,Uttar Pradesh,India,2022-10-09
988,Meera Verma,Male,44,Kharar,Punjab,India,2023-05-08
989,Rahul Gupta,Female,46,Amritsar,Punjab,India,2025-01-15
990,Vihaan Kaur,Male,26,Amritsar,Punjab,India,2023-09-25
991,Rahul Kaur,Male,38,Amritsar,Punjab,India,2022-05-19
992,Kabir Patel,Male,64,Ludhiana,Punjab,India,2022-03-02
993,Neha Verma,Female,37,Mumbai,Maharashtra,India,2024-06-26
994,Kabir Kumar,Male,26,Noida,Uttar Pradesh,India,2023-01-14
995,Aisha Gill,Female,56,Chandigarh,Chandigarh,India,2025-03-07
996,Ananya Kumar,Male,61,Gurgaon,Haryana,India,2022-02-23
997,Arjun Mehta,Male,50,Pune,Maharashtra,India,2025-05-23
998,Meera Patel,Male,42,Kolkata,West Bengal,India,2024-10-03
999,Kabir Kaur,Male,32,Kolkata,West Bengal,India,2022-03-08
1000,Aisha Sharma,Female,44,Hyderabad,Telangana,India,2023-04-01
1001,Aisha Kumar,Male,29,Delhi,Delhi,India,2024-06-18
1002,Meera Patel,Female,33,Kolkata,West Bengal,India,2024-05-25
1003,Aisha Sharma,Female,64,Bangalore,Karnataka,India,2023-10-03
1004,Ananya Gill,Male,51,Bangalore,Karnataka,India,2022-08-12
1005,Karan Sharma,Male,51,Chennai,Tamil Nadu,India,2025-01-06
1006,Meera Sharma,Female,51,Bangalore,Karnataka,India,2022-04-11
1007,Aditya Mehta,Female,37,Delhi,Delhi,India,2023-08-09
1008,Kabir Verma,Female,57,Chennai,Tamil Nadu,India,2022-04-22
1009,Karan Mehta,Male,64,Amritsar,Punjab,India,2024-10-22
1010,Kabir Gill,Male,43,Ludhiana,Punjab,India,2024-04-26
1011,Karan Sharma,Male,47,Mumbai,Maharashtra,India,2025-04-23
1012,Neha Mehta,Male,34,Delhi,Delhi,India,2023-10-26
1013,Meera Singh,Male,25,Jalandhar,Punjab,India,2024-07-09
1014,Arjun Malhotra,Female,64,Pune,Maharashtra,India,2024-11-13
1015,Rahul Malhotra,Female,20,Jalandhar,Punjab,India,2022-12-16
1016,Ananya Kaur,Male,27,Mumbai,Maharashtra,India,2023-01-02
1017,Rahul Gupta,Female,64,Mohali,Punjab,India,2024-07-02
1018,Priya Kaur,Male,26,Jaipur,Rajasthan,India,2023-02-20
1019,Ananya Gupta,Male,47,Chandigarh,Chandigarh,India,2024-10-16
1020,Simran Sharma,Female,33,Kolkata,West Bengal,India,2023-03-21
1021,Karan Verma,Female,23,Kolkata,West Bengal,India,2025-05-16
1022,Vihaan Malhotra,Female,57,Chandigarh,Chandigarh,India,2025-02-15
1023,Aarav Kaur,Male,21,Delhi,Delhi,India,2023-12-16
1024,Kabir Sharma,Female,39,Mohali,Punjab,India,2022-06-29
1025,Arjun Verma,Male,28,Mohali,Punjab,India,2023-08-06
1026,Karan Gill,Female,20,Jalandhar,Punjab,India,2022-07-10
1027,Rohan Patel,Female,22,Jaipur,Rajasthan,India,2024-05-25
1028,Aditya Mehta,Male,25,Kharar,Punjab,India,2023-07-17
1029,Simran Verma,Male,62,Mumbai,Maharashtra,India,2023-03-05
1030,Arjun Gill,Male,48,Mohali,Punjab,India,2025-05-23
1031,Rahul Gill,Female,34,Jaipur,Rajasthan,India,2024-12-12
1032,Neha Kaur,Female,51,Pune,Maharashtra,India,2024-10-16
1033,Aisha Kaur,Male,63,Kolkata,West Bengal,India,2023-08-18
1034,Aarav Singh,Male,47,Delhi,Delhi,India,2022-08-30
1035,Aisha Gill,Female,44,Delhi,Delhi,India,2022-04-04
1036,Rohan Malhotra,Male,18,Mumbai,Maharashtra,India,2023-02-17
1037,Aditya Singh,Female,37,Jaipur,Rajasthan,India,2024-11-03
1038,Aisha Sharma,Male,61,Mumbai,Maharashtra,India,2023-11-14
1039,Rahul Gill,Male,29,Mumbai,Maharashtra,India,2023-02-02
1040,Ishita Patel,Female,48,Mumbai,Maharashtra,India,2022-03-14
1041,Karan Kaur,Female,52,Amritsar,Punjab,India,2023-11-18
1042,Aisha Verma,Male,51,Chennai,Tamil Nadu,India,2023-09-06
1043,Simran Malhotra,Male,31,Mumbai,Maharashtra,India,2025-03-28
1044,Aisha Patel,Male,27,Mumbai,Maharashtra,India,2023-07-29
1045,Rohan Verma,Male,54,Chandigarh,Chandigarh,India,2025-05-25
1046,Kabir Gill,Male,37,Bangalore,Karnataka,India,2023-10-07
1047,Aditya Verma,Male,49,Mohali,Punjab,India,2023-05-02
1048,Karan Gupta,Male,51,Pune,Maharashtra,India,2023-09-12
1049,Arjun Patel,Male,30,Jalandhar,Punjab,India,2022-07-09
1050,Simran Sharma,Female,50,Chennai,Tamil Nadu,India,2022-11-12
1051,Rohan Mehta,Female,38,Delhi,Delhi,India,2022-10-21
1052,Ishita Malhotra,Male,31,Ludhiana,Punjab,India,2022-03-16
1053,Rahul Malhotra,Male,18,Chennai,Tamil Nadu,India,2023-09-29
1054,Priya Gill,Male,39,Mohali,Punjab,India,2024-08-14
1055,Arjun Malhotra,Female,19,Mohali,Punjab,India,2025-03-28
1056,Priya Kumar,Female,30,Jaipur,Rajasthan,India,2023-01-30
1057,Aditya Malhotra,Female,46,Jaipur,Rajasthan,India,2022-08-29
1058,Kabir Kaur,Female,25,Noida,Uttar Pradesh,India,2022-02-01
1059,Vihaan Malhotra,Female,53,Ludhiana,Punjab,India,2023-10-15
1060,Kabir Gupta,Male,28,Noida,Uttar Pradesh,India,2022-05-26
1061,Ananya Patel,Female,21,Jaipur,Rajasthan,India,2022-09-24
1062,Karan Sharma,Male,42,Chandigarh,Chandigarh,India,2022-04-21
1063,Rahul Verma,Male,63,Kharar,Punjab,India,2025-05-05
1064,Ananya Patel,Female,39,Chennai,Tamil Nadu,India,2023-02-10
1065,Neha Mehta,Male,23,Kharar,Punjab,India,2024-08-17
1066,Karan Gupta,Female,48,Ludhiana,Punjab,India,2023-04-20
1067,Kabir Gill,Female,41,Gurgaon,Haryana,India,2024-03-13
1068,Meera Patel,Female,47,Jalandhar,Punjab,India,2024-09-25
1069,Arjun Mehta,Male,40,Chandigarh,Chandigarh,India,2024-09-07
1070,Ishita Kaur,Female,40,Chennai,Tamil Nadu,India,2025-05-22
1071,Simran Singh,Female,63,Amritsar,Punjab,India,2022-08-08
1072,Simran Singh,Female,52,Mumbai,Maharashtra,India,2024-08-02
1073,Ananya Verma,Male,57,Bangalore,Karnataka,India,2023-05-15
1074,Karan Verma,Male,39,Jalandhar,Punjab,India,2023-03-03
1075,Aisha Verma,Female,52,Hyderabad,Telangana,India,2023-04-29
1076,Priya Singh,Female,25,Jalandhar,Punjab,India,2025-04-27
1077,Rohan Malhotra,Male,46,Chennai,Tamil Nadu,India,2022-12-27
1078,Rahul Singh,Male,61,Jaipur,Rajasthan,India,2025-05-06
1079,Rohan Mehta,Male,23,Bangalore,Karnataka,India,2023-03-22
1080,Neha Gill,Male,27,Amritsar,Punjab,India,2022-11-02
1081,Simran Gupta,Female,57,Chennai,Tamil Nadu,India,2025-03-29
1082,Vihaan Kumar,Female,37,Chennai,Tamil Nadu,India,2025-03-13
1083,Neha Verma,Female,23,Jaipur,Rajasthan,India,2025-04-08
1084,Ananya Malhotra,Female,26,Chandigarh,Chandigarh,India,2023-08-26
1085,Rohan Malhotra,Male,18,Mohali,Punjab,India,2025-02-20
1086,Arjun Gupta,Male,33,Pune,Maharashtra,India,2024-06-03
1087,Priya Patel,Female,43,Bangalore,Karnataka,India,2024-02-21
1088,Simran Kumar,Male,48,Hyderabad,Telangana,India,2022-10-12
1089,Simran Verma,Female,44,Delhi,Delhi,India,2022-11-12
1090,Ishita Kaur,Male,18,Jaipur,Rajasthan,India,2022-05-27
1091,Kabir Mehta,Female,26,Chandigarh,Chandigarh,India,2022-06-23
1092,Priya Verma,Female,62,Amritsar,Punjab,India,2025-05-22
1093,Ananya Kaur,Female,50,Hyderabad,Telangana,India,2024-05-18
1094,Rahul Patel,Male,29,Chennai,Tamil Nadu,India,2024-05-19
1095,Ananya Mehta,Male,63,Chandigarh,Chandigarh,India,2024-10-24
1096,Rahul Malhotra,Female,20,Noida,Uttar Pradesh,India,2022-03-19
1097,Meera Patel,Male,55,Kolkata,West Bengal,India,2024-09-13
1098,Kabir Malhotra,Female,47,Kharar,Punjab,India,2024-11-24
1099,Simran Gill,Male,33,Kharar,Punjab,India,2024-08-25
1100,Priya Malhotra,Female,57,Kharar,Punjab,India,2022-04-19
1101,Simran Sharma,Female,47,Mumbai,Maharashtra,India,2024-11-15
1102,Ananya Patel,Female,40,Kolkata,West Bengal,India,2023-08-27
1103,Kabir Sharma,Female,64,Jaipur,Rajasthan,India,2025-02-28
1104,Aarav Mehta,Male,54,Noida,Uttar Pradesh,India,2022-04-16
1105,Aisha Gill,Male,36,Jaipur,Rajasthan,India,2024-09-19
1106,Kabir Malhotra,Male,35,Kharar,Punjab,India,2023-06-01
1107,Ananya Gupta,Female,34,Amritsar,Punjab,India,2022-01-30
1108,Ananya Kaur,Male,60,Ludhiana,Punjab,India,2024-07-03
1109,Aisha Kaur,Female,62,Pune,Maharashtra,India,2023-04-29
1110,Kabir Malhotra,Male,39,Kolkata,West Bengal,India,2022-06-22
1111,Ananya Kaur,Female,44,Amritsar,Punjab,India,2024-02-24
1112,Priya Mehta,Male,31,Gurgaon,Haryana,India,2025-03-29
1113,Aarav Gupta,Male,21,Pune,Maharashtra,India,2022-12-10
1114,Rahul Mehta,Female,48,Chennai,Tamil Nadu,India,2024-12-26
1115,Rahul Verma,Female,34,Gurgaon,Haryana,India,2022-10-25
1116,Aarav Gupta,Female,42,Hyderabad,Telangana,India,2023-10-09
1117,Arjun Malhotra,Female,45,Mohali,Punjab,India,2025-06-04
1118,Rohan Gupta,Female,24,Noida,Uttar Pradesh,India,2023-06-07
1119,Karan Kumar,Male,51,Bangalore,Karnataka,India,2023-11-23
1120,Rohan Malhotra,Male,61,Jalandhar,Punjab,India,2022-01-18
1121,Aarav Verma,Male,51,Kharar,Punjab,India,2022-08-01
1122,Rohan Kumar,Female,34,Chennai,Tamil Nadu,India,2023-01-31
1123,Aarav Gill,Male,21,Mohali,Punjab,India,2025-05-01
1124,Ananya Singh,Male,23,Delhi,Delhi,India,2025-05-23
1125,Rahul Gill,Male,25,Amritsar,Punjab,India,2023-01-13
1126,Aditya Mehta,Male,58,Noida,Uttar Pradesh,India,2024-07-17
1127,Aisha Verma,Female,34,Noida,Uttar Pradesh,India,2022-11-28
1128,Aditya Sharma,Female,42,Kharar,Punjab,India,2023-11-13
1129,Aditya Gupta,Male,46,Mohali,Punjab,India,2022-05-23
1130,Neha Kumar,Female,29,Kolkata,West Bengal,India,2024-10-04
1131,Kabir Malhotra,Female,31,Ludhiana,Punjab,India,2025-06-11
1132,Neha Mehta,Female,24,Ludhiana,Punjab,India,2022-03-13
1133,Arjun Gill,Female,46,Kharar,Punjab,India,2022-02-08
1134,Kabir Sharma,Male,60,Kolkata,West Bengal,India,2024-03-10
1135,Kabir Patel,Female,54,Noida,Uttar Pradesh,India,2022-01-08
1136,Karan Verma,Female,64,Kolkata,West Bengal,India,2022-05-24
1137,Aarav Verma,Female,25,Gurgaon,Haryana,India,2025-03-07
1138,Rohan Gupta,Female,21,Pune,Maharashtra,India,2022-07-05
1139,Simran Patel,Male,47,Pune,Maharashtra,India,2023-08-17
1140,Kabir Malhotra,Male,42,Delhi,Delhi,India,2023-01-27
1141,Meera Verma,Male,58,Jaipur,Rajasthan,India,2024-01-06
1142,Arjun Mehta,Male,26,Kolkata,West Bengal,India,2022-03-15
1143,Aarav Gill,Male,49,Delhi,Delhi,India,2024-03-07
1144,Aisha Malhotra,Female,49,Kharar,Punjab,India,2024-12-29
1145,Aarav Sharma,Female,21,Chennai,Tamil Nadu,India,2023-11-23
1146,Rahul Singh,Male,59,Mohali,Punjab,India,2024-12-07
1147,Priya Malhotra,Male,65,Chennai,Tamil Nadu,India,2025-04-01
1148,Neha Singh,Male,65,Gurgaon,Haryana,India,2022-10-17
1149,Priya Sharma,Female,57,Kolkata,West Bengal,India,2022-04-04
1150,Meera Kaur,Male,29,Gurgaon,Haryana,India,2022-04-13
1151,Ishita Singh,Female,57,Jaipur,Rajasthan,India,2022-12-16
1152,Ishita Singh,Male,49,Kharar,Punjab,India,2025-05-03
1153,Arjun Kumar,Female,39,Gurgaon,Haryana,India,2024-04-03
1154,Arjun Gill,Male,38,Mumbai,Maharashtra,India,2023-03-13
1155,Ananya Kaur,Female,22,Mohali,Punjab,India,2022-09-05
1156,Kabir Verma,Male,62,Noida,Uttar Pradesh,India,2024-01-28
1157,Karan Kumar,Male,26,Jalandhar,Punjab,India,2022-07-24
1158,Aisha Kaur,Male,49,Bangalore,Karnataka,India,2022-06-15
1159,Aarav Kaur,Male,63,Chandigarh,Chandigarh,India,2025-04-30
1160,Rahul Mehta,Male,31,Jaipur,Rajasthan,India,2022-10-21
1161,Simran Mehta,Female,33,Noida,Uttar Pradesh,India,2022-12-24
1162,Ananya Kaur,Female,57,Mohali,Punjab,India,2022-06-30
1163,Rohan Verma,Male,53,Jaipur,Rajasthan,India,2023-04-28
1164,Arjun Malhotra,Male,57,Delhi,Delhi,India,2024-01-12
1165,Karan Kumar,Female,21,Gurgaon,Haryana,India,2023-02-01
1166,Aisha Kaur,Female,49,Ludhiana,Punjab,India,2022-12-28
1167,Priya Sharma,Male,59,Jalandhar,Punjab,India,2024-01-16
1168,Vihaan Verma,Female,39,Jaipur,Rajasthan,India,2025-06-17
1169,Aarav Singh,Male,52,Chennai,Tamil Nadu,India,2022-12-27
1170,Aisha Sharma,Female,50,Jalandhar,Punjab,India,2022-08-26
1171,Neha Kumar,Female,55,Kharar,Punjab,India,2025-04-02
1172,Rahul Kumar,Female,32,Mumbai,Maharashtra,India,2022-08-14
1173,Vihaan Singh,Male,65,Mumbai,Maharashtra,India,2024-04-24
1174,Rahul Kumar,Male,48,Delhi,Delhi,India,2025-04-13
1175,Aarav Verma,Male,31,Kolkata,West Bengal,India,2025-06-02
1176,Kabir Verma,Female,26,Chennai,Tamil Nadu,India,2024-07-26
1177,Priya Patel,Female,30,Delhi,Delhi,India,2023-11-19
1178,Aarav Gill,Male,35,Amritsar,Punjab,India,2022-10-07
1179,Ishita Mehta,Female,44,Ludhiana,Punjab,India,2022-12-17
1180,Vihaan Gupta,Male,58,Mumbai,Maharashtra,India,2025-06-06
1181,Ananya Malhotra,Male,23,Jalandhar,Punjab,India,2024-04-23
1182,Ishita Kumar,Female,47,Kolkata,West Bengal,India,2023-07-26
1183,Meera Verma,Male,33,Chandigarh,Chandigarh,India,2023-11-02
1184,Ananya Kumar,Male,54,Hyderabad,Telangana,India,2022-01-11
1185,Aarav Sharma,Female,64,Hyderabad,Telangana,India,2024-10-29
1186,Rahul Malhotra,Female,48,Mohali,Punjab,India,2022-07-20
1187,Karan Kumar,Male,53,Chennai,Tamil Nadu,India,2022-01-26
1188,Vihaan Kaur,Female,36,Hyderabad,Telangana,India,2023-05-05
1189,Aarav Mehta,Female,28,Kharar,Punjab,India,2024-07-29
1190,Karan Mehta,Male,63,Chandigarh,Chandigarh,India,2024-04-10
1191,Aisha Patel,Female,63,Jalandhar,Punjab,India,2022-01-03
1192,Rahul Patel,Male,36,Kharar,Punjab,India,2024-05-22
1193,Meera Gill,Male,61,Noida,Uttar Pradesh,India,2022-06-15
1194,Meera Sharma,Female,21,Mumbai,Maharashtra,India,2022-08-16
1195,Rohan Mehta,Male,41,Bangalore,Karnataka,India,2024-01-21
1196,Priya Malhotra,Male,53,Jalandhar,Punjab,India,2023-02-24
1197,Rohan Kumar,Male,59,Amritsar,Punjab,India,2024-09-06
1198,Aisha Kumar,Female,40,Delhi,Delhi,India,2023-07-02
1199,Aditya Sharma,Male,41,Hyderabad,Telangana,India,2023-12-09
1200,Karan Malhotra,Male,48,Chennai,Tamil Nadu,India,2024-12-25
1201,Karan Gill,Female,61,Jaipur,Rajasthan,India,2022-05-15
1202,Neha Mehta,Male,23,Delhi,Delhi,India,2024-03-11
1203,Aditya Singh,Male,28,Jalandhar,Punjab,India,2023-07-20
1204,Meera Kaur,Female,27,Ludhiana,Punjab,India,2023-02-23
1205,Aditya Verma,Male,48,Chandigarh,Chandigarh,India,2023-12-12
1206,Karan Sharma,Female,30,Hyderabad,Telangana,India,2022-05-09
1207,Ishita Kumar,Female,44,Chandigarh,Chandigarh,India,2025-03-31
1208,Priya Patel,Female,55,Mumbai,Maharashtra,India,2024-12-21
1209,Karan Gupta,Male,37,Chennai,Tamil Nadu,India,2022-12-18
1210,Vihaan Mehta,Female,36,Noida,Uttar Pradesh,India,2022-04-07
1211,Rohan Gupta,Female,28,Amritsar,Punjab,India,2025-06-20
1212,Meera Malhotra,Female,29,Jalandhar,Punjab,India,2022-12-26
1213,Kabir Kumar,Male,20,Amritsar,Punjab,India,2023-10-11
1214,Karan Gupta,Female,29,Amritsar,Punjab,India,2023-02-25
1215,Priya Patel,Female,27,Mohali,Punjab,India,2024-02-03
1216,Simran Kaur,Female,25,Chennai,Tamil Nadu,India,2022-02-21
1217,Neha Mehta,Male,47,Bangalore,Karnataka,India,2023-10-18
1218,Aarav Malhotra,Female,59,Amritsar,Punjab,India,2023-08-29
1219,Neha Gupta,Male,54,Kolkata,West Bengal,India,2024-06-24
1220,Meera Singh,Female,20,Mumbai,Maharashtra,India,2022-10-13
1221,Aditya Sharma,Female,57,Ludhiana,Punjab,India,2023-03-28
1222,Rohan Singh,Female,21,Chennai,Tamil Nadu,India,2025-05-30
1223,Ananya Malhotra,Male,35,Delhi,Delhi,India,2023-02-05
1224,Arjun Malhotra,Female,61,Chandigarh,Chandigarh,India,2022-06-28
1225,Vihaan Mehta,Female,56,Bangalore,Karnataka,India,2025-05-24
1226,Neha Patel,Female,27,Mohali,Punjab,India,2024-05-25
1227,Rahul Patel,Male,36,Pune,Maharashtra,India,2023-12-08
1228,Aditya Mehta,Male,31,Pune,Maharashtra,India,2024-06-28
1229,Aisha Mehta,Female,28,Hyderabad,Telangana,India,2024-05-18
1230,Kabir Gill,Male,27,Hyderabad,Telangana,India,2023-03-02
1231,Karan Malhotra,Female,22,Jaipur,Rajasthan,India,2025-04-24
1232,Arjun Sharma,Female,58,Bangalore,Karnataka,India,2023-07-14
1233,Kabir Malhotra,Female,63,Hyderabad,Telangana,India,2025-03-09
1234,Vihaan Kaur,Female,36,Amritsar,Punjab,India,2025-02-08
1235,Aarav Gupta,Female,49,Kolkata,West Bengal,India,2025-02-19
1236,Vihaan Sharma,Male,27,Chennai,Tamil Nadu,India,2023-06-22
1237,Priya Mehta,Male,59,Jaipur,Rajasthan,India,2023-08-13
1238,Kabir Mehta,Male,19,Hyderabad,Telangana,India,2022-09-02
1239,Karan Singh,Female,55,Noida,Uttar Pradesh,India,2024-09-11
1240,Ishita Gupta,Female,62,Hyderabad,Telangana,India,2022-09-02
1241,Simran Gill,Male,34,Pune,Maharashtra,India,2022-11-30
1242,Kabir Patel,Female,62,Mohali,Punjab,India,2022-10-05
1243,Kabir Sharma,Female,41,Pune,Maharashtra,India,2024-05-09
1244,Aarav Gupta,Female,51,Pune,Maharashtra,India,2022-06-07
1245,Aisha Kaur,Male,56,Delhi,Delhi,India,2022-12-09
1246,Ishita Patel,Female,35,Mumbai,Maharashtra,India,2024-01-13
1247,Simran Gill,Female,27,Ludhiana,Punjab,India,2022-01-27
1248,Simran Gupta,Female,49,Amritsar,Punjab,India,2024-04-23
1249,Neha Kaur,Male,31,Mumbai,Maharashtra,India,2022-11-13
1250,Ishita Kumar,Male,44,Gurgaon,Haryana,India,2024-08-01
1251,Arjun Kaur,Male,48,Kharar,Punjab,India,2023-12-15
1252,Meera Patel,Male,46,Jaipur,Rajasthan,India,2025-05-08
1253,Kabir Gupta,Male,65,Mumbai,Maharashtra,India,2022-08-31
1254,Kabir Kaur,Male,37,Gurgaon,Haryana,India,2022-09-14
1255,Kabir Singh,Female,62,Delhi,Delhi,India,2022-08-17
1256,Aarav Mehta,Female,20,Kharar,Punjab,India,2023-02-07
1257,Aarav Malhotra,Male,48,Ludhiana,Punjab,India,2022-09-01
1258,Aarav Singh,Female,60,Noida,Uttar Pradesh,India,2022-01-22
1259,Aisha Singh,Male,55,Ludhiana,Punjab,India,2023-02-14
1260,Priya Patel,Male,23,Jalandhar,Punjab,India,2022-10-26
1261,Ananya Patel,Female,28,Noida,Uttar Pradesh,India,2024-10-22
1262,Simran Gill,Male,24,Gurgaon,Haryana,India,2025-03-30
1263,Simran Kumar,Male,36,Chandigarh,Chandigarh,India,2022-12-18
1264,Meera Singh,Male,50,Chandigarh,Chandigarh,India,2024-08-30
1265,Meera Gill,Male,46,Pune,Maharashtra,India,2022-08-08
1266,Ishita Patel,Female,45,Jalandhar,Punjab,India,2023-03-15
1267,Rahul Singh,Female,25,Gurgaon,Haryana,India,2024-08-12
1268,Simran Kaur,Female,41,Ludhiana,Punjab,India,2023-08-14
1269,Arjun Patel,Female,25,Mohali,Punjab,India,2024-02-28
1270,Karan Gill,Female,61,Jaipur,Rajasthan,India,2024-06-28
1271,Simran Verma,Female,45,Gurgaon,Haryana,India,2023-01-22
1272,Neha Mehta,Female,29,Kharar,Punjab,India,2022-01-27
1273,Priya Singh,Female,46,Kolkata,West Bengal,India,2024-12-06
1274,Arjun Kaur,Female,43,Kharar,Punjab,India,2025-04-24
1275,Meera Kaur,Male,41,Ludhiana,Punjab,India,2023-02-12
1276,Vihaan Gill,Female,25,Mumbai,Maharashtra,India,2023-04-22
1277,Meera Mehta,Female,63,Hyderabad,Telangana,India,2025-04-06
1278,Aisha Verma,Female,48,Noida,Uttar Pradesh,India,2025-05-20
1279,Karan Malhotra,Female,27,Bangalore,Karnataka,India,2024-07-20
1280,Arjun Gupta,Female,49,Ludhiana,Punjab,India,2023-04-18
1281,Aarav Singh,Male,22,Amritsar,Punjab,India,2024-10-17
1282,Kabir Verma,Female,27,Chandigarh,Chandigarh,India,2023-09-13
1283,Aisha Singh,Female,47,Ludhiana,Punjab,India,2023-02-18
1284,Priya Mehta,Female,50,Jaipur,Rajasthan,India,2023-06-20
1285,Aisha Malhotra,Male,20,Mumbai,Maharashtra,India,2024-05-31
1286,Rahul Mehta,Female,42,Ludhiana,Punjab,India,2024-06-25
1287,Aarav Sharma,Male,53,Chennai,Tamil Nadu,India,2023-09-13
1288,Karan Verma,Male,37,Jalandhar,Punjab,India,2024-03-07
1289,Aisha Singh,Female,60,Kolkata,West Bengal,India,2025-02-08
1290,Karan Malhotra,Male,50,Kolkata,West Bengal,India,2022-04-25
1291,Aditya Mehta,Female,57,Bangalore,Karnataka,India,2023-12-24
1292,Rohan Sharma,Male,55,Jaipur,Rajasthan,India,2022-04-03
1293,Ishita Patel,Female,65,Amritsar,Punjab,India,2025-04-10
1294,Aisha Patel,Female,24,Chandigarh,Chandigarh,India,2024-05-26
1295,Rohan Verma,Female,21,Pune,Maharashtra,India,2023-05-16
1296,Vihaan Gupta,Male,62,Gurgaon,Haryana,India,2022-05-15
1297,Arjun Patel,Male,19,Jaipur,Rajasthan,India,2025-01-07
1298,Aarav Mehta,Female,54,Mumbai,Maharashtra,India,2024-11-20
1299,Aditya Sharma,Female,55,Hyderabad,Telangana,India,2022-02-15
1300,Rahul Gill,Female,38,Mumbai,Maharashtra,India,2025-03-18
1301,Aisha Mehta,Male,62,Ludhiana,Punjab,India,2023-02-26
1302,Karan Malhotra,Female,28,Mumbai,Maharashtra,India,2025-06-13
1303,Rohan Verma,Male,49,Jaipur,Rajasthan,India,2022-06-04
1304,Aditya Gupta,Male,37,Delhi,Delhi,India,2025-03-20
1305,Aisha Kumar,Male,63,Bangalore,Karnataka,India,2025-03-30
1306,Ananya Patel,Female,22,Ludhiana,Punjab,India,2025-03-06
1307,Rahul Kumar,Female,22,Kolkata,West Bengal,India,2023-09-11
1308,Rahul Malhotra,Female,30,Jaipur,Rajasthan,India,2024-04-28
1309,Aditya Gill,Female,60,Bangalore,Karnataka,India,2025-01-26
1310,Neha Sharma,Male,54,Jalandhar,Punjab,India,2024-10-19
1311,Priya Mehta,Female,58,Delhi,Delhi,India,2024-12-27
1312,Neha Gill,Male,51,Hyderabad,Telangana,India,2023-02-15
1313,Karan Kaur,Male,27,Pune,Maharashtra,India,2023-09-07
1314,Rahul Patel,Male,58,Hyderabad,Telangana,India,2023-02-21
1315,Aditya Gupta,Male,34,Hyderabad,Telangana,India,2025-05-16
1316,Rahul Kumar,Male,27,Gurgaon,Haryana,India,2023-01-29
1317,Vihaan Gupta,Female,49,Chandigarh,Chandigarh,India,2025-02-20
1318,Rahul Sharma,Male,28,Hyderabad,Telangana,India,2023-07-13
1319,Aarav Gupta,Female,60,Amritsar,Punjab,India,2025-02-01
1320,Priya Sharma,Female,19,Jalandhar,Punjab,India,2022-04-24
1321,Rohan Gill,Female,22,Kharar,Punjab,India,2024-04-13
1322,Priya Singh,Female,64,Pune,Maharashtra,India,2022-10-15
1323,Arjun Gill,Male,51,Gurgaon,Haryana,India,2025-04-03
1324,Karan Singh,Male,56,Noida,Uttar Pradesh,India,2022-09-08
1325,Rohan Gill,Female,65,Mumbai,Maharashtra,India,2023-04-29
1326,Vihaan Kaur,Male,29,Hyderabad,Telangana,India,2023-03-15
1327,Karan Verma,Female,55,Noida,Uttar Pradesh,India,2022-04-25
1328,Simran Patel,Male,38,Kolkata,West Bengal,India,2025-01-22
1329,Karan Kumar,Female,27,Hyderabad,Telangana,India,2024-01-14
1330,Meera Patel,Female,19,Kolkata,West Bengal,India,2025-05-25
1331,Ishita Sharma,Male,34,Mohali,Punjab,India,2025-02-05
1332,Aditya Patel,Male,52,Bangalore,Karnataka,India,2023-04-30
1333,Rahul Sharma,Female,34,Chennai,Tamil Nadu,India,2023-09-09
1334,Neha Kumar,Female,31,Kharar,Punjab,India,2022-11-25
1335,Priya Patel,Female,20,Chennai,Tamil Nadu,India,2023-07-16
1336,Ishita Mehta,Female,65,Kharar,Punjab,India,2024-04-25
1337,Meera Verma,Male,28,Mumbai,Maharashtra,India,2023-06-19
1338,Rohan Verma,Female,47,Kharar,Punjab,India,2022-02-26
1339,Priya Kaur,Female,59,Mohali,Punjab,India,2022-10-06
1340,Rahul Kumar,Female,38,Chandigarh,Chandigarh,India,2025-03-25
1341,Arjun Kaur,Male,51,Kharar,Punjab,India,2022-09-24
1342,Aisha Patel,Female,48,Hyderabad,Telangana,India,2022-10-01
1343,Kabir Gill,Female,36,Noida,Uttar Pradesh,India,2023-02-11
1344,Rahul Patel,Male,43,Kharar,Punjab,India,2024-02-12
1345,Aarav Sharma,Male,23,Gurgaon,Haryana,India,2024-08-05
1346,Aditya Kaur,Male,43,Delhi,Delhi,India,2025-06-19
1347,Ananya Gupta,Male,23,Hyderabad,Telangana,India,2024-01-24
1348,Ananya Singh,Male,63,Jalandhar,Punjab,India,2024-12-12
1349,Aisha Mehta,Female,25,Hyderabad,Telangana,India,2023-04-05
1350,Vihaan Gupta,Female,65,Delhi,Delhi,India,2024-10-09
1351,Kabir Verma,Male,56,Bangalore,Karnataka,India,2023-03-18
1352,Meera Kumar,Female,29,Jaipur,Rajasthan,India,2024-04-16
1353,Aarav Gupta,Female,33,Amritsar,Punjab,India,2025-06-19
1354,Neha Kumar,Female,55,Chennai,Tamil Nadu,India,2024-07-27
1355,Aarav Mehta,Male,38,Kharar,Punjab,India,2024-03-25
1356,Meera Verma,Female,65,Delhi,Delhi,India,2025-05-08
1357,Arjun Singh,Male,21,Noida,Uttar Pradesh,India,2023-11-13
1358,Karan Patel,Male,18,Gurgaon,Haryana,India,2023-06-04
1359,Aditya Verma,Female,26,Bangalore,Karnataka,India,2025-02-19
1360,Ananya Kaur,Female,28,Mohali,Punjab,India,2024-10-28
1361,Neha Patel,Female,26,Kolkata,West Bengal,India,2022-07-03
1362,Meera Malhotra,Female,27,Mumbai,Maharashtra,India,2023-06-18
1363,Rohan Sharma,Male,49,Ludhiana,Punjab,India,2023-07-30
1364,Neha Verma,Female,34,Pune,Maharashtra,India,2025-06-09
1365,Simran Patel,Female,28,Noida,Uttar Pradesh,India,2023-10-09
1366,Aisha Kaur,Female,21,Kolkata,West Bengal,India,2023-01-22
1367,Aarav Kumar,Male,20,Amritsar,Punjab,India,2024-08-21
1368,Kabir Mehta,Female,25,Noida,Uttar Pradesh,India,2024-10-10
1369,Karan Patel,Female,47,Mohali,Punjab,India,2024-10-06
1370,Ishita Kaur,Male,40,Ludhiana,Punjab,India,2022-07-11
1371,Ishita Gupta,Male,28,Delhi,Delhi,India,2024-11-07
1372,Ananya Gill,Male,55,Noida,Uttar Pradesh,India,2022-01-09
1373,Rahul Singh,Male,49,Jalandhar,Punjab,India,2022-07-13
1374,Aarav Gupta,Male,43,Mumbai,Maharashtra,India,2024-02-05
1375,Ishita Patel,Male,19,Ludhiana,Punjab,India,2022-06-16
1376,Ishita Mehta,Female,58,Chennai,Tamil Nadu,India,2023-07-06
1377,Rohan Sharma,Female,38,Chandigarh,Chandigarh,India,2025-03-11
1378,Vihaan Sharma,Female,38,Amritsar,Punjab,India,2022-04-24
1379,Simran Gill,Female,23,Kharar,Punjab,India,2024-03-27
1380,Kabir Kumar,Female,23,Noida,Uttar Pradesh,India,2022-02-12
1381,Kabir Verma,Female,36,Delhi,Delhi,India,2022-11-12
1382,Aditya Mehta,Female,65,Ludhiana,Punjab,India,2023-09-28
1383,Rohan Singh,Female,50,Amritsar,Punjab,India,2023-02-14
1384,Karan Verma,Female,35,Kolkata,West Bengal,India,2025-02-27
1385,Arjun Verma,Female,57,Hyderabad,Telangana,India,2023-01-17
1386,Priya Verma,Male,20,Hyderabad,Telangana,India,2024-11-17
1387,Karan Kumar,Male,49,Mumbai,Maharashtra,India,2024-12-15
1388,Aditya Mehta,Female,23,Kharar,Punjab,India,2024-09-05
1389,Kabir Kaur,Female,33,Jaipur,Rajasthan,India,2024-12-07
1390,Aditya Gill,Male,53,Hyderabad,Telangana,India,2022-06-06
1391,Simran Singh,Female,44,Mohali,Punjab,India,2022-07-13
1392,Priya Gill,Female,40,Chennai,Tamil Nadu,India,2023-06-06
1393,Aisha Malhotra,Male,25,Kharar,Punjab,India,2024-08-05
1394,Aisha Kaur,Female,20,Jalandhar,Punjab,India,2022-06-20
1395,Neha Gupta,Female,55,Hyderabad,Telangana,India,2024-07-20
1396,Ananya Gupta,Female,29,Chennai,Tamil Nadu,India,2023-03-09
1397,Arjun Gill,Female,61,Jalandhar,Punjab,India,2022-08-06
1398,Simran Sharma,Male,43,Hyderabad,Telangana,India,2022-08-27
1399,Kabir Mehta,Female,62,Chandigarh,Chandigarh,India,2024-04-09
1400,Aditya Gill,Female,62,Kolkata,West Bengal,India,2024-03-19
1401,Arjun Kaur,Male,18,Jaipur,Rajasthan,India,2023-01-26
1402,Ishita Sharma,Male,19,Ludhiana,Punjab,India,2023-03-05
1403,Priya Kaur,Male,45,Kolkata,West Bengal,India,2025-01-08
1404,Arjun Gupta,Female,27,Delhi,Delhi,India,2024-08-28
1405,Aarav Singh,Male,27,Hyderabad,Telangana,India,2024-06-30
1406,Karan Sharma,Female,55,Kolkata,West Bengal,India,2023-05-12
1407,Aditya Gill,Female,21,Delhi,Delhi,India,2023-11-15
1408,Arjun Verma,Female,49,Chandigarh,Chandigarh,India,2025-03-31
1409,Aarav Mehta,Female,49,Jaipur,Rajasthan,India,2024-11-17
1410,Vihaan Sharma,Male,45,Kolkata,West Bengal,India,2025-03-26
1411,Simran Singh,Female,59,Mumbai,Maharashtra,India,2024-05-04
1412,Arjun Mehta,Female,46,Kolkata,West Bengal,India,2024-06-12
1413,Kabir Gupta,Male,48,Chandigarh,Chandigarh,India,2023-12-06
1414,Vihaan Malhotra,Male,55,Chennai,Tamil Nadu,India,2023-11-26
1415,Kabir Gupta,Female,44,Chennai,Tamil Nadu,India,2024-01-08
1416,Aisha Kaur,Male,36,Kolkata,West Bengal,India,2022-06-26
1417,Kabir Kaur,Male,28,Kolkata,West Bengal,India,2025-05-25
1418,Arjun Verma,Female,37,Kolkata,West Bengal,India,2023-04-26
1419,Simran Sharma,Male,40,Delhi,Delhi,India,2023-06-19
1420,Priya Kaur,Male,50,Pune,Maharashtra,India,2022-03-07
1421,Rohan Verma,Male,57,Kharar,Punjab,India,2023-04-10
1422,Simran Kumar,Female,34,Ludhiana,Punjab,India,2023-11-28
1423,Aisha Sharma,Female,27,Pune,Maharashtra,India,2024-11-21
1424,Meera Sharma,Female,47,Ludhiana,Punjab,India,2022-08-16
1425,Aisha Gill,Male,53,Ludhiana,Punjab,India,2022-03-27
1426,Kabir Singh,Male,41,Ludhiana,Punjab,India,2022-11-18
1427,Meera Mehta,Female,64,Jaipur,Rajasthan,India,2022-07-23
1428,Priya Patel,Female,26,Amritsar,Punjab,India,2022-09-09
1429,Karan Verma,Male,33,Delhi,Delhi,India,2024-08-28
1430,Aditya Malhotra,Male,23,Mumbai,Maharashtra,India,2023-06-29
1431,Meera Verma,Female,58,Pune,Maharashtra,India,2023-05-18
1432,Aisha Malhotra,Female,32,Amritsar,Punjab,India,2022-10-10
1433,Rahul Verma,Female,51,Hyderabad,Telangana,India,2024-01-11
1434,Karan Kaur,Male,63,Chandigarh,Chandigarh,India,2024-11-25
1435,Arjun Patel,Female,43,Kharar,Punjab,India,2022-12-03
1436,Aarav Verma,Male,60,Hyderabad,Telangana,India,2022-11-06
1437,Priya Malhotra,Female,44,Mohali,Punjab,India,2024-04-03
1438,Meera Patel,Female,18,Jaipur,Rajasthan,India,2023-07-27
1439,Meera Verma,Female,59,Amritsar,Punjab,India,2023-02-25
1440,Meera Patel,Female,30,Chennai,Tamil Nadu,India,2023-09-10
1441,Aarav Malhotra,Female,42,Kharar,Punjab,India,2022-09-16
1442,Vihaan Singh,Female,51,Jaipur,Rajasthan,India,2023-11-29
1443,Aarav Sharma,Female,33,Jalandhar,Punjab,India,2023-09-15
1444,Simran Singh,Male,41,Hyderabad,Telangana,India,2023-06-16
1445,Arjun Sharma,Male,46,Pune,Maharashtra,India,2023-09-03
1446,Karan Patel,Male,65,Chandigarh,Chandigarh,India,2025-04-06
1447,Rohan Gupta,Female,60,Gurgaon,Haryana,India,2025-03-19
1448,Meera Verma,Male,24,Amritsar,Punjab,India,2023-11-03
1449,Ishita Patel,Female,24,Delhi,Delhi,India,2022-10-28
1450,Ishita Verma,Male,23,Hyderabad,Telangana,India,2022-05-08
1451,Neha Kaur,Female,31,Hyderabad,Telangana,India,2024-07-02
1452,Rohan Malhotra,Female,55,Kharar,Punjab,India,2025-02-18
1453,Ishita Gupta,Female,58,Bangalore,Karnataka,India,2024-05-17
1454,Meera Mehta,Female,28,Chennai,Tamil Nadu,India,2022-10-23
1455,Karan Mehta,Male,63,Amritsar,Punjab,India,2024-11-17
1456,Meera Kumar,Female,48,Ludhiana,Punjab,India,2022-03-08
1457,Simran Patel,Male,56,Jalandhar,Punjab,India,2024-04-16
1458,Arjun Patel,Female,20,Ludhiana,Punjab,India,2024-12-06
1459,Arjun Patel,Female,41,Amritsar,Punjab,India,2023-09-14
1460,Karan Sharma,Male,27,Jaipur,Rajasthan,India,2025-04-22
1461,Aarav Gupta,Female,31,Hyderabad,Telangana,India,2023-01-10
1462,Aarav Singh,Female,22,Kolkata,West Bengal,India,2022-04-02
1463,Karan Gill,Female,54,Hyderabad,Telangana,India,2024-07-15
1464,Aisha Verma,Female,64,Mumbai,Maharashtra,India,2025-05-25
1465,Aisha Kaur,Female,46,Amritsar,Punjab,India,2024-07-08
1466,Ishita Patel,Male,57,Amritsar,Punjab,India,2024-04-18
1467,Vihaan Verma,Female,52,Bangalore,Karnataka,India,2022-04-04
1468,Meera Gupta,Male,28,Chennai,Tamil Nadu,India,2022-02-20
1469,Simran Singh,Male,30,Jaipur,Rajasthan,India,2025-06-21
1470,Ananya Malhotra,Male,48,Mohali,Punjab,India,2024-10-26
1471,Arjun Malhotra,Male,19,Chandigarh,Chandigarh,India,2023-07-18
1472,Vihaan Gill,Female,23,Delhi,Delhi,India,2024-12-28
1473,Rahul Gill,Male,49,Mumbai,Maharashtra,India,2022-02-17
1474,Rahul Kaur,Female,19,Mumbai,Maharashtra,India,2024-12-17
1475,Rahul Gupta,Male,25,Mumbai,Maharashtra,India,2022-07-23
1476,Aditya Kaur,Male,34,Jalandhar,Punjab,India,2022-07-03
1477,Aditya Verma,Male,21,Amritsar,Punjab,India,2025-06-12
1478,Kabir Sharma,Male,37,Mumbai,Maharashtra,India,2024-03-09
1479,Rohan Kaur,Female,38,Ludhiana,Punjab,India,2023-06-13
1480,Ishita Singh,Male,30,Bangalore,Karnataka,India,2023-05-06
1481,Karan Malhotra,Female,25,Gurgaon,Haryana,India,2023-07-06
1482,Rohan Mehta,Female,22,Mohali,Punjab,India,2024-09-18
1483,Rahul Kumar,Male,35,Chandigarh,Chandigarh,India,2025-02-08
1484,Vihaan Malhotra,Male,37,Ludhiana,Punjab,India,2025-03-09
1485,Karan Singh,Male,27,Hyderabad,Telangana,India,2024-02-04
1486,Aisha Kumar,Female,53,Jalandhar,Punjab,India,2024-07-14
1487,Aarav Mehta,Female,59,Mohali,Punjab,India,2022-12-09
1488,Aarav Mehta,Female,56,Chandigarh,Chandigarh,India,2023-05-29
1489,Rohan Kumar,Female,20,Bangalore,Karnataka,India,2022-11-27
1490,Aditya Singh,Female,62,Kharar,Punjab,India,2022-09-09
1491,Meera Malhotra,Female,45,Amritsar,Punjab,India,2023-03-08
1492,Neha Patel,Female,63,Mumbai,Maharashtra,India,2024-07-16
1493,Vihaan Patel,Female,31,Noida,Uttar Pradesh,India,2024-07-30
1494,Aarav Kaur,Male,56,Mumbai,Maharashtra,India,2024-09-02
1495,Neha Sharma,Male,44,Chandigarh,Chandigarh,India,2025-02-12
1496,Aisha Verma,Male,59,Kolkata,West Bengal,India,2022-06-08
1497,Neha Mehta,Male,40,Chandigarh,Chandigarh,India,2024-02-10
1498,Rahul Kaur,Male,25,Pune,Maharashtra,India,2024-08-05
1499,Neha Kumar,Female,18,Pune,Maharashtra,India,2023-03-30
1500,Aisha Gupta,Female,30,Chandigarh,Chandigarh,India,2022-07-04
1501,Aisha Kumar,Male,49,Jaipur,Rajasthan,India,2024-01-14
1502,Aditya Mehta,Male,18,Mohali,Punjab,India,2023-02-06
1503,Arjun Gupta,Female,28,Bangalore,Karnataka,India,2025-02-04
1504,Priya Gill,Male,22,Delhi,Delhi,India,2025-04-19
1505,Meera Singh,Male,34,Amritsar,Punjab,India,2025-03-13
1506,Neha Malhotra,Female,30,Gurgaon,Haryana,India,2022-02-17
1507,Priya Malhotra,Female,18,Noida,Uttar Pradesh,India,2024-05-24
1508,Ishita Patel,Female,44,Mohali,Punjab,India,2023-07-16
1509,Priya Malhotra,Female,49,Ludhiana,Punjab,India,2024-01-11
1510,Neha Kumar,Male,35,Mohali,Punjab,India,2024-05-10
1511,Rohan Sharma,Female,30,Chennai,Tamil Nadu,India,2023-11-17
1512,Neha Gill,Male,65,Kharar,Punjab,India,2023-04-08
1513,Arjun Kumar,Male,28,Hyderabad,Telangana,India,2023-11-06
1514,Arjun Singh,Male,48,Jaipur,Rajasthan,India,2024-06-03
1515,Ananya Patel,Female,33,Chandigarh,Chandigarh,India,2022-08-09
1516,Vihaan Patel,Male,39,Kolkata,West Bengal,India,2024-11-30
1517,Arjun Gill,Female,24,Gurgaon,Haryana,India,2024-07-03
1518,Arjun Sharma,Male,42,Ludhiana,Punjab,India,2023-10-04
1519,Aisha Kaur,Male,46,Kharar,Punjab,India,2022-04-23
1520,Ananya Verma,Male,24,Jaipur,Rajasthan,India,2022-04-25
1521,Aditya Verma,Female,24,Mohali,Punjab,India,2025-06-18
1522,Vihaan Gill,Male,47,Hyderabad,Telangana,India,2024-02-26
1523,Aisha Verma,Male,39,Chennai,Tamil Nadu,India,2022-02-23
1524,Simran Patel,Male,24,Chennai,Tamil Nadu,India,2022-07-30
1525,Ananya Singh,Male,54,Chandigarh,Chandigarh,India,2022-09-16
1526,Rohan Verma,Female,64,Noida,Uttar Pradesh,India,2025-06-25
1527,Kabir Kumar,Male,20,Chennai,Tamil Nadu,India,2022-05-04
1528,Aditya Gill,Female,50,Amritsar,Punjab,India,2024-01-03
1529,Ananya Malhotra,Male,27,Jaipur,Rajasthan,India,2024-08-19
1530,Ananya Patel,Female,41,Jaipur,Rajasthan,India,2022-01-17
1531,Aarav Kumar,Male,45,Amritsar,Punjab,India,2023-12-06
1532,Vihaan Kumar,Male,39,Delhi,Delhi,India,2023-01-23
1533,Meera Mehta,Female,55,Kolkata,West Bengal,India,2025-03-05
1534,Ananya Gupta,Female,39,Mumbai,Maharashtra,India,2022-11-29
1535,Karan Sharma,Female,32,Ludhiana,Punjab,India,2022-01-08
1536,Meera Kumar,Female,57,Gurgaon,Haryana,India,2023-03-13
1537,Karan Patel,Female,31,Gurgaon,Haryana,India,2024-03-30
1538,Ishita Sharma,Female,18,Jalandhar,Punjab,India,2022-06-01
1539,Aarav Malhotra,Male,27,Pune,Maharashtra,India,2023-08-19
1540,Vihaan Gill,Female,20,Chennai,Tamil Nadu,India,2022-03-02
1541,Vihaan Gupta,Male,32,Delhi,Delhi,India,2023-06-21
1542,Rohan Malhotra,Male,29,Jalandhar,Punjab,India,2023-02-06
1543,Kabir Gupta,Male,19,Chandigarh,Chandigarh,India,2022-10-09
1544,Priya Singh,Female,31,Bangalore,Karnataka,India,2023-09-17
1545,Vihaan Patel,Female,60,Chennai,Tamil Nadu,India,2022-12-17
1546,Neha Singh,Male,27,Hyderabad,Telangana,India,2022-09-25
1547,Vihaan Malhotra,Female,62,Delhi,Delhi,India,2024-02-06
1548,Ananya Verma,Male,20,Mumbai,Maharashtra,India,2025-06-15
1549,Ishita Malhotra,Female,27,Delhi,Delhi,India,2023-11-03
1550,Aarav Gupta,Male,50,Gurgaon,Haryana,India,2025-04-11
1551,Vihaan Singh,Female,60,Kolkata,West Bengal,India,2025-06-13
1552,Kabir Malhotra,Female,59,Kharar,Punjab,India,2024-11-08
1553,Karan Malhotra,Female,29,Pune,Maharashtra,India,2023-10-22
1554,Simran Mehta,Female,48,Pune,Maharashtra,India,2023-07-04
1555,Priya Gill,Male,31,Bangalore,Karnataka,India,2023-03-26
1556,Karan Kumar,Female,31,Delhi,Delhi,India,2023-09-19
1557,Neha Verma,Male,41,Hyderabad,Telangana,India,2023-06-06
1558,Kabir Singh,Female,46,Kharar,Punjab,India,2024-11-28
1559,Vihaan Gill,Male,47,Pune,Maharashtra,India,2024-11-15
1560,Rahul Mehta,Female,45,Mumbai,Maharashtra,India,2024-04-17
1561,Aisha Mehta,Female,35,Pune,Maharashtra,India,2024-02-23
1562,Kabir Mehta,Male,34,Chandigarh,Chandigarh,India,2022-06-05
1563,Neha Singh,Female,50,Pune,Maharashtra,India,2024-11-16
1564,Aisha Gupta,Male,24,Kharar,Punjab,India,2022-08-31
1565,Rohan Sharma,Male,39,Kharar,Punjab,India,2023-02-07
1566,Aditya Gupta,Female,30,Mumbai,Maharashtra,India,2025-05-22
1567,Ishita Malhotra,Female,18,Amritsar,Punjab,India,2023-09-06
1568,Ishita Patel,Female,43,Jaipur,Rajasthan,India,2025-04-02
1569,Karan Malhotra,Male,43,Chandigarh,Chandigarh,India,2023-04-12
1570,Meera Kumar,Female,32,Gurgaon,Haryana,India,2024-11-22
1571,Meera Mehta,Female,23,Chennai,Tamil Nadu,India,2023-10-04
1572,Rahul Verma,Male,46,Delhi,Delhi,India,2024-07-10
1573,Rohan Kaur,Male,37,Chandigarh,Chandigarh,India,2022-01-20
1574,Aisha Patel,Female,32,Kolkata,West Bengal,India,2024-05-08
1575,Priya Verma,Female,38,Hyderabad,Telangana,India,2025-04-17
1576,Ananya Sharma,Male,27,Chandigarh,Chandigarh,India,2023-11-08
1577,Rahul Kumar,Female,22,Bangalore,Karnataka,India,2024-12-30
1578,Vihaan Mehta,Male,39,Bangalore,Karnataka,India,2025-03-12
1579,Priya Gupta,Male,28,Chennai,Tamil Nadu,India,2022-08-02
1580,Aarav Gill,Female,19,Jalandhar,Punjab,India,2023-01-18
1581,Arjun Verma,Female,31,Delhi,Delhi,India,2023-04-23
1582,Priya Malhotra,Male,47,Jaipur,Rajasthan,India,2022-04-28
1583,Simran Sharma,Male,38,Pune,Maharashtra,India,2024-04-21
1584,Kabir Singh,Male,52,Bangalore,Karnataka,India,2024-05-06
1585,Meera Singh,Female,31,Kolkata,West Bengal,India,2022-09-24
1586,Aditya Verma,Female,28,Delhi,Delhi,India,2025-05-21
1587,Ananya Kumar,Female,35,Jaipur,Rajasthan,India,2023-02-18
1588,Kabir Mehta,Male,43,Chandigarh,Chandigarh,India,2025-05-23
1589,Simran Patel,Female,47,Gurgaon,Haryana,India,2024-08-05
1590,Meera Singh,Female,59,Mohali,Punjab,India,2024-07-23
1591,Meera Gupta,Female,57,Pune,Maharashtra,India,2022-12-25
1592,Vihaan Kaur,Female,47,Hyderabad,Telangana,India,2024-02-27
1593,Meera Gill,Male,43,Jalandhar,Punjab,India,2022-03-31
1594,Neha Kaur,Female,58,Gurgaon,Haryana,India,2025-01-06
1595,Priya Singh,Male,49,Jaipur,Rajasthan,India,2024-04-22
1596,Rohan Singh,Male,50,Ludhiana,Punjab,India,2023-10-30
1597,Karan Kaur,Female,31,Hyderabad,Telangana,India,2024-11-02
1598,Karan Sharma,Male,58,Mohali,Punjab,India,2024-08-03
1599,Rohan Verma,Male,43,Bangalore,Karnataka,India,2022-03-19
1600,Aditya Singh,Male,38,Chandigarh,Chandigarh,India,2024-08-08
1601,Karan Singh,Male,53,Kolkata,West Bengal,India,2023-05-12
1602,Kabir Mehta,Female,28,Chennai,Tamil Nadu,India,2022-12-16
1603,Ananya Singh,Male,36,Chandigarh,Chandigarh,India,2022-09-12
1604,Kabir Singh,Male,61,Bangalore,Karnataka,India,2023-07-14
1605,Karan Patel,Male,31,Amritsar,Punjab,India,2022-03-12
1606,Karan Sharma,Male,42,Delhi,Delhi,India,2023-09-24
1607,Aarav Gill,Male,21,Chennai,Tamil Nadu,India,2024-02-12
1608,Neha Kumar,Female,33,Delhi,Delhi,India,2023-02-14
1609,Aarav Verma,Male,18,Kharar,Punjab,India,2023-11-22
1610,Priya Singh,Male,24,Delhi,Delhi,India,2022-12-10
1611,Aarav Verma,Male,38,Jalandhar,Punjab,India,2023-10-23
1612,Ananya Kumar,Female,45,Delhi,Delhi,India,2022-09-05
1613,Vihaan Singh,Female,38,Gurgaon,Haryana,India,2022-12-22
1614,Rahul Patel,Male,42,Chandigarh,Chandigarh,India,2023-03-12
1615,Vihaan Singh,Female,59,Chennai,Tamil Nadu,India,2024-01-26
1616,Arjun Kumar,Female,37,Mohali,Punjab,India,2025-05-11
1617,Arjun Malhotra,Male,34,Kolkata,West Bengal,India,2022-07-14
1618,Priya Verma,Male,39,Mumbai,Maharashtra,India,2022-12-26
1619,Ishita Mehta,Male,39,Mumbai,Maharashtra,India,2022-02-06
1620,Rahul Malhotra,Male,50,Chennai,Tamil Nadu,India,2025-04-18
1621,Vihaan Sharma,Male,37,Chandigarh,Chandigarh,India,2023-04-30
1622,Aisha Kumar,Male,21,Hyderabad,Telangana,India,2022-10-09
1623,Karan Gupta,Male,27,Pune,Maharashtra,India,2024-02-09
1624,Priya Sharma,Male,64,Delhi,Delhi,India,2025-05-09
1625,Meera Patel,Male,35,Chennai,Tamil Nadu,India,2023-10-13
1626,Simran Verma,Female,19,Mohali,Punjab,India,2023-04-15
1627,Rohan Kumar,Male,52,Mumbai,Maharashtra,India,2022-04-21
1628,Aisha Kumar,Female,51,Gurgaon,Haryana,India,2023-10-21
1629,Karan Sharma,Male,49,Jalandhar,Punjab,India,2022-05-24
1630,Aarav Kaur,Male,26,Delhi,Delhi,India,2022-07-07
1631,Ananya Malhotra,Male,33,Jalandhar,Punjab,India,2024-11-05
1632,Rahul Mehta,Female,28,Kharar,Punjab,India,2023-02-09
1633,Rahul Kaur,Male,37,Gurgaon,Haryana,India,2023-08-08
1634,Priya Kumar,Female,48,Chennai,Tamil Nadu,India,2022-06-13
1635,Rahul Verma,Male,48,Pune,Maharashtra,India,2024-06-22
1636,Simran Gill,Female,27,Hyderabad,Telangana,India,2024-09-14
1637,Aisha Verma,Female,23,Chandigarh,Chandigarh,India,2023-09-07
1638,Simran Kaur,Female,42,Amritsar,Punjab,India,2024-08-07
1639,Karan Gupta,Female,53,Jaipur,Rajasthan,India,2025-05-26
1640,Arjun Patel,Male,63,Kolkata,West Bengal,India,2024-08-19
1641,Kabir Kumar,Male,18,Delhi,Delhi,India,2024-10-22
1642,Karan Verma,Female,43,Pune,Maharashtra,India,2024-02-04
1643,Karan Gupta,Male,44,Bangalore,Karnataka,India,2022-03-21
1644,Rahul Gill,Male,30,Ludhiana,Punjab,India,2024-06-12
1645,Aisha Patel,Female,58,Noida,Uttar Pradesh,India,2024-01-25
1646,Priya Verma,Female,65,Mohali,Punjab,India,2023-05-21
1647,Karan Sharma,Female,58,Gurgaon,Haryana,India,2022-02-27
1648,Aditya Gill,Female,61,Amritsar,Punjab,India,2022-10-29
1649,Vihaan Gill,Male,18,Noida,Uttar Pradesh,India,2022-08-28
1650,Priya Verma,Female,63,Kharar,Punjab,India,2025-04-15
1651,Simran Kumar,Female,28,Kharar,Punjab,India,2024-05-24
1652,Meera Gupta,Female,55,Noida,Uttar Pradesh,India,2023-09-23
1653,Aisha Singh,Male,58,Hyderabad,Telangana,India,2025-03-18
1654,Ishita Kaur,Female,65,Pune,Maharashtra,India,2023-03-06
1655,Meera Gupta,Male,28,Bangalore,Karnataka,India,2024-10-04
1656,Arjun Singh,Female,51,Chandigarh,Chandigarh,India,2024-05-03
1657,Meera Verma,Male,29,Jaipur,Rajasthan,India,2024-02-07
1658,Meera Kaur,Male,49,Jalandhar,Punjab,India,2023-01-08
1659,Karan Gill,Male,29,Ludhiana,Punjab,India,2023-02-16
1660,Meera Kaur,Male,34,Mohali,Punjab,India,2024-04-17
1661,Priya Gill,Male,58,Chennai,Tamil Nadu,India,2022-12-07
1662,Aditya Singh,Female,25,Kharar,Punjab,India,2023-07-21
1663,Rohan Sharma,Male,48,Kharar,Punjab,India,2024-09-20
1664,Aarav Sharma,Female,18,Ludhiana,Punjab,India,2025-04-07
1665,Arjun Kumar,Male,42,Mohali,Punjab,India,2025-05-19
1666,Neha Mehta,Female,39,Noida,Uttar Pradesh,India,2025-05-22
1667,Rohan Patel,Female,38,Hyderabad,Telangana,India,2023-05-06
1668,Priya Verma,Female,57,Pune,Maharashtra,India,2022-04-28
1669,Ishita Patel,Male,18,Pune,Maharashtra,India,2024-07-24
1670,Meera Kaur,Male,56,Bangalore,Karnataka,India,2022-09-09
1671,Meera Kumar,Female,46,Noida,Uttar Pradesh,India,2025-06-20
1672,Simran Verma,Male,18,Kolkata,West Bengal,India,2023-10-22
1673,Priya Patel,Male,65,Chandigarh,Chandigarh,India,2023-10-29
1674,Vihaan Gill,Female,43,Chennai,Tamil Nadu,India,2025-06-08
1675,Rohan Verma,Female,60,Kharar,Punjab,India,2022-07-25
1676,Aditya Gill,Male,63,Bangalore,Karnataka,India,2022-10-21
1677,Kabir Mehta,Male,37,Mohali,Punjab,India,2025-01-28
1678,Kabir Mehta,Male,48,Chennai,Tamil Nadu,India,2025-01-12
1679,Vihaan Kumar,Male,60,Gurgaon,Haryana,India,2022-07-03
1680,Rahul Sharma,Male,38,Ludhiana,Punjab,India,2024-02-25
1681,Vihaan Gupta,Female,60,Noida,Uttar Pradesh,India,2022-09-10
1682,Neha Malhotra,Female,23,Amritsar,Punjab,India,2023-11-13
1683,Neha Gill,Male,59,Gurgaon,Haryana,India,2023-12-04
1684,Neha Verma,Female,32,Bangalore,Karnataka,India,2023-04-03
1685,Arjun Gupta,Male,25,Noida,Uttar Pradesh,India,2022-07-02
1686,Meera Gill,Male,65,Mumbai,Maharashtra,India,2022-08-26
1687,Kabir Patel,Female,54,Pune,Maharashtra,India,2022-01-04
1688,Aarav Gill,Male,42,Jaipur,Rajasthan,India,2024-05-17
1689,Aisha Patel,Male,51,Mumbai,Maharashtra,India,2025-05-17
1690,Arjun Verma,Male,52,Gurgaon,Haryana,India,2024-08-01
1691,Kabir Gupta,Male,49,Mumbai,Maharashtra,India,2024-07-22
1692,Ananya Gupta,Male,65,Amritsar,Punjab,India,2022-03-12
1693,Aditya Malhotra,Male,35,Mumbai,Maharashtra,India,2025-03-21
1694,Priya Kumar,Female,36,Kolkata,West Bengal,India,2024-02-11
1695,Aisha Patel,Male,63,Mohali,Punjab,India,2023-03-08
1696,Meera Sharma,Male,49,Gurgaon,Haryana,India,2024-03-13
1697,Ishita Kaur,Male,53,Jaipur,Rajasthan,India,2024-03-14
1698,Rahul Mehta,Female,43,Mumbai,Maharashtra,India,2024-03-11
1699,Simran Gupta,Female,62,Kharar,Punjab,India,2023-02-04
1700,Arjun Kaur,Female,55,Bangalore,Karnataka,India,2022-04-21
1701,Karan Kaur,Male,46,Jaipur,Rajasthan,India,2024-09-15
1702,Neha Kaur,Male,31,Jaipur,Rajasthan,India,2023-02-05
1703,Rohan Gill,Male,61,Chandigarh,Chandigarh,India,2022-10-30
1704,Rahul Kaur,Male,24,Bangalore,Karnataka,India,2023-12-30
1705,Kabir Sharma,Male,50,Kolkata,West Bengal,India,2023-11-25
1706,Kabir Verma,Male,20,Hyderabad,Telangana,India,2022-09-01
1707,Rahul Mehta,Female,62,Gurgaon,Haryana,India,2025-05-05
1708,Priya Verma,Male,47,Jalandhar,Punjab,India,2024-02-22
1709,Priya Mehta,Female,18,Noida,Uttar Pradesh,India,2022-09-03
1710,Arjun Singh,Female,59,Ludhiana,Punjab,India,2024-11-09
1711,Aarav Gill,Female,35,Gurgaon,Haryana,India,2022-07-13
1712,Rahul Mehta,Female,37,Jalandhar,Punjab,India,2025-03-16
1713,Arjun Patel,Male,63,Amritsar,Punjab,India,2025-01-05
1714,Rahul Sharma,Female,53,Jalandhar,Punjab,India,2025-01-03
1715,Arjun Malhotra,Male,31,Kolkata,West Bengal,India,2022-08-29
1716,Ishita Gill,Male,18,Jalandhar,Punjab,India,2025-02-10
1717,Aisha Patel,Male,20,Chennai,Tamil Nadu,India,2022-09-21
1718,Priya Kaur,Male,53,Delhi,Delhi,India,2023-06-10
1719,Arjun Singh,Female,41,Mohali,Punjab,India,2025-01-19
1720,Rahul Sharma,Male,37,Jalandhar,Punjab,India,2022-04-05
1721,Priya Malhotra,Female,26,Jaipur,Rajasthan,India,2025-03-27
1722,Meera Patel,Female,56,Kolkata,West Bengal,India,2025-01-07
1723,Meera Singh,Male,33,Delhi,Delhi,India,2022-03-17
1724,Kabir Gupta,Male,26,Delhi,Delhi,India,2025-05-18
1725,Ananya Patel,Female,26,Delhi,Delhi,India,2025-06-28
1726,Arjun Malhotra,Female,34,Hyderabad,Telangana,India,2024-02-21
1727,Rahul Mehta,Male,34,Jalandhar,Punjab,India,2024-05-21
1728,Simran Kumar,Male,58,Amritsar,Punjab,India,2023-07-06
1729,Meera Patel,Male,44,Delhi,Delhi,India,2022-11-11
1730,Aisha Verma,Female,19,Mumbai,Maharashtra,India,2025-05-21
1731,Arjun Gupta,Male,52,Gurgaon,Haryana,India,2022-08-14
1732,Arjun Patel,Male,41,Hyderabad,Telangana,India,2023-11-15
1733,Kabir Kumar,Female,18,Noida,Uttar Pradesh,India,2022-07-20
1734,Vihaan Verma,Male,25,Bangalore,Karnataka,India,2022-12-26
1735,Ananya Mehta,Male,51,Jaipur,Rajasthan,India,2023-12-16
1736,Simran Gupta,Male,21,Jaipur,Rajasthan,India,2022-12-16
1737,Aisha Verma,Male,40,Mumbai,Maharashtra,India,2024-12-24
1738,Karan Gill,Male,34,Bangalore,Karnataka,India,2022-01-20
1739,Priya Kaur,Male,42,Amritsar,Punjab,India,2025-03-08
1740,Aarav Patel,Male,61,Noida,Uttar Pradesh,India,2025-05-31
1741,Meera Mehta,Male,46,Hyderabad,Telangana,India,2023-12-26
1742,Simran Gupta,Female,45,Chennai,Tamil Nadu,India,2024-12-02
1743,Aditya Singh,Female,44,Gurgaon,Haryana,India,2023-10-03
1744,Priya Singh,Male,64,Kharar,Punjab,India,2023-05-07
1745,Kabir Gill,Male,23,Kharar,Punjab,India,2023-08-09
1746,Aisha Sharma,Female,61,Kolkata,West Bengal,India,2024-11-07
1747,Karan Mehta,Male,43,Amritsar,Punjab,India,2022-01-29
1748,Neha Sharma,Female,62,Delhi,Delhi,India,2024-12-30
1749,Vihaan Malhotra,Male,56,Pune,Maharashtra,India,2024-07-07
1750,Priya Malhotra,Male,29,Jalandhar,Punjab,India,2022-06-03
1751,Ishita Kaur,Female,21,Pune,Maharashtra,India,2024-05-15
1752,Rahul Kaur,Female,25,Kolkata,West Bengal,India,2023-11-24
1753,Ishita Malhotra,Male,36,Gurgaon,Haryana,India,2023-09-05
1754,Aditya Gupta,Male,18,Kolkata,West Bengal,India,2025-03-10
1755,Vihaan Gupta,Male,47,Bangalore,Karnataka,India,2025-06-19
1756,Aarav Patel,Male,57,Kolkata,West Bengal,India,2024-07-31
1757,Aditya Patel,Male,18,Mumbai,Maharashtra,India,2023-12-18
1758,Rahul Patel,Male,24,Jalandhar,Punjab,India,2024-06-01
1759,Vihaan Singh,Male,44,Kolkata,West Bengal,India,2022-09-11
1760,Aarav Kaur,Female,32,Kolkata,West Bengal,India,2024-08-21
1761,Rohan Gupta,Female,45,Bangalore,Karnataka,India,2023-01-09
1762,Arjun Mehta,Female,28,Noida,Uttar Pradesh,India,2022-10-14
1763,Meera Verma,Male,40,Pune,Maharashtra,India,2023-02-11
1764,Vihaan Gupta,Male,26,Ludhiana,Punjab,India,2024-03-19
1765,Meera Patel,Male,28,Hyderabad,Telangana,India,2023-02-12
1766,Priya Gupta,Male,44,Kolkata,West Bengal,India,2024-09-28
1767,Aisha Kaur,Female,43,Kolkata,West Bengal,India,2024-10-24
1768,Kabir Singh,Male,19,Bangalore,Karnataka,India,2022-09-16
1769,Rohan Malhotra,Male,61,Amritsar,Punjab,India,2023-04-30
1770,Priya Patel,Female,56,Mohali,Punjab,India,2022-01-17
1771,Karan Gupta,Female,49,Hyderabad,Telangana,India,2022-06-19
1772,Vihaan Gill,Male,64,Hyderabad,Telangana,India,2024-11-13
1773,Vihaan Gupta,Male,34,Jalandhar,Punjab,India,2023-05-22
1774,Vihaan Mehta,Male,62,Hyderabad,Telangana,India,2024-10-25
1775,Vihaan Gill,Male,32,Jalandhar,Punjab,India,2022-09-04
1776,Rahul Sharma,Female,30,Amritsar,Punjab,India,2022-10-27
1777,Aarav Gill,Male,23,Hyderabad,Telangana,India,2022-04-15
1778,Rahul Malhotra,Female,62,Bangalore,Karnataka,India,2023-04-19
1779,Rohan Verma,Female,21,Gurgaon,Haryana,India,2024-11-10
1780,Priya Sharma,Female,25,Hyderabad,Telangana,India,2023-07-06
1781,Aditya Patel,Female,33,Pune,Maharashtra,India,2023-10-18
1782,Kabir Sharma,Male,21,Mohali,Punjab,India,2023-10-21
1783,Aditya Mehta,Female,56,Delhi,Delhi,India,2022-07-26
1784,Kabir Gupta,Female,41,Hyderabad,Telangana,India,2023-11-16
1785,Arjun Singh,Male,61,Jaipur,Rajasthan,India,2025-02-04
1786,Rohan Patel,Female,65,Amritsar,Punjab,India,2025-04-21
1787,Vihaan Gupta,Male,55,Pune,Maharashtra,India,2024-02-26
1788,Neha Singh,Male,58,Kharar,Punjab,India,2025-05-17
1789,Aarav Gill,Male,30,Ludhiana,Punjab,India,2024-07-01
1790,Arjun Malhotra,Female,37,Ludhiana,Punjab,India,2024-08-29
1791,Simran Kaur,Male,26,Delhi,Delhi,India,2023-01-28
1792,Simran Gupta,Female,41,Hyderabad,Telangana,India,2024-07-07
1793,Neha Verma,Male,48,Ludhiana,Punjab,India,2024-05-08
1794,Kabir Gill,Female,62,Chandigarh,Chandigarh,India,2022-09-22
1795,Aarav Gill,Male,62,Jaipur,Rajasthan,India,2023-01-25
1796,Karan Malhotra,Male,28,Bangalore,Karnataka,India,2024-06-15
1797,Simran Verma,Female,56,Bangalore,Karnataka,India,2023-07-11
1798,Kabir Sharma,Male,54,Delhi,Delhi,India,2023-03-23
1799,Neha Malhotra,Female,50,Chandigarh,Chandigarh,India,2024-12-11
1800,Aditya Kumar,Female,63,Noida,Uttar Pradesh,India,2023-07-04
1801,Kabir Kumar,Male,52,Ludhiana,Punjab,India,2023-05-03
1802,Aarav Kaur,Female,26,Jaipur,Rajasthan,India,2023-07-08
1803,Priya Kumar,Male,52,Mohali,Punjab,India,2022-08-26
1804,Priya Patel,Female,38,Chandigarh,Chandigarh,India,2022-06-20
1805,Meera Kaur,Female,57,Noida,Uttar Pradesh,India,2023-08-27
1806,Aarav Sharma,Female,32,Mumbai,Maharashtra,India,2023-07-27
1807,Aditya Sharma,Male,64,Jalandhar,Punjab,India,2024-02-22
1808,Ishita Gill,Male,46,Noida,Uttar Pradesh,India,2023-03-28
1809,Aditya Kumar,Female,27,Mumbai,Maharashtra,India,2024-07-02
1810,Meera Verma,Female,27,Gurgaon,Haryana,India,2024-09-08
1811,Karan Kaur,Female,29,Kharar,Punjab,India,2022-12-27
1812,Ananya Mehta,Male,59,Delhi,Delhi,India,2023-08-01
1813,Aditya Kaur,Male,43,Chandigarh,Chandigarh,India,2025-05-29
1814,Arjun Kaur,Male,45,Delhi,Delhi,India,2023-05-18
1815,Neha Verma,Male,64,Chennai,Tamil Nadu,India,2024-12-14
1816,Meera Sharma,Male,42,Amritsar,Punjab,India,2024-02-26
1817,Arjun Sharma,Male,26,Chandigarh,Chandigarh,India,2023-05-24
1818,Aditya Kaur,Male,18,Kharar,Punjab,India,2022-08-06
1819,Ishita Singh,Male,26,Mumbai,Maharashtra,India,2024-09-10
1820,Ishita Kaur,Female,39,Chennai,Tamil Nadu,India,2024-09-07
1821,Vihaan Sharma,Female,58,Amritsar,Punjab,India,2025-01-18
1822,Aarav Sharma,Male,52,Ludhiana,Punjab,India,2023-08-31
1823,Simran Verma,Male,18,Ludhiana,Punjab,India,2023-04-05
1824,Vihaan Verma,Female,27,Chandigarh,Chandigarh,India,2023-12-25
1825,Vihaan Verma,Male,49,Jaipur,Rajasthan,India,2022-12-14
1826,Vihaan Singh,Female,40,Ludhiana,Punjab,India,2022-06-06
1827,Arjun Patel,Male,20,Mumbai,Maharashtra,India,2025-05-23
1828,Kabir Verma,Female,56,Amritsar,Punjab,India,2023-01-07
1829,Kabir Gupta,Female,40,Hyderabad,Telangana,India,2022-08-01
1830,Neha Mehta,Female,34,Noida,Uttar Pradesh,India,2022-06-06
1831,Ishita Kaur,Male,38,Chandigarh,Chandigarh,India,2022-10-30
1832,Karan Mehta,Male,25,Bangalore,Karnataka,India,2025-03-29
1833,Meera Gupta,Male,23,Hyderabad,Telangana,India,2023-10-24
1834,Kabir Verma,Female,38,Amritsar,Punjab,India,2024-10-09
1835,Karan Verma,Female,26,Hyderabad,Telangana,India,2023-05-19
1836,Rahul Malhotra,Female,52,Bangalore,Karnataka,India,2024-12-29
1837,Simran Malhotra,Male,42,Kolkata,West Bengal,India,2022-06-21
1838,Simran Gill,Male,62,Hyderabad,Telangana,India,2022-06-28
1839,Rohan Sharma,Male,19,Gurgaon,Haryana,India,2024-01-13
1840,Kabir Singh,Male,40,Kolkata,West Bengal,India,2024-01-10
1841,Aditya Mehta,Male,53,Amritsar,Punjab,India,2024-05-12
1842,Vihaan Kumar,Male,65,Gurgaon,Haryana,India,2022-10-10
1843,Meera Kaur,Female,64,Ludhiana,Punjab,India,2022-02-23
1844,Rohan Sharma,Male,60,Hyderabad,Telangana,India,2025-04-06
1845,Karan Gill,Male,19,Kharar,Punjab,India,2022-10-28
1846,Kabir Singh,Male,22,Pune,Maharashtra,India,2022-01-26
1847,Kabir Kaur,Female,65,Hyderabad,Telangana,India,2022-10-14
1848,Karan Verma,Female,46,Jaipur,Rajasthan,India,2022-01-28
1849,Arjun Kaur,Male,59,Jaipur,Rajasthan,India,2022-03-07
1850,Simran Kaur,Male,43,Jalandhar,Punjab,India,2024-05-17
1851,Simran Gupta,Female,63,Chennai,Tamil Nadu,India,2023-04-11
1852,Neha Kaur,Female,23,Hyderabad,Telangana,India,2024-12-04
1853,Kabir Kumar,Female,57,Bangalore,Karnataka,India,2022-04-25
1854,Rahul Kaur,Male,62,Gurgaon,Haryana,India,2024-08-17
1855,Rohan Verma,Female,28,Kolkata,West Bengal,India,2022-04-22
1856,Priya Verma,Male,35,Pune,Maharashtra,India,2022-08-11
1857,Arjun Patel,Female,19,Ludhiana,Punjab,India,2023-05-06
1858,Kabir Malhotra,Male,22,Jaipur,Rajasthan,India,2023-03-10
1859,Aisha Gupta,Male,53,Chandigarh,Chandigarh,India,2023-02-18
1860,Vihaan Gupta,Male,54,Mohali,Punjab,India,2025-03-02
1861,Ananya Mehta,Male,21,Mohali,Punjab,India,2023-10-07
1862,Aditya Sharma,Female,36,Kharar,Punjab,India,2024-03-26
1863,Rohan Verma,Female,26,Delhi,Delhi,India,2022-07-19
1864,Rahul Malhotra,Male,50,Mumbai,Maharashtra,India,2022-11-04
1865,Ananya Verma,Female,55,Chandigarh,Chandigarh,India,2022-03-18
1866,Kabir Kaur,Female,23,Jaipur,Rajasthan,India,2022-07-11
1867,Neha Kumar,Male,63,Gurgaon,Haryana,India,2022-11-26
1868,Karan Kaur,Female,36,Mumbai,Maharashtra,India,2024-01-08
1869,Aarav Verma,Male,31,Hyderabad,Telangana,India,2025-06-04
1870,Kabir Gill,Female,24,Kharar,Punjab,India,2022-01-31
1871,Aisha Gupta,Male,49,Amritsar,Punjab,India,2022-07-12
1872,Rohan Kaur,Female,28,Chennai,Tamil Nadu,India,2022-05-20
1873,Ananya Patel,Female,23,Noida,Uttar Pradesh,India,2022-05-26
1874,Meera Mehta,Female,48,Jalandhar,Punjab,India,2023-06-09
1875,Priya Kaur,Male,54,Chennai,Tamil Nadu,India,2024-09-26
1876,Rohan Gupta,Female,44,Mohali,Punjab,India,2025-06-23
1877,Karan Patel,Female,41,Amritsar,Punjab,India,2022-06-20
1878,Simran Mehta,Female,61,Hyderabad,Telangana,India,2022-03-29
1879,Meera Kumar,Male,27,Mohali,Punjab,India,2022-08-04
1880,Rahul Kaur,Female,22,Jaipur,Rajasthan,India,2023-04-02
1881,Ishita Mehta,Male,40,Bangalore,Karnataka,India,2024-08-12
1882,Priya Malhotra,Female,24,Chennai,Tamil Nadu,India,2022-06-25
1883,Meera Singh,Female,45,Jalandhar,Punjab,India,2023-02-13
1884,Rohan Singh,Female,39,Bangalore,Karnataka,India,2025-05-22
1885,Vihaan Mehta,Male,35,Kolkata,West Bengal,India,2024-07-19
1886,Simran Kaur,Female,27,Mohali,Punjab,India,2023-03-14
1887,Ananya Sharma,Female,21,Mumbai,Maharashtra,India,2024-01-11
1888,Karan Kumar,Male,31,Hyderabad,Telangana,India,2022-02-16
1889,Aditya Gupta,Male,23,Hyderabad,Telangana,India,2022-10-18
1890,Aditya Verma,Male,37,Kharar,Punjab,India,2024-07-13
1891,Simran Kumar,Female,29,Hyderabad,Telangana,India,2022-04-21
1892,Neha Verma,Female,37,Kharar,Punjab,India,2022-12-03
1893,Rohan Verma,Female,48,Delhi,Delhi,India,2025-01-01
1894,Meera Verma,Female,62,Jalandhar,Punjab,India,2025-03-14
1895,Ishita Sharma,Male,22,Bangalore,Karnataka,India,2025-03-30
1896,Rohan Patel,Male,27,Amritsar,Punjab,India,2024-07-28
1897,Karan Patel,Male,61,Amritsar,Punjab,India,2024-04-12
1898,Simran Sharma,Female,26,Noida,Uttar Pradesh,India,2024-07-09
1899,Aarav Kumar,Male,44,Ludhiana,Punjab,India,2025-01-23
1900,Ananya Verma,Male,40,Jalandhar,Punjab,India,2023-03-06
1901,Priya Gill,Male,41,Delhi,Delhi,India,2024-01-16
1902,Aditya Gupta,Male,62,Chandigarh,Chandigarh,India,2024-10-19
1903,Rahul Verma,Female,40,Chennai,Tamil Nadu,India,2025-01-15
1904,Simran Patel,Male,29,Hyderabad,Telangana,India,2024-07-28
1905,Rohan Kaur,Male,52,Hyderabad,Telangana,India,2024-06-11
1906,Aditya Verma,Female,62,Bangalore,Karnataka,India,2025-06-24
1907,Arjun Singh,Male,59,Ludhiana,Punjab,India,2022-02-03
1908,Arjun Mehta,Male,58,Hyderabad,Telangana,India,2024-06-28
1909,Priya Gupta,Female,31,Mohali,Punjab,India,2023-04-02
1910,Simran Verma,Male,30,Chennai,Tamil Nadu,India,2024-08-19
1911,Rohan Mehta,Female,59,Ludhiana,Punjab,India,2024-03-21
1912,Rohan Kumar,Female,35,Chandigarh,Chandigarh,India,2023-06-26
1913,Ishita Verma,Male,18,Jaipur,Rajasthan,India,2024-04-29
1914,Aarav Sharma,Male,41,Mohali,Punjab,India,2024-11-28
1915,Rohan Kaur,Female,33,Mumbai,Maharashtra,India,2025-02-12
1916,Vihaan Gill,Female,21,Bangalore,Karnataka,India,2025-03-29
1917,Kabir Verma,Male,43,Hyderabad,Telangana,India,2023-10-14
1918,Rahul Kumar,Male,63,Jalandhar,Punjab,India,2022-09-16
1919,Priya Gill,Female,58,Ludhiana,Punjab,India,2023-06-17
1920,Rohan Kumar,Male,23,Jalandhar,Punjab,India,2022-02-22
1921,Aarav Gill,Male,19,Hyderabad,Telangana,India,2025-06-19
1922,Ananya Verma,Male,65,Kharar,Punjab,India,2022-09-25
1923,Priya Patel,Male,33,Chennai,Tamil Nadu,India,2023-03-31
1924,Vihaan Malhotra,Male,64,Jaipur,Rajasthan,India,2024-02-14
1925,Priya Sharma,Female,23,Noida,Uttar Pradesh,India,2022-10-22
1926,Priya Gill,Male,25,Chandigarh,Chandigarh,India,2024-07-29
1927,Arjun Kaur,Female,34,Ludhiana,Punjab,India,2023-01-05
1928,Arjun Mehta,Female,31,Kharar,Punjab,India,2024-03-11
1929,Karan Sharma,Female,22,Ludhiana,Punjab,India,2024-09-23
1930,Vihaan Verma,Female,38,Kharar,Punjab,India,2024-07-12
1931,Kabir Gupta,Male,29,Jalandhar,Punjab,India,2025-03-07
1932,Arjun Patel,Female,48,Mohali,Punjab,India,2025-06-11
1933,Kabir Malhotra,Female,25,Chandigarh,Chandigarh,India,2023-01-30
1934,Simran Sharma,Male,31,Chandigarh,Chandigarh,India,2024-01-18
1935,Neha Kumar,Male,38,Ludhiana,Punjab,India,2022-10-11
1936,Arjun Kaur,Female,35,Gurgaon,Haryana,India,2024-09-13
1937,Arjun Patel,Female,47,Delhi,Delhi,India,2024-10-12
1938,Simran Verma,Male,34,Hyderabad,Telangana,India,2022-12-21
1939,Priya Gupta,Female,24,Delhi,Delhi,India,2025-04-10
1940,Kabir Kumar,Female,45,Jaipur,Rajasthan,India,2024-07-02
1941,Ananya Gupta,Female,57,Hyderabad,Telangana,India,2022-08-09
1942,Rahul Kumar,Female,41,Bangalore,Karnataka,India,2022-05-12
1943,Kabir Sharma,Female,55,Chennai,Tamil Nadu,India,2024-04-19
1944,Ananya Malhotra,Female,43,Jaipur,Rajasthan,India,2022-03-03
1945,Kabir Patel,Female,29,Ludhiana,Punjab,India,2024-01-03
1946,Arjun Kumar,Female,41,Gurgaon,Haryana,India,2022-10-25
1947,Arjun Sharma,Female,62,Mumbai,Maharashtra,India,2022-01-23
1948,Vihaan Mehta,Female,32,Mumbai,Maharashtra,India,2025-02-24
1949,Rahul Gupta,Male,51,Kharar,Punjab,India,2023-03-22
1950,Simran Gupta,Male,54,Ludhiana,Punjab,India,2024-05-13
1951,Rohan Patel,Male,30,Hyderabad,Telangana,India,2022-04-12
1952,Karan Sharma,Female,44,Kolkata,West Bengal,India,2022-09-02
1953,Karan Kaur,Female,55,Ludhiana,Punjab,India,2024-02-24
1954,Ananya Sharma,Female,19,Gurgaon,Haryana,India,2025-03-25
1955,Neha Mehta,Female,26,Chandigarh,Chandigarh,India,2024-04-04
1956,Neha Malhotra,Male,39,Mohali,Punjab,India,2022-02-03
1957,Karan Singh,Female,64,Kharar,Punjab,India,2023-09-09
1958,Rohan Patel,Female,23,Noida,Uttar Pradesh,India,2025-02-13
1959,Karan Gill,Male,43,Mumbai,Maharashtra,India,2023-09-04
1960,Karan Singh,Female,57,Chennai,Tamil Nadu,India,2022-07-30
1961,Vihaan Sharma,Male,26,Chandigarh,Chandigarh,India,2022-08-04
1962,Ishita Verma,Male,28,Mumbai,Maharashtra,India,2022-06-30
1963,Meera Patel,Male,62,Delhi,Delhi,India,2022-04-18
1964,Neha Sharma,Male,21,Noida,Uttar Pradesh,India,2023-09-16
1965,Aditya Patel,Female,35,Kharar,Punjab,India,2022-12-15
1966,Ananya Mehta,Male,26,Amritsar,Punjab,India,2023-10-16
1967,Aisha Gill,Female,58,Amritsar,Punjab,India,2024-07-04
1968,Simran Malhotra,Male,54,Ludhiana,Punjab,India,2024-09-05
1969,Aditya Patel,Female,32,Kolkata,West Bengal,India,2022-07-08
1970,Aisha Gupta,Male,40,Noida,Uttar Pradesh,India,2025-02-17
1971,Priya Kumar,Male,22,Gurgaon,Haryana,India,2024-10-09
1972,Vihaan Sharma,Male,47,Mohali,Punjab,India,2024-02-28
1973,Karan Singh,Female,31,Delhi,Delhi,India,2025-04-24
1974,Aisha Gupta,Female,59,Mumbai,Maharashtra,India,2022-11-12
1975,Neha Kaur,Male,41,Ludhiana,Punjab,India,2024-02-29
1976,Ishita Gill,Male,43,Chennai,Tamil Nadu,India,2023-01-20
1977,Aditya Verma,Male,61,Kharar,Punjab,India,2023-09-22
1978,Kabir Mehta,Male,65,Ludhiana,Punjab,India,2022-08-14
1979,Aarav Mehta,Male,35,Gurgaon,Haryana,India,2022-02-28
1980,Priya Malhotra,Female,40,Kolkata,West Bengal,India,2023-06-28
1981,Neha Malhotra,Male,40,Ludhiana,Punjab,India,2024-06-02
1982,Kabir Verma,Female,50,Delhi,Delhi,India,2023-11-15
1983,Karan Gupta,Female,24,Mohali,Punjab,India,2022-04-11
1984,Meera Verma,Male,36,Bangalore,Karnataka,India,2023-01-23
1985,Kabir Gill,Female,51,Bangalore,Karnataka,India,2025-05-29
1986,Simran Verma,Male,61,Kolkata,West Bengal,India,2022-04-13
1987,Arjun Kumar,Male,21,Gurgaon,Haryana,India,2022-03-15
1988,Vihaan Singh,Male,35,Noida,Uttar Pradesh,India,2023-04-09
1989,Rahul Verma,Male,32,Bangalore,Karnataka,India,2023-07-04
1990,Vihaan Kaur,Male,40,Kolkata,West Bengal,India,2023-08-13
1991,Meera Sharma,Male,29,Jaipur,Rajasthan,India,2024-10-27
1992,Meera Gupta,Male,28,Kolkata,West Bengal,India,2023-10-08
1993,Kabir Kaur,Female,47,Kharar,Punjab,India,2022-10-18
1994,Priya Mehta,Female,39,Chandigarh,Chandigarh,India,2022-02-12
1995,Aditya Singh,Male,61,Jalandhar,Punjab,India,2022-01-20
1996,Karan Gill,Male,49,Pune,Maharashtra,India,2023-05-22
1997,Arjun Sharma,Male,54,Kolkata,West Bengal,India,2023-08-19
1998,Simran Malhotra,Male,27,Gurgaon,Haryana,India,2022-07-12
1999,Aditya Patel,Female,49,Ludhiana,Punjab,India,2023-12-20
2000,Priya Mehta,Female,41,Noida,Uttar Pradesh,India,2024-07-28
2001,Ishita Patel,Female,63,Chandigarh,Chandigarh,India,2023-11-15
2002,Arjun Gupta,Male,27,Kolkata,West Bengal,India,2024-04-20
2003,Priya Kaur,Female,49,Gurgaon,Haryana,India,2022-03-05
2004,Ananya Verma,Female,31,Gurgaon,Haryana,India,2022-07-02
2005,Neha Verma,Male,35,Delhi,Delhi,India,2025-01-20
2006,Neha Malhotra,Male,34,Chennai,Tamil Nadu,India,2023-12-16
2007,Rahul Gill,Female,35,Mumbai,Maharashtra,India,2023-09-26
2008,Aarav Gill,Female,57,Delhi,Delhi,India,2022-09-09
2009,Aisha Mehta,Female,36,Hyderabad,Telangana,India,2022-08-14
2010,Karan Kaur,Female,61,Chandigarh,Chandigarh,India,2022-11-04
2011,Ananya Malhotra,Male,37,Jaipur,Rajasthan,India,2024-09-24
2012,Arjun Gupta,Male,47,Jaipur,Rajasthan,India,2022-03-25
2013,Aditya Gill,Male,21,Delhi,Delhi,India,2024-09-27
2014,Aarav Verma,Female,60,Jaipur,Rajasthan,India,2022-01-02
2015,Aditya Kaur,Female,36,Mohali,Punjab,India,2024-10-25
2016,Arjun Gupta,Male,64,Amritsar,Punjab,India,2023-02-07
2017,Ananya Singh,Female,32,Hyderabad,Telangana,India,2022-03-07
2018,Neha Patel,Male,61,Kolkata,West Bengal,India,2024-03-02
2019,Rahul Singh,Female,37,Hyderabad,Telangana,India,2025-05-07
2020,Kabir Gill,Female,61,Jaipur,Rajasthan,India,2023-10-23
2021,Priya Kumar,Female,26,Amritsar,Punjab,India,2024-05-02
2022,Aditya Gupta,Male,37,Delhi,Delhi,India,2025-03-06
2023,Simran Kaur,Female,45,Chennai,Tamil Nadu,India,2022-07-16
2024,Simran Mehta,Female,50,Amritsar,Punjab,India,2024-01-03
2025,Rohan Verma,Female,44,Chennai,Tamil Nadu,India,2024-04-20
2026,Aarav Malhotra,Male,44,Chennai,Tamil Nadu,India,2022-07-01
2027,Ananya Gupta,Male,55,Amritsar,Punjab,India,2024-11-14
2028,Kabir Gill,Female,21,Pune,Maharashtra,India,2024-03-15
2029,Rahul Sharma,Female,51,Amritsar,Punjab,India,2024-07-31
2030,Arjun Sharma,Female,59,Mohali,Punjab,India,2022-08-08
2031,Ananya Singh,Female,54,Mumbai,Maharashtra,India,2024-09-13
2032,Ishita Sharma,Male,65,Mumbai,Maharashtra,India,2025-04-12
2033,Meera Kumar,Male,53,Mohali,Punjab,India,2024-10-11
2034,Vihaan Kaur,Female,58,Amritsar,Punjab,India,2023-09-29
2035,Aisha Mehta,Male,25,Chandigarh,Chandigarh,India,2022-05-18
2036,Kabir Gill,Male,51,Chandigarh,Chandigarh,India,2022-07-18
2037,Vihaan Singh,Female,19,Gurgaon,Haryana,India,2024-11-01
2038,Rahul Sharma,Male,37,Chennai,Tamil Nadu,India,2024-04-08
2039,Kabir Kumar,Female,57,Kolkata,West Bengal,India,2024-06-18
2040,Rahul Kaur,Male,29,Ludhiana,Punjab,India,2022-10-18
2041,Kabir Malhotra,Male,48,Gurgaon,Haryana,India,2024-09-10
2042,Aditya Singh,Female,41,Jaipur,Rajasthan,India,2023-07-18
2043,Rahul Singh,Female,44,Bangalore,Karnataka,India,2024-05-20
2044,Aarav Gupta,Female,25,Amritsar,Punjab,India,2025-03-01
2045,Aarav Gill,Female,20,Bangalore,Karnataka,India,2025-06-23
2046,Aarav Patel,Male,47,Chennai,Tamil Nadu,India,2024-07-27
2047,Aarav Kaur,Female,50,Noida,Uttar Pradesh,India,2024-10-27
2048,Rohan Malhotra,Female,50,Delhi,Delhi,India,2022-05-09
2049,Priya Kaur,Female,59,Jalandhar,Punjab,India,2025-02-27
2050,Karan Kaur,Female,60,Mumbai,Maharashtra,India,2023-09-13
2051,Arjun Mehta,Female,48,Bangalore,Karnataka,India,2025-05-25
2052,Ananya Malhotra,Female,26,Jalandhar,Punjab,India,2023-10-26
2053,Ananya Gill,Female,22,Pune,Maharashtra,India,2022-04-03
2054,Ishita Kaur,Male,24,Chandigarh,Chandigarh,India,2022-08-06
2055,Neha Mehta,Female,32,Kolkata,West Bengal,India,2023-04-30
2056,Neha Kaur,Female,44,Ludhiana,Punjab,India,2022-05-12
2057,Ananya Gupta,Male,20,Mohali,Punjab,India,2022-05-30
2058,Aisha Patel,Male,29,Chennai,Tamil Nadu,India,2023-10-20
2059,Meera Mehta,Female,26,Ludhiana,Punjab,India,2025-03-21
2060,Vihaan Gupta,Female,46,Delhi,Delhi,India,2023-08-09
2061,Vihaan Kaur,Female,51,Gurgaon,Haryana,India,2023-01-29
2062,Ananya Sharma,Male,31,Kharar,Punjab,India,2022-03-10
2063,Neha Sharma,Female,44,Amritsar,Punjab,India,2025-03-09
2064,Rohan Kaur,Female,30,Kharar,Punjab,India,2023-03-01
2065,Simran Patel,Female,57,Kolkata,West Bengal,India,2025-02-18
2066,Aisha Singh,Female,45,Amritsar,Punjab,India,2024-02-10
2067,Ananya Singh,Male,51,Kharar,Punjab,India,2023-09-03
2068,Arjun Mehta,Male,21,Ludhiana,Punjab,India,2025-05-16
2069,Aarav Kumar,Female,34,Mumbai,Maharashtra,India,2024-03-10
2070,Arjun Kaur,Female,22,Pune,Maharashtra,India,2024-12-30
2071,Ishita Malhotra,Female,43,Gurgaon,Haryana,India,2025-06-20
2072,Simran Singh,Female,34,Mohali,Punjab,India,2022-03-03
2073,Rohan Verma,Female,30,Mohali,Punjab,India,2023-11-17
2074,Kabir Kumar,Female,60,Mohali,Punjab,India,2022-05-08
2075,Karan Singh,Male,40,Gurgaon,Haryana,India,2022-05-25
2076,Ananya Gill,Male,53,Hyderabad,Telangana,India,2024-09-07
2077,Aditya Sharma,Male,20,Amritsar,Punjab,India,2024-10-14
2078,Priya Patel,Female,48,Gurgaon,Haryana,India,2023-09-14
2079,Aarav Sharma,Male,30,Gurgaon,Haryana,India,2024-12-30
2080,Priya Sharma,Female,21,Bangalore,Karnataka,India,2024-03-03
2081,Meera Kaur,Female,62,Bangalore,Karnataka,India,2024-05-24
2082,Arjun Mehta,Male,57,Amritsar,Punjab,India,2024-01-24
2083,Vihaan Patel,Female,21,Pune,Maharashtra,India,2023-05-03
2084,Arjun Gill,Male,32,Gurgaon,Haryana,India,2024-04-25
2085,Aisha Sharma,Male,21,Mohali,Punjab,India,2022-06-06
2086,Kabir Mehta,Male,36,Mohali,Punjab,India,2022-03-31
2087,Rohan Gill,Male,36,Mumbai,Maharashtra,India,2022-09-23
2088,Karan Singh,Male,22,Bangalore,Karnataka,India,2023-05-28
2089,Karan Patel,Male,46,Delhi,Delhi,India,2023-09-12
2090,Aisha Malhotra,Female,59,Pune,Maharashtra,India,2023-05-16
2091,Rohan Malhotra,Male,21,Noida,Uttar Pradesh,India,2023-12-11
2092,Meera Gill,Female,35,Hyderabad,Telangana,India,2022-06-10
2093,Neha Kaur,Male,37,Delhi,Delhi,India,2025-02-06
2094,Arjun Patel,Male,20,Delhi,Delhi,India,2023-04-27
2095,Priya Mehta,Male,19,Chennai,Tamil Nadu,India,2024-10-18
2096,Aditya Gupta,Female,37,Mohali,Punjab,India,2022-06-23
2097,Aditya Gill,Female,49,Mohali,Punjab,India,2022-02-08
2098,Rahul Mehta,Male,32,Bangalore,Karnataka,India,2023-02-26
2099,Kabir Verma,Male,60,Bangalore,Karnataka,India,2023-09-17
2100,Simran Patel,Male,56,Mohali,Punjab,India,2023-11-20
2101,Aisha Gill,Male,19,Noida,Uttar Pradesh,India,2023-11-30
2102,Ishita Verma,Male,24,Hyderabad,Telangana,India,2025-02-07
2103,Meera Gupta,Female,45,Bangalore,Karnataka,India,2025-03-18
2104,Kabir Verma,Female,65,Noida,Uttar Pradesh,India,2023-05-03
2105,Neha Sharma,Female,61,Amritsar,Punjab,India,2023-07-16
2106,Vihaan Malhotra,Female,39,Kharar,Punjab,India,2025-03-15
2107,Aarav Gill,Female,41,Bangalore,Karnataka,India,2023-07-05
2108,Aisha Gill,Male,25,Noida,Uttar Pradesh,India,2023-09-21
2109,Ishita Gupta,Male,46,Mumbai,Maharashtra,India,2024-08-05
2110,Karan Sharma,Female,20,Chandigarh,Chandigarh,India,2024-01-05
2111,Priya Malhotra,Male,44,Kolkata,West Bengal,India,2022-04-30
2112,Aditya Gill,Female,22,Kharar,Punjab,India,2024-06-21
2113,Aditya Gupta,Female,49,Jalandhar,Punjab,India,2022-09-18
2114,Priya Kaur,Male,57,Gurgaon,Haryana,India,2022-04-12
2115,Arjun Sharma,Male,61,Gurgaon,Haryana,India,2024-11-03
2116,Ananya Patel,Male,53,Chennai,Tamil Nadu,India,2023-04-12
2117,Meera Gupta,Female,19,Mohali,Punjab,India,2023-12-25
2118,Ananya Kumar,Female,24,Mohali,Punjab,India,2022-06-08
2119,Arjun Malhotra,Male,33,Chennai,Tamil Nadu,India,2023-02-22
2120,Ananya Patel,Female,22,Mumbai,Maharashtra,India,2024-05-23
2121,Kabir Sharma,Female,56,Jaipur,Rajasthan,India,2024-01-08
2122,Rahul Patel,Female,36,Mumbai,Maharashtra,India,2025-06-27
2123,Kabir Patel,Male,36,Chandigarh,Chandigarh,India,2022-11-04
2124,Arjun Gill,Male,38,Chandigarh,Chandigarh,India,2024-11-12
2125,Vihaan Verma,Male,60,Pune,Maharashtra,India,2022-11-04
2126,Aisha Singh,Male,32,Bangalore,Karnataka,India,2025-03-03
2127,Simran Singh,Male,56,Hyderabad,Telangana,India,2024-08-25
2128,Rohan Gupta,Male,54,Chennai,Tamil Nadu,India,2023-08-24
2129,Rohan Kumar,Female,32,Gurgaon,Haryana,India,2024-07-22
2130,Meera Singh,Male,46,Mumbai,Maharashtra,India,2024-04-19
2131,Arjun Patel,Male,41,Pune,Maharashtra,India,2024-09-18
2132,Karan Verma,Male,54,Gurgaon,Haryana,India,2022-09-14
2133,Aisha Verma,Male,56,Gurgaon,Haryana,India,2023-06-18
2134,Rohan Patel,Male,23,Jaipur,Rajasthan,India,2024-04-16
2135,Simran Kaur,Female,58,Hyderabad,Telangana,India,2023-02-10
2136,Neha Mehta,Male,28,Jalandhar,Punjab,India,2022-09-05
2137,Aditya Malhotra,Female,65,Hyderabad,Telangana,India,2022-07-26
2138,Ishita Sharma,Female,19,Amritsar,Punjab,India,2022-12-08
2139,Kabir Malhotra,Female,45,Kharar,Punjab,India,2023-12-27
2140,Rahul Malhotra,Male,63,Amritsar,Punjab,India,2023-08-24
2141,Rohan Patel,Male,64,Ludhiana,Punjab,India,2022-04-03
2142,Meera Patel,Female,44,Kharar,Punjab,India,2024-07-10
2143,Aditya Mehta,Male,64,Hyderabad,Telangana,India,2023-01-11
2144,Kabir Sharma,Female,61,Kharar,Punjab,India,2024-07-17
2145,Rohan Mehta,Male,50,Bangalore,Karnataka,India,2025-04-19
2146,Aisha Singh,Male,37,Noida,Uttar Pradesh,India,2024-10-07
2147,Aarav Gill,Female,36,Mumbai,Maharashtra,India,2023-10-24
2148,Rohan Kaur,Male,20,Bangalore,Karnataka,India,2023-03-08
2149,Simran Gupta,Female,24,Hyderabad,Telangana,India,2023-12-13
2150,Kabir Singh,Female,35,Jaipur,Rajasthan,India,2024-09-23
2151,Vihaan Kaur,Female,34,Chennai,Tamil Nadu,India,2025-05-26
2152,Neha Kumar,Female,27,Ludhiana,Punjab,India,2022-07-16
2153,Simran Malhotra,Male,19,Delhi,Delhi,India,2025-05-10
2154,Neha Malhotra,Male,18,Mohali,Punjab,India,2024-09-27
2155,Rohan Kumar,Female,54,Chandigarh,Chandigarh,India,2024-05-23
2156,Simran Kaur,Female,36,Chennai,Tamil Nadu,India,2022-08-13
2157,Karan Verma,Female,34,Ludhiana,Punjab,India,2022-06-27
2158,Aditya Singh,Female,23,Amritsar,Punjab,India,2023-04-01
2159,Rohan Kaur,Female,35,Kharar,Punjab,India,2024-07-17
2160,Meera Patel,Male,45,Kharar,Punjab,India,2022-07-25
2161,Vihaan Malhotra,Male,58,Mumbai,Maharashtra,India,2022-01-17
2162,Kabir Gill,Female,32,Gurgaon,Haryana,India,2023-02-05
2163,Karan Kaur,Female,29,Noida,Uttar Pradesh,India,2024-10-14
2164,Kabir Kumar,Male,51,Jaipur,Rajasthan,India,2023-03-15
2165,Rahul Singh,Female,53,Chandigarh,Chandigarh,India,2025-06-05
2166,Meera Kaur,Male,44,Delhi,Delhi,India,2023-06-23
2167,Priya Gill,Male,58,Bangalore,Karnataka,India,2023-12-16
2168,Simran Kaur,Female,32,Kolkata,West Bengal,India,2023-08-22
2169,Karan Verma,Female,52,Kolkata,West Bengal,India,2024-09-12
2170,Arjun Kumar,Male,36,Jaipur,Rajasthan,India,2024-05-09
2171,Rohan Kumar,Female,25,Chennai,Tamil Nadu,India,2022-12-27
2172,Rohan Singh,Female,62,Chennai,Tamil Nadu,India,2024-03-26
2173,Aisha Mehta,Female,56,Amritsar,Punjab,India,2024-04-23
2174,Aarav Gupta,Female,50,Gurgaon,Haryana,India,2023-03-17
2175,Aarav Malhotra,Female,34,Hyderabad,Telangana,India,2023-10-13
2176,Rahul Mehta,Female,43,Hyderabad,Telangana,India,2023-06-18
2177,Aditya Mehta,Male,39,Mohali,Punjab,India,2022-04-04
2178,Karan Verma,Male,54,Jaipur,Rajasthan,India,2022-12-08
2179,Aisha Singh,Female,26,Delhi,Delhi,India,2025-05-23
2180,Meera Sharma,Female,23,Chandigarh,Chandigarh,India,2023-11-14
2181,Aisha Malhotra,Male,59,Pune,Maharashtra,India,2022-04-11
2182,Rohan Malhotra,Male,28,Delhi,Delhi,India,2025-01-02
2183,Ishita Kumar,Female,28,Bangalore,Karnataka,India,2024-02-05
2184,Rahul Kumar,Male,18,Mumbai,Maharashtra,India,2022-03-15
2185,Aisha Malhotra,Male,50,Chandigarh,Chandigarh,India,2024-03-25
2186,Aarav Kaur,Female,37,Kolkata,West Bengal,India,2022-02-19
2187,Priya Kumar,Male,35,Gurgaon,Haryana,India,2022-09-11
2188,Priya Verma,Male,65,Bangalore,Karnataka,India,2023-07-07
2189,Arjun Singh,Female,19,Kharar,Punjab,India,2022-01-31
2190,Arjun Gill,Female,30,Amritsar,Punjab,India,2025-05-25
2191,Aisha Patel,Female,50,Jaipur,Rajasthan,India,2022-02-17
2192,Aditya Mehta,Male,24,Jaipur,Rajasthan,India,2023-06-26
2193,Rahul Gupta,Female,23,Kolkata,West Bengal,India,2023-04-01
2194,Simran Gupta,Female,36,Hyderabad,Telangana,India,2024-12-28
2195,Rahul Sharma,Female,64,Gurgaon,Haryana,India,2024-03-17
2196,Aisha Malhotra,Male,46,Pune,Maharashtra,India,2023-04-04
2197,Rahul Kumar,Female,41,Chandigarh,Chandigarh,India,2024-09-03
2198,Priya Gupta,Female,27,Ludhiana,Punjab,India,2022-06-21
2199,Simran Kaur,Male,49,Ludhiana,Punjab,India,2025-04-30
2200,Arjun Kaur,Female,57,Gurgaon,Haryana,India,2024-08-27
2201,Aarav Mehta,Female,44,Gurgaon,Haryana,India,2023-09-30
2202,Ishita Kaur,Male,38,Mumbai,Maharashtra,India,2025-03-03
2203,Ishita Sharma,Female,62,Hyderabad,Telangana,India,2023-03-05
2204,Simran Mehta,Female,59,Kolkata,West Bengal,India,2023-04-28
2205,Karan Mehta,Male,24,Mumbai,Maharashtra,India,2024-05-21
2206,Rahul Kaur,Male,28,Kharar,Punjab,India,2024-11-30
2207,Kabir Kumar,Female,25,Ludhiana,Punjab,India,2022-03-21
2208,Karan Kaur,Female,26,Hyderabad,Telangana,India,2025-01-25
2209,Rahul Sharma,Female,25,Hyderabad,Telangana,India,2024-06-10
2210,Meera Gupta,Female,57,Jaipur,Rajasthan,India,2024-02-01
2211,Kabir Gupta,Male,57,Jalandhar,Punjab,India,2024-01-31
2212,Karan Mehta,Male,39,Noida,Uttar Pradesh,India,2022-10-05
2213,Simran Mehta,Male,38,Jalandhar,Punjab,India,2024-05-02
2214,Kabir Mehta,Male,18,Jalandhar,Punjab,India,2023-10-01
2215,Vihaan Singh,Female,39,Delhi,Delhi,India,2022-07-13
2216,Ananya Mehta,Male,22,Mohali,Punjab,India,2023-12-19
2217,Rohan Sharma,Male,35,Gurgaon,Haryana,India,2023-08-06
2218,Ananya Gupta,Female,57,Hyderabad,Telangana,India,2024-04-05
2219,Simran Malhotra,Male,22,Noida,Uttar Pradesh,India,2025-04-28
2220,Arjun Kumar,Female,29,Amritsar,Punjab,India,2023-06-23
2221,Kabir Malhotra,Female,39,Ludhiana,Punjab,India,2025-03-24
2222,Aisha Gill,Female,31,Noida,Uttar Pradesh,India,2022-12-11
2223,Aisha Kumar,Male,23,Chandigarh,Chandigarh,India,2025-06-13
2224,Kabir Kaur,Female,18,Amritsar,Punjab,India,2023-10-25
2225,Neha Sharma,Male,50,Kharar,Punjab,India,2024-06-19
2226,Priya Mehta,Female,37,Hyderabad,Telangana,India,2024-10-21
2227,Vihaan Malhotra,Female,42,Ludhiana,Punjab,India,2024-02-29
2228,Rohan Gupta,Female,51,Kolkata,West Bengal,India,2022-06-10
2229,Kabir Gupta,Male,45,Delhi,Delhi,India,2025-02-21
2230,Karan Gupta,Male,53,Chennai,Tamil Nadu,India,2024-06-10
2231,Kabir Sharma,Female,47,Pune,Maharashtra,India,2023-12-10
2232,Vihaan Gill,Male,42,Hyderabad,Telangana,India,2024-02-06
2233,Neha Sharma,Male,46,Jalandhar,Punjab,India,2024-01-10
2234,Aarav Gill,Female,39,Delhi,Delhi,India,2022-07-12
2235,Neha Gupta,Male,56,Pune,Maharashtra,India,2023-07-14
2236,Priya Gupta,Female,43,Mohali,Punjab,India,2022-03-31
2237,Aditya Sharma,Male,63,Noida,Uttar Pradesh,India,2024-08-22
2238,Karan Kaur,Female,65,Chennai,Tamil Nadu,India,2025-01-22
2239,Aarav Patel,Male,57,Ludhiana,Punjab,India,2022-11-10
2240,Ishita Kaur,Male,44,Jalandhar,Punjab,India,2022-09-02
2241,Karan Sharma,Female,24,Mohali,Punjab,India,2025-01-19
2242,Ishita Kumar,Male,39,Noida,Uttar Pradesh,India,2023-10-11
2243,Neha Gill,Female,51,Jalandhar,Punjab,India,2022-01-30
2244,Rahul Sharma,Male,30,Bangalore,Karnataka,India,2024-10-24
2245,Meera Gupta,Male,29,Amritsar,Punjab,India,2024-06-27
2246,Aditya Gill,Male,62,Mohali,Punjab,India,2024-11-01
2247,Kabir Sharma,Female,35,Hyderabad,Telangana,India,2025-02-22
2248,Arjun Patel,Female,54,Pune,Maharashtra,India,2022-06-26
2249,Arjun Singh,Male,29,Chennai,Tamil Nadu,India,2022-06-26
2250,Rohan Gill,Male,28,Jalandhar,Punjab,India,2022-01-22
2251,Priya Patel,Female,23,Delhi,Delhi,India,2023-05-21
2252,Ishita Kumar,Male,37,Jaipur,Rajasthan,India,2022-04-20
2253,Meera Gupta,Male,35,Bangalore,Karnataka,India,2022-10-15
2254,Rahul Kumar,Male,35,Mumbai,Maharashtra,India,2023-02-13
2255,Aditya Gupta,Female,34,Jalandhar,Punjab,India,2022-07-09
2256,Rohan Gill,Female,40,Kolkata,West Bengal,India,2024-12-07
2257,Ishita Kaur,Male,55,Chennai,Tamil Nadu,India,2024-02-29
2258,Simran Gill,Male,62,Amritsar,Punjab,India,2024-06-07
2259,Priya Gupta,Male,39,Pune,Maharashtra,India,2024-10-28
2260,Arjun Malhotra,Male,34,Noida,Uttar Pradesh,India,2023-03-23
2261,Aditya Sharma,Male,51,Chennai,Tamil Nadu,India,2023-01-17
2262,Kabir Mehta,Female,41,Kolkata,West Bengal,India,2025-02-28
2263,Priya Gill,Male,38,Bangalore,Karnataka,India,2022-08-03
2264,Ishita Sharma,Male,44,Pune,Maharashtra,India,2024-08-31
2265,Rohan Singh,Male,40,Mumbai,Maharashtra,India,2023-09-20
2266,Karan Malhotra,Male,19,Jalandhar,Punjab,India,2024-06-18
2267,Ananya Gill,Female,64,Chennai,Tamil Nadu,India,2024-03-28
2268,Ishita Kumar,Female,64,Kolkata,West Bengal,India,2024-02-04
2269,Karan Verma,Female,20,Mumbai,Maharashtra,India,2023-04-25
2270,Rahul Verma,Female,54,Ludhiana,Punjab,India,2024-03-31
2271,Kabir Malhotra,Male,37,Chandigarh,Chandigarh,India,2025-05-07
2272,Ananya Kaur,Male,60,Delhi,Delhi,India,2023-11-14
2273,Arjun Gupta,Male,40,Mohali,Punjab,India,2024-07-28
2274,Kabir Mehta,Male,60,Bangalore,Karnataka,India,2022-10-30
2275,Neha Kaur,Female,37,Delhi,Delhi,India,2022-06-14
2276,Vihaan Kumar,Female,23,Jalandhar,Punjab,India,2023-05-17
2277,Priya Malhotra,Female,18,Amritsar,Punjab,India,2024-09-04
2278,Rohan Singh,Female,53,Jalandhar,Punjab,India,2024-03-18
2279,Neha Mehta,Female,47,Delhi,Delhi,India,2023-05-13
2280,Rahul Kaur,Female,26,Ludhiana,Punjab,India,2024-03-29
2281,Neha Gupta,Female,56,Mumbai,Maharashtra,India,2024-03-17
2282,Rohan Mehta,Male,32,Kharar,Punjab,India,2025-05-31
2283,Aisha Kumar,Female,41,Jalandhar,Punjab,India,2023-11-28
2284,Ananya Gill,Female,22,Chandigarh,Chandigarh,India,2023-04-17
2285,Karan Kumar,Male,31,Amritsar,Punjab,India,2023-09-11
2286,Arjun Patel,Female,59,Hyderabad,Telangana,India,2023-01-04
2287,Kabir Gupta,Female,42,Hyderabad,Telangana,India,2024-09-11
2288,Aditya Verma,Male,28,Mohali,Punjab,India,2024-03-26
2289,Karan Singh,Female,61,Ludhiana,Punjab,India,2022-07-27
2290,Aisha Sharma,Male,38,Bangalore,Karnataka,India,2022-09-21
2291,Priya Mehta,Male,49,Bangalore,Karnataka,India,2024-04-02
2292,Aisha Sharma,Female,45,Hyderabad,Telangana,India,2023-06-14
2293,Ananya Mehta,Female,48,Ludhiana,Punjab,India,2023-11-18
2294,Arjun Kaur,Female,52,Pune,Maharashtra,India,2024-02-25
2295,Kabir Sharma,Female,63,Kharar,Punjab,India,2025-04-23
2296,Vihaan Malhotra,Female,45,Noida,Uttar Pradesh,India,2022-04-10
2297,Aditya Sharma,Male,49,Chennai,Tamil Nadu,India,2024-07-31
2298,Aarav Gill,Female,34,Pune,Maharashtra,India,2024-05-21
2299,Priya Gupta,Male,52,Mumbai,Maharashtra,India,2023-07-02
2300,Aditya Patel,Female,19,Jalandhar,Punjab,India,2024-07-03
2301,Aditya Sharma,Male,40,Mumbai,Maharashtra,India,2022-03-16
2302,Vihaan Kaur,Male,52,Bangalore,Karnataka,India,2022-07-13
2303,Meera Kaur,Female,45,Amritsar,Punjab,India,2023-07-17
2304,Karan Gill,Male,64,Pune,Maharashtra,India,2024-12-08
2305,Aarav Singh,Female,41,Chennai,Tamil Nadu,India,2022-03-20
2306,Ananya Singh,Female,50,Amritsar,Punjab,India,2022-06-11
2307,Neha Gupta,Female,43,Mumbai,Maharashtra,India,2022-02-15
2308,Meera Gupta,Male,45,Jalandhar,Punjab,India,2022-08-27
2309,Ananya Gupta,Female,57,Delhi,Delhi,India,2024-11-18
2310,Meera Sharma,Female,54,Gurgaon,Haryana,India,2024-08-26
2311,Aisha Verma,Female,65,Delhi,Delhi,India,2023-01-16
2312,Simran Sharma,Female,29,Noida,Uttar Pradesh,India,2023-08-07
2313,Aarav Verma,Male,19,Noida,Uttar Pradesh,India,2024-04-28
2314,Aditya Gupta,Female,56,Amritsar,Punjab,India,2023-10-14
2315,Vihaan Kumar,Male,63,Ludhiana,Punjab,India,2023-10-27
2316,Arjun Gill,Female,64,Gurgaon,Haryana,India,2025-06-01
2317,Ananya Verma,Female,52,Chennai,Tamil Nadu,India,2024-03-07
2318,Neha Malhotra,Male,39,Kolkata,West Bengal,India,2023-11-29
2319,Rohan Mehta,Male,47,Mumbai,Maharashtra,India,2024-10-18
2320,Simran Kaur,Female,34,Delhi,Delhi,India,2024-04-05
2321,Priya Gill,Male,58,Mohali,Punjab,India,2024-09-23
2322,Arjun Kumar,Female,37,Pune,Maharashtra,India,2023-08-21
2323,Karan Mehta,Male,27,Mumbai,Maharashtra,India,2025-04-12
2324,Ananya Patel,Female,44,Jalandhar,Punjab,India,2022-02-17
2325,Simran Mehta,Male,42,Jaipur,Rajasthan,India,2025-01-05
2326,Rahul Gill,Male,24,Amritsar,Punjab,India,2024-03-21
2327,Vihaan Singh,Female,29,Delhi,Delhi,India,2022-11-22
2328,Simran Verma,Female,31,Bangalore,Karnataka,India,2024-05-06
2329,Rohan Patel,Male,60,Noida,Uttar Pradesh,India,2023-10-13
2330,Vihaan Verma,Female,47,Bangalore,Karnataka,India,2023-08-10
2331,Kabir Kaur,Female,36,Chennai,Tamil Nadu,India,2022-01-07
2332,Aisha Mehta,Male,61,Mumbai,Maharashtra,India,2022-07-21
2333,Ananya Verma,Female,44,Bangalore,Karnataka,India,2023-01-22
2334,Ananya Kumar,Male,57,Chandigarh,Chandigarh,India,2025-06-23
2335,Ananya Gill,Female,19,Kharar,Punjab,India,2023-10-28
2336,Kabir Gill,Female,61,Gurgaon,Haryana,India,2022-07-06
2337,Aarav Gill,Female,53,Pune,Maharashtra,India,2024-11-13
2338,Ishita Kaur,Female,41,Delhi,Delhi,India,2023-05-06
2339,Karan Kumar,Female,26,Jalandhar,Punjab,India,2023-08-24
2340,Neha Sharma,Male,54,Kharar,Punjab,India,2024-08-02
2341,Vihaan Gill,Female,33,Chennai,Tamil Nadu,India,2022-12-29
2342,Simran Singh,Female,28,Chennai,Tamil Nadu,India,2023-05-17
2343,Meera Singh,Male,65,Chennai,Tamil Nadu,India,2022-03-08
2344,Ishita Malhotra,Female,42,Hyderabad,Telangana,India,2022-05-25
2345,Aditya Malhotra,Male,63,Hyderabad,Telangana,India,2025-05-28
2346,Karan Mehta,Male,36,Chandigarh,Chandigarh,India,2024-03-26
2347,Rohan Verma,Female,45,Mohali,Punjab,India,2022-09-12
2348,Kabir Gupta,Male,64,Ludhiana,Punjab,India,2022-12-13
2349,Rahul Patel,Male,33,Pune,Maharashtra,India,2024-09-15
2350,Aditya Singh,Female,59,Delhi,Delhi,India,2022-06-01
2351,Neha Mehta,Male,34,Chennai,Tamil Nadu,India,2023-12-03
2352,Meera Mehta,Female,46,Jaipur,Rajasthan,India,2023-06-13
2353,Ananya Sharma,Male,27,Noida,Uttar Pradesh,India,2024-12-04
2354,Aarav Kumar,Female,54,Jaipur,Rajasthan,India,2024-01-13
2355,Aditya Kaur,Female,48,Jaipur,Rajasthan,India,2024-06-19
2356,Kabir Kaur,Male,56,Jaipur,Rajasthan,India,2023-08-22
2357,Aditya Kumar,Male,31,Bangalore,Karnataka,India,2025-04-09
2358,Kabir Gill,Male,34,Jaipur,Rajasthan,India,2024-01-16
2359,Karan Gill,Male,40,Bangalore,Karnataka,India,2022-11-16
2360,Simran Patel,Female,49,Mumbai,Maharashtra,India,2022-12-13
2361,Kabir Mehta,Female,18,Kolkata,West Bengal,India,2022-05-13
2362,Vihaan Gupta,Male,32,Mumbai,Maharashtra,India,2022-11-04
2363,Ananya Singh,Male,40,Noida,Uttar Pradesh,India,2024-10-18
2364,Ananya Sharma,Male,65,Chennai,Tamil Nadu,India,2023-02-19
2365,Priya Sharma,Female,58,Pune,Maharashtra,India,2022-07-22
2366,Simran Singh,Female,53,Mumbai,Maharashtra,India,2024-12-31
2367,Aisha Sharma,Female,54,Kharar,Punjab,India,2024-12-06
2368,Vihaan Gupta,Male,62,Gurgaon,Haryana,India,2023-05-17
2369,Meera Mehta,Male,20,Gurgaon,Haryana,India,2025-06-01
2370,Simran Gupta,Male,65,Noida,Uttar Pradesh,India,2023-01-25
2371,Neha Kaur,Female,21,Kharar,Punjab,India,2023-03-02
2372,Vihaan Gill,Female,47,Gurgaon,Haryana,India,2022-07-21
2373,Rohan Singh,Male,48,Mohali,Punjab,India,2022-08-27
2374,Arjun Mehta,Male,24,Chennai,Tamil Nadu,India,2025-01-15
2375,Ananya Mehta,Female,54,Delhi,Delhi,India,2022-01-20
2376,Ishita Singh,Female,59,Hyderabad,Telangana,India,2023-02-03
2377,Aarav Gupta,Female,56,Chennai,Tamil Nadu,India,2023-07-09
2378,Priya Kaur,Female,50,Kolkata,West Bengal,India,2024-09-16
2379,Priya Gupta,Female,52,Jaipur,Rajasthan,India,2023-05-25
2380,Aditya Malhotra,Female,58,Mumbai,Maharashtra,India,2024-06-20
2381,Aisha Kaur,Female,18,Ludhiana,Punjab,India,2023-10-16
2382,Karan Kaur,Male,22,Kolkata,West Bengal,India,2024-06-03
2383,Arjun Mehta,Female,58,Jaipur,Rajasthan,India,2025-01-08
2384,Vihaan Singh,Male,31,Jalandhar,Punjab,India,2023-09-22
2385,Rohan Malhotra,Female,24,Jaipur,Rajasthan,India,2023-09-07
2386,Ananya Kaur,Female,28,Delhi,Delhi,India,2023-01-29
2387,Aisha Kaur,Male,57,Bangalore,Karnataka,India,2022-11-18
2388,Simran Mehta,Female,64,Mumbai,Maharashtra,India,2023-07-06
2389,Neha Gupta,Female,37,Gurgaon,Haryana,India,2024-01-30
2390,Aditya Patel,Female,65,Amritsar,Punjab,India,2023-10-08
2391,Aditya Verma,Female,44,Chennai,Tamil Nadu,India,2022-01-12
2392,Aarav Verma,Female,59,Bangalore,Karnataka,India,2022-10-14
2393,Aisha Gupta,Male,63,Chennai,Tamil Nadu,India,2023-02-19
2394,Priya Gupta,Female,41,Delhi,Delhi,India,2022-02-18
2395,Rahul Verma,Female,53,Mumbai,Maharashtra,India,2025-02-20
2396,Aisha Kumar,Female,35,Delhi,Delhi,India,2022-08-07
2397,Vihaan Kaur,Female,64,Kharar,Punjab,India,2024-09-09
2398,Aarav Verma,Female,33,Kolkata,West Bengal,India,2023-07-28
2399,Aarav Singh,Male,58,Bangalore,Karnataka,India,2023-12-03
2400,Simran Patel,Female,36,Noida,Uttar Pradesh,India,2022-08-16
2401,Kabir Singh,Female,64,Kolkata,West Bengal,India,2024-04-27
2402,Ishita Kaur,Female,54,Amritsar,Punjab,India,2023-02-14
2403,Karan Kumar,Female,54,Kharar,Punjab,India,2025-01-24
2404,Simran Malhotra,Female,62,Noida,Uttar Pradesh,India,2022-02-14
2405,Aisha Singh,Female,41,Amritsar,Punjab,India,2024-07-02
2406,Kabir Patel,Female,32,Delhi,Delhi,India,2024-08-01
2407,Rohan Kumar,Female,34,Pune,Maharashtra,India,2025-05-21
2408,Kabir Singh,Female,45,Chandigarh,Chandigarh,India,2024-03-22
2409,Aisha Sharma,Male,50,Kolkata,West Bengal,India,2024-02-04
2410,Ananya Verma,Male,50,Chandigarh,Chandigarh,India,2023-11-01
2411,Aditya Gill,Female,58,Kolkata,West Bengal,India,2022-05-18
2412,Ananya Singh,Male,52,Kharar,Punjab,India,2022-11-21
2413,Ananya Mehta,Male,22,Kharar,Punjab,India,2024-06-01
2414,Karan Mehta,Male,59,Noida,Uttar Pradesh,India,2023-11-08
2415,Kabir Gill,Female,47,Kharar,Punjab,India,2024-12-16
2416,Neha Sharma,Female,54,Hyderabad,Telangana,India,2023-08-25
2417,Ananya Verma,Male,18,Chandigarh,Chandigarh,India,2023-04-07
2418,Rahul Kaur,Female,32,Mumbai,Maharashtra,India,2025-04-11
2419,Simran Mehta,Male,54,Mumbai,Maharashtra,India,2023-12-28
2420,Vihaan Kaur,Male,37,Amritsar,Punjab,India,2023-01-07
2421,Aarav Malhotra,Male,26,Ludhiana,Punjab,India,2025-01-11
2422,Arjun Patel,Female,32,Pune,Maharashtra,India,2023-03-04
2423,Aditya Kaur,Female,35,Delhi,Delhi,India,2023-04-23
2424,Aisha Patel,Male,26,Delhi,Delhi,India,2024-06-19
2425,Ishita Verma,Male,46,Ludhiana,Punjab,India,2023-03-04
2426,Aarav Mehta,Female,43,Bangalore,Karnataka,India,2023-02-11
2427,Aisha Verma,Male,23,Delhi,Delhi,India,2022-12-25
2428,Kabir Kumar,Male,49,Ludhiana,Punjab,India,2025-05-23
2429,Meera Patel,Female,30,Pune,Maharashtra,India,2023-03-07
2430,Aisha Malhotra,Female,48,Kharar,Punjab,India,2023-06-07
2431,Karan Sharma,Male,42,Ludhiana,Punjab,India,2024-05-10
2432,Ishita Singh,Female,41,Bangalore,Karnataka,India,2023-09-27
2433,Rahul Gupta,Male,62,Kharar,Punjab,India,2022-06-22
2434,Neha Mehta,Male,35,Bangalore,Karnataka,India,2023-10-25
2435,Kabir Kumar,Male,54,Mohali,Punjab,India,2022-01-19
2436,Simran Kaur,Male,62,Amritsar,Punjab,India,2024-08-20
2437,Aarav Gill,Male,65,Mohali,Punjab,India,2023-08-24
2438,Ananya Verma,Male,44,Pune,Maharashtra,India,2022-12-20
2439,Neha Malhotra,Male,65,Jalandhar,Punjab,India,2023-01-07
2440,Neha Singh,Male,19,Pune,Maharashtra,India,2024-10-15
2441,Aditya Verma,Female,34,Delhi,Delhi,India,2025-06-27
2442,Aarav Sharma,Female,19,Mumbai,Maharashtra,India,2024-08-21
2443,Meera Kaur,Female,20,Mohali,Punjab,India,2025-01-09
2444,Aisha Gill,Male,28,Bangalore,Karnataka,India,2022-07-25
2445,Rohan Kumar,Male,44,Chandigarh,Chandigarh,India,2022-05-16
2446,Karan Mehta,Female,52,Ludhiana,Punjab,India,2024-06-20
2447,Ishita Gill,Male,37,Amritsar,Punjab,India,2024-09-02
2448,Neha Gupta,Male,38,Kolkata,West Bengal,India,2025-01-10
2449,Ananya Singh,Female,49,Pune,Maharashtra,India,2025-03-15
2450,Kabir Kumar,Male,27,Delhi,Delhi,India,2023-04-07
2451,Meera Singh,Female,36,Kharar,Punjab,India,2025-06-13
2452,Vihaan Kumar,Female,29,Ludhiana,Punjab,India,2023-09-09
2453,Meera Mehta,Female,26,Mumbai,Maharashtra,India,2023-11-03
2454,Rohan Kaur,Male,65,Hyderabad,Telangana,India,2024-02-28
2455,Aisha Kumar,Male,18,Mohali,Punjab,India,2022-10-20
2456,Ishita Kumar,Male,43,Mohali,Punjab,India,2023-10-23
2457,Ananya Mehta,Female,40,Chandigarh,Chandigarh,India,2023-01-20
2458,Karan Kumar,Female,57,Bangalore,Karnataka,India,2023-06-23
2459,Arjun Gupta,Female,39,Chennai,Tamil Nadu,India,2023-01-17
2460,Rohan Mehta,Female,60,Noida,Uttar Pradesh,India,2022-07-17
2461,Aisha Malhotra,Female,22,Mumbai,Maharashtra,India,2024-01-19
2462,Priya Sharma,Male,24,Hyderabad,Telangana,India,2023-04-11
2463,Ishita Singh,Male,53,Chennai,Tamil Nadu,India,2023-08-29
2464,Ishita Patel,Female,46,Amritsar,Punjab,India,2024-06-12
2465,Ishita Malhotra,Male,43,Kharar,Punjab,India,2024-11-12
2466,Kabir Kumar,Male,30,Delhi,Delhi,India,2023-12-26
2467,Ananya Malhotra,Male,52,Amritsar,Punjab,India,2024-01-13
2468,Meera Malhotra,Male,41,Gurgaon,Haryana,India,2022-11-22
2469,Priya Kaur,Male,63,Ludhiana,Punjab,India,2022-11-08
2470,Ishita Kumar,Female,21,Hyderabad,Telangana,India,2024-03-31
2471,Rahul Malhotra,Female,48,Jaipur,Rajasthan,India,2024-08-16
2472,Kabir Gupta,Male,22,Mumbai,Maharashtra,India,2023-05-30
2473,Vihaan Gill,Male,21,Jaipur,Rajasthan,India,2024-04-20
2474,Kabir Mehta,Male,33,Amritsar,Punjab,India,2024-03-12
2475,Priya Verma,Female,55,Jalandhar,Punjab,India,2023-02-01
2476,Ishita Patel,Male,32,Gurgaon,Haryana,India,2023-07-20
2477,Neha Verma,Male,64,Amritsar,Punjab,India,2025-04-14
2478,Vihaan Mehta,Male,61,Amritsar,Punjab,India,2023-07-19
2479,Aarav Singh,Female,51,Mumbai,Maharashtra,India,2022-07-30
2480,Vihaan Mehta,Female,25,Kolkata,West Bengal,India,2025-01-13
2481,Kabir Singh,Female,35,Chennai,Tamil Nadu,India,2022-03-25
2482,Ishita Gupta,Male,58,Bangalore,Karnataka,India,2024-08-13
2483,Ananya Kaur,Female,36,Hyderabad,Telangana,India,2023-04-06
2484,Arjun Gill,Female,33,Ludhiana,Punjab,India,2024-10-09
2485,Rahul Sharma,Male,35,Hyderabad,Telangana,India,2023-07-19
2486,Priya Malhotra,Female,44,Noida,Uttar Pradesh,India,2023-05-30
2487,Arjun Sharma,Male,63,Pune,Maharashtra,India,2024-09-21
2488,Ananya Mehta,Male,55,Gurgaon,Haryana,India,2024-06-07
2489,Arjun Mehta,Female,56,Noida,Uttar Pradesh,India,2024-11-28
2490,Aarav Gill,Male,55,Bangalore,Karnataka,India,2022-07-21
2491,Arjun Kumar,Female,55,Ludhiana,Punjab,India,2025-05-21
2492,Ishita Verma,Male,40,Hyderabad,Telangana,India,2024-06-20
2493,Ananya Malhotra,Male,43,Chennai,Tamil Nadu,India,2024-06-03
2494,Vihaan Gill,Male,19,Chandigarh,Chandigarh,India,2023-11-05
2495,Aditya Verma,Male,64,Ludhiana,Punjab,India,2024-07-24
2496,Rohan Patel,Female,33,Noida,Uttar Pradesh,India,2023-07-21
2497,Aisha Sharma,Female,47,Chennai,Tamil Nadu,India,2023-06-23
2498,Vihaan Malhotra,Female,65,Jalandhar,Punjab,India,2024-04-01
2499,Aisha Kaur,Female,23,Pune,Maharashtra,India,2023-11-15
2500,Ananya Malhotra,Male,38,Pune,Maharashtra,India,2023-09-19
2501,Neha Singh,Female,38,Ludhiana,Punjab,India,2025-06-27
2502,Priya Kaur,Female,30,Kolkata,West Bengal,India,2023-06-27
2503,Rohan Patel,Female,41,Kolkata,West Bengal,India,2022-11-23
2504,Rohan Sharma,Male,30,Jalandhar,Punjab,India,2025-04-06
2505,Neha Malhotra,Female,53,Jaipur,Rajasthan,India,2025-01-07
2506,Rahul Gill,Male,30,Jalandhar,Punjab,India,2022-07-11
2507,Meera Gill,Female,34,Kharar,Punjab,India,2022-10-26
2508,Simran Patel,Female,26,Mumbai,Maharashtra,India,2024-02-28
2509,Ishita Gupta,Male,38,Ludhiana,Punjab,India,2023-04-06
2510,Ishita Sharma,Male,53,Chennai,Tamil Nadu,India,2022-11-14
2511,Aarav Mehta,Male,62,Noida,Uttar Pradesh,India,2023-03-25
2512,Neha Kumar,Female,59,Gurgaon,Haryana,India,2023-03-19
2513,Aarav Gupta,Male,19,Amritsar,Punjab,India,2025-06-07
2514,Ishita Mehta,Female,53,Kolkata,West Bengal,India,2025-02-02
2515,Rahul Kaur,Female,58,Delhi,Delhi,India,2025-03-24
2516,Meera Gupta,Female,34,Bangalore,Karnataka,India,2024-06-02
2517,Rohan Kumar,Female,52,Pune,Maharashtra,India,2024-01-02
2518,Meera Kaur,Female,62,Kharar,Punjab,India,2023-05-21
2519,Arjun Malhotra,Female,52,Amritsar,Punjab,India,2023-10-05
2520,Aisha Gill,Male,64,Ludhiana,Punjab,India,2023-12-15
2521,Karan Gupta,Male,47,Gurgaon,Haryana,India,2025-06-21
2522,Karan Gill,Female,22,Chennai,Tamil Nadu,India,2022-12-17
2523,Simran Mehta,Male,40,Chandigarh,Chandigarh,India,2024-09-03
2524,Arjun Patel,Male,64,Amritsar,Punjab,India,2023-07-20
2525,Neha Sharma,Female,45,Noida,Uttar Pradesh,India,2022-10-01
2526,Vihaan Mehta,Female,52,Bangalore,Karnataka,India,2023-09-16
2527,Vihaan Gill,Female,27,Mumbai,Maharashtra,India,2025-01-10
2528,Ishita Sharma,Male,63,Mumbai,Maharashtra,India,2024-01-04
2529,Aisha Singh,Male,51,Ludhiana,Punjab,India,2024-04-27
2530,Meera Kumar,Male,56,Jalandhar,Punjab,India,2023-01-03
2531,Aarav Mehta,Male,39,Jalandhar,Punjab,India,2022-07-02
2532,Rahul Gill,Female,44,Ludhiana,Punjab,India,2024-02-20
2533,Kabir Patel,Male,24,Kolkata,West Bengal,India,2023-09-30
2534,Kabir Verma,Female,49,Pune,Maharashtra,India,2022-07-05
2535,Aditya Verma,Male,32,Jalandhar,Punjab,India,2023-12-21
2536,Rohan Mehta,Male,51,Kharar,Punjab,India,2023-06-12
2537,Neha Gill,Male,53,Chandigarh,Chandigarh,India,2022-05-02
2538,Arjun Kaur,Male,51,Pune,Maharashtra,India,2022-01-26
2539,Rohan Verma,Female,19,Chandigarh,Chandigarh,India,2025-03-09
2540,Ishita Singh,Male,30,Pune,Maharashtra,India,2025-06-25
2541,Kabir Malhotra,Male,40,Kolkata,West Bengal,India,2022-07-18
2542,Ananya Patel,Male,46,Amritsar,Punjab,India,2022-12-30
2543,Ishita Mehta,Male,57,Amritsar,Punjab,India,2022-03-21
2544,Aisha Gupta,Female,24,Ludhiana,Punjab,India,2023-12-16
2545,Ananya Malhotra,Male,24,Jalandhar,Punjab,India,2024-10-16
2546,Ananya Kaur,Female,47,Delhi,Delhi,India,2025-01-27
2547,Aisha Mehta,Male,60,Bangalore,Karnataka,India,2025-02-09
2548,Rohan Kumar,Female,27,Kharar,Punjab,India,2023-05-06
2549,Vihaan Verma,Male,40,Kolkata,West Bengal,India,2022-05-01
2550,Aisha Gill,Male,51,Kolkata,West Bengal,India,2022-07-06
2551,Neha Malhotra,Female,52,Mumbai,Maharashtra,India,2023-02-16
2552,Rohan Kaur,Female,30,Jaipur,Rajasthan,India,2023-08-23
2553,Rahul Verma,Female,23,Hyderabad,Telangana,India,2024-10-01
2554,Karan Singh,Female,53,Chandigarh,Chandigarh,India,2024-09-18
2555,Aditya Mehta,Female,61,Bangalore,Karnataka,India,2022-04-23
2556,Vihaan Singh,Female,55,Mohali,Punjab,India,2025-03-15
2557,Priya Patel,Male,52,Jalandhar,Punjab,India,2022-02-27
2558,Aditya Verma,Male,40,Mohali,Punjab,India,2025-01-06
2559,Ishita Verma,Male,50,Mohali,Punjab,India,2024-01-30
2560,Neha Kumar,Male,47,Mohali,Punjab,India,2023-01-16
2561,Meera Patel,Male,63,Gurgaon,Haryana,India,2023-02-21
2562,Vihaan Gill,Male,20,Kolkata,West Bengal,India,2024-02-21
2563,Neha Singh,Female,18,Delhi,Delhi,India,2023-05-08
2564,Kabir Verma,Male,41,Mumbai,Maharashtra,India,2024-04-03
2565,Kabir Kaur,Male,57,Mohali,Punjab,India,2023-06-13
2566,Priya Gill,Female,31,Hyderabad,Telangana,India,2023-07-13
2567,Meera Sharma,Female,44,Hyderabad,Telangana,India,2024-02-12
2568,Ishita Kumar,Female,34,Noida,Uttar Pradesh,India,2025-05-14
2569,Priya Verma,Male,62,Chandigarh,Chandigarh,India,2024-07-08
2570,Priya Kumar,Male,58,Amritsar,Punjab,India,2022-08-23
2571,Kabir Mehta,Male,29,Ludhiana,Punjab,India,2025-01-04
2572,Kabir Gupta,Female,36,Mumbai,Maharashtra,India,2025-01-03
2573,Aditya Gill,Female,24,Jaipur,Rajasthan,India,2022-09-02
2574,Ishita Kumar,Male,53,Bangalore,Karnataka,India,2024-10-16
2575,Kabir Malhotra,Male,48,Delhi,Delhi,India,2024-09-07
2576,Arjun Kumar,Male,42,Ludhiana,Punjab,India,2023-01-13
2577,Aisha Singh,Male,45,Kharar,Punjab,India,2025-06-14
2578,Karan Kaur,Female,56,Pune,Maharashtra,India,2022-03-26
2579,Aisha Kumar,Female,20,Delhi,Delhi,India,2025-03-10
2580,Kabir Patel,Female,29,Chandigarh,Chandigarh,India,2023-12-19
2581,Vihaan Sharma,Female,42,Chennai,Tamil Nadu,India,2022-11-10
2582,Simran Singh,Male,29,Jaipur,Rajasthan,India,2023-02-03
2583,Priya Mehta,Male,46,Mumbai,Maharashtra,India,2022-05-23
2584,Ananya Malhotra,Female,53,Gurgaon,Haryana,India,2022-11-26
2585,Simran Patel,Male,25,Amritsar,Punjab,India,2022-05-14
2586,Simran Malhotra,Male,57,Hyderabad,Telangana,India,2022-12-14
2587,Rohan Sharma,Male,24,Mumbai,Maharashtra,India,2023-04-24
2588,Rahul Sharma,Male,42,Chandigarh,Chandigarh,India,2025-03-07
2589,Ishita Kumar,Male,54,Ludhiana,Punjab,India,2025-01-22
2590,Aarav Mehta,Female,36,Kharar,Punjab,India,2025-06-15
2591,Karan Kumar,Female,57,Bangalore,Karnataka,India,2023-05-28
2592,Priya Mehta,Female,27,Pune,Maharashtra,India,2024-07-19
2593,Vihaan Kaur,Female,58,Pune,Maharashtra,India,2022-12-24
2594,Aditya Kaur,Female,65,Bangalore,Karnataka,India,2022-02-12
2595,Aisha Gupta,Male,20,Hyderabad,Telangana,India,2024-07-30
2596,Meera Malhotra,Male,43,Hyderabad,Telangana,India,2022-09-14
2597,Vihaan Verma,Female,44,Pune,Maharashtra,India,2024-08-01
2598,Karan Verma,Female,41,Chennai,Tamil Nadu,India,2023-11-23
2599,Priya Verma,Male,64,Mumbai,Maharashtra,India,2024-12-21
2600,Vihaan Kumar,Male,54,Delhi,Delhi,India,2023-02-03
2601,Neha Mehta,Female,41,Pune,Maharashtra,India,2023-09-21
2602,Rahul Kaur,Female,24,Delhi,Delhi,India,2025-01-16
2603,Aditya Gill,Female,21,Chennai,Tamil Nadu,India,2023-02-13
2604,Rohan Malhotra,Male,60,Delhi,Delhi,India,2024-02-27
2605,Kabir Mehta,Male,62,Hyderabad,Telangana,India,2023-02-27
2606,Ananya Kaur,Female,65,Bangalore,Karnataka,India,2025-02-27
2607,Priya Verma,Male,27,Amritsar,Punjab,India,2024-04-22
2608,Karan Kumar,Male,49,Mumbai,Maharashtra,India,2023-10-10
2609,Priya Singh,Male,23,Mohali,Punjab,India,2022-02-13
2610,Neha Sharma,Female,23,Chandigarh,Chandigarh,India,2023-10-04
2611,Vihaan Kaur,Male,37,Pune,Maharashtra,India,2022-05-16
2612,Ananya Patel,Female,48,Pune,Maharashtra,India,2023-11-25
2613,Aditya Gupta,Male,53,Jalandhar,Punjab,India,2022-11-24
2614,Kabir Verma,Male,52,Amritsar,Punjab,India,2025-06-20
2615,Kabir Malhotra,Female,62,Hyderabad,Telangana,India,2023-07-30
2616,Arjun Kaur,Female,24,Gurgaon,Haryana,India,2022-03-22
2617,Neha Verma,Female,42,Amritsar,Punjab,India,2024-09-03
2618,Aisha Sharma,Female,46,Jalandhar,Punjab,India,2025-04-12
2619,Karan Sharma,Female,60,Jalandhar,Punjab,India,2025-03-06
2620,Neha Patel,Male,41,Pune,Maharashtra,India,2022-05-22
2621,Kabir Gill,Female,61,Jalandhar,Punjab,India,2024-03-17
2622,Arjun Kumar,Female,36,Amritsar,Punjab,India,2022-06-20
2623,Ananya Mehta,Male,57,Pune,Maharashtra,India,2025-04-23
2624,Kabir Patel,Female,30,Hyderabad,Telangana,India,2024-11-17
2625,Simran Sharma,Female,38,Noida,Uttar Pradesh,India,2022-12-08
2626,Priya Kumar,Female,34,Mohali,Punjab,India,2024-07-08
2627,Rohan Sharma,Female,65,Hyderabad,Telangana,India,2024-07-27
2628,Rohan Malhotra,Male,26,Kharar,Punjab,India,2022-01-22
2629,Aditya Verma,Male,48,Chandigarh,Chandigarh,India,2024-02-18
2630,Aarav Gupta,Female,39,Bangalore,Karnataka,India,2024-01-22
2631,Rahul Patel,Male,40,Hyderabad,Telangana,India,2023-06-20
2632,Karan Gupta,Female,23,Delhi,Delhi,India,2024-07-10
2633,Aisha Patel,Male,19,Kharar,Punjab,India,2022-09-21
2634,Vihaan Singh,Male,41,Ludhiana,Punjab,India,2022-05-14
2635,Ananya Kumar,Male,22,Amritsar,Punjab,India,2022-01-20
2636,Meera Patel,Male,27,Chandigarh,Chandigarh,India,2025-04-08
2637,Priya Patel,Male,57,Chennai,Tamil Nadu,India,2022-09-07
2638,Meera Kaur,Male,65,Mohali,Punjab,India,2022-06-16
2639,Arjun Singh,Male,45,Jalandhar,Punjab,India,2023-04-23
2640,Aarav Singh,Female,38,Delhi,Delhi,India,2024-12-20
2641,Karan Kumar,Female,56,Delhi,Delhi,India,2023-01-17
2642,Aditya Gill,Male,46,Kolkata,West Bengal,India,2023-01-14
2643,Arjun Kaur,Male,34,Chandigarh,Chandigarh,India,2022-10-22
2644,Meera Singh,Male,30,Delhi,Delhi,India,2023-01-19
2645,Aisha Kumar,Male,43,Mumbai,Maharashtra,India,2025-04-28
2646,Ananya Verma,Female,31,Jaipur,Rajasthan,India,2024-05-23
2647,Ishita Patel,Male,51,Noida,Uttar Pradesh,India,2022-01-15
2648,Aditya Kaur,Male,21,Noida,Uttar Pradesh,India,2022-05-09
2649,Rohan Sharma,Female,23,Kolkata,West Bengal,India,2024-07-02
2650,Meera Singh,Female,55,Chandigarh,Chandigarh,India,2024-01-11
2651,Ananya Gupta,Female,46,Kharar,Punjab,India,2024-01-04
2652,Rohan Mehta,Female,49,Kolkata,West Bengal,India,2023-10-04
2653,Vihaan Gill,Male,20,Delhi,Delhi,India,2023-12-24
2654,Karan Mehta,Female,43,Hyderabad,Telangana,India,2024-08-07
2655,Karan Kaur,Male,65,Chennai,Tamil Nadu,India,2024-02-29
2656,Aarav Kaur,Female,42,Hyderabad,Telangana,India,2022-11-02
2657,Rohan Sharma,Female,60,Bangalore,Karnataka,India,2022-12-20
2658,Ananya Kaur,Male,24,Amritsar,Punjab,India,2022-02-03
2659,Karan Kaur,Female,39,Bangalore,Karnataka,India,2023-02-10
2660,Karan Verma,Male,37,Chandigarh,Chandigarh,India,2025-01-30
2661,Vihaan Kumar,Female,56,Noida,Uttar Pradesh,India,2024-10-19
2662,Rahul Kaur,Female,60,Hyderabad,Telangana,India,2022-05-03
2663,Arjun Singh,Female,63,Pune,Maharashtra,India,2024-09-03
2664,Kabir Kumar,Female,31,Jaipur,Rajasthan,India,2024-05-02
2665,Aarav Gupta,Male,39,Kolkata,West Bengal,India,2023-09-29
2666,Ananya Singh,Male,51,Hyderabad,Telangana,India,2023-08-01
2667,Meera Patel,Male,41,Mumbai,Maharashtra,India,2025-03-03
2668,Arjun Sharma,Female,41,Kolkata,West Bengal,India,2024-05-04
2669,Vihaan Patel,Male,38,Gurgaon,Haryana,India,2024-09-02
2670,Simran Patel,Female,62,Noida,Uttar Pradesh,India,2023-02-03
2671,Rohan Gill,Male,63,Amritsar,Punjab,India,2025-04-29
2672,Ishita Kumar,Female,54,Gurgaon,Haryana,India,2024-08-20
2673,Rohan Malhotra,Male,42,Chandigarh,Chandigarh,India,2022-10-31
2674,Arjun Malhotra,Female,47,Mumbai,Maharashtra,India,2025-05-19
2675,Arjun Mehta,Female,30,Noida,Uttar Pradesh,India,2023-07-20
2676,Rohan Sharma,Female,33,Amritsar,Punjab,India,2023-04-03
2677,Rohan Patel,Female,53,Chandigarh,Chandigarh,India,2022-10-27
2678,Rohan Mehta,Female,56,Noida,Uttar Pradesh,India,2025-01-03
2679,Ishita Kumar,Male,36,Delhi,Delhi,India,2022-05-05
2680,Simran Malhotra,Female,33,Delhi,Delhi,India,2024-02-10
2681,Meera Sharma,Female,34,Hyderabad,Telangana,India,2023-02-23
2682,Aditya Sharma,Male,59,Amritsar,Punjab,India,2024-05-13
2683,Rohan Mehta,Male,46,Kharar,Punjab,India,2024-02-22
2684,Ananya Mehta,Female,24,Jalandhar,Punjab,India,2023-07-15
2685,Aditya Kumar,Female,36,Chennai,Tamil Nadu,India,2022-11-30
2686,Rohan Sharma,Male,21,Amritsar,Punjab,India,2023-10-31
2687,Rohan Kaur,Female,64,Kolkata,West Bengal,India,2024-02-08
2688,Priya Verma,Female,43,Chandigarh,Chandigarh,India,2022-12-31
2689,Ananya Sharma,Female,38,Mumbai,Maharashtra,India,2025-03-04
2690,Neha Malhotra,Male,64,Mohali,Punjab,India,2022-09-28
2691,Arjun Singh,Male,27,Kolkata,West Bengal,India,2022-07-29
2692,Meera Kumar,Male,41,Jalandhar,Punjab,India,2024-01-02
2693,Arjun Verma,Female,22,Mumbai,Maharashtra,India,2024-10-05
2694,Simran Sharma,Female,59,Bangalore,Karnataka,India,2024-03-21
2695,Simran Singh,Male,46,Amritsar,Punjab,India,2022-11-22
2696,Aisha Gupta,Male,33,Ludhiana,Punjab,India,2022-04-26
2697,Aarav Kumar,Female,20,Chandigarh,Chandigarh,India,2022-03-28
2698,Aisha Kumar,Male,26,Gurgaon,Haryana,India,2024-10-22
2699,Rohan Verma,Female,19,Mumbai,Maharashtra,India,2024-11-10
2700,Karan Sharma,Female,53,Jaipur,Rajasthan,India,2022-05-20
2701,Vihaan Gill,Male,31,Mohali,Punjab,India,2023-04-16
2702,Aarav Patel,Male,55,Kolkata,West Bengal,India,2024-01-24
2703,Rahul Kumar,Male,52,Jalandhar,Punjab,India,2022-01-16
2704,Aditya Malhotra,Female,50,Jaipur,Rajasthan,India,2024-03-06
2705,Ishita Kumar,Female,39,Jalandhar,Punjab,India,2023-02-05
2706,Neha Gupta,Female,25,Mumbai,Maharashtra,India,2023-08-08
2707,Aarav Mehta,Female,31,Chennai,Tamil Nadu,India,2023-01-14
2708,Aarav Verma,Male,65,Ludhiana,Punjab,India,2023-02-26
2709,Aisha Gill,Female,62,Delhi,Delhi,India,2023-03-15
2710,Rohan Mehta,Male,59,Jaipur,Rajasthan,India,2023-04-16
2711,Vihaan Malhotra,Male,37,Noida,Uttar Pradesh,India,2022-01-26
2712,Ishita Kaur,Female,31,Delhi,Delhi,India,2024-10-20
2713,Meera Patel,Female,43,Bangalore,Karnataka,India,2025-05-17
2714,Neha Mehta,Female,53,Jalandhar,Punjab,India,2025-05-07
2715,Aisha Kumar,Male,57,Jaipur,Rajasthan,India,2022-08-08
2716,Ishita Sharma,Male,18,Chandigarh,Chandigarh,India,2023-07-16
2717,Aditya Mehta,Female,64,Chandigarh,Chandigarh,India,2025-03-09
2718,Arjun Sharma,Female,31,Jalandhar,Punjab,India,2023-01-26
2719,Meera Patel,Male,35,Hyderabad,Telangana,India,2024-05-05
2720,Aditya Sharma,Male,37,Chandigarh,Chandigarh,India,2022-10-18
2721,Karan Kumar,Male,58,Noida,Uttar Pradesh,India,2022-03-04
2722,Kabir Sharma,Male,23,Kolkata,West Bengal,India,2023-04-26
2723,Ishita Gill,Female,35,Chennai,Tamil Nadu,India,2022-02-16
2724,Arjun Kaur,Male,22,Kolkata,West Bengal,India,2024-03-25
2725,Aarav Sharma,Female,45,Bangalore,Karnataka,India,2024-08-11
2726,Kabir Sharma,Male,60,Hyderabad,Telangana,India,2022-05-10
2727,Meera Gupta,Female,30,Noida,Uttar Pradesh,India,2023-07-02
2728,Priya Gupta,Male,33,Chandigarh,Chandigarh,India,2024-07-06
2729,Priya Sharma,Female,53,Chandigarh,Chandigarh,India,2024-09-27
2730,Meera Sharma,Female,41,Gurgaon,Haryana,India,2022-07-01
2731,Karan Mehta,Male,41,Pune,Maharashtra,India,2024-01-31
2732,Rohan Patel,Female,29,Amritsar,Punjab,India,2025-04-03
2733,Rohan Mehta,Female,36,Bangalore,Karnataka,India,2022-10-30
2734,Priya Malhotra,Female,41,Kolkata,West Bengal,India,2024-06-03
2735,Ananya Gupta,Male,39,Kharar,Punjab,India,2024-01-05
2736,Karan Malhotra,Male,20,Chennai,Tamil Nadu,India,2023-12-05
2737,Ananya Patel,Male,54,Amritsar,Punjab,India,2022-10-13
2738,Ishita Verma,Male,44,Delhi,Delhi,India,2022-08-18
2739,Simran Singh,Male,34,Mohali,Punjab,India,2025-02-01
2740,Meera Kumar,Female,49,Jalandhar,Punjab,India,2022-08-28
2741,Meera Patel,Female,51,Mumbai,Maharashtra,India,2024-03-15
2742,Ananya Patel,Female,62,Gurgaon,Haryana,India,2022-08-06
2743,Priya Mehta,Male,62,Gurgaon,Haryana,India,2023-01-21
2744,Neha Malhotra,Male,49,Chandigarh,Chandigarh,India,2022-10-23
2745,Meera Gupta,Male,43,Kharar,Punjab,India,2023-09-13
2746,Simran Singh,Male,19,Delhi,Delhi,India,2022-02-03
2747,Aditya Singh,Male,29,Chandigarh,Chandigarh,India,2022-05-27
2748,Aditya Mehta,Male,45,Kharar,Punjab,India,2024-01-03
2749,Aarav Gill,Female,39,Bangalore,Karnataka,India,2024-03-05
2750,Vihaan Gupta,Female,57,Pune,Maharashtra,India,2025-04-22
2751,Priya Gill,Male,61,Kolkata,West Bengal,India,2024-10-03
2752,Karan Patel,Female,19,Mohali,Punjab,India,2023-06-08
2753,Ishita Verma,Male,45,Kolkata,West Bengal,India,2025-04-17
2754,Priya Mehta,Male,42,Pune,Maharashtra,India,2022-03-21
2755,Aisha Singh,Female,34,Kolkata,West Bengal,India,2025-01-18
2756,Arjun Kumar,Male,47,Kharar,Punjab,India,2024-02-17
2757,Vihaan Gill,Female,20,Mumbai,Maharashtra,India,2023-10-24
2758,Simran Mehta,Male,57,Jaipur,Rajasthan,India,2024-04-20
2759,Aarav Kaur,Male,50,Ludhiana,Punjab,India,2024-06-29
2760,Simran Kaur,Female,35,Kharar,Punjab,India,2025-03-03
2761,Aisha Malhotra,Male,34,Bangalore,Karnataka,India,2025-04-14
2762,Meera Malhotra,Female,29,Ludhiana,Punjab,India,2024-07-14
2763,Ishita Kaur,Male,36,Jaipur,Rajasthan,India,2025-05-16
2764,Rahul Singh,Male,22,Mumbai,Maharashtra,India,2023-02-12
2765,Karan Kumar,Male,42,Kolkata,West Bengal,India,2022-12-28
2766,Aarav Gupta,Male,32,Bangalore,Karnataka,India,2023-11-28
2767,Vihaan Mehta,Male,24,Kolkata,West Bengal,India,2022-12-03
2768,Kabir Gill,Male,46,Amritsar,Punjab,India,2024-10-13
2769,Aisha Verma,Male,63,Pune,Maharashtra,India,2024-12-11
2770,Priya Malhotra,Male,44,Pune,Maharashtra,India,2024-08-28
2771,Aditya Verma,Female,22,Mohali,Punjab,India,2022-05-14
2772,Aditya Patel,Female,43,Kharar,Punjab,India,2024-11-04
2773,Neha Kaur,Male,19,Gurgaon,Haryana,India,2022-11-28
2774,Ananya Kaur,Male,46,Kharar,Punjab,India,2025-01-23
2775,Simran Gupta,Female,22,Pune,Maharashtra,India,2023-01-15
2776,Arjun Malhotra,Male,32,Hyderabad,Telangana,India,2023-02-19
2777,Aditya Kaur,Female,18,Amritsar,Punjab,India,2024-02-01
2778,Simran Sharma,Male,51,Mohali,Punjab,India,2023-06-29
2779,Aditya Kaur,Female,33,Chandigarh,Chandigarh,India,2024-09-10
2780,Vihaan Mehta,Female,48,Delhi,Delhi,India,2023-03-15
2781,Kabir Verma,Male,27,Ludhiana,Punjab,India,2022-09-18
2782,Ishita Singh,Female,50,Amritsar,Punjab,India,2022-05-29
2783,Vihaan Verma,Female,32,Jalandhar,Punjab,India,2023-06-22
2784,Aarav Verma,Male,38,Hyderabad,Telangana,India,2024-03-19
2785,Vihaan Patel,Female,46,Chandigarh,Chandigarh,India,2025-05-26
2786,Meera Kaur,Female,57,Gurgaon,Haryana,India,2024-11-09
2787,Priya Kaur,Male,56,Hyderabad,Telangana,India,2024-12-03
2788,Karan Singh,Female,56,Jaipur,Rajasthan,India,2022-03-05
2789,Arjun Malhotra,Male,63,Hyderabad,Telangana,India,2022-10-26
2790,Rohan Gupta,Female,35,Mohali,Punjab,India,2024-08-09
2791,Aditya Malhotra,Female,37,Mumbai,Maharashtra,India,2024-08-20
2792,Rahul Gill,Male,48,Kolkata,West Bengal,India,2023-11-22
2793,Meera Mehta,Female,52,Kharar,Punjab,India,2024-11-24
2794,Aditya Gupta,Female,36,Kharar,Punjab,India,2025-05-02
2795,Rohan Patel,Male,54,Gurgaon,Haryana,India,2023-01-27
2796,Aditya Kumar,Female,51,Pune,Maharashtra,India,2024-04-22
2797,Aditya Gill,Female,60,Noida,Uttar Pradesh,India,2023-01-21
2798,Aisha Gupta,Male,61,Amritsar,Punjab,India,2024-01-11
2799,Vihaan Mehta,Male,25,Mumbai,Maharashtra,India,2023-08-20
2800,Vihaan Gill,Female,29,Gurgaon,Haryana,India,2024-10-14
2801,Vihaan Verma,Female,63,Pune,Maharashtra,India,2023-07-09
2802,Simran Patel,Male,34,Chennai,Tamil Nadu,India,2025-05-26
2803,Aditya Singh,Female,53,Kharar,Punjab,India,2024-03-16
2804,Arjun Kumar,Female,49,Chandigarh,Chandigarh,India,2024-07-20
2805,Simran Gill,Female,30,Noida,Uttar Pradesh,India,2023-06-29
2806,Rahul Mehta,Male,48,Mohali,Punjab,India,2024-06-14
2807,Rohan Singh,Male,29,Bangalore,Karnataka,India,2022-09-09
2808,Aisha Sharma,Male,22,Pune,Maharashtra,India,2023-07-23
2809,Simran Malhotra,Female,26,Ludhiana,Punjab,India,2022-07-16
2810,Vihaan Sharma,Male,18,Hyderabad,Telangana,India,2022-08-17
2811,Ananya Gupta,Female,45,Mumbai,Maharashtra,India,2023-05-08
2812,Vihaan Gill,Female,53,Gurgaon,Haryana,India,2023-12-26
2813,Kabir Sharma,Female,32,Gurgaon,Haryana,India,2022-12-18
2814,Vihaan Malhotra,Male,28,Bangalore,Karnataka,India,2022-07-06
2815,Aisha Mehta,Male,24,Noida,Uttar Pradesh,India,2023-05-20
2816,Vihaan Kumar,Female,57,Hyderabad,Telangana,India,2022-12-06
2817,Neha Kumar,Female,24,Jalandhar,Punjab,India,2022-01-07
2818,Priya Gupta,Female,55,Gurgaon,Haryana,India,2025-05-13
2819,Karan Kumar,Male,24,Bangalore,Karnataka,India,2022-06-17
2820,Meera Mehta,Female,27,Hyderabad,Telangana,India,2024-02-27
2821,Aarav Malhotra,Female,31,Bangalore,Karnataka,India,2024-10-03
2822,Aisha Malhotra,Female,38,Hyderabad,Telangana,India,2022-02-12
2823,Simran Gill,Female,46,Kolkata,West Bengal,India,2025-05-27
2824,Rohan Kaur,Male,56,Delhi,Delhi,India,2024-02-13
2825,Aisha Verma,Male,31,Jalandhar,Punjab,India,2023-10-06
2826,Rahul Gupta,Male,63,Pune,Maharashtra,India,2023-08-19
2827,Rahul Gill,Female,19,Gurgaon,Haryana,India,2025-02-27
2828,Priya Singh,Female,63,Gurgaon,Haryana,India,2022-02-14
2829,Ananya Patel,Female,42,Bangalore,Karnataka,India,2022-02-11
2830,Rahul Mehta,Female,23,Kolkata,West Bengal,India,2024-06-14
2831,Rohan Kumar,Female,41,Noida,Uttar Pradesh,India,2023-06-17
2832,Kabir Kaur,Male,55,Kolkata,West Bengal,India,2024-11-25
2833,Ishita Sharma,Female,41,Delhi,Delhi,India,2022-04-09
2834,Arjun Kaur,Male,57,Gurgaon,Haryana,India,2025-02-06
2835,Aditya Singh,Female,46,Mohali,Punjab,India,2022-11-02
2836,Kabir Verma,Female,29,Jaipur,Rajasthan,India,2023-04-15
2837,Aditya Kaur,Male,32,Hyderabad,Telangana,India,2022-07-08
2838,Ananya Kaur,Female,53,Mohali,Punjab,India,2024-08-21
2839,Neha Kaur,Male,19,Hyderabad,Telangana,India,2023-02-05
2840,Arjun Singh,Female,29,Kharar,Punjab,India,2024-12-29
2841,Aisha Mehta,Female,64,Ludhiana,Punjab,India,2023-01-02
2842,Simran Kaur,Male,18,Amritsar,Punjab,India,2023-10-29
2843,Aisha Gupta,Male,50,Jalandhar,Punjab,India,2024-10-30
2844,Rahul Kaur,Male,21,Mohali,Punjab,India,2024-08-18
2845,Ishita Kaur,Male,56,Amritsar,Punjab,India,2024-01-23
2846,Karan Kumar,Female,29,Noida,Uttar Pradesh,India,2022-08-14
2847,Kabir Gill,Male,22,Gurgaon,Haryana,India,2024-02-12
2848,Aarav Gupta,Female,51,Amritsar,Punjab,India,2024-09-30
2849,Simran Malhotra,Female,51,Bangalore,Karnataka,India,2024-08-13
2850,Aisha Gill,Female,34,Pune,Maharashtra,India,2024-12-08
2851,Kabir Malhotra,Female,26,Hyderabad,Telangana,India,2022-03-16
2852,Arjun Gill,Female,37,Delhi,Delhi,India,2022-08-25
2853,Rahul Verma,Female,41,Hyderabad,Telangana,India,2022-02-18
2854,Karan Kumar,Male,31,Mumbai,Maharashtra,India,2024-06-10
2855,Karan Gill,Male,59,Amritsar,Punjab,India,2023-09-11
2856,Vihaan Kaur,Male,32,Bangalore,Karnataka,India,2024-06-18
2857,Karan Verma,Female,63,Noida,Uttar Pradesh,India,2024-08-10
2858,Neha Kumar,Female,26,Pune,Maharashtra,India,2024-05-01
2859,Vihaan Kaur,Male,36,Mohali,Punjab,India,2024-02-06
2860,Rohan Mehta,Female,59,Mohali,Punjab,India,2024-06-06
2861,Ananya Gupta,Female,50,Kharar,Punjab,India,2025-02-03
2862,Aarav Mehta,Male,40,Kolkata,West Bengal,India,2023-11-10
2863,Aditya Malhotra,Male,18,Delhi,Delhi,India,2022-07-27
2864,Meera Malhotra,Female,21,Amritsar,Punjab,India,2022-02-20
2865,Priya Malhotra,Female,19,Delhi,Delhi,India,2024-07-07
2866,Rohan Gill,Female,40,Bangalore,Karnataka,India,2025-06-27
2867,Aditya Patel,Male,51,Mumbai,Maharashtra,India,2025-04-14
2868,Neha Mehta,Female,45,Ludhiana,Punjab,India,2024-11-18
2869,Priya Malhotra,Male,27,Mohali,Punjab,India,2024-02-13
2870,Priya Mehta,Female,27,Mumbai,Maharashtra,India,2022-10-19
2871,Arjun Gill,Female,35,Delhi,Delhi,India,2024-03-18
2872,Aarav Sharma,Female,18,Gurgaon,Haryana,India,2022-09-30
2873,Rahul Gill,Male,44,Delhi,Delhi,India,2022-11-07
2874,Simran Gill,Female,31,Hyderabad,Telangana,India,2022-01-02
2875,Kabir Sharma,Female,64,Kharar,Punjab,India,2024-09-15
2876,Vihaan Mehta,Male,61,Kharar,Punjab,India,2024-10-07
2877,Arjun Mehta,Female,57,Ludhiana,Punjab,India,2024-02-02
2878,Aditya Gill,Female,58,Kolkata,West Bengal,India,2023-10-31
2879,Priya Gill,Female,56,Amritsar,Punjab,India,2023-05-18
2880,Ishita Sharma,Female,48,Gurgaon,Haryana,India,2023-07-12
2881,Simran Gupta,Female,64,Mumbai,Maharashtra,India,2024-04-08
2882,Ananya Gupta,Female,24,Mohali,Punjab,India,2022-10-31
2883,Ishita Kumar,Male,47,Gurgaon,Haryana,India,2022-11-10
2884,Meera Malhotra,Female,44,Ludhiana,Punjab,India,2024-03-29
2885,Ananya Patel,Female,23,Hyderabad,Telangana,India,2023-05-12
2886,Ananya Mehta,Male,38,Jalandhar,Punjab,India,2022-04-27
2887,Rahul Verma,Male,44,Hyderabad,Telangana,India,2024-08-27
2888,Rohan Patel,Male,37,Chandigarh,Chandigarh,India,2023-04-28
2889,Neha Mehta,Female,55,Kolkata,West Bengal,India,2023-03-15
2890,Rahul Kumar,Female,33,Bangalore,Karnataka,India,2025-06-04
2891,Rohan Kaur,Female,55,Jalandhar,Punjab,India,2024-02-11
2892,Arjun Singh,Male,65,Kharar,Punjab,India,2022-01-18
2893,Simran Verma,Female,23,Amritsar,Punjab,India,2022-11-08
2894,Aarav Mehta,Male,20,Mohali,Punjab,India,2022-10-01
2895,Ishita Patel,Female,60,Jaipur,Rajasthan,India,2025-03-17
2896,Aarav Kaur,Female,39,Kharar,Punjab,India,2022-07-24
2897,Ananya Singh,Male,57,Mohali,Punjab,India,2022-01-01
2898,Aisha Kaur,Female,49,Delhi,Delhi,India,2022-08-09
2899,Ananya Gupta,Male,57,Noida,Uttar Pradesh,India,2023-08-06
2900,Arjun Mehta,Female,28,Amritsar,Punjab,India,2024-11-20
2901,Karan Gill,Male,62,Ludhiana,Punjab,India,2023-08-05
2902,Rahul Patel,Male,62,Mohali,Punjab,India,2024-08-26
2903,Rohan Malhotra,Female,36,Chennai,Tamil Nadu,India,2024-04-01
2904,Aisha Kumar,Female,60,Hyderabad,Telangana,India,2023-10-31
2905,Vihaan Mehta,Male,63,Delhi,Delhi,India,2022-11-14
2906,Arjun Sharma,Male,27,Mohali,Punjab,India,2022-08-09
2907,Kabir Kaur,Male,36,Chennai,Tamil Nadu,India,2023-11-13
2908,Ananya Kumar,Female,45,Mumbai,Maharashtra,India,2024-04-19
2909,Neha Malhotra,Female,63,Ludhiana,Punjab,India,2023-03-06
2910,Priya Sharma,Female,28,Kolkata,West Bengal,India,2024-03-11
2911,Rohan Singh,Male,20,Delhi,Delhi,India,2023-06-01
2912,Kabir Mehta,Female,60,Bangalore,Karnataka,India,2024-03-25
2913,Karan Kaur,Female,65,Mumbai,Maharashtra,India,2024-05-14
2914,Neha Gill,Male,18,Mumbai,Maharashtra,India,2022-12-03
2915,Rahul Singh,Female,39,Noida,Uttar Pradesh,India,2022-10-31
2916,Neha Kaur,Male,50,Mohali,Punjab,India,2025-05-21
2917,Aditya Kumar,Male,44,Kolkata,West Bengal,India,2022-03-20
2918,Priya Patel,Female,57,Chandigarh,Chandigarh,India,2024-02-03
2919,Aarav Singh,Female,50,Mumbai,Maharashtra,India,2023-02-18
2920,Kabir Patel,Female,51,Delhi,Delhi,India,2024-03-11
2921,Rahul Sharma,Female,64,Delhi,Delhi,India,2025-04-25
2922,Simran Mehta,Male,36,Jaipur,Rajasthan,India,2023-11-13
2923,Rahul Gill,Male,48,Chandigarh,Chandigarh,India,2024-05-04
2924,Neha Gill,Male,38,Chennai,Tamil Nadu,India,2025-04-25
2925,Karan Gupta,Female,59,Gurgaon,Haryana,India,2022-03-21
2926,Priya Gill,Female,43,Gurgaon,Haryana,India,2023-06-28
2927,Simran Kumar,Male,32,Chandigarh,Chandigarh,India,2024-07-09
2928,Rahul Sharma,Female,21,Gurgaon,Haryana,India,2022-06-05
2929,Simran Malhotra,Female,19,Noida,Uttar Pradesh,India,2024-10-24
2930,Aisha Gill,Male,49,Jaipur,Rajasthan,India,2025-04-03
2931,Simran Malhotra,Female,25,Delhi,Delhi,India,2023-04-26
2932,Simran Patel,Male,52,Bangalore,Karnataka,India,2023-02-15
2933,Priya Verma,Male,39,Chandigarh,Chandigarh,India,2023-05-18
2934,Aarav Singh,Male,65,Kolkata,West Bengal,India,2023-06-13
2935,Priya Gupta,Female,44,Jalandhar,Punjab,India,2022-11-28
2936,Vihaan Kaur,Female,24,Hyderabad,Telangana,India,2023-08-15
2937,Simran Malhotra,Male,22,Jaipur,Rajasthan,India,2022-11-15
2938,Ishita Sharma,Male,22,Ludhiana,Punjab,India,2023-07-08
2939,Arjun Mehta,Female,25,Jalandhar,Punjab,India,2024-10-21
2940,Simran Singh,Female,60,Chennai,Tamil Nadu,India,2025-06-12
2941,Aisha Singh,Female,23,Noida,Uttar Pradesh,India,2023-12-25
2942,Rahul Kumar,Female,64,Jalandhar,Punjab,India,2022-02-07
2943,Arjun Kaur,Male,39,Kharar,Punjab,India,2022-11-25
2944,Karan Patel,Male,39,Delhi,Delhi,India,2024-03-08
2945,Arjun Malhotra,Female,31,Hyderabad,Telangana,India,2022-12-10
2946,Ananya Mehta,Male,65,Delhi,Delhi,India,2023-04-10
2947,Simran Mehta,Female,38,Kolkata,West Bengal,India,2024-01-26
2948,Neha Sharma,Male,46,Delhi,Delhi,India,2023-01-21
2949,Ananya Patel,Male,60,Chandigarh,Chandigarh,India,2024-02-02
2950,Rahul Sharma,Female,47,Mumbai,Maharashtra,India,2022-06-24
2951,Ishita Singh,Male,55,Amritsar,Punjab,India,2022-10-06
2952,Karan Malhotra,Female,25,Kolkata,West Bengal,India,2022-03-08
2953,Vihaan Gupta,Female,36,Mumbai,Maharashtra,India,2022-03-21
2954,Aarav Gupta,Male,62,Ludhiana,Punjab,India,2023-06-13
2955,Kabir Gupta,Female,44,Bangalore,Karnataka,India,2022-06-02
2956,Arjun Mehta,Female,65,Pune,Maharashtra,India,2023-09-07
2957,Aarav Sharma,Female,38,Hyderabad,Telangana,India,2023-01-14
2958,Ishita Kaur,Male,41,Kharar,Punjab,India,2022-08-21
2959,Aditya Patel,Female,25,Ludhiana,Punjab,India,2023-01-10
2960,Ananya Singh,Male,21,Delhi,Delhi,India,2023-07-21
2961,Ishita Malhotra,Male,63,Jaipur,Rajasthan,India,2025-01-29
2962,Neha Malhotra,Female,24,Jaipur,Rajasthan,India,2024-04-06
2963,Aditya Verma,Male,60,Mohali,Punjab,India,2023-11-14
2964,Meera Sharma,Male,22,Noida,Uttar Pradesh,India,2022-07-13
2965,Arjun Mehta,Male,48,Chandigarh,Chandigarh,India,2024-01-10
2966,Simran Singh,Female,28,Bangalore,Karnataka,India,2025-04-25
2967,Arjun Patel,Male,29,Gurgaon,Haryana,India,2025-03-11
2968,Priya Sharma,Female,31,Ludhiana,Punjab,India,2022-09-17
2969,Meera Malhotra,Male,44,Jalandhar,Punjab,India,2022-01-11
2970,Ananya Kumar,Female,53,Noida,Uttar Pradesh,India,2023-05-03
2971,Rahul Kumar,Female,30,Mohali,Punjab,India,2024-12-16
2972,Rohan Kaur,Female,55,Jaipur,Rajasthan,India,2024-04-22
2973,Aditya Kumar,Male,63,Jaipur,Rajasthan,India,2024-05-10
2974,Priya Gill,Female,18,Noida,Uttar Pradesh,India,2022-08-23
2975,Ananya Kumar,Female,62,Bangalore,Karnataka,India,2022-09-20
2976,Ishita Gill,Male,60,Jalandhar,Punjab,India,2023-05-25
2977,Meera Sharma,Male,33,Amritsar,Punjab,India,2022-04-06
2978,Priya Verma,Male,31,Kharar,Punjab,India,2023-07-21
2979,Ananya Sharma,Male,63,Ludhiana,Punjab,India,2022-08-15
2980,Rahul Singh,Female,31,Chandigarh,Chandigarh,India,2024-07-04
2981,Kabir Singh,Female,38,Amritsar,Punjab,India,2024-04-21
2982,Priya Malhotra,Female,46,Bangalore,Karnataka,India,2023-02-17
2983,Vihaan Verma,Female,30,Amritsar,Punjab,India,2023-05-13
2984,Karan Gupta,Female,21,Kolkata,West Bengal,India,2023-06-01
2985,Rahul Mehta,Male,21,Chandigarh,Chandigarh,India,2022-05-03
2986,Simran Gupta,Male,44,Chennai,Tamil Nadu,India,2022-08-15
2987,Kabir Gupta,Female,29,Jaipur,Rajasthan,India,2024-05-22
2988,Karan Malhotra,Male,55,Chandigarh,Chandigarh,India,2024-07-19
2989,Aditya Kumar,Female,30,Pune,Maharashtra,India,2023-07-19
2990,Rahul Gupta,Male,48,Kolkata,West Bengal,India,2023-03-28
2991,Neha Kaur,Male,33,Chennai,Tamil Nadu,India,2024-09-22
2992,Vihaan Malhotra,Male,25,Bangalore,Karnataka,India,2023-07-03
2993,Simran Gupta,Male,35,Pune,Maharashtra,India,2024-11-23
2994,Meera Verma,Male,22,Jaipur,Rajasthan,India,2025-03-07
2995,Vihaan Gupta,Female,33,Ludhiana,Punjab,India,2025-02-12
2996,Priya Mehta,Male,27,Jalandhar,Punjab,India,2022-02-10
2997,Aisha Malhotra,Female,54,Mumbai,Maharashtra,India,2023-11-30
2998,Karan Kumar,Male,24,Chandigarh,Chandigarh,India,2023-09-20
2999,Aditya Gupta,Male,58,Hyderabad,Telangana,India,2024-04-03
3000,Arjun Verma,Female,57,Pune,Maharashtra,India,2023-02-06
3001,Rohan Sharma,Female,40,Gurgaon,Haryana,India,2024-08-23
3002,Simran Patel,Female,32,Gurgaon,Haryana,India,2024-06-01
3003,Meera Singh,Male,54,Chandigarh,Chandigarh,India,2022-10-08
3004,Rahul Sharma,Male,47,Gurgaon,Haryana,India,2024-04-24
3005,Arjun Malhotra,Female,63,Kharar,Punjab,India,2022-10-05
3006,Meera Kumar,Male,41,Gurgaon,Haryana,India,2022-07-18
3007,Aditya Sharma,Female,25,Mohali,Punjab,India,2023-07-29
3008,Neha Kumar,Male,39,Chennai,Tamil Nadu,India,2023-04-30
3009,Arjun Gupta,Male,20,Ludhiana,Punjab,India,2024-09-01
3010,Simran Kaur,Male,49,Noida,Uttar Pradesh,India,2023-03-20
3011,Neha Patel,Male,23,Hyderabad,Telangana,India,2024-10-28
3012,Neha Gill,Female,18,Gurgaon,Haryana,India,2024-05-24
3013,Neha Patel,Female,53,Pune,Maharashtra,India,2022-12-03
3014,Meera Singh,Male,60,Chandigarh,Chandigarh,India,2023-07-18
3015,Kabir Kaur,Male,65,Delhi,Delhi,India,2022-04-03
3016,Vihaan Kumar,Male,26,Jalandhar,Punjab,India,2023-08-28
3017,Aarav Mehta,Male,57,Chennai,Tamil Nadu,India,2022-10-03
3018,Arjun Kumar,Female,58,Mohali,Punjab,India,2023-09-06
3019,Kabir Singh,Male,48,Hyderabad,Telangana,India,2024-02-14
3020,Kabir Patel,Male,52,Chandigarh,Chandigarh,India,2022-12-25
3021,Arjun Singh,Male,31,Hyderabad,Telangana,India,2022-05-30
3022,Rahul Singh,Female,32,Amritsar,Punjab,India,2022-12-07
3023,Meera Malhotra,Female,46,Noida,Uttar Pradesh,India,2022-11-19
3024,Karan Verma,Male,57,Delhi,Delhi,India,2024-06-30
3025,Rohan Gupta,Male,64,Noida,Uttar Pradesh,India,2022-02-11
3026,Rahul Gupta,Female,52,Delhi,Delhi,India,2024-08-10
3027,Ishita Gill,Male,62,Kharar,Punjab,India,2022-09-17
3028,Vihaan Malhotra,Male,53,Mohali,Punjab,India,2024-09-08
3029,Neha Gill,Male,21,Bangalore,Karnataka,India,2024-11-26
3030,Simran Kumar,Male,33,Jalandhar,Punjab,India,2022-04-14
3031,Vihaan Malhotra,Male,39,Kharar,Punjab,India,2024-12-11
3032,Aditya Gupta,Female,53,Kharar,Punjab,India,2022-10-06
3033,Aarav Verma,Female,31,Jalandhar,Punjab,India,2022-10-14
3034,Meera Singh,Male,57,Gurgaon,Haryana,India,2024-06-24
3035,Rahul Malhotra,Male,65,Kharar,Punjab,India,2023-10-22
3036,Kabir Gupta,Female,19,Chennai,Tamil Nadu,India,2022-03-09
3037,Aisha Sharma,Male,64,Chandigarh,Chandigarh,India,2022-03-04
3038,Rohan Kaur,Male,23,Kharar,Punjab,India,2023-01-25
3039,Aisha Singh,Female,52,Kolkata,West Bengal,India,2024-01-31
3040,Aisha Gill,Male,64,Mohali,Punjab,India,2022-11-03
3041,Rohan Verma,Male,50,Pune,Maharashtra,India,2023-08-17
3042,Aditya Kaur,Male,52,Jaipur,Rajasthan,India,2022-10-30
3043,Aditya Mehta,Male,27,Kolkata,West Bengal,India,2022-12-26
3044,Simran Gill,Male,38,Jaipur,Rajasthan,India,2024-02-17
3045,Aarav Malhotra,Female,47,Kolkata,West Bengal,India,2022-02-23
3046,Ananya Sharma,Male,60,Mohali,Punjab,India,2023-06-20
3047,Rahul Patel,Female,23,Gurgaon,Haryana,India,2024-01-11
3048,Simran Kaur,Female,42,Noida,Uttar Pradesh,India,2025-02-27
3049,Vihaan Verma,Male,35,Ludhiana,Punjab,India,2024-11-13
3050,Rohan Patel,Male,41,Gurgaon,Haryana,India,2023-09-28
3051,Aisha Gill,Female,64,Jalandhar,Punjab,India,2022-03-27
3052,Priya Mehta,Male,44,Mohali,Punjab,India,2023-03-02
3053,Rahul Gill,Female,57,Gurgaon,Haryana,India,2023-12-29
3054,Aisha Gill,Male,26,Chandigarh,Chandigarh,India,2022-05-13
3055,Aditya Sharma,Male,43,Mohali,Punjab,India,2023-06-02
3056,Neha Malhotra,Male,34,Ludhiana,Punjab,India,2023-06-14
3057,Simran Mehta,Female,33,Jalandhar,Punjab,India,2024-11-22
3058,Rahul Kumar,Male,43,Delhi,Delhi,India,2023-07-03
3059,Kabir Singh,Male,62,Gurgaon,Haryana,India,2024-03-30
3060,Meera Kaur,Female,44,Jaipur,Rajasthan,India,2023-09-02
3061,Aarav Kumar,Female,63,Jalandhar,Punjab,India,2022-09-25
3062,Meera Malhotra,Female,31,Pune,Maharashtra,India,2022-08-02
3063,Aisha Gupta,Male,47,Jaipur,Rajasthan,India,2022-03-25
3064,Aditya Verma,Male,40,Bangalore,Karnataka,India,2024-02-05
3065,Ishita Sharma,Male,43,Jaipur,Rajasthan,India,2023-04-15
3066,Rohan Malhotra,Male,36,Pune,Maharashtra,India,2023-01-28
3067,Priya Singh,Female,42,Chandigarh,Chandigarh,India,2023-09-23
3068,Aisha Gupta,Female,50,Hyderabad,Telangana,India,2025-03-25
3069,Aisha Kumar,Male,41,Chandigarh,Chandigarh,India,2023-05-10
3070,Ishita Gupta,Female,64,Jalandhar,Punjab,India,2022-10-02
3071,Ananya Sharma,Female,20,Chennai,Tamil Nadu,India,2023-08-17
3072,Ishita Gupta,Male,31,Mohali,Punjab,India,2023-03-19
3073,Aisha Patel,Male,51,Delhi,Delhi,India,2023-06-12
3074,Neha Singh,Female,64,Mumbai,Maharashtra,India,2023-03-31
3075,Aisha Singh,Male,24,Amritsar,Punjab,India,2025-05-13
3076,Simran Mehta,Male,52,Chennai,Tamil Nadu,India,2022-04-09
3077,Vihaan Gill,Male,58,Delhi,Delhi,India,2023-02-10
3078,Vihaan Kaur,Female,59,Kolkata,West Bengal,India,2023-10-24
3079,Aarav Verma,Male,64,Gurgaon,Haryana,India,2022-06-07
3080,Neha Gill,Female,38,Kharar,Punjab,India,2024-03-08
3081,Karan Malhotra,Female,53,Ludhiana,Punjab,India,2024-12-10
3082,Aarav Kaur,Male,19,Chandigarh,Chandigarh,India,2022-03-02
3083,Rohan Verma,Male,53,Ludhiana,Punjab,India,2022-09-19
3084,Vihaan Verma,Female,48,Chandigarh,Chandigarh,India,2024-10-15
3085,Meera Gupta,Male,64,Noida,Uttar Pradesh,India,2024-04-30
3086,Neha Gill,Male,43,Chandigarh,Chandigarh,India,2024-01-24
3087,Kabir Sharma,Male,37,Pune,Maharashtra,India,2025-05-21
3088,Aisha Singh,Female,24,Kharar,Punjab,India,2025-01-09
3089,Vihaan Kumar,Female,51,Jaipur,Rajasthan,India,2024-09-04
3090,Ishita Sharma,Male,44,Mumbai,Maharashtra,India,2023-02-03
3091,Ishita Kaur,Male,56,Jalandhar,Punjab,India,2025-05-17
3092,Arjun Kumar,Female,35,Amritsar,Punjab,India,2023-11-18
3093,Rahul Singh,Male,34,Mumbai,Maharashtra,India,2022-03-16
3094,Kabir Malhotra,Female,65,Jaipur,Rajasthan,India,2022-03-29
3095,Priya Sharma,Female,33,Pune,Maharashtra,India,2024-10-05
3096,Rahul Verma,Male,51,Bangalore,Karnataka,India,2022-07-16
3097,Meera Kaur,Female,19,Ludhiana,Punjab,India,2022-03-28
3098,Ishita Sharma,Male,41,Delhi,Delhi,India,2024-03-10
3099,Neha Gill,Male,19,Bangalore,Karnataka,India,2024-03-02
3100,Priya Mehta,Male,38,Amritsar,Punjab,India,2023-03-12
3101,Kabir Kumar,Female,39,Ludhiana,Punjab,India,2023-12-30
3102,Ishita Verma,Male,45,Mohali,Punjab,India,2025-03-17
3103,Karan Mehta,Female,53,Ludhiana,Punjab,India,2022-10-20
3104,Simran Gupta,Female,65,Delhi,Delhi,India,2022-03-24
3105,Vihaan Gupta,Male,51,Ludhiana,Punjab,India,2024-07-05
3106,Rohan Gupta,Male,48,Delhi,Delhi,India,2025-01-31
3107,Rahul Sharma,Male,32,Amritsar,Punjab,India,2024-02-06
3108,Aarav Singh,Female,46,Ludhiana,Punjab,India,2022-02-06
3109,Simran Patel,Male,36,Mohali,Punjab,India,2023-08-09
3110,Neha Sharma,Female,34,Jalandhar,Punjab,India,2025-04-08
3111,Rahul Gill,Female,57,Jalandhar,Punjab,India,2025-03-18
3112,Ishita Gupta,Female,23,Bangalore,Karnataka,India,2024-12-05
3113,Kabir Malhotra,Female,55,Jaipur,Rajasthan,India,2024-02-26
3114,Kabir Patel,Male,36,Gurgaon,Haryana,India,2022-02-13
3115,Ananya Gill,Male,29,Jaipur,Rajasthan,India,2023-01-25
3116,Kabir Kumar,Female,27,Ludhiana,Punjab,India,2024-05-30
3117,Ananya Malhotra,Male,44,Bangalore,Karnataka,India,2025-06-28
3118,Simran Mehta,Male,43,Chandigarh,Chandigarh,India,2022-08-30
3119,Aisha Verma,Male,59,Chennai,Tamil Nadu,India,2024-06-24
3120,Meera Kumar,Female,53,Jalandhar,Punjab,India,2023-04-13
3121,Rohan Gill,Female,59,Gurgaon,Haryana,India,2023-05-15
3122,Priya Malhotra,Male,36,Amritsar,Punjab,India,2022-01-07
3123,Rahul Singh,Male,62,Pune,Maharashtra,India,2025-03-05
3124,Rohan Sharma,Male,43,Hyderabad,Telangana,India,2025-04-24
3125,Simran Kaur,Female,60,Pune,Maharashtra,India,2023-06-29
3126,Aisha Malhotra,Female,54,Kharar,Punjab,India,2024-02-14
3127,Rahul Singh,Male,18,Pune,Maharashtra,India,2025-02-24
3128,Aisha Verma,Male,61,Kolkata,West Bengal,India,2022-10-26
3129,Aisha Malhotra,Female,54,Delhi,Delhi,India,2023-11-21
3130,Aditya Kumar,Female,43,Ludhiana,Punjab,India,2025-01-13
3131,Vihaan Gill,Female,50,Amritsar,Punjab,India,2023-07-11
3132,Ishita Sharma,Male,48,Mohali,Punjab,India,2023-04-04
3133,Aarav Malhotra,Female,56,Chandigarh,Chandigarh,India,2024-03-11
3134,Arjun Sharma,Male,42,Bangalore,Karnataka,India,2024-10-28
3135,Arjun Singh,Male,57,Delhi,Delhi,India,2023-11-17
3136,Aarav Singh,Female,51,Chandigarh,Chandigarh,India,2022-04-25
3137,Arjun Gupta,Male,65,Noida,Uttar Pradesh,India,2023-10-21
3138,Karan Verma,Male,58,Mohali,Punjab,India,2024-12-04
3139,Ishita Gill,Female,59,Delhi,Delhi,India,2024-04-22
3140,Aarav Patel,Male,58,Amritsar,Punjab,India,2023-07-28
3141,Aarav Mehta,Female,46,Noida,Uttar Pradesh,India,2025-05-11
3142,Rahul Kaur,Male,63,Jaipur,Rajasthan,India,2024-07-08
3143,Meera Verma,Female,60,Amritsar,Punjab,India,2022-09-24
3144,Rohan Sharma,Male,65,Amritsar,Punjab,India,2024-10-04
3145,Neha Verma,Male,28,Kolkata,West Bengal,India,2025-03-03
3146,Aisha Gupta,Male,43,Kharar,Punjab,India,2024-12-09
3147,Arjun Kumar,Male,30,Noida,Uttar Pradesh,India,2024-07-18
3148,Arjun Kaur,Female,40,Gurgaon,Haryana,India,2022-12-17
3149,Rohan Verma,Male,47,Delhi,Delhi,India,2025-01-20
3150,Karan Sharma,Male,28,Kharar,Punjab,India,2022-07-28
3151,Ananya Kaur,Male,42,Kharar,Punjab,India,2022-08-19
3152,Aisha Verma,Male,50,Gurgaon,Haryana,India,2023-10-13
3153,Karan Mehta,Female,42,Amritsar,Punjab,India,2022-09-06
3154,Vihaan Mehta,Male,60,Delhi,Delhi,India,2025-01-21
3155,Aditya Gupta,Male,64,Jaipur,Rajasthan,India,2022-12-12
3156,Aarav Kaur,Female,36,Mumbai,Maharashtra,India,2024-11-11
3157,Ishita Singh,Female,35,Mohali,Punjab,India,2023-08-07
3158,Vihaan Mehta,Male,61,Mohali,Punjab,India,2023-05-28
3159,Rahul Mehta,Male,27,Ludhiana,Punjab,India,2024-08-06
3160,Priya Malhotra,Male,29,Kolkata,West Bengal,India,2022-06-03
3161,Ishita Kaur,Male,49,Chandigarh,Chandigarh,India,2025-04-21
3162,Arjun Kumar,Female,51,Jalandhar,Punjab,India,2024-05-09
3163,Ananya Malhotra,Female,65,Jalandhar,Punjab,India,2024-10-03
3164,Vihaan Verma,Male,52,Chennai,Tamil Nadu,India,2023-05-13
3165,Ishita Malhotra,Male,52,Ludhiana,Punjab,India,2023-10-15
3166,Aarav Patel,Male,54,Hyderabad,Telangana,India,2024-07-09
3167,Karan Gill,Female,43,Chandigarh,Chandigarh,India,2022-09-01
3168,Karan Sharma,Female,49,Chennai,Tamil Nadu,India,2023-04-29
3169,Simran Kaur,Male,41,Bangalore,Karnataka,India,2022-01-05
3170,Simran Kaur,Male,60,Bangalore,Karnataka,India,2022-12-17
3171,Vihaan Patel,Female,61,Jalandhar,Punjab,India,2022-11-23
3172,Rahul Patel,Male,39,Kharar,Punjab,India,2025-01-09
3173,Neha Singh,Female,43,Chennai,Tamil Nadu,India,2025-03-12
3174,Meera Singh,Male,22,Amritsar,Punjab,India,2025-03-14
3175,Rohan Gill,Female,47,Amritsar,Punjab,India,2025-05-01
3176,Simran Gill,Female,33,Mohali,Punjab,India,2024-05-30
3177,Aisha Malhotra,Male,28,Jaipur,Rajasthan,India,2022-09-17
3178,Ishita Patel,Male,56,Mohali,Punjab,India,2023-04-16
3179,Meera Gill,Female,50,Hyderabad,Telangana,India,2023-08-21
3180,Aditya Gill,Female,65,Amritsar,Punjab,India,2025-06-02
3181,Priya Singh,Female,40,Kharar,Punjab,India,2024-07-14
3182,Aisha Sharma,Female,23,Chennai,Tamil Nadu,India,2024-01-02
3183,Vihaan Malhotra,Female,46,Jalandhar,Punjab,India,2024-03-10
3184,Vihaan Malhotra,Male,19,Kolkata,West Bengal,India,2025-06-14
3185,Aditya Verma,Male,57,Chennai,Tamil Nadu,India,2022-05-11
3186,Karan Gill,Female,42,Chennai,Tamil Nadu,India,2025-01-14
3187,Ishita Gill,Female,50,Amritsar,Punjab,India,2024-10-15
3188,Ishita Kaur,Female,51,Amritsar,Punjab,India,2025-03-27
3189,Karan Sharma,Female,61,Delhi,Delhi,India,2024-12-09
3190,Rahul Kaur,Male,41,Chandigarh,Chandigarh,India,2022-04-17
3191,Neha Sharma,Female,42,Noida,Uttar Pradesh,India,2024-02-20
3192,Priya Mehta,Male,19,Mumbai,Maharashtra,India,2022-09-13
3193,Aditya Malhotra,Male,65,Jalandhar,Punjab,India,2023-12-03
3194,Aditya Gupta,Male,51,Pune,Maharashtra,India,2024-03-16
3195,Ananya Verma,Male,26,Chennai,Tamil Nadu,India,2023-12-24
3196,Kabir Kumar,Male,61,Jaipur,Rajasthan,India,2024-12-26
3197,Aisha Verma,Male,30,Noida,Uttar Pradesh,India,2025-01-23
3198,Rohan Verma,Male,34,Ludhiana,Punjab,India,2022-06-13
3199,Kabir Malhotra,Female,64,Mumbai,Maharashtra,India,2024-09-16
3200,Neha Patel,Female,28,Jalandhar,Punjab,India,2025-03-24
3201,Rahul Gill,Male,62,Jalandhar,Punjab,India,2023-04-01
3202,Simran Gill,Female,24,Mumbai,Maharashtra,India,2023-04-03
3203,Simran Verma,Female,41,Ludhiana,Punjab,India,2022-02-22
3204,Simran Gupta,Female,53,Kolkata,West Bengal,India,2023-10-27
3205,Ananya Patel,Female,61,Chandigarh,Chandigarh,India,2023-08-12
3206,Vihaan Sharma,Male,37,Noida,Uttar Pradesh,India,2025-06-30
3207,Neha Malhotra,Male,25,Ludhiana,Punjab,India,2024-09-12
3208,Kabir Sharma,Male,51,Kolkata,West Bengal,India,2023-11-15
3209,Aditya Sharma,Male,41,Gurgaon,Haryana,India,2023-03-07
3210,Aditya Singh,Female,36,Bangalore,Karnataka,India,2024-07-18
3211,Rohan Patel,Male,24,Ludhiana,Punjab,India,2023-03-20
3212,Rohan Gill,Male,44,Jalandhar,Punjab,India,2024-09-01
3213,Vihaan Verma,Female,38,Ludhiana,Punjab,India,2022-04-04
3214,Ananya Gupta,Male,62,Chandigarh,Chandigarh,India,2022-08-12
3215,Aisha Singh,Male,40,Jaipur,Rajasthan,India,2022-12-30
3216,Rahul Gill,Male,62,Chennai,Tamil Nadu,India,2025-04-26
3217,Simran Sharma,Male,48,Kolkata,West Bengal,India,2022-01-14
3218,Rohan Kaur,Male,50,Noida,Uttar Pradesh,India,2024-12-14
3219,Rahul Kaur,Male,39,Pune,Maharashtra,India,2025-02-15
3220,Rahul Sharma,Female,55,Hyderabad,Telangana,India,2024-11-03
3221,Aisha Mehta,Female,35,Hyderabad,Telangana,India,2023-09-04
3222,Kabir Mehta,Female,50,Jalandhar,Punjab,India,2023-11-22
3223,Simran Patel,Female,41,Noida,Uttar Pradesh,India,2023-10-12
3224,Kabir Malhotra,Male,37,Jaipur,Rajasthan,India,2025-06-12
3225,Arjun Verma,Female,19,Ludhiana,Punjab,India,2022-10-06
3226,Neha Sharma,Male,27,Chandigarh,Chandigarh,India,2023-09-21
3227,Priya Kumar,Male,22,Pune,Maharashtra,India,2023-04-30
3228,Priya Singh,Female,38,Amritsar,Punjab,India,2022-05-22
3229,Aarav Patel,Female,48,Delhi,Delhi,India,2022-03-11
3230,Priya Verma,Male,61,Delhi,Delhi,India,2022-07-25
3231,Aditya Gupta,Female,42,Jaipur,Rajasthan,India,2025-04-16
3232,Kabir Mehta,Male,45,Kolkata,West Bengal,India,2024-07-08
3233,Meera Gupta,Female,27,Chennai,Tamil Nadu,India,2022-01-14
3234,Rohan Malhotra,Male,41,Amritsar,Punjab,India,2023-08-13
3235,Arjun Malhotra,Male,29,Delhi,Delhi,India,2025-01-17
3236,Meera Kaur,Male,22,Ludhiana,Punjab,India,2022-09-16
3237,Ananya Kaur,Male,58,Delhi,Delhi,India,2023-09-17
3238,Aarav Verma,Male,23,Kharar,Punjab,India,2024-11-30
3239,Rahul Gupta,Female,28,Gurgaon,Haryana,India,2023-02-22
3240,Rohan Sharma,Male,48,Chennai,Tamil Nadu,India,2024-04-07
3241,Priya Mehta,Male,29,Kharar,Punjab,India,2023-12-18
3242,Karan Patel,Female,65,Kolkata,West Bengal,India,2024-01-14
3243,Karan Kaur,Female,27,Noida,Uttar Pradesh,India,2025-03-15
3244,Rohan Kaur,Male,50,Mohali,Punjab,India,2024-07-17
3245,Neha Malhotra,Male,64,Bangalore,Karnataka,India,2022-07-29
3246,Aarav Malhotra,Male,63,Bangalore,Karnataka,India,2024-06-19
3247,Priya Mehta,Male,22,Ludhiana,Punjab,India,2024-07-25
3248,Vihaan Mehta,Male,54,Delhi,Delhi,India,2025-04-08
3249,Ishita Sharma,Female,29,Jalandhar,Punjab,India,2022-12-20
3250,Ananya Gill,Male,65,Amritsar,Punjab,India,2024-04-23
3251,Arjun Verma,Female,60,Jalandhar,Punjab,India,2025-04-13
3252,Priya Gupta,Male,53,Kharar,Punjab,India,2025-02-01
3253,Vihaan Kaur,Female,59,Amritsar,Punjab,India,2024-01-15
3254,Aisha Gill,Male,38,Gurgaon,Haryana,India,2025-02-12
3255,Aditya Verma,Male,49,Jaipur,Rajasthan,India,2024-08-06
3256,Vihaan Kaur,Female,36,Kolkata,West Bengal,India,2023-05-22
3257,Ananya Patel,Female,34,Chandigarh,Chandigarh,India,2025-03-28
3258,Ananya Singh,Male,46,Kolkata,West Bengal,India,2025-05-21
3259,Aarav Kaur,Male,46,Chennai,Tamil Nadu,India,2022-05-24
3260,Aarav Patel,Male,60,Jalandhar,Punjab,India,2025-05-05
3261,Aisha Malhotra,Female,64,Chennai,Tamil Nadu,India,2022-08-19
3262,Karan Patel,Male,55,Delhi,Delhi,India,2025-02-17
3263,Kabir Kaur,Male,61,Gurgaon,Haryana,India,2022-07-21
3264,Aisha Patel,Female,64,Amritsar,Punjab,India,2022-04-22
3265,Kabir Sharma,Male,34,Delhi,Delhi,India,2025-02-09
3266,Ananya Mehta,Female,40,Kolkata,West Bengal,India,2023-03-08
3267,Priya Malhotra,Female,29,Pune,Maharashtra,India,2023-04-30
3268,Neha Sharma,Male,30,Bangalore,Karnataka,India,2022-02-05
3269,Aditya Kumar,Female,59,Noida,Uttar Pradesh,India,2022-06-17
3270,Arjun Mehta,Male,40,Mumbai,Maharashtra,India,2022-11-30
3271,Ishita Gill,Male,19,Delhi,Delhi,India,2022-11-02
3272,Aisha Gill,Female,60,Jalandhar,Punjab,India,2022-02-19
3273,Aditya Kumar,Female,35,Kharar,Punjab,India,2024-11-13
3274,Aarav Gill,Male,18,Delhi,Delhi,India,2025-03-26
3275,Karan Singh,Male,61,Hyderabad,Telangana,India,2025-04-30
3276,Arjun Gill,Male,27,Kolkata,West Bengal,India,2024-03-25
3277,Priya Kaur,Male,25,Mohali,Punjab,India,2023-03-01
3278,Arjun Mehta,Female,47,Jalandhar,Punjab,India,2022-10-13
3279,Arjun Gill,Male,25,Mohali,Punjab,India,2022-08-19
3280,Rahul Singh,Male,29,Bangalore,Karnataka,India,2022-03-27
3281,Ananya Sharma,Female,26,Ludhiana,Punjab,India,2023-12-04
3282,Neha Kumar,Male,57,Chennai,Tamil Nadu,India,2023-03-15
3283,Aditya Gill,Male,45,Mohali,Punjab,India,2024-02-18
3284,Vihaan Malhotra,Male,60,Mumbai,Maharashtra,India,2023-01-02
3285,Priya Gupta,Male,27,Chennai,Tamil Nadu,India,2023-08-01
3286,Arjun Singh,Female,19,Jalandhar,Punjab,India,2025-02-17
3287,Priya Malhotra,Male,39,Bangalore,Karnataka,India,2022-01-18
3288,Kabir Kaur,Female,42,Mumbai,Maharashtra,India,2022-09-21
3289,Ishita Gill,Male,62,Chandigarh,Chandigarh,India,2024-01-22
3290,Meera Verma,Male,65,Pune,Maharashtra,India,2022-01-03
3291,Meera Gill,Female,26,Delhi,Delhi,India,2025-04-09
3292,Ishita Sharma,Male,32,Kolkata,West Bengal,India,2024-07-18
3293,Kabir Gupta,Male,45,Ludhiana,Punjab,India,2024-01-06
3294,Simran Patel,Female,37,Mumbai,Maharashtra,India,2022-09-24
3295,Ishita Sharma,Female,22,Delhi,Delhi,India,2022-11-16
3296,Kabir Mehta,Male,45,Chandigarh,Chandigarh,India,2022-09-10
3297,Ananya Kaur,Female,32,Pune,Maharashtra,India,2025-02-15
3298,Aditya Sharma,Male,56,Kolkata,West Bengal,India,2025-06-22
3299,Karan Singh,Female,45,Mohali,Punjab,India,2025-04-24
3300,Rahul Kumar,Male,26,Chandigarh,Chandigarh,India,2023-07-31
3301,Rohan Patel,Female,28,Ludhiana,Punjab,India,2022-01-16
3302,Meera Gupta,Male,33,Gurgaon,Haryana,India,2022-05-01
3303,Aarav Gill,Female,43,Ludhiana,Punjab,India,2024-10-13
3304,Rohan Verma,Female,57,Chennai,Tamil Nadu,India,2022-05-13
3305,Karan Gill,Female,41,Pune,Maharashtra,India,2023-08-07
3306,Ishita Kaur,Male,34,Hyderabad,Telangana,India,2024-09-09
3307,Kabir Gupta,Female,45,Ludhiana,Punjab,India,2022-01-06
3308,Aarav Malhotra,Male,25,Ludhiana,Punjab,India,2024-11-19
3309,Aarav Kumar,Male,65,Ludhiana,Punjab,India,2024-04-24
3310,Arjun Mehta,Female,35,Gurgaon,Haryana,India,2022-07-04
3311,Kabir Verma,Male,52,Kolkata,West Bengal,India,2022-01-27
3312,Aisha Patel,Female,24,Ludhiana,Punjab,India,2022-10-31
3313,Ishita Singh,Female,63,Chandigarh,Chandigarh,India,2022-05-05
3314,Arjun Kumar,Male,44,Chennai,Tamil Nadu,India,2024-07-16
3315,Vihaan Sharma,Female,63,Ludhiana,Punjab,India,2023-04-15
3316,Arjun Sharma,Female,41,Mumbai,Maharashtra,India,2024-12-22
3317,Karan Gupta,Male,43,Noida,Uttar Pradesh,India,2022-12-25
3318,Meera Kumar,Male,19,Ludhiana,Punjab,India,2025-03-03
3319,Kabir Patel,Female,46,Hyderabad,Telangana,India,2024-05-22
3320,Ananya Gupta,Female,19,Hyderabad,Telangana,India,2023-02-23
3321,Simran Sharma,Female,30,Ludhiana,Punjab,India,2023-02-15
3322,Kabir Mehta,Female,45,Bangalore,Karnataka,India,2024-03-17
3323,Ishita Kaur,Male,40,Hyderabad,Telangana,India,2025-04-13
3324,Simran Kumar,Male,62,Kharar,Punjab,India,2024-08-30
3325,Aarav Sharma,Female,43,Chandigarh,Chandigarh,India,2024-04-29
3326,Arjun Gupta,Female,58,Hyderabad,Telangana,India,2025-04-21
3327,Aisha Singh,Male,21,Chandigarh,Chandigarh,India,2024-07-04
3328,Priya Mehta,Male,34,Kolkata,West Bengal,India,2022-03-18
3329,Meera Gupta,Male,52,Chandigarh,Chandigarh,India,2025-02-04
3330,Ishita Gill,Female,54,Kharar,Punjab,India,2022-01-07
3331,Vihaan Singh,Female,29,Mumbai,Maharashtra,India,2022-03-28
3332,Ananya Gill,Male,55,Noida,Uttar Pradesh,India,2023-09-02
3333,Neha Verma,Female,58,Kolkata,West Bengal,India,2023-04-04
3334,Vihaan Mehta,Female,61,Kharar,Punjab,India,2022-09-04
3335,Rahul Gill,Female,24,Hyderabad,Telangana,India,2024-04-21
3336,Arjun Kaur,Male,49,Bangalore,Karnataka,India,2023-08-11
3337,Karan Mehta,Female,33,Mohali,Punjab,India,2023-04-23
3338,Aisha Patel,Female,29,Jalandhar,Punjab,India,2023-03-08
3339,Ananya Gill,Male,57,Jaipur,Rajasthan,India,2024-07-02
3340,Arjun Gupta,Male,45,Chandigarh,Chandigarh,India,2022-10-13
3341,Vihaan Mehta,Male,50,Chandigarh,Chandigarh,India,2024-08-01
3342,Arjun Singh,Female,21,Jalandhar,Punjab,India,2022-11-21
3343,Priya Gupta,Male,52,Chandigarh,Chandigarh,India,2022-06-21
3344,Rohan Gill,Female,27,Gurgaon,Haryana,India,2022-08-18
3345,Karan Sharma,Female,60,Kharar,Punjab,India,2024-11-06
3346,Ishita Singh,Female,34,Chandigarh,Chandigarh,India,2023-09-15
3347,Kabir Singh,Female,40,Amritsar,Punjab,India,2024-12-04
3348,Ananya Mehta,Female,46,Gurgaon,Haryana,India,2022-01-24
3349,Aarav Sharma,Female,52,Jalandhar,Punjab,India,2022-04-06
3350,Karan Patel,Female,60,Hyderabad,Telangana,India,2022-07-11
3351,Ishita Kumar,Female,54,Jalandhar,Punjab,India,2022-06-24
3352,Ananya Verma,Male,59,Jaipur,Rajasthan,India,2022-06-22
3353,Simran Mehta,Female,28,Jalandhar,Punjab,India,2025-05-13
3354,Simran Malhotra,Male,47,Hyderabad,Telangana,India,2024-03-14
3355,Priya Sharma,Female,20,Kolkata,West Bengal,India,2025-04-20
3356,Vihaan Singh,Female,23,Pune,Maharashtra,India,2025-04-04
3357,Arjun Patel,Female,20,Hyderabad,Telangana,India,2024-10-09
3358,Kabir Mehta,Female,61,Gurgaon,Haryana,India,2025-02-06
3359,Rohan Verma,Female,24,Gurgaon,Haryana,India,2024-07-31
3360,Kabir Gupta,Male,56,Bangalore,Karnataka,India,2024-05-13
3361,Ishita Gill,Female,42,Jaipur,Rajasthan,India,2025-01-24
3362,Meera Gupta,Female,19,Gurgaon,Haryana,India,2023-06-29
3363,Simran Gupta,Male,22,Chennai,Tamil Nadu,India,2024-06-28
3364,Kabir Malhotra,Female,24,Chandigarh,Chandigarh,India,2024-03-01
3365,Kabir Patel,Male,58,Amritsar,Punjab,India,2024-04-12
3366,Simran Malhotra,Male,18,Noida,Uttar Pradesh,India,2024-10-26
3367,Aditya Malhotra,Female,52,Gurgaon,Haryana,India,2024-10-24
3368,Ananya Sharma,Female,26,Gurgaon,Haryana,India,2023-06-14
3369,Karan Kaur,Female,56,Bangalore,Karnataka,India,2025-03-25
3370,Rahul Sharma,Male,23,Kharar,Punjab,India,2023-09-07
3371,Vihaan Singh,Male,40,Kharar,Punjab,India,2025-05-13
3372,Ishita Kumar,Female,24,Jalandhar,Punjab,India,2023-04-22
3373,Karan Verma,Male,39,Delhi,Delhi,India,2023-01-18
3374,Aarav Gupta,Female,53,Gurgaon,Haryana,India,2024-11-12
3375,Rahul Patel,Male,28,Ludhiana,Punjab,India,2024-01-08
3376,Aisha Gupta,Female,27,Noida,Uttar Pradesh,India,2023-06-21
3377,Ananya Singh,Female,38,Ludhiana,Punjab,India,2022-03-06
3378,Meera Gupta,Female,19,Delhi,Delhi,India,2025-03-07
3379,Rahul Singh,Female,65,Hyderabad,Telangana,India,2024-09-18
3380,Aisha Malhotra,Male,62,Kharar,Punjab,India,2023-06-14
3381,Simran Malhotra,Male,43,Mohali,Punjab,India,2024-08-03
3382,Arjun Gupta,Male,46,Amritsar,Punjab,India,2023-07-09
3383,Simran Singh,Male,38,Hyderabad,Telangana,India,2025-06-28
3384,Neha Verma,Female,34,Jalandhar,Punjab,India,2025-01-23
3385,Ananya Malhotra,Male,62,Hyderabad,Telangana,India,2025-04-06
3386,Meera Gill,Female,37,Bangalore,Karnataka,India,2024-11-03
3387,Ananya Gupta,Male,38,Bangalore,Karnataka,India,2023-11-28
3388,Rohan Sharma,Male,25,Noida,Uttar Pradesh,India,2025-06-10
3389,Meera Gill,Male,21,Amritsar,Punjab,India,2024-09-05
3390,Vihaan Verma,Male,40,Pune,Maharashtra,India,2022-08-21
3391,Karan Singh,Female,61,Kharar,Punjab,India,2022-05-07
3392,Ishita Gill,Female,31,Gurgaon,Haryana,India,2024-05-12
3393,Vihaan Verma,Male,24,Mumbai,Maharashtra,India,2024-11-20
3394,Rohan Patel,Male,42,Noida,Uttar Pradesh,India,2024-09-21
3395,Aarav Sharma,Female,26,Chandigarh,Chandigarh,India,2023-09-04
3396,Kabir Sharma,Female,42,Noida,Uttar Pradesh,India,2024-02-08
3397,Aisha Malhotra,Female,45,Noida,Uttar Pradesh,India,2024-10-15
3398,Aarav Patel,Female,34,Hyderabad,Telangana,India,2022-11-28
3399,Ishita Gupta,Female,45,Chandigarh,Chandigarh,India,2024-01-16
3400,Aisha Mehta,Female,52,Kolkata,West Bengal,India,2022-03-01
3401,Aisha Gupta,Female,32,Chennai,Tamil Nadu,India,2023-01-29
3402,Rahul Kaur,Male,41,Chandigarh,Chandigarh,India,2023-06-13
3403,Neha Verma,Male,58,Bangalore,Karnataka,India,2023-01-13
3404,Rohan Gupta,Male,24,Hyderabad,Telangana,India,2024-03-23
3405,Ananya Gill,Female,32,Mumbai,Maharashtra,India,2022-04-20
3406,Meera Verma,Male,29,Chandigarh,Chandigarh,India,2022-08-31
3407,Kabir Gupta,Male,46,Jalandhar,Punjab,India,2024-05-26
3408,Meera Mehta,Female,43,Kolkata,West Bengal,India,2022-10-03
3409,Ananya Singh,Female,19,Mumbai,Maharashtra,India,2022-08-01
3410,Kabir Gupta,Male,23,Kharar,Punjab,India,2024-02-02
3411,Simran Malhotra,Female,21,Noida,Uttar Pradesh,India,2022-01-13
3412,Arjun Mehta,Female,48,Chandigarh,Chandigarh,India,2024-10-09
3413,Vihaan Singh,Male,54,Amritsar,Punjab,India,2025-05-04
3414,Karan Sharma,Female,46,Pune,Maharashtra,India,2022-10-04
3415,Aisha Gupta,Male,58,Hyderabad,Telangana,India,2024-05-20
3416,Kabir Singh,Male,21,Kharar,Punjab,India,2023-02-22
3417,Vihaan Mehta,Female,32,Noida,Uttar Pradesh,India,2024-05-30
3418,Meera Gill,Female,52,Pune,Maharashtra,India,2022-04-09
3419,Simran Patel,Male,41,Chennai,Tamil Nadu,India,2023-06-27
3420,Aditya Kaur,Male,60,Jalandhar,Punjab,India,2025-02-15
3421,Simran Patel,Female,41,Gurgaon,Haryana,India,2023-07-04
3422,Aarav Verma,Female,37,Mohali,Punjab,India,2024-01-23
3423,Priya Mehta,Female,65,Jaipur,Rajasthan,India,2022-10-26
3424,Ishita Singh,Male,26,Delhi,Delhi,India,2023-02-01
3425,Neha Mehta,Female,52,Amritsar,Punjab,India,2025-06-13
3426,Priya Gill,Male,46,Kolkata,West Bengal,India,2024-06-16
3427,Aisha Kumar,Male,60,Bangalore,Karnataka,India,2023-08-25
3428,Karan Kaur,Male,30,Jalandhar,Punjab,India,2025-02-10
3429,Priya Kaur,Male,48,Bangalore,Karnataka,India,2023-12-26
3430,Priya Malhotra,Male,22,Chandigarh,Chandigarh,India,2025-05-27
3431,Vihaan Sharma,Female,39,Bangalore,Karnataka,India,2023-02-03
3432,Rahul Gill,Male,38,Mohali,Punjab,India,2025-01-21
3433,Aditya Gill,Male,39,Amritsar,Punjab,India,2023-04-16
3434,Aarav Sharma,Male,50,Jaipur,Rajasthan,India,2022-05-22
3435,Karan Mehta,Female,50,Bangalore,Karnataka,India,2022-05-18
3436,Rohan Kaur,Female,34,Hyderabad,Telangana,India,2023-06-05
3437,Aditya Gupta,Female,21,Pune,Maharashtra,India,2024-12-24
3438,Ishita Malhotra,Female,62,Delhi,Delhi,India,2022-05-16
3439,Ananya Gill,Male,46,Kolkata,West Bengal,India,2025-02-05
3440,Aarav Patel,Male,59,Ludhiana,Punjab,India,2025-05-05
3441,Kabir Malhotra,Female,50,Ludhiana,Punjab,India,2024-11-15
3442,Ishita Malhotra,Female,57,Noida,Uttar Pradesh,India,2025-03-09
3443,Ananya Malhotra,Male,62,Hyderabad,Telangana,India,2025-05-11
3444,Aditya Patel,Female,55,Mohali,Punjab,India,2022-09-30
3445,Arjun Gupta,Female,61,Kolkata,West Bengal,India,2022-10-09
3446,Rahul Kumar,Male,23,Noida,Uttar Pradesh,India,2025-05-10
3447,Meera Gupta,Male,35,Bangalore,Karnataka,India,2022-09-28
3448,Ishita Malhotra,Male,55,Delhi,Delhi,India,2024-07-09
3449,Simran Kumar,Male,54,Jalandhar,Punjab,India,2022-07-31
3450,Arjun Malhotra,Female,19,Amritsar,Punjab,India,2024-03-13
3451,Neha Gill,Male,29,Jalandhar,Punjab,India,2024-11-24
3452,Meera Gill,Male,28,Mohali,Punjab,India,2022-10-26
3453,Aarav Singh,Male,29,Ludhiana,Punjab,India,2023-04-17
3454,Neha Sharma,Male,22,Jalandhar,Punjab,India,2024-12-05
3455,Karan Verma,Female,25,Bangalore,Karnataka,India,2022-04-03
3456,Simran Gill,Female,63,Chandigarh,Chandigarh,India,2024-03-02
3457,Aarav Malhotra,Male,36,Ludhiana,Punjab,India,2023-01-23
3458,Rahul Singh,Female,21,Pune,Maharashtra,India,2023-04-27
3459,Neha Patel,Male,59,Jaipur,Rajasthan,India,2022-06-24
3460,Aisha Mehta,Female,44,Mohali,Punjab,India,2025-02-01
3461,Vihaan Patel,Female,44,Amritsar,Punjab,India,2025-04-20
3462,Ishita Singh,Male,18,Mumbai,Maharashtra,India,2023-02-11
3463,Karan Verma,Male,18,Chandigarh,Chandigarh,India,2024-01-28
3464,Rohan Gill,Female,46,Noida,Uttar Pradesh,India,2022-06-02
3465,Aarav Sharma,Female,45,Mumbai,Maharashtra,India,2024-03-09
3466,Aditya Singh,Male,18,Hyderabad,Telangana,India,2024-03-15
3467,Aditya Singh,Male,63,Pune,Maharashtra,India,2023-04-06
3468,Aarav Mehta,Female,24,Jaipur,Rajasthan,India,2024-03-27
3469,Aisha Gill,Female,20,Noida,Uttar Pradesh,India,2024-12-06
3470,Rohan Malhotra,Male,45,Chandigarh,Chandigarh,India,2024-05-09
3471,Aditya Malhotra,Male,42,Delhi,Delhi,India,2024-12-30
3472,Kabir Verma,Female,18,Bangalore,Karnataka,India,2024-12-17
3473,Simran Verma,Male,48,Gurgaon,Haryana,India,2024-12-19
3474,Aisha Gill,Male,41,Kolkata,West Bengal,India,2022-03-04
3475,Aisha Gill,Female,29,Pune,Maharashtra,India,2024-01-14
3476,Ishita Singh,Female,42,Chennai,Tamil Nadu,India,2022-02-17
3477,Kabir Sharma,Male,26,Gurgaon,Haryana,India,2024-06-02
3478,Karan Malhotra,Male,42,Pune,Maharashtra,India,2022-01-31
3479,Arjun Malhotra,Male,54,Jaipur,Rajasthan,India,2024-01-25
3480,Arjun Mehta,Female,39,Amritsar,Punjab,India,2024-11-11
3481,Arjun Mehta,Female,47,Mumbai,Maharashtra,India,2023-08-19
3482,Priya Kaur,Female,36,Kharar,Punjab,India,2024-02-28
3483,Aisha Singh,Male,52,Jalandhar,Punjab,India,2025-02-03
3484,Aditya Singh,Female,26,Amritsar,Punjab,India,2024-06-11
3485,Kabir Kaur,Male,56,Noida,Uttar Pradesh,India,2024-09-04
3486,Simran Gill,Male,46,Mumbai,Maharashtra,India,2022-04-20
3487,Meera Patel,Female,26,Noida,Uttar Pradesh,India,2022-08-04
3488,Priya Gupta,Female,49,Pune,Maharashtra,India,2022-04-03
3489,Rahul Malhotra,Male,18,Mumbai,Maharashtra,India,2025-03-29
3490,Kabir Patel,Female,18,Amritsar,Punjab,India,2025-03-22
3491,Meera Sharma,Male,58,Chandigarh,Chandigarh,India,2024-03-28
3492,Neha Patel,Female,35,Gurgaon,Haryana,India,2022-04-19
3493,Kabir Kumar,Male,35,Chennai,Tamil Nadu,India,2024-08-20
3494,Simran Kaur,Female,64,Jalandhar,Punjab,India,2023-07-28
3495,Aarav Singh,Female,51,Chandigarh,Chandigarh,India,2024-11-24
3496,Kabir Gupta,Female,33,Jalandhar,Punjab,India,2022-07-04
3497,Rahul Singh,Female,52,Amritsar,Punjab,India,2024-02-04
3498,Karan Singh,Male,40,Chandigarh,Chandigarh,India,2025-02-25
3499,Arjun Singh,Female,18,Mohali,Punjab,India,2025-06-04
3500,Ishita Mehta,Male,60,Jalandhar,Punjab,India,2022-06-26
3501,Kabir Verma,Male,65,Mumbai,Maharashtra,India,2022-03-31
3502,Vihaan Mehta,Male,54,Pune,Maharashtra,India,2022-10-06
3503,Aarav Sharma,Female,22,Delhi,Delhi,India,2024-05-31
3504,Priya Sharma,Male,48,Mumbai,Maharashtra,India,2023-06-10
3505,Neha Malhotra,Female,53,Kharar,Punjab,India,2023-11-02
3506,Vihaan Kaur,Female,44,Jaipur,Rajasthan,India,2025-04-29
3507,Ishita Verma,Female,26,Delhi,Delhi,India,2025-05-03
3508,Aditya Mehta,Male,44,Noida,Uttar Pradesh,India,2022-06-30
3509,Karan Kumar,Female,52,Amritsar,Punjab,India,2022-06-19
3510,Neha Singh,Male,34,Delhi,Delhi,India,2023-11-12
3511,Kabir Patel,Female,32,Mohali,Punjab,India,2023-01-11
3512,Karan Gupta,Male,64,Kharar,Punjab,India,2024-01-08
3513,Aditya Malhotra,Male,39,Chennai,Tamil Nadu,India,2022-11-07
3514,Simran Sharma,Female,35,Hyderabad,Telangana,India,2025-01-22
3515,Aarav Verma,Female,30,Hyderabad,Telangana,India,2025-04-19
3516,Meera Gupta,Female,52,Gurgaon,Haryana,India,2024-10-27
3517,Simran Gupta,Male,38,Delhi,Delhi,India,2023-04-12
3518,Neha Gupta,Female,26,Bangalore,Karnataka,India,2025-01-11
3519,Rohan Patel,Male,46,Mohali,Punjab,India,2024-06-28
3520,Meera Sharma,Female,41,Noida,Uttar Pradesh,India,2024-07-08
3521,Rohan Singh,Female,43,Mumbai,Maharashtra,India,2022-11-23
3522,Ananya Kaur,Male,56,Delhi,Delhi,India,2022-03-11
3523,Neha Patel,Male,20,Mumbai,Maharashtra,India,2024-10-07
3524,Meera Sharma,Male,32,Jaipur,Rajasthan,India,2022-07-24
3525,Arjun Mehta,Female,24,Kharar,Punjab,India,2025-05-15
3526,Kabir Patel,Female,63,Chandigarh,Chandigarh,India,2024-06-30
3527,Aarav Kaur,Male,58,Bangalore,Karnataka,India,2022-02-18
3528,Meera Gill,Female,32,Bangalore,Karnataka,India,2023-10-08
3529,Meera Singh,Male,18,Noida,Uttar Pradesh,India,2022-06-19
3530,Kabir Mehta,Female,54,Amritsar,Punjab,India,2024-01-02
3531,Aarav Kaur,Female,62,Mohali,Punjab,India,2022-04-14
3532,Rohan Singh,Female,31,Kharar,Punjab,India,2023-01-10
3533,Aisha Gill,Female,46,Pune,Maharashtra,India,2025-06-18
3534,Aarav Mehta,Female,20,Mumbai,Maharashtra,India,2024-10-05
3535,Aisha Mehta,Male,26,Ludhiana,Punjab,India,2024-08-07
3536,Neha Patel,Female,59,Mohali,Punjab,India,2022-02-27
3537,Priya Singh,Male,18,Gurgaon,Haryana,India,2024-03-15
3538,Priya Gill,Male,37,Jaipur,Rajasthan,India,2022-01-25
3539,Meera Gill,Male,18,Delhi,Delhi,India,2023-07-23
3540,Kabir Sharma,Male,45,Pune,Maharashtra,India,2022-04-04
3541,Arjun Singh,Female,58,Jaipur,Rajasthan,India,2025-06-10
3542,Vihaan Patel,Male,52,Ludhiana,Punjab,India,2024-01-06
3543,Aisha Kumar,Female,61,Pune,Maharashtra,India,2025-03-07
3544,Kabir Sharma,Female,42,Mumbai,Maharashtra,India,2022-05-25
3545,Aarav Verma,Female,54,Mohali,Punjab,India,2025-03-28
3546,Priya Sharma,Female,54,Chandigarh,Chandigarh,India,2024-05-27
3547,Arjun Malhotra,Female,63,Mohali,Punjab,India,2024-06-18
3548,Aditya Sharma,Male,48,Kolkata,West Bengal,India,2024-10-22
3549,Meera Kaur,Male,60,Noida,Uttar Pradesh,India,2023-02-01
3550,Aditya Gill,Female,32,Jaipur,Rajasthan,India,2022-02-12
3551,Rahul Mehta,Female,42,Chandigarh,Chandigarh,India,2022-11-18
3552,Rohan Sharma,Male,28,Mumbai,Maharashtra,India,2023-12-14
3553,Arjun Mehta,Male,42,Chandigarh,Chandigarh,India,2023-10-04
3554,Kabir Verma,Male,36,Noida,Uttar Pradesh,India,2022-08-05
3555,Simran Gupta,Male,55,Chennai,Tamil Nadu,India,2022-05-06
3556,Priya Gill,Male,32,Jalandhar,Punjab,India,2023-03-30
3557,Rohan Singh,Male,18,Jaipur,Rajasthan,India,2022-03-07
3558,Priya Verma,Male,40,Mohali,Punjab,India,2023-05-16
3559,Priya Malhotra,Female,50,Chandigarh,Chandigarh,India,2023-06-03
3560,Aarav Kaur,Male,23,Gurgaon,Haryana,India,2024-02-26
3561,Karan Kumar,Male,57,Bangalore,Karnataka,India,2022-01-14
3562,Neha Patel,Female,39,Jaipur,Rajasthan,India,2025-02-26
3563,Rohan Gill,Male,23,Chennai,Tamil Nadu,India,2022-12-17
3564,Aditya Kaur,Female,20,Hyderabad,Telangana,India,2023-04-18
3565,Rahul Kaur,Male,62,Gurgaon,Haryana,India,2022-10-17
3566,Rohan Patel,Male,22,Chennai,Tamil Nadu,India,2023-06-08
3567,Karan Sharma,Male,18,Chennai,Tamil Nadu,India,2024-06-30
3568,Arjun Patel,Male,32,Ludhiana,Punjab,India,2025-02-01
3569,Kabir Kumar,Female,62,Chandigarh,Chandigarh,India,2022-12-11
3570,Priya Gill,Male,22,Ludhiana,Punjab,India,2023-12-24
3571,Simran Gill,Female,64,Ludhiana,Punjab,India,2022-01-09
3572,Ananya Singh,Female,24,Pune,Maharashtra,India,2022-08-18
3573,Vihaan Malhotra,Female,39,Hyderabad,Telangana,India,2025-01-31
3574,Meera Gill,Female,54,Kharar,Punjab,India,2024-08-07
3575,Kabir Singh,Female,53,Kolkata,West Bengal,India,2024-11-24
3576,Meera Sharma,Female,33,Mohali,Punjab,India,2024-09-07
3577,Arjun Malhotra,Female,56,Delhi,Delhi,India,2022-11-13
3578,Neha Kaur,Female,39,Kolkata,West Bengal,India,2023-09-29
3579,Priya Singh,Male,28,Mohali,Punjab,India,2024-09-03
3580,Aarav Sharma,Male,53,Jalandhar,Punjab,India,2023-03-14
3581,Simran Kaur,Male,26,Jaipur,Rajasthan,India,2022-11-15
3582,Aditya Singh,Female,35,Mohali,Punjab,India,2024-09-24
3583,Priya Kumar,Male,65,Noida,Uttar Pradesh,India,2024-12-10
3584,Arjun Verma,Female,54,Ludhiana,Punjab,India,2025-05-18
3585,Meera Sharma,Male,65,Delhi,Delhi,India,2022-01-27
3586,Aarav Kumar,Male,35,Amritsar,Punjab,India,2022-11-02
3587,Ishita Kaur,Male,63,Gurgaon,Haryana,India,2024-06-17
3588,Rohan Kaur,Male,33,Kolkata,West Bengal,India,2024-02-03
3589,Aarav Kaur,Male,44,Delhi,Delhi,India,2023-11-19
3590,Rahul Gupta,Female,30,Mohali,Punjab,India,2022-01-06
3591,Rohan Gill,Male,46,Mohali,Punjab,India,2024-07-24
3592,Rohan Verma,Male,57,Chennai,Tamil Nadu,India,2025-01-05
3593,Kabir Singh,Male,59,Gurgaon,Haryana,India,2022-11-28
3594,Rahul Singh,Female,37,Kharar,Punjab,India,2024-02-14
3595,Ishita Kaur,Male,25,Mohali,Punjab,India,2022-03-01
3596,Vihaan Malhotra,Female,22,Noida,Uttar Pradesh,India,2025-06-23
3597,Rahul Kaur,Male,54,Bangalore,Karnataka,India,2022-06-16
3598,Arjun Verma,Female,18,Delhi,Delhi,India,2024-10-23
3599,Rohan Verma,Female,44,Mohali,Punjab,India,2024-03-16
3600,Aisha Sharma,Female,32,Chennai,Tamil Nadu,India,2024-03-17
3601,Arjun Gill,Female,41,Amritsar,Punjab,India,2024-01-11
3602,Aditya Gill,Female,34,Mohali,Punjab,India,2023-09-08
3603,Karan Verma,Female,30,Mohali,Punjab,India,2023-09-20
3604,Meera Kumar,Female,40,Delhi,Delhi,India,2022-01-18
3605,Priya Gill,Female,28,Jaipur,Rajasthan,India,2024-07-18
3606,Kabir Kaur,Female,26,Delhi,Delhi,India,2024-06-07
3607,Arjun Gupta,Male,34,Ludhiana,Punjab,India,2023-03-20
3608,Priya Kaur,Female,59,Hyderabad,Telangana,India,2025-02-10
3609,Aditya Kaur,Male,61,Mumbai,Maharashtra,India,2024-11-20
3610,Simran Mehta,Male,65,Mohali,Punjab,India,2025-06-29
3611,Kabir Kumar,Female,63,Hyderabad,Telangana,India,2022-06-23
3612,Aditya Kumar,Male,53,Bangalore,Karnataka,India,2023-11-25
3613,Neha Kaur,Female,47,Gurgaon,Haryana,India,2023-01-18
3614,Priya Sharma,Female,52,Pune,Maharashtra,India,2023-04-29
3615,Vihaan Gupta,Male,20,Gurgaon,Haryana,India,2023-05-09
3616,Arjun Patel,Female,43,Kharar,Punjab,India,2022-02-27
3617,Meera Gupta,Female,47,Pune,Maharashtra,India,2024-03-10
3618,Karan Patel,Female,43,Noida,Uttar Pradesh,India,2025-04-16
3619,Meera Patel,Male,41,Noida,Uttar Pradesh,India,2023-05-07
3620,Rohan Gill,Female,35,Hyderabad,Telangana,India,2024-03-15
3621,Neha Gill,Female,22,Bangalore,Karnataka,India,2024-06-01
3622,Neha Gupta,Male,23,Delhi,Delhi,India,2022-12-29
3623,Aditya Patel,Male,52,Mumbai,Maharashtra,India,2022-01-17
3624,Neha Gill,Female,50,Mumbai,Maharashtra,India,2022-06-29
3625,Kabir Verma,Male,38,Mumbai,Maharashtra,India,2024-01-31
3626,Rahul Gupta,Female,29,Bangalore,Karnataka,India,2022-08-20
3627,Aarav Mehta,Female,26,Gurgaon,Haryana,India,2023-05-06
3628,Aisha Gill,Male,35,Pune,Maharashtra,India,2023-01-07
3629,Arjun Gupta,Male,60,Bangalore,Karnataka,India,2023-06-27
3630,Vihaan Kaur,Female,25,Delhi,Delhi,India,2023-09-09
3631,Neha Gupta,Male,63,Mumbai,Maharashtra,India,2022-04-25
3632,Ananya Verma,Male,60,Chennai,Tamil Nadu,India,2024-07-26
3633,Arjun Sharma,Male,52,Gurgaon,Haryana,India,2022-09-07
3634,Simran Patel,Male,27,Kolkata,West Bengal,India,2022-09-04
3635,Rohan Malhotra,Female,23,Kharar,Punjab,India,2025-02-14
3636,Rohan Kaur,Male,41,Noida,Uttar Pradesh,India,2023-07-27
3637,Rahul Malhotra,Female,34,Jalandhar,Punjab,India,2023-07-01
3638,Aarav Singh,Female,30,Kolkata,West Bengal,India,2022-12-02
3639,Meera Malhotra,Female,39,Chandigarh,Chandigarh,India,2022-10-30
3640,Neha Mehta,Female,46,Gurgaon,Haryana,India,2022-09-28
3641,Rahul Patel,Female,30,Hyderabad,Telangana,India,2023-02-04
3642,Aarav Singh,Female,21,Chennai,Tamil Nadu,India,2022-04-06
3643,Ishita Kaur,Female,52,Pune,Maharashtra,India,2022-05-09
3644,Neha Patel,Female,59,Chandigarh,Chandigarh,India,2024-11-29
3645,Aarav Sharma,Male,48,Mohali,Punjab,India,2022-12-31
3646,Arjun Gupta,Male,38,Amritsar,Punjab,India,2024-08-06
3647,Arjun Verma,Male,56,Delhi,Delhi,India,2023-09-09
3648,Ananya Singh,Male,43,Gurgaon,Haryana,India,2024-12-19
3649,Karan Kaur,Male,30,Kharar,Punjab,India,2022-09-07
3650,Rahul Gill,Female,40,Delhi,Delhi,India,2022-11-12
3651,Kabir Sharma,Male,54,Bangalore,Karnataka,India,2024-09-19
3652,Rohan Kaur,Female,57,Gurgaon,Haryana,India,2023-12-23
3653,Neha Kumar,Male,28,Delhi,Delhi,India,2022-11-05
3654,Vihaan Gill,Male,51,Chennai,Tamil Nadu,India,2025-05-20
3655,Aarav Gupta,Female,48,Jalandhar,Punjab,India,2023-03-31
3656,Vihaan Kaur,Male,45,Pune,Maharashtra,India,2024-05-24
3657,Simran Patel,Male,48,Kharar,Punjab,India,2024-03-24
3658,Neha Sharma,Female,20,Kharar,Punjab,India,2024-11-13
3659,Rahul Gill,Female,25,Jalandhar,Punjab,India,2024-11-01
3660,Ishita Kumar,Female,20,Jalandhar,Punjab,India,2022-07-22
3661,Karan Singh,Male,43,Chandigarh,Chandigarh,India,2022-07-24
3662,Priya Malhotra,Male,53,Pune,Maharashtra,India,2025-02-21
3663,Meera Singh,Female,60,Jalandhar,Punjab,India,2024-06-09
3664,Simran Gupta,Female,48,Noida,Uttar Pradesh,India,2023-02-15
3665,Karan Gupta,Male,27,Mumbai,Maharashtra,India,2023-03-06
3666,Meera Kaur,Male,28,Delhi,Delhi,India,2024-11-07
3667,Priya Singh,Female,34,Chandigarh,Chandigarh,India,2022-11-12
3668,Simran Gill,Male,63,Pune,Maharashtra,India,2023-01-13
3669,Meera Patel,Female,21,Jalandhar,Punjab,India,2024-02-12
3670,Ishita Gill,Female,31,Jalandhar,Punjab,India,2024-02-01
3671,Neha Verma,Male,58,Mohali,Punjab,India,2024-09-07
3672,Arjun Singh,Male,35,Gurgaon,Haryana,India,2024-03-23
3673,Aditya Singh,Male,18,Kolkata,West Bengal,India,2024-09-21
3674,Vihaan Malhotra,Female,25,Mumbai,Maharashtra,India,2025-02-24
3675,Kabir Sharma,Male,32,Mumbai,Maharashtra,India,2024-02-29
3676,Rahul Sharma,Female,60,Jalandhar,Punjab,India,2024-03-28
3677,Ananya Mehta,Female,42,Gurgaon,Haryana,India,2022-05-10
3678,Meera Gupta,Female,20,Mumbai,Maharashtra,India,2024-01-11
3679,Aditya Gill,Male,29,Mumbai,Maharashtra,India,2022-05-18
3680,Arjun Verma,Female,22,Pune,Maharashtra,India,2022-06-08
3681,Rohan Verma,Female,19,Mumbai,Maharashtra,India,2025-03-12
3682,Ananya Verma,Male,55,Kharar,Punjab,India,2023-10-20
3683,Simran Mehta,Female,29,Chennai,Tamil Nadu,India,2022-05-04
3684,Aisha Sharma,Male,19,Kolkata,West Bengal,India,2023-06-04
3685,Rahul Kaur,Male,22,Jalandhar,Punjab,India,2025-06-29
3686,Arjun Kaur,Male,27,Kolkata,West Bengal,India,2023-09-22
3687,Vihaan Gill,Male,63,Kharar,Punjab,India,2024-05-30
3688,Karan Malhotra,Female,43,Bangalore,Karnataka,India,2022-03-16
3689,Vihaan Singh,Male,45,Kolkata,West Bengal,India,2024-10-01
3690,Vihaan Singh,Male,26,Kolkata,West Bengal,India,2024-06-15
3691,Priya Sharma,Female,39,Bangalore,Karnataka,India,2025-03-27
3692,Priya Malhotra,Female,40,Kolkata,West Bengal,India,2023-05-01
3693,Priya Gill,Female,30,Delhi,Delhi,India,2022-08-25
3694,Priya Verma,Female,37,Kharar,Punjab,India,2023-01-21
3695,Simran Gill,Female,29,Chandigarh,Chandigarh,India,2023-04-23
3696,Kabir Sharma,Male,25,Ludhiana,Punjab,India,2025-04-15
3697,Rohan Sharma,Female,49,Kharar,Punjab,India,2024-02-14
3698,Aditya Gill,Female,36,Noida,Uttar Pradesh,India,2024-09-09
3699,Meera Sharma,Male,26,Chandigarh,Chandigarh,India,2024-05-11
3700,Rahul Gupta,Female,52,Chennai,Tamil Nadu,India,2024-06-10
3701,Rahul Gupta,Female,55,Kolkata,West Bengal,India,2024-07-10
3702,Neha Singh,Female,30,Jaipur,Rajasthan,India,2024-02-29
3703,Rahul Sharma,Female,39,Pune,Maharashtra,India,2022-03-09
3704,Rahul Kumar,Female,38,Chandigarh,Chandigarh,India,2023-03-28
3705,Vihaan Sharma,Female,35,Kolkata,West Bengal,India,2025-03-03
3706,Ananya Kaur,Female,46,Hyderabad,Telangana,India,2022-06-11
3707,Neha Gill,Female,26,Ludhiana,Punjab,India,2025-03-11
3708,Vihaan Patel,Male,21,Bangalore,Karnataka,India,2024-01-30
3709,Meera Sharma,Male,41,Chennai,Tamil Nadu,India,2023-12-18
3710,Kabir Malhotra,Male,47,Ludhiana,Punjab,India,2024-04-26
3711,Rahul Gupta,Male,23,Delhi,Delhi,India,2023-10-06
3712,Neha Malhotra,Female,57,Jaipur,Rajasthan,India,2024-03-16
3713,Neha Gupta,Female,60,Pune,Maharashtra,India,2024-06-09
3714,Aditya Patel,Female,36,Gurgaon,Haryana,India,2023-03-30
3715,Meera Gupta,Male,37,Jaipur,Rajasthan,India,2025-06-07
3716,Rahul Gill,Male,56,Ludhiana,Punjab,India,2023-05-12
3717,Aditya Gill,Female,36,Noida,Uttar Pradesh,India,2023-04-09
3718,Neha Verma,Female,19,Noida,Uttar Pradesh,India,2024-12-12
3719,Kabir Kumar,Male,55,Jalandhar,Punjab,India,2023-11-04
3720,Kabir Gill,Female,64,Hyderabad,Telangana,India,2023-03-24
3721,Arjun Kumar,Male,24,Noida,Uttar Pradesh,India,2022-01-17
3722,Kabir Sharma,Male,25,Chennai,Tamil Nadu,India,2024-09-07
3723,Karan Patel,Female,51,Mohali,Punjab,India,2023-12-14
3724,Aditya Verma,Female,39,Delhi,Delhi,India,2024-08-25
3725,Ishita Kaur,Male,33,Amritsar,Punjab,India,2022-01-21
3726,Aditya Gupta,Female,37,Mohali,Punjab,India,2024-02-21
3727,Kabir Gill,Male,54,Kharar,Punjab,India,2022-04-22
3728,Kabir Patel,Male,26,Chandigarh,Chandigarh,India,2022-08-24
3729,Meera Mehta,Female,43,Delhi,Delhi,India,2023-12-31
3730,Vihaan Patel,Female,58,Bangalore,Karnataka,India,2024-08-23
3731,Simran Verma,Male,54,Chandigarh,Chandigarh,India,2025-06-02
3732,Arjun Gupta,Female,53,Delhi,Delhi,India,2023-09-04
3733,Aditya Patel,Female,42,Delhi,Delhi,India,2023-03-30
3734,Arjun Kumar,Female,21,Kharar,Punjab,India,2023-02-24
3735,Neha Kaur,Male,44,Jaipur,Rajasthan,India,2022-11-19
3736,Aarav Kumar,Male,37,Amritsar,Punjab,India,2024-07-25
3737,Kabir Gupta,Female,31,Jaipur,Rajasthan,India,2022-08-09
3738,Aditya Kumar,Female,63,Chandigarh,Chandigarh,India,2025-04-01
3739,Simran Verma,Male,20,Hyderabad,Telangana,India,2025-02-04
3740,Meera Kaur,Female,42,Mumbai,Maharashtra,India,2025-04-08
3741,Kabir Singh,Female,46,Mohali,Punjab,India,2023-08-09
3742,Karan Gupta,Male,20,Kharar,Punjab,India,2023-09-11
3743,Ishita Patel,Male,27,Delhi,Delhi,India,2023-04-13
3744,Aarav Kaur,Male,53,Pune,Maharashtra,India,2025-06-02
3745,Rahul Verma,Female,29,Noida,Uttar Pradesh,India,2024-07-07
3746,Meera Kaur,Male,30,Mumbai,Maharashtra,India,2022-10-01
3747,Ananya Kumar,Male,26,Amritsar,Punjab,India,2022-02-03
3748,Rohan Verma,Male,31,Amritsar,Punjab,India,2023-02-23
3749,Vihaan Sharma,Male,30,Chandigarh,Chandigarh,India,2023-06-04
3750,Karan Mehta,Male,64,Hyderabad,Telangana,India,2022-09-09
3751,Aisha Mehta,Female,18,Hyderabad,Telangana,India,2024-06-15
3752,Kabir Mehta,Female,38,Hyderabad,Telangana,India,2023-05-26
3753,Kabir Gupta,Female,31,Mohali,Punjab,India,2022-04-25
3754,Neha Kaur,Male,65,Kharar,Punjab,India,2025-04-06
3755,Ishita Mehta,Male,33,Noida,Uttar Pradesh,India,2022-03-01
3756,Aditya Kaur,Male,26,Delhi,Delhi,India,2025-01-11
3757,Karan Singh,Male,23,Jaipur,Rajasthan,India,2024-07-19
3758,Kabir Kaur,Female,21,Jalandhar,Punjab,India,2024-02-04
3759,Karan Verma,Female,60,Mohali,Punjab,India,2025-01-24
3760,Meera Singh,Female,59,Chennai,Tamil Nadu,India,2024-10-11
3761,Ishita Gupta,Female,24,Mumbai,Maharashtra,India,2025-06-28
3762,Neha Gupta,Male,42,Jalandhar,Punjab,India,2024-01-07
3763,Simran Mehta,Male,61,Gurgaon,Haryana,India,2024-08-18
3764,Rohan Malhotra,Male,29,Amritsar,Punjab,India,2022-11-15
3765,Ananya Sharma,Female,42,Mumbai,Maharashtra,India,2024-03-18
3766,Meera Gupta,Male,33,Jaipur,Rajasthan,India,2024-09-21
3767,Priya Kumar,Female,54,Gurgaon,Haryana,India,2022-06-06
3768,Arjun Kaur,Male,23,Jalandhar,Punjab,India,2022-04-07
3769,Simran Mehta,Male,33,Ludhiana,Punjab,India,2023-12-11
3770,Aisha Gill,Male,60,Hyderabad,Telangana,India,2022-06-01
3771,Ishita Sharma,Female,36,Chennai,Tamil Nadu,India,2022-03-15
3772,Ananya Kaur,Female,24,Gurgaon,Haryana,India,2025-04-18
3773,Meera Patel,Male,56,Noida,Uttar Pradesh,India,2023-10-14
3774,Karan Singh,Male,29,Ludhiana,Punjab,India,2022-10-19
3775,Rahul Gupta,Male,32,Kolkata,West Bengal,India,2025-02-15
3776,Kabir Kaur,Male,41,Chennai,Tamil Nadu,India,2023-08-16
3777,Kabir Singh,Female,29,Amritsar,Punjab,India,2024-02-11
3778,Priya Gupta,Female,30,Mumbai,Maharashtra,India,2023-02-04
3779,Meera Malhotra,Male,30,Chandigarh,Chandigarh,India,2023-08-17
3780,Aditya Mehta,Male,37,Jaipur,Rajasthan,India,2024-10-25
3781,Simran Gill,Female,18,Kolkata,West Bengal,India,2023-07-09
3782,Aarav Kaur,Male,41,Chennai,Tamil Nadu,India,2025-06-11
3783,Aisha Malhotra,Female,22,Bangalore,Karnataka,India,2025-06-07
3784,Vihaan Mehta,Female,34,Mumbai,Maharashtra,India,2023-01-08
3785,Rahul Kumar,Male,56,Bangalore,Karnataka,India,2023-10-11
3786,Vihaan Gupta,Male,46,Hyderabad,Telangana,India,2024-10-16
3787,Rohan Kaur,Male,40,Kolkata,West Bengal,India,2025-03-07
3788,Aarav Verma,Male,43,Amritsar,Punjab,India,2023-12-17
3789,Kabir Gill,Male,19,Kharar,Punjab,India,2024-01-26
3790,Kabir Gill,Female,25,Jalandhar,Punjab,India,2022-05-27
3791,Neha Verma,Male,20,Mumbai,Maharashtra,India,2022-11-07
3792,Rohan Gill,Female,32,Mumbai,Maharashtra,India,2024-06-11
3793,Karan Kaur,Female,29,Gurgaon,Haryana,India,2025-06-28
3794,Priya Kaur,Male,45,Jaipur,Rajasthan,India,2024-02-12
3795,Rohan Gupta,Male,59,Kharar,Punjab,India,2025-02-02
3796,Arjun Kumar,Male,64,Mumbai,Maharashtra,India,2022-08-08
3797,Priya Malhotra,Male,20,Gurgaon,Haryana,India,2023-07-13
3798,Meera Kaur,Male,59,Gurgaon,Haryana,India,2022-06-21
3799,Ishita Kaur,Male,29,Jalandhar,Punjab,India,2022-06-06
3800,Meera Gupta,Male,63,Pune,Maharashtra,India,2024-02-02
3801,Ishita Verma,Female,52,Amritsar,Punjab,India,2024-10-19
3802,Aditya Sharma,Male,55,Bangalore,Karnataka,India,2022-08-13
3803,Aditya Malhotra,Male,42,Mumbai,Maharashtra,India,2023-09-26
3804,Aisha Kaur,Male,20,Jaipur,Rajasthan,India,2024-03-06
3805,Ananya Malhotra,Female,46,Jalandhar,Punjab,India,2024-12-10
3806,Vihaan Patel,Female,65,Kolkata,West Bengal,India,2024-03-05
3807,Aditya Verma,Female,65,Bangalore,Karnataka,India,2022-09-01
3808,Meera Kaur,Male,36,Hyderabad,Telangana,India,2023-01-05
3809,Ananya Kaur,Female,27,Ludhiana,Punjab,India,2023-01-02
3810,Vihaan Kaur,Male,37,Kharar,Punjab,India,2022-05-11
3811,Aditya Kaur,Female,52,Mohali,Punjab,India,2023-03-21
3812,Aditya Mehta,Male,23,Ludhiana,Punjab,India,2024-08-22
3813,Kabir Verma,Female,54,Chennai,Tamil Nadu,India,2024-12-14
3814,Priya Kaur,Male,25,Ludhiana,Punjab,India,2025-01-30
3815,Aarav Kumar,Female,45,Chandigarh,Chandigarh,India,2024-04-19
3816,Meera Kaur,Male,21,Chandigarh,Chandigarh,India,2022-01-12
3817,Neha Kumar,Male,52,Pune,Maharashtra,India,2023-11-21
3818,Simran Verma,Male,24,Delhi,Delhi,India,2022-01-08
3819,Priya Sharma,Female,29,Mumbai,Maharashtra,India,2023-07-08
3820,Neha Malhotra,Male,53,Gurgaon,Haryana,India,2022-01-04
3821,Simran Kaur,Female,57,Pune,Maharashtra,India,2022-12-17
3822,Aarav Mehta,Female,52,Mohali,Punjab,India,2024-06-04
3823,Ishita Mehta,Female,33,Jalandhar,Punjab,India,2023-04-11
3824,Ishita Malhotra,Male,50,Jalandhar,Punjab,India,2025-06-02
3825,Priya Kumar,Male,48,Bangalore,Karnataka,India,2024-04-14
3826,Simran Patel,Male,58,Kharar,Punjab,India,2025-01-15
3827,Kabir Verma,Female,24,Bangalore,Karnataka,India,2023-05-23
3828,Simran Gupta,Male,18,Hyderabad,Telangana,India,2022-06-02
3829,Kabir Malhotra,Male,30,Delhi,Delhi,India,2023-04-08
3830,Arjun Malhotra,Male,40,Amritsar,Punjab,India,2023-01-18
3831,Meera Gill,Male,51,Chennai,Tamil Nadu,India,2024-09-03
3832,Meera Sharma,Female,48,Mumbai,Maharashtra,India,2024-10-06
3833,Arjun Sharma,Female,58,Bangalore,Karnataka,India,2024-01-29
3834,Aarav Malhotra,Male,59,Jalandhar,Punjab,India,2023-06-30
3835,Aisha Singh,Male,47,Gurgaon,Haryana,India,2025-05-27
3836,Rahul Singh,Female,50,Chennai,Tamil Nadu,India,2022-08-15
3837,Ananya Verma,Male,52,Pune,Maharashtra,India,2023-09-05
3838,Priya Mehta,Male,65,Pune,Maharashtra,India,2022-02-04
3839,Meera Verma,Female,41,Amritsar,Punjab,India,2024-03-28
3840,Aisha Kaur,Female,54,Bangalore,Karnataka,India,2022-07-12
3841,Rohan Mehta,Male,37,Amritsar,Punjab,India,2025-06-17
3842,Rohan Patel,Male,56,Jalandhar,Punjab,India,2023-07-13
3843,Priya Sharma,Female,65,Hyderabad,Telangana,India,2023-09-03
3844,Ananya Gill,Male,46,Amritsar,Punjab,India,2023-07-04
3845,Kabir Gill,Female,45,Kolkata,West Bengal,India,2025-04-23
3846,Arjun Mehta,Female,49,Jaipur,Rajasthan,India,2022-02-14
3847,Simran Gill,Female,37,Chandigarh,Chandigarh,India,2024-10-16
3848,Simran Patel,Female,43,Noida,Uttar Pradesh,India,2023-07-19
3849,Simran Kumar,Female,25,Kharar,Punjab,India,2024-04-21
3850,Vihaan Gupta,Female,51,Chennai,Tamil Nadu,India,2023-12-05
3851,Rahul Gill,Male,42,Delhi,Delhi,India,2023-08-23
3852,Aditya Gupta,Female,18,Chandigarh,Chandigarh,India,2025-05-23
3853,Priya Malhotra,Female,18,Jalandhar,Punjab,India,2023-11-01
3854,Arjun Sharma,Male,43,Jalandhar,Punjab,India,2022-10-13
3855,Aarav Verma,Female,36,Chennai,Tamil Nadu,India,2025-02-06
3856,Aarav Malhotra,Male,35,Mohali,Punjab,India,2024-12-30
3857,Rohan Malhotra,Male,32,Noida,Uttar Pradesh,India,2022-01-02
3858,Ishita Sharma,Female,48,Delhi,Delhi,India,2023-09-17
3859,Ananya Gill,Female,34,Gurgaon,Haryana,India,2022-08-06
3860,Rahul Kumar,Male,27,Pune,Maharashtra,India,2024-07-04
3861,Neha Sharma,Male,18,Pune,Maharashtra,India,2023-03-12
3862,Priya Patel,Female,61,Mohali,Punjab,India,2024-04-05
3863,Ananya Gill,Female,59,Ludhiana,Punjab,India,2023-02-21
3864,Neha Patel,Female,36,Chandigarh,Chandigarh,India,2022-07-18
3865,Aisha Gill,Male,46,Noida,Uttar Pradesh,India,2025-01-13
3866,Rahul Mehta,Male,50,Jaipur,Rajasthan,India,2024-09-09
3867,Priya Singh,Female,28,Chandigarh,Chandigarh,India,2024-04-28
3868,Aarav Singh,Male,45,Mohali,Punjab,India,2024-02-02
3869,Aarav Kumar,Female,36,Ludhiana,Punjab,India,2023-09-13
3870,Kabir Gill,Male,43,Noida,Uttar Pradesh,India,2024-09-18
3871,Priya Patel,Female,53,Noida,Uttar Pradesh,India,2024-03-31
3872,Kabir Gupta,Male,42,Pune,Maharashtra,India,2022-10-18
3873,Arjun Patel,Female,57,Amritsar,Punjab,India,2025-05-08
3874,Ishita Mehta,Male,38,Hyderabad,Telangana,India,2024-05-21
3875,Kabir Kaur,Male,56,Jalandhar,Punjab,India,2022-01-17
3876,Vihaan Kumar,Female,46,Mumbai,Maharashtra,India,2022-03-02
3877,Karan Gupta,Female,42,Noida,Uttar Pradesh,India,2023-09-14
3878,Priya Patel,Female,56,Jaipur,Rajasthan,India,2023-04-02
3879,Rohan Kaur,Male,32,Hyderabad,Telangana,India,2024-12-30
3880,Rohan Sharma,Female,23,Gurgaon,Haryana,India,2022-10-08
3881,Rohan Patel,Male,24,Jaipur,Rajasthan,India,2022-12-07
3882,Aarav Kumar,Female,26,Mohali,Punjab,India,2023-01-14
3883,Neha Singh,Female,33,Kharar,Punjab,India,2022-10-21
3884,Karan Kaur,Female,35,Chennai,Tamil Nadu,India,2025-01-02
3885,Ananya Patel,Female,63,Gurgaon,Haryana,India,2023-10-20
3886,Kabir Kaur,Female,28,Mumbai,Maharashtra,India,2023-12-11
3887,Meera Patel,Male,43,Amritsar,Punjab,India,2022-08-25
3888,Karan Patel,Male,46,Mumbai,Maharashtra,India,2022-05-17
3889,Rohan Sharma,Male,41,Mohali,Punjab,India,2023-09-24
3890,Aditya Mehta,Female,37,Kharar,Punjab,India,2023-07-06
3891,Vihaan Patel,Male,40,Kolkata,West Bengal,India,2022-10-17
3892,Karan Malhotra,Female,25,Jaipur,Rajasthan,India,2024-08-02
3893,Rohan Gill,Female,62,Ludhiana,Punjab,India,2025-03-15
3894,Vihaan Gupta,Female,56,Chennai,Tamil Nadu,India,2023-02-21
3895,Rohan Kumar,Female,50,Mohali,Punjab,India,2024-12-30
3896,Vihaan Kumar,Male,51,Chandigarh,Chandigarh,India,2023-03-22
3897,Arjun Singh,Male,33,Hyderabad,Telangana,India,2024-12-03
3898,Rahul Sharma,Female,50,Jalandhar,Punjab,India,2024-12-31
3899,Aisha Malhotra,Male,40,Jalandhar,Punjab,India,2022-12-23
3900,Simran Mehta,Male,18,Kolkata,West Bengal,India,2023-08-08
3901,Kabir Patel,Male,38,Hyderabad,Telangana,India,2023-01-07
3902,Karan Gupta,Female,38,Ludhiana,Punjab,India,2023-03-12
3903,Meera Kumar,Female,50,Mumbai,Maharashtra,India,2022-04-13
3904,Simran Gill,Male,40,Ludhiana,Punjab,India,2024-05-20
3905,Vihaan Gupta,Female,42,Kolkata,West Bengal,India,2024-10-13
3906,Meera Mehta,Female,65,Kharar,Punjab,India,2024-02-15
3907,Ananya Verma,Male,37,Jalandhar,Punjab,India,2023-04-05
3908,Ishita Verma,Male,55,Delhi,Delhi,India,2025-05-23
3909,Neha Verma,Female,34,Noida,Uttar Pradesh,India,2023-12-01
3910,Ananya Gill,Male,62,Mohali,Punjab,India,2022-03-17
3911,Aarav Malhotra,Female,48,Ludhiana,Punjab,India,2023-04-12
3912,Simran Kumar,Female,28,Chandigarh,Chandigarh,India,2022-07-14
3913,Simran Gill,Female,60,Kharar,Punjab,India,2024-12-05
3914,Neha Gupta,Male,59,Jaipur,Rajasthan,India,2023-08-27
3915,Aditya Malhotra,Female,57,Bangalore,Karnataka,India,2025-06-13
3916,Ananya Patel,Female,28,Chennai,Tamil Nadu,India,2025-02-23
3917,Ishita Mehta,Female,58,Pune,Maharashtra,India,2025-03-15
3918,Aisha Malhotra,Male,51,Pune,Maharashtra,India,2022-08-16
3919,Kabir Kaur,Male,46,Mohali,Punjab,India,2025-04-10
3920,Meera Malhotra,Male,26,Chennai,Tamil Nadu,India,2023-09-05
3921,Priya Gill,Female,23,Delhi,Delhi,India,2024-08-04
3922,Neha Patel,Female,34,Chandigarh,Chandigarh,India,2023-11-05
3923,Aisha Gupta,Male,45,Ludhiana,Punjab,India,2024-10-13
3924,Simran Verma,Male,23,Jalandhar,Punjab,India,2023-01-09
3925,Priya Sharma,Male,51,Delhi,Delhi,India,2024-10-26
3926,Aisha Verma,Male,23,Mumbai,Maharashtra,India,2025-03-29
3927,Ananya Mehta,Male,35,Gurgaon,Haryana,India,2023-11-21
3928,Neha Sharma,Male,24,Chandigarh,Chandigarh,India,2024-06-30
3929,Ananya Sharma,Female,38,Chennai,Tamil Nadu,India,2022-10-30
3930,Neha Verma,Male,32,Hyderabad,Telangana,India,2024-02-05
3931,Priya Patel,Male,64,Kharar,Punjab,India,2024-08-09
3932,Aisha Patel,Male,26,Chandigarh,Chandigarh,India,2024-03-19
3933,Meera Singh,Male,54,Chandigarh,Chandigarh,India,2023-05-09
3934,Aarav Kumar,Male,54,Kharar,Punjab,India,2024-08-29
3935,Kabir Patel,Female,25,Jaipur,Rajasthan,India,2023-05-14
3936,Aarav Gill,Male,62,Hyderabad,Telangana,India,2024-12-23
3937,Ishita Malhotra,Male,50,Mumbai,Maharashtra,India,2022-09-09
3938,Aditya Patel,Male,26,Mohali,Punjab,India,2023-09-06
3939,Meera Mehta,Male,43,Delhi,Delhi,India,2022-05-23
3940,Neha Malhotra,Female,31,Mumbai,Maharashtra,India,2024-02-16
3941,Kabir Mehta,Male,31,Bangalore,Karnataka,India,2023-12-16
3942,Ananya Kumar,Male,40,Bangalore,Karnataka,India,2023-05-11
3943,Meera Sharma,Female,52,Mohali,Punjab,India,2023-10-21
3944,Arjun Patel,Female,46,Hyderabad,Telangana,India,2023-05-20
3945,Priya Patel,Female,42,Kharar,Punjab,India,2023-05-06
3946,Ananya Kaur,Female,40,Kolkata,West Bengal,India,2022-08-25
3947,Rahul Gupta,Male,43,Ludhiana,Punjab,India,2025-06-10
3948,Priya Kaur,Male,48,Mohali,Punjab,India,2024-09-22
3949,Karan Sharma,Male,52,Jalandhar,Punjab,India,2025-05-02
3950,Aisha Verma,Female,18,Hyderabad,Telangana,India,2023-12-04
3951,Aditya Kaur,Male,42,Gurgaon,Haryana,India,2023-06-07
3952,Arjun Verma,Male,20,Noida,Uttar Pradesh,India,2022-08-03
3953,Rohan Kumar,Female,52,Chennai,Tamil Nadu,India,2023-09-06
3954,Ishita Gupta,Male,41,Hyderabad,Telangana,India,2022-09-12
3955,Vihaan Malhotra,Male,26,Mohali,Punjab,India,2024-10-01
3956,Aarav Gupta,Male,49,Delhi,Delhi,India,2024-05-09
3957,Rahul Kaur,Male,34,Delhi,Delhi,India,2023-06-15
3958,Karan Singh,Male,55,Noida,Uttar Pradesh,India,2023-10-12
3959,Neha Sharma,Female,54,Delhi,Delhi,India,2022-04-02
3960,Karan Verma,Female,62,Hyderabad,Telangana,India,2025-05-27
3961,Ananya Kaur,Male,50,Chandigarh,Chandigarh,India,2025-01-03
3962,Ananya Malhotra,Female,35,Noida,Uttar Pradesh,India,2023-10-18
3963,Arjun Kumar,Female,52,Pune,Maharashtra,India,2024-07-18
3964,Ishita Mehta,Male,47,Amritsar,Punjab,India,2023-06-29
3965,Aarav Verma,Male,24,Delhi,Delhi,India,2024-02-25
3966,Aisha Sharma,Male,37,Noida,Uttar Pradesh,India,2023-03-03
3967,Simran Mehta,Male,53,Kharar,Punjab,India,2024-08-20
3968,Priya Patel,Male,64,Chennai,Tamil Nadu,India,2023-04-25
3969,Rahul Gupta,Female,46,Delhi,Delhi,India,2022-01-29
3970,Arjun Kumar,Male,56,Noida,Uttar Pradesh,India,2022-01-26
3971,Rohan Kumar,Female,19,Ludhiana,Punjab,India,2023-01-17
3972,Rahul Kaur,Female,34,Amritsar,Punjab,India,2022-12-08
3973,Neha Gupta,Male,59,Mohali,Punjab,India,2022-12-15
3974,Neha Singh,Male,64,Gurgaon,Haryana,India,2023-12-31
3975,Karan Kaur,Male,35,Chennai,Tamil Nadu,India,2023-07-27
3976,Aarav Sharma,Female,62,Kharar,Punjab,India,2025-04-26
3977,Arjun Gill,Male,28,Noida,Uttar Pradesh,India,2023-07-09
3978,Aisha Kumar,Male,21,Pune,Maharashtra,India,2025-06-26
3979,Meera Gill,Female,24,Kolkata,West Bengal,India,2022-10-23
3980,Aisha Gupta,Female,19,Amritsar,Punjab,India,2025-04-17
3981,Kabir Verma,Female,54,Kolkata,West Bengal,India,2024-04-13
3982,Kabir Kaur,Female,23,Delhi,Delhi,India,2024-10-12
3983,Aisha Kaur,Male,36,Jaipur,Rajasthan,India,2022-01-29
3984,Ishita Kumar,Male,44,Noida,Uttar Pradesh,India,2022-07-24
3985,Simran Gill,Male,20,Ludhiana,Punjab,India,2023-01-30
3986,Rahul Malhotra,Female,24,Jaipur,Rajasthan,India,2024-02-21
3987,Aarav Mehta,Male,27,Delhi,Delhi,India,2025-01-23
3988,Karan Kaur,Male,27,Bangalore,Karnataka,India,2022-03-13
3989,Ananya Patel,Male,43,Mohali,Punjab,India,2024-04-28
3990,Arjun Gill,Female,30,Amritsar,Punjab,India,2024-04-18
3991,Aarav Patel,Female,48,Chandigarh,Chandigarh,India,2025-05-23
3992,Aarav Sharma,Male,49,Mumbai,Maharashtra,India,2023-05-14
3993,Rohan Gill,Male,19,Amritsar,Punjab,India,2024-08-02
3994,Ananya Mehta,Male,30,Delhi,Delhi,India,2022-03-12
3995,Kabir Kaur,Male,24,Chennai,Tamil Nadu,India,2023-02-23
3996,Ananya Sharma,Female,22,Bangalore,Karnataka,India,2024-03-09
3997,Kabir Kaur,Male,19,Kolkata,West Bengal,India,2023-06-04
3998,Ishita Gupta,Female,25,Mumbai,Maharashtra,India,2024-10-12
3999,Ananya Kaur,Male,48,Ludhiana,Punjab,India,2022-01-13
4000,Aditya Gupta,Male,44,Chennai,Tamil Nadu,India,2022-04-21
4001,Ishita Kumar,Female,36,Amritsar,Punjab,India,2022-09-27
4002,Rohan Kaur,Male,59,Jalandhar,Punjab,India,2024-03-24
4003,Kabir Patel,Male,31,Chandigarh,Chandigarh,India,2025-04-18
4004,Aisha Singh,Male,64,Noida,Uttar Pradesh,India,2022-02-04
4005,Aditya Mehta,Female,29,Noida,Uttar Pradesh,India,2024-02-09
4006,Vihaan Kaur,Female,59,Chandigarh,Chandigarh,India,2023-12-25
4007,Arjun Kumar,Male,48,Mumbai,Maharashtra,India,2024-04-17
4008,Priya Mehta,Female,64,Kharar,Punjab,India,2025-02-15
4009,Priya Kaur,Female,40,Chandigarh,Chandigarh,India,2024-01-06
4010,Arjun Verma,Male,26,Pune,Maharashtra,India,2022-08-05
4011,Ananya Singh,Female,52,Ludhiana,Punjab,India,2025-04-05
4012,Kabir Verma,Female,62,Kharar,Punjab,India,2023-08-08
4013,Aditya Mehta,Female,50,Hyderabad,Telangana,India,2024-05-12
4014,Vihaan Mehta,Female,21,Amritsar,Punjab,India,2022-01-20
4015,Aditya Mehta,Female,19,Noida,Uttar Pradesh,India,2024-11-12
4016,Karan Malhotra,Male,54,Gurgaon,Haryana,India,2022-08-13
4017,Karan Gupta,Male,23,Mohali,Punjab,India,2024-06-14
4018,Aarav Sharma,Female,54,Jaipur,Rajasthan,India,2024-12-19
4019,Rahul Gill,Male,30,Delhi,Delhi,India,2023-10-30
4020,Aditya Malhotra,Female,50,Gurgaon,Haryana,India,2024-06-14
4021,Karan Sharma,Male,25,Noida,Uttar Pradesh,India,2023-04-04
4022,Rohan Gupta,Female,29,Hyderabad,Telangana,India,2022-10-31
4023,Kabir Singh,Male,30,Chandigarh,Chandigarh,India,2024-10-03
4024,Ishita Sharma,Female,39,Amritsar,Punjab,India,2022-01-04
4025,Aisha Kumar,Male,21,Delhi,Delhi,India,2022-02-12
4026,Simran Malhotra,Female,33,Chandigarh,Chandigarh,India,2023-08-21
4027,Karan Kumar,Male,57,Bangalore,Karnataka,India,2022-01-10
4028,Simran Malhotra,Male,25,Chandigarh,Chandigarh,India,2023-06-01
4029,Rahul Sharma,Male,55,Ludhiana,Punjab,India,2022-07-09
4030,Ananya Kaur,Male,26,Bangalore,Karnataka,India,2024-10-09
4031,Neha Mehta,Female,65,Delhi,Delhi,India,2025-06-19
4032,Rahul Sharma,Female,37,Mohali,Punjab,India,2025-01-17
4033,Ishita Malhotra,Female,48,Kharar,Punjab,India,2023-06-13
4034,Vihaan Sharma,Male,19,Bangalore,Karnataka,India,2025-05-07
4035,Priya Kumar,Male,45,Noida,Uttar Pradesh,India,2022-09-01
4036,Meera Kumar,Female,23,Ludhiana,Punjab,India,2022-07-16
4037,Rohan Singh,Female,62,Kharar,Punjab,India,2023-06-15
4038,Simran Kaur,Female,27,Mumbai,Maharashtra,India,2022-02-07
4039,Priya Gupta,Male,22,Delhi,Delhi,India,2024-01-14
4040,Rohan Kumar,Female,44,Delhi,Delhi,India,2024-04-21
4041,Karan Patel,Female,54,Chandigarh,Chandigarh,India,2025-05-28
4042,Aditya Gill,Female,43,Noida,Uttar Pradesh,India,2024-06-03
4043,Kabir Sharma,Male,21,Chennai,Tamil Nadu,India,2025-02-01
4044,Aditya Sharma,Male,63,Amritsar,Punjab,India,2025-01-09
4045,Meera Malhotra,Male,26,Kharar,Punjab,India,2023-04-01
4046,Ananya Gupta,Male,27,Chennai,Tamil Nadu,India,2024-03-11
4047,Aarav Malhotra,Female,50,Amritsar,Punjab,India,2022-05-24
4048,Aditya Patel,Male,47,Kolkata,West Bengal,India,2023-04-11
4049,Priya Kumar,Female,37,Pune,Maharashtra,India,2022-11-24
4050,Rohan Mehta,Male,18,Gurgaon,Haryana,India,2023-08-27
4051,Kabir Gill,Male,53,Kharar,Punjab,India,2022-10-13
4052,Arjun Malhotra,Male,61,Mumbai,Maharashtra,India,2024-05-07
4053,Priya Kaur,Female,40,Kharar,Punjab,India,2025-03-02
4054,Aditya Verma,Male,20,Chandigarh,Chandigarh,India,2022-05-05
4055,Ananya Kaur,Male,21,Chennai,Tamil Nadu,India,2023-06-26
4056,Rahul Sharma,Male,23,Hyderabad,Telangana,India,2022-09-19
4057,Simran Kaur,Female,23,Gurgaon,Haryana,India,2022-03-02
4058,Meera Kaur,Male,26,Kharar,Punjab,India,2025-03-08
4059,Arjun Patel,Male,26,Hyderabad,Telangana,India,2022-03-02
4060,Simran Patel,Male,49,Noida,Uttar Pradesh,India,2024-05-29
4061,Aisha Patel,Male,64,Hyderabad,Telangana,India,2023-06-14
4062,Rahul Sharma,Female,59,Jaipur,Rajasthan,India,2022-12-30
4063,Karan Verma,Male,58,Amritsar,Punjab,India,2023-09-07
4064,Ishita Sharma,Male,57,Bangalore,Karnataka,India,2022-06-30
4065,Vihaan Sharma,Female,49,Mumbai,Maharashtra,India,2023-02-24
4066,Karan Kaur,Female,33,Jaipur,Rajasthan,India,2023-12-18
4067,Arjun Mehta,Female,52,Hyderabad,Telangana,India,2022-12-13
4068,Rohan Singh,Male,47,Jalandhar,Punjab,India,2023-01-11
4069,Karan Sharma,Female,44,Bangalore,Karnataka,India,2024-03-04
4070,Neha Verma,Male,26,Pune,Maharashtra,India,2023-07-20
4071,Neha Gill,Female,44,Kharar,Punjab,India,2025-01-22
4072,Simran Gupta,Female,48,Chennai,Tamil Nadu,India,2024-08-14
4073,Priya Kaur,Male,58,Kharar,Punjab,India,2023-03-02
4074,Aarav Sharma,Female,24,Pune,Maharashtra,India,2024-11-11
4075,Simran Gill,Female,37,Jaipur,Rajasthan,India,2022-10-26
4076,Vihaan Patel,Female,31,Amritsar,Punjab,India,2023-09-22
4077,Aditya Verma,Female,53,Mohali,Punjab,India,2022-11-09
4078,Kabir Singh,Female,58,Ludhiana,Punjab,India,2024-06-05
4079,Ananya Patel,Male,40,Noida,Uttar Pradesh,India,2023-06-10
4080,Aarav Verma,Female,36,Jalandhar,Punjab,India,2022-06-30
4081,Arjun Gill,Female,30,Ludhiana,Punjab,India,2025-01-24
4082,Simran Kaur,Female,33,Kharar,Punjab,India,2022-01-06
4083,Vihaan Gupta,Male,39,Hyderabad,Telangana,India,2025-04-16
4084,Simran Malhotra,Male,64,Jaipur,Rajasthan,India,2022-05-13
4085,Ananya Verma,Male,43,Noida,Uttar Pradesh,India,2024-04-09
4086,Ishita Sharma,Female,24,Noida,Uttar Pradesh,India,2022-07-26
4087,Kabir Singh,Male,41,Mohali,Punjab,India,2023-09-29
4088,Priya Gupta,Male,64,Delhi,Delhi,India,2023-01-17
4089,Ishita Sharma,Male,63,Gurgaon,Haryana,India,2024-04-02
4090,Aditya Gill,Female,18,Mohali,Punjab,India,2023-05-06
4091,Kabir Singh,Female,21,Kolkata,West Bengal,India,2022-04-30
4092,Kabir Sharma,Male,24,Delhi,Delhi,India,2025-05-02
4093,Simran Gill,Male,23,Chennai,Tamil Nadu,India,2022-07-03
4094,Aarav Sharma,Male,37,Noida,Uttar Pradesh,India,2024-08-30
4095,Vihaan Singh,Female,65,Ludhiana,Punjab,India,2022-07-22
4096,Aisha Malhotra,Female,20,Chennai,Tamil Nadu,India,2022-08-03
4097,Neha Kaur,Female,61,Bangalore,Karnataka,India,2025-06-17
4098,Meera Malhotra,Female,24,Mohali,Punjab,India,2025-04-06
4099,Ishita Mehta,Female,41,Jaipur,Rajasthan,India,2022-01-20
4100,Arjun Kumar,Female,39,Ludhiana,Punjab,India,2023-04-03
4101,Simran Kaur,Male,19,Mumbai,Maharashtra,India,2024-08-25
4102,Simran Malhotra,Female,51,Jalandhar,Punjab,India,2022-01-08
4103,Kabir Mehta,Male,63,Kolkata,West Bengal,India,2023-04-10
4104,Arjun Verma,Male,45,Chennai,Tamil Nadu,India,2022-02-26
4105,Aisha Gill,Female,27,Ludhiana,Punjab,India,2022-09-23
4106,Priya Gill,Female,34,Delhi,Delhi,India,2024-09-12
4107,Aisha Singh,Male,49,Kolkata,West Bengal,India,2023-11-25
4108,Aarav Mehta,Female,53,Gurgaon,Haryana,India,2022-08-06
4109,Kabir Gupta,Male,61,Chandigarh,Chandigarh,India,2025-01-29
4110,Aisha Patel,Female,50,Pune,Maharashtra,India,2022-03-06
4111,Kabir Gupta,Female,30,Chandigarh,Chandigarh,India,2022-10-04
4112,Neha Verma,Male,28,Delhi,Delhi,India,2022-09-06
4113,Ananya Sharma,Female,56,Bangalore,Karnataka,India,2024-02-23
4114,Ishita Mehta,Female,43,Pune,Maharashtra,India,2024-08-24
4115,Rahul Mehta,Female,22,Chandigarh,Chandigarh,India,2024-06-13
4116,Vihaan Gill,Female,62,Ludhiana,Punjab,India,2022-10-18
4117,Rohan Sharma,Male,44,Kharar,Punjab,India,2023-09-03
4118,Rahul Singh,Male,48,Amritsar,Punjab,India,2022-01-20
4119,Vihaan Patel,Male,59,Delhi,Delhi,India,2024-12-06
4120,Neha Kaur,Female,31,Noida,Uttar Pradesh,India,2022-08-19
4121,Ananya Kaur,Female,52,Gurgaon,Haryana,India,2023-08-23
4122,Vihaan Sharma,Male,37,Kharar,Punjab,India,2022-08-08
4123,Ananya Singh,Male,38,Hyderabad,Telangana,India,2023-04-14
4124,Kabir Singh,Female,22,Mohali,Punjab,India,2024-02-12
4125,Meera Patel,Female,62,Kolkata,West Bengal,India,2023-08-19
4126,Meera Kumar,Male,60,Bangalore,Karnataka,India,2025-06-12
4127,Vihaan Gupta,Male,23,Mumbai,Maharashtra,India,2022-01-07
4128,Aarav Singh,Female,49,Mumbai,Maharashtra,India,2024-05-11
4129,Aisha Kaur,Female,50,Noida,Uttar Pradesh,India,2025-04-13
4130,Ishita Singh,Female,48,Hyderabad,Telangana,India,2023-05-21
4131,Rohan Singh,Male,52,Mumbai,Maharashtra,India,2022-06-06
4132,Neha Mehta,Female,24,Chennai,Tamil Nadu,India,2022-10-02
4133,Ananya Patel,Female,50,Gurgaon,Haryana,India,2022-07-21
4134,Rohan Gupta,Male,42,Mumbai,Maharashtra,India,2022-04-04
4135,Kabir Kumar,Female,19,Chennai,Tamil Nadu,India,2022-11-11
4136,Aisha Gupta,Female,65,Jaipur,Rajasthan,India,2024-01-28
4137,Rahul Mehta,Female,27,Noida,Uttar Pradesh,India,2022-03-17
4138,Arjun Mehta,Male,19,Pune,Maharashtra,India,2024-08-01
4139,Aarav Malhotra,Female,25,Delhi,Delhi,India,2024-01-11
4140,Aisha Gupta,Female,52,Bangalore,Karnataka,India,2023-04-16
4141,Priya Sharma,Male,24,Kolkata,West Bengal,India,2024-09-23
4142,Aditya Kumar,Male,29,Mumbai,Maharashtra,India,2024-06-24
4143,Ishita Singh,Female,50,Jaipur,Rajasthan,India,2023-10-27
4144,Priya Kaur,Female,21,Chennai,Tamil Nadu,India,2022-11-28
4145,Rohan Gupta,Female,61,Jalandhar,Punjab,India,2024-12-17
4146,Kabir Mehta,Male,53,Bangalore,Karnataka,India,2024-11-23
4147,Aarav Mehta,Female,45,Jaipur,Rajasthan,India,2023-05-29
4148,Aarav Mehta,Female,61,Amritsar,Punjab,India,2023-02-28
4149,Karan Singh,Male,39,Amritsar,Punjab,India,2023-03-03
4150,Karan Verma,Male,40,Bangalore,Karnataka,India,2025-05-21
4151,Vihaan Malhotra,Female,64,Amritsar,Punjab,India,2024-10-29
4152,Ananya Sharma,Female,60,Kolkata,West Bengal,India,2022-03-03
4153,Simran Malhotra,Female,55,Noida,Uttar Pradesh,India,2023-04-24
4154,Aarav Patel,Female,33,Jalandhar,Punjab,India,2023-06-16
4155,Rohan Sharma,Male,48,Chandigarh,Chandigarh,India,2023-02-14
4156,Meera Singh,Female,56,Hyderabad,Telangana,India,2024-07-09
4157,Aditya Sharma,Female,30,Hyderabad,Telangana,India,2023-10-21
4158,Karan Sharma,Female,50,Hyderabad,Telangana,India,2025-05-04
4159,Karan Patel,Female,34,Chennai,Tamil Nadu,India,2022-11-22
4160,Ishita Singh,Male,33,Hyderabad,Telangana,India,2024-12-15
4161,Kabir Kaur,Female,31,Noida,Uttar Pradesh,India,2024-04-04
4162,Karan Kumar,Male,21,Amritsar,Punjab,India,2022-12-27
4163,Priya Kaur,Female,24,Jalandhar,Punjab,India,2022-08-06
4164,Ishita Mehta,Female,59,Kharar,Punjab,India,2024-09-30
4165,Ananya Singh,Female,24,Hyderabad,Telangana,India,2024-05-16
4166,Aarav Gupta,Male,57,Jalandhar,Punjab,India,2025-01-17
4167,Arjun Gupta,Female,53,Pune,Maharashtra,India,2024-04-07
4168,Aarav Patel,Male,24,Gurgaon,Haryana,India,2024-05-20
4169,Vihaan Gill,Male,29,Chandigarh,Chandigarh,India,2022-03-02
4170,Meera Verma,Male,24,Jalandhar,Punjab,India,2023-06-30
4171,Priya Verma,Female,49,Jalandhar,Punjab,India,2022-06-08
4172,Rahul Malhotra,Male,22,Mohali,Punjab,India,2024-07-11
4173,Neha Sharma,Male,23,Chennai,Tamil Nadu,India,2024-03-30
4174,Karan Sharma,Female,61,Delhi,Delhi,India,2022-01-23
4175,Aditya Gill,Male,31,Mohali,Punjab,India,2023-01-14
4176,Ishita Mehta,Male,34,Hyderabad,Telangana,India,2023-07-27
4177,Ananya Kumar,Male,46,Bangalore,Karnataka,India,2022-11-24
4178,Aisha Mehta,Female,33,Noida,Uttar Pradesh,India,2025-02-11
4179,Simran Kumar,Male,65,Chandigarh,Chandigarh,India,2024-03-25
4180,Aditya Sharma,Male,40,Mumbai,Maharashtra,India,2025-06-15
4181,Arjun Gill,Male,65,Mumbai,Maharashtra,India,2025-05-23
4182,Kabir Mehta,Male,49,Gurgaon,Haryana,India,2023-01-05
4183,Kabir Gill,Male,42,Kharar,Punjab,India,2023-04-01
4184,Priya Sharma,Female,54,Pune,Maharashtra,India,2024-05-29
4185,Kabir Verma,Female,46,Mohali,Punjab,India,2024-03-20
4186,Ishita Kaur,Female,28,Mumbai,Maharashtra,India,2025-02-06
4187,Rohan Kumar,Female,34,Jaipur,Rajasthan,India,2025-06-30
4188,Aarav Mehta,Male,50,Pune,Maharashtra,India,2025-01-23
4189,Aditya Sharma,Female,65,Hyderabad,Telangana,India,2024-10-11
4190,Aisha Verma,Male,28,Pune,Maharashtra,India,2022-04-02
4191,Priya Singh,Male,56,Chandigarh,Chandigarh,India,2022-04-06
4192,Kabir Singh,Female,37,Jalandhar,Punjab,India,2023-05-03
4193,Aditya Gupta,Male,55,Mohali,Punjab,India,2023-04-07
4194,Neha Kaur,Female,30,Jalandhar,Punjab,India,2023-05-22
4195,Kabir Sharma,Male,33,Delhi,Delhi,India,2024-01-03
4196,Aarav Kaur,Female,59,Kharar,Punjab,India,2023-11-10
4197,Ishita Sharma,Male,57,Pune,Maharashtra,India,2023-04-09
4198,Aditya Patel,Male,32,Mumbai,Maharashtra,India,2024-04-09
4199,Meera Kumar,Male,33,Jaipur,Rajasthan,India,2023-01-30
4200,Aditya Kumar,Female,28,Jalandhar,Punjab,India,2025-04-27
4201,Kabir Sharma,Male,40,Hyderabad,Telangana,India,2025-03-01
4202,Arjun Kaur,Female,35,Gurgaon,Haryana,India,2022-07-05
4203,Neha Gill,Male,46,Jalandhar,Punjab,India,2023-11-14
4204,Rohan Gill,Male,21,Bangalore,Karnataka,India,2022-08-30
4205,Vihaan Mehta,Female,30,Amritsar,Punjab,India,2022-06-04
4206,Karan Gupta,Female,35,Kolkata,West Bengal,India,2022-11-24
4207,Neha Sharma,Female,29,Kharar,Punjab,India,2025-05-04
4208,Priya Singh,Male,46,Noida,Uttar Pradesh,India,2023-12-02
4209,Ananya Kaur,Male,43,Ludhiana,Punjab,India,2024-07-03
4210,Meera Kumar,Male,48,Kharar,Punjab,India,2024-02-02
4211,Meera Verma,Male,45,Gurgaon,Haryana,India,2023-07-16
4212,Rohan Kaur,Female,34,Kolkata,West Bengal,India,2024-02-24
4213,Neha Kaur,Male,57,Ludhiana,Punjab,India,2024-05-21
4214,Karan Kumar,Male,18,Ludhiana,Punjab,India,2025-03-15
4215,Priya Malhotra,Female,38,Jalandhar,Punjab,India,2022-10-09
4216,Aarav Kumar,Male,63,Noida,Uttar Pradesh,India,2022-08-05
4217,Rohan Kumar,Female,40,Kharar,Punjab,India,2022-01-21
4218,Arjun Gupta,Male,64,Mumbai,Maharashtra,India,2022-10-13
4219,Ananya Singh,Female,33,Ludhiana,Punjab,India,2022-04-12
4220,Karan Gill,Female,58,Chennai,Tamil Nadu,India,2022-10-14
4221,Karan Gill,Male,41,Noida,Uttar Pradesh,India,2023-05-30
4222,Kabir Singh,Male,63,Amritsar,Punjab,India,2023-06-05
4223,Meera Malhotra,Male,55,Mumbai,Maharashtra,India,2023-01-05
4224,Aditya Malhotra,Female,49,Chandigarh,Chandigarh,India,2022-03-26
4225,Karan Verma,Male,31,Hyderabad,Telangana,India,2023-04-26
4226,Ananya Gill,Female,40,Jalandhar,Punjab,India,2022-07-15
4227,Ishita Gill,Male,28,Pune,Maharashtra,India,2023-11-28
4228,Meera Malhotra,Female,45,Chennai,Tamil Nadu,India,2023-07-18
4229,Neha Malhotra,Female,58,Mohali,Punjab,India,2024-10-28
4230,Meera Malhotra,Male,65,Pune,Maharashtra,India,2025-01-13
4231,Aisha Patel,Female,63,Jalandhar,Punjab,India,2024-09-05
4232,Rahul Kaur,Male,65,Amritsar,Punjab,India,2024-11-06
4233,Rahul Mehta,Male,60,Noida,Uttar Pradesh,India,2025-04-12
4234,Rohan Gupta,Male,58,Jalandhar,Punjab,India,2023-10-16
4235,Arjun Gill,Female,28,Pune,Maharashtra,India,2025-02-11
4236,Kabir Kaur,Female,18,Jalandhar,Punjab,India,2022-08-06
4237,Rohan Verma,Male,37,Jalandhar,Punjab,India,2024-07-04
4238,Simran Verma,Male,55,Jalandhar,Punjab,India,2023-05-31
4239,Priya Sharma,Male,28,Jalandhar,Punjab,India,2022-11-29
4240,Neha Gupta,Male,36,Gurgaon,Haryana,India,2025-03-12
4241,Ananya Sharma,Male,56,Jalandhar,Punjab,India,2024-05-05
4242,Kabir Mehta,Male,26,Bangalore,Karnataka,India,2024-04-19
4243,Aarav Gupta,Female,21,Bangalore,Karnataka,India,2025-04-04
4244,Rahul Kumar,Male,22,Pune,Maharashtra,India,2024-09-04
4245,Priya Sharma,Male,63,Jaipur,Rajasthan,India,2023-04-20
4246,Aarav Singh,Male,33,Kharar,Punjab,India,2024-01-30
4247,Simran Gill,Male,26,Delhi,Delhi,India,2022-11-25
4248,Ishita Mehta,Male,23,Jaipur,Rajasthan,India,2025-04-27
4249,Rahul Sharma,Male,44,Gurgaon,Haryana,India,2022-02-13
4250,Karan Mehta,Male,38,Amritsar,Punjab,India,2024-03-30
4251,Rahul Singh,Female,21,Noida,Uttar Pradesh,India,2024-08-28
4252,Ishita Kaur,Female,36,Hyderabad,Telangana,India,2023-03-24
4253,Aarav Sharma,Female,32,Pune,Maharashtra,India,2024-08-06
4254,Vihaan Gupta,Female,23,Jalandhar,Punjab,India,2024-06-29
4255,Priya Kaur,Male,61,Hyderabad,Telangana,India,2022-08-16
4256,Ishita Kumar,Female,25,Delhi,Delhi,India,2022-01-26
4257,Aditya Singh,Female,37,Noida,Uttar Pradesh,India,2022-10-09
4258,Meera Singh,Female,40,Delhi,Delhi,India,2023-07-20
4259,Arjun Kumar,Female,29,Jaipur,Rajasthan,India,2024-08-08
4260,Priya Verma,Female,48,Kolkata,West Bengal,India,2024-05-10
4261,Rahul Kumar,Female,56,Mohali,Punjab,India,2023-08-22
4262,Ananya Sharma,Female,45,Jalandhar,Punjab,India,2022-05-23
4263,Rohan Patel,Male,50,Kolkata,West Bengal,India,2025-02-01
4264,Aarav Singh,Female,57,Chennai,Tamil Nadu,India,2025-06-14
4265,Kabir Gupta,Male,20,Delhi,Delhi,India,2022-12-12
4266,Simran Kumar,Female,37,Jaipur,Rajasthan,India,2023-07-01
4267,Arjun Mehta,Male,32,Noida,Uttar Pradesh,India,2023-07-05
4268,Rahul Patel,Male,50,Pune,Maharashtra,India,2024-03-07
4269,Karan Gill,Male,28,Noida,Uttar Pradesh,India,2024-01-06
4270,Aisha Malhotra,Female,65,Jaipur,Rajasthan,India,2023-04-07
4271,Ishita Kaur,Female,53,Bangalore,Karnataka,India,2025-03-08
4272,Aditya Mehta,Male,30,Mohali,Punjab,India,2024-11-22
4273,Meera Gupta,Male,59,Hyderabad,Telangana,India,2022-01-25
4274,Ananya Patel,Male,50,Chandigarh,Chandigarh,India,2023-11-22
4275,Karan Gupta,Male,23,Mumbai,Maharashtra,India,2024-03-11
4276,Vihaan Patel,Male,20,Noida,Uttar Pradesh,India,2025-04-06
4277,Karan Malhotra,Male,34,Gurgaon,Haryana,India,2024-05-25
4278,Aditya Mehta,Female,65,Mohali,Punjab,India,2022-07-12
4279,Vihaan Mehta,Female,35,Jaipur,Rajasthan,India,2023-03-11
4280,Aarav Verma,Female,23,Chennai,Tamil Nadu,India,2025-01-15
4281,Ishita Patel,Female,34,Chennai,Tamil Nadu,India,2024-04-28
4282,Kabir Verma,Male,43,Chennai,Tamil Nadu,India,2025-02-07
4283,Rohan Gupta,Male,51,Kharar,Punjab,India,2024-02-03
4284,Aarav Kaur,Female,48,Mohali,Punjab,India,2022-12-08
4285,Aarav Malhotra,Female,39,Ludhiana,Punjab,India,2022-03-25
4286,Priya Malhotra,Female,19,Chennai,Tamil Nadu,India,2023-08-18
4287,Rohan Verma,Female,20,Gurgaon,Haryana,India,2023-11-23
4288,Vihaan Kumar,Female,35,Mohali,Punjab,India,2024-05-20
4289,Vihaan Sharma,Female,48,Gurgaon,Haryana,India,2024-06-20
4290,Aarav Verma,Female,62,Delhi,Delhi,India,2022-09-04
4291,Kabir Kaur,Female,44,Amritsar,Punjab,India,2024-08-31
4292,Aisha Singh,Male,50,Noida,Uttar Pradesh,India,2024-07-14
4293,Rohan Kumar,Female,61,Hyderabad,Telangana,India,2025-05-09
4294,Rahul Mehta,Male,54,Mohali,Punjab,India,2024-04-29
4295,Aditya Kaur,Female,43,Delhi,Delhi,India,2022-02-19
4296,Aisha Patel,Male,60,Mumbai,Maharashtra,India,2023-09-12
4297,Kabir Singh,Female,21,Amritsar,Punjab,India,2023-06-22
4298,Aisha Singh,Female,61,Hyderabad,Telangana,India,2024-06-25
4299,Rahul Verma,Male,29,Chandigarh,Chandigarh,India,2022-05-06
4300,Rahul Kaur,Male,48,Kharar,Punjab,India,2023-01-28
4301,Aisha Malhotra,Male,61,Jalandhar,Punjab,India,2025-03-06
4302,Karan Singh,Male,44,Jalandhar,Punjab,India,2023-10-24
4303,Aisha Kumar,Female,23,Delhi,Delhi,India,2024-07-26
4304,Simran Verma,Female,57,Chandigarh,Chandigarh,India,2023-06-22
4305,Rahul Gill,Female,28,Jalandhar,Punjab,India,2022-03-03
4306,Meera Gill,Male,23,Delhi,Delhi,India,2023-05-02
4307,Aditya Gill,Male,25,Mumbai,Maharashtra,India,2023-08-02
4308,Aisha Gill,Female,46,Pune,Maharashtra,India,2022-02-24
4309,Ananya Kaur,Male,57,Bangalore,Karnataka,India,2023-11-28
4310,Vihaan Sharma,Female,34,Chennai,Tamil Nadu,India,2025-05-28
4311,Aditya Kumar,Female,60,Jalandhar,Punjab,India,2023-05-18
4312,Meera Kaur,Male,47,Mohali,Punjab,India,2025-01-08
4313,Rahul Mehta,Male,42,Ludhiana,Punjab,India,2024-02-11
4314,Priya Kumar,Male,39,Noida,Uttar Pradesh,India,2024-12-16
4315,Arjun Verma,Female,55,Mohali,Punjab,India,2022-10-18
4316,Rohan Sharma,Male,46,Kharar,Punjab,India,2022-04-05
4317,Karan Sharma,Male,44,Ludhiana,Punjab,India,2023-09-04
4318,Karan Sharma,Male,19,Mohali,Punjab,India,2024-11-16
4319,Simran Singh,Female,28,Mohali,Punjab,India,2024-04-03
4320,Simran Kaur,Female,53,Amritsar,Punjab,India,2022-12-23
4321,Ishita Gupta,Female,19,Jaipur,Rajasthan,India,2022-02-09
4322,Kabir Malhotra,Female,54,Chennai,Tamil Nadu,India,2023-01-12
4323,Priya Gupta,Male,22,Chennai,Tamil Nadu,India,2024-05-08
4324,Rahul Gill,Male,64,Chandigarh,Chandigarh,India,2025-05-13
4325,Ishita Singh,Male,48,Bangalore,Karnataka,India,2024-04-11
4326,Kabir Sharma,Male,51,Bangalore,Karnataka,India,2022-10-01
4327,Vihaan Gill,Male,47,Chandigarh,Chandigarh,India,2022-04-27
4328,Neha Verma,Male,61,Jalandhar,Punjab,India,2023-06-26
4329,Aditya Kumar,Female,56,Noida,Uttar Pradesh,India,2024-02-21
4330,Priya Gupta,Female,51,Jalandhar,Punjab,India,2024-09-19
4331,Arjun Kaur,Male,65,Chandigarh,Chandigarh,India,2023-08-28
4332,Aditya Kaur,Female,31,Amritsar,Punjab,India,2024-04-15
4333,Ananya Singh,Male,32,Chandigarh,Chandigarh,India,2024-07-28
4334,Vihaan Sharma,Male,53,Pune,Maharashtra,India,2023-06-30
4335,Rahul Sharma,Male,57,Chennai,Tamil Nadu,India,2024-02-11
4336,Aarav Kaur,Female,33,Chennai,Tamil Nadu,India,2024-02-08
4337,Kabir Gupta,Male,40,Mumbai,Maharashtra,India,2023-12-28
4338,Meera Verma,Female,50,Gurgaon,Haryana,India,2022-06-12
4339,Aisha Patel,Female,61,Chennai,Tamil Nadu,India,2022-02-03
4340,Ishita Verma,Female,50,Gurgaon,Haryana,India,2025-01-24
4341,Arjun Patel,Female,49,Amritsar,Punjab,India,2023-05-25
4342,Aditya Verma,Female,27,Pune,Maharashtra,India,2023-02-09
4343,Vihaan Verma,Male,42,Amritsar,Punjab,India,2024-04-05
4344,Ananya Gill,Female,36,Chennai,Tamil Nadu,India,2025-04-13
4345,Kabir Patel,Female,54,Kharar,Punjab,India,2024-09-19
4346,Kabir Sharma,Female,29,Jalandhar,Punjab,India,2025-05-23
4347,Kabir Kaur,Female,54,Bangalore,Karnataka,India,2025-06-23
4348,Aarav Verma,Female,43,Amritsar,Punjab,India,2022-05-29
4349,Neha Gill,Female,29,Chennai,Tamil Nadu,India,2023-01-23
4350,Rahul Gill,Male,55,Pune,Maharashtra,India,2025-05-20
4351,Vihaan Patel,Female,43,Gurgaon,Haryana,India,2025-02-12
4352,Meera Mehta,Female,57,Chennai,Tamil Nadu,India,2023-01-19
4353,Neha Verma,Male,37,Pune,Maharashtra,India,2022-09-06
4354,Aditya Malhotra,Male,21,Gurgaon,Haryana,India,2024-12-07
4355,Neha Gill,Male,24,Noida,Uttar Pradesh,India,2023-11-02
4356,Ananya Malhotra,Male,56,Delhi,Delhi,India,2022-06-23
4357,Kabir Verma,Male,19,Amritsar,Punjab,India,2022-01-10
4358,Aditya Gupta,Male,59,Kharar,Punjab,India,2024-08-13
4359,Kabir Gill,Male,37,Bangalore,Karnataka,India,2023-04-10
4360,Ishita Gupta,Male,31,Mohali,Punjab,India,2023-09-08
4361,Aarav Kumar,Female,38,Ludhiana,Punjab,India,2022-11-08
4362,Kabir Sharma,Female,59,Kolkata,West Bengal,India,2023-11-02
4363,Aditya Kaur,Male,36,Bangalore,Karnataka,India,2022-01-24
4364,Ananya Kaur,Male,51,Mumbai,Maharashtra,India,2023-01-10
4365,Rohan Kumar,Male,54,Gurgaon,Haryana,India,2024-09-19
4366,Rahul Gill,Male,57,Hyderabad,Telangana,India,2023-06-19
4367,Kabir Gill,Male,59,Bangalore,Karnataka,India,2024-01-28
4368,Simran Kaur,Male,23,Bangalore,Karnataka,India,2024-08-28
4369,Vihaan Sharma,Female,57,Pune,Maharashtra,India,2024-04-16
4370,Arjun Malhotra,Female,54,Hyderabad,Telangana,India,2023-11-14
4371,Kabir Gupta,Male,37,Kolkata,West Bengal,India,2023-05-23
4372,Karan Gupta,Male,63,Jaipur,Rajasthan,India,2022-12-01
4373,Vihaan Singh,Male,48,Mumbai,Maharashtra,India,2025-06-21
4374,Ishita Verma,Male,18,Mumbai,Maharashtra,India,2022-04-17
4375,Karan Mehta,Male,59,Kolkata,West Bengal,India,2022-12-14
4376,Karan Patel,Male,32,Kharar,Punjab,India,2024-05-08
4377,Aisha Gill,Male,20,Kharar,Punjab,India,2022-10-28
4378,Ishita Gill,Male,55,Mumbai,Maharashtra,India,2023-02-11
4379,Vihaan Kumar,Female,20,Kolkata,West Bengal,India,2023-01-24
4380,Meera Kaur,Female,37,Jaipur,Rajasthan,India,2023-07-18
4381,Aditya Malhotra,Male,35,Chennai,Tamil Nadu,India,2024-10-07
4382,Aarav Mehta,Female,26,Hyderabad,Telangana,India,2023-04-07
4383,Arjun Sharma,Female,44,Mumbai,Maharashtra,India,2023-10-21
4384,Aisha Gill,Male,48,Kharar,Punjab,India,2022-03-11
4385,Arjun Mehta,Male,60,Pune,Maharashtra,India,2022-12-07
4386,Arjun Gupta,Female,42,Pune,Maharashtra,India,2023-01-30
4387,Aarav Gill,Male,53,Noida,Uttar Pradesh,India,2023-12-27
4388,Rohan Patel,Male,64,Chandigarh,Chandigarh,India,2022-07-15
4389,Neha Mehta,Female,35,Mumbai,Maharashtra,India,2025-06-22
4390,Priya Patel,Male,56,Bangalore,Karnataka,India,2022-08-28
4391,Aarav Mehta,Female,18,Bangalore,Karnataka,India,2022-04-14
4392,Aarav Gill,Male,18,Jaipur,Rajasthan,India,2023-09-30
4393,Neha Gupta,Male,52,Mumbai,Maharashtra,India,2023-07-20
4394,Aisha Kumar,Male,29,Chandigarh,Chandigarh,India,2022-06-16
4395,Priya Kumar,Female,43,Chandigarh,Chandigarh,India,2022-11-25
4396,Vihaan Malhotra,Female,52,Mohali,Punjab,India,2025-02-09
4397,Priya Gupta,Male,60,Bangalore,Karnataka,India,2024-06-29
4398,Kabir Verma,Female,28,Chandigarh,Chandigarh,India,2025-05-30
4399,Arjun Verma,Female,62,Mumbai,Maharashtra,India,2024-06-14
4400,Ishita Kumar,Male,39,Delhi,Delhi,India,2024-05-05
4401,Vihaan Sharma,Male,56,Amritsar,Punjab,India,2024-08-17
4402,Aditya Sharma,Male,45,Jaipur,Rajasthan,India,2024-09-25
4403,Simran Gill,Female,20,Mohali,Punjab,India,2025-05-06
4404,Aarav Singh,Male,52,Jalandhar,Punjab,India,2023-08-01
4405,Arjun Singh,Male,61,Gurgaon,Haryana,India,2022-10-25
4406,Rahul Singh,Male,39,Bangalore,Karnataka,India,2025-01-05
4407,Simran Patel,Male,39,Noida,Uttar Pradesh,India,2022-11-30
4408,Vihaan Kaur,Male,25,Bangalore,Karnataka,India,2025-05-01
4409,Aarav Gupta,Female,61,Bangalore,Karnataka,India,2022-11-22
4410,Aarav Patel,Male,56,Amritsar,Punjab,India,2024-08-21
4411,Karan Mehta,Female,41,Chandigarh,Chandigarh,India,2023-07-25
4412,Karan Sharma,Male,58,Jaipur,Rajasthan,India,2023-02-07
4413,Karan Singh,Female,42,Kharar,Punjab,India,2022-05-31
4414,Meera Kumar,Female,44,Mumbai,Maharashtra,India,2024-09-22
4415,Rahul Kaur,Female,29,Bangalore,Karnataka,India,2023-05-24
4416,Meera Gill,Female,18,Mumbai,Maharashtra,India,2024-01-15
4417,Aarav Kaur,Female,22,Gurgaon,Haryana,India,2024-12-30
4418,Aarav Kaur,Female,49,Jaipur,Rajasthan,India,2025-02-11
4419,Aarav Kumar,Female,51,Chennai,Tamil Nadu,India,2024-04-01
4420,Rohan Sharma,Female,33,Mohali,Punjab,India,2022-03-27
4421,Rahul Kumar,Female,18,Bangalore,Karnataka,India,2024-01-30
4422,Kabir Malhotra,Male,59,Mohali,Punjab,India,2024-05-28
4423,Ishita Sharma,Male,18,Noida,Uttar Pradesh,India,2023-03-20
4424,Ananya Singh,Male,21,Mohali,Punjab,India,2023-05-01
4425,Kabir Patel,Male,19,Chandigarh,Chandigarh,India,2025-05-30
4426,Rohan Kaur,Male,47,Noida,Uttar Pradesh,India,2024-01-30
4427,Meera Gill,Female,32,Chennai,Tamil Nadu,India,2022-08-18
4428,Rahul Sharma,Male,57,Jalandhar,Punjab,India,2024-12-28
4429,Aarav Kaur,Female,40,Hyderabad,Telangana,India,2024-10-06
4430,Priya Patel,Female,35,Jaipur,Rajasthan,India,2025-04-24
4431,Aarav Patel,Female,65,Amritsar,Punjab,India,2025-02-14
4432,Meera Gupta,Female,32,Jaipur,Rajasthan,India,2024-11-18
4433,Arjun Malhotra,Male,58,Kharar,Punjab,India,2025-02-23
4434,Meera Malhotra,Female,40,Ludhiana,Punjab,India,2023-12-19
4435,Aditya Gupta,Female,43,Delhi,Delhi,India,2024-04-11
4436,Ishita Kaur,Female,27,Jalandhar,Punjab,India,2022-09-10
4437,Ananya Mehta,Male,38,Kolkata,West Bengal,India,2024-04-14
4438,Aarav Kumar,Female,24,Bangalore,Karnataka,India,2024-05-10
4439,Aditya Malhotra,Female,19,Amritsar,Punjab,India,2024-07-05
4440,Aditya Mehta,Male,44,Chandigarh,Chandigarh,India,2024-04-11
4441,Kabir Kumar,Female,22,Chandigarh,Chandigarh,India,2024-01-20
4442,Aarav Singh,Female,30,Pune,Maharashtra,India,2022-01-09
4443,Karan Kumar,Male,45,Kharar,Punjab,India,2024-10-14
4444,Rohan Verma,Male,40,Ludhiana,Punjab,India,2024-12-14
4445,Ananya Sharma,Female,26,Chennai,Tamil Nadu,India,2023-01-03
4446,Aditya Singh,Male,33,Noida,Uttar Pradesh,India,2025-04-24
4447,Aditya Mehta,Female,21,Mumbai,Maharashtra,India,2024-02-08
4448,Meera Patel,Male,24,Noida,Uttar Pradesh,India,2023-10-18
4449,Ananya Sharma,Female,64,Chennai,Tamil Nadu,India,2024-07-31
4450,Ananya Singh,Female,45,Ludhiana,Punjab,India,2023-09-08
4451,Ananya Kumar,Female,39,Bangalore,Karnataka,India,2024-03-06
4452,Simran Kumar,Male,38,Ludhiana,Punjab,India,2025-05-28
4453,Aditya Malhotra,Female,43,Kolkata,West Bengal,India,2025-01-25
4454,Rohan Mehta,Male,29,Chandigarh,Chandigarh,India,2023-05-13
4455,Ishita Mehta,Male,52,Kolkata,West Bengal,India,2023-06-28
4456,Ishita Sharma,Male,54,Gurgaon,Haryana,India,2023-01-16
4457,Aarav Gill,Female,45,Jalandhar,Punjab,India,2024-09-28
4458,Vihaan Kumar,Male,62,Gurgaon,Haryana,India,2025-05-21
4459,Vihaan Kaur,Male,54,Kolkata,West Bengal,India,2024-04-09
4460,Aditya Sharma,Male,53,Jaipur,Rajasthan,India,2022-10-01
4461,Vihaan Kaur,Female,47,Mumbai,Maharashtra,India,2024-02-10
4462,Aditya Kaur,Female,48,Jalandhar,Punjab,India,2023-04-30
4463,Vihaan Malhotra,Female,59,Jalandhar,Punjab,India,2022-10-16
4464,Kabir Kumar,Male,19,Mohali,Punjab,India,2025-03-24
4465,Aditya Sharma,Male,45,Ludhiana,Punjab,India,2025-06-17
4466,Vihaan Kaur,Female,36,Delhi,Delhi,India,2022-10-11
4467,Aditya Mehta,Male,56,Delhi,Delhi,India,2025-04-25
4468,Neha Gill,Male,61,Amritsar,Punjab,India,2024-09-16
4469,Ishita Patel,Male,39,Mumbai,Maharashtra,India,2023-07-05
4470,Kabir Verma,Male,46,Mumbai,Maharashtra,India,2023-10-25
4471,Ananya Gill,Male,30,Hyderabad,Telangana,India,2025-02-02
4472,Arjun Sharma,Male,63,Gurgaon,Haryana,India,2024-03-16
4473,Vihaan Kumar,Male,29,Jaipur,Rajasthan,India,2024-06-04
4474,Neha Kaur,Female,46,Amritsar,Punjab,India,2024-08-15
4475,Vihaan Kumar,Male,44,Chennai,Tamil Nadu,India,2024-11-02
4476,Rahul Verma,Female,64,Mohali,Punjab,India,2024-09-06
4477,Neha Mehta,Male,31,Chandigarh,Chandigarh,India,2025-02-17
4478,Aarav Kumar,Female,20,Pune,Maharashtra,India,2023-11-18
4479,Kabir Gill,Female,26,Mumbai,Maharashtra,India,2023-08-13
4480,Meera Sharma,Female,63,Kharar,Punjab,India,2023-09-02
4481,Kabir Mehta,Female,19,Mohali,Punjab,India,2024-06-08
4482,Aisha Patel,Male,45,Kolkata,West Bengal,India,2024-07-17
4483,Kabir Patel,Male,45,Hyderabad,Telangana,India,2022-11-24
4484,Ishita Sharma,Male,63,Chandigarh,Chandigarh,India,2024-04-09
4485,Aisha Malhotra,Female,58,Delhi,Delhi,India,2024-04-06
4486,Rahul Singh,Female,54,Noida,Uttar Pradesh,India,2024-07-06
4487,Rohan Gill,Female,59,Noida,Uttar Pradesh,India,2025-04-15
4488,Arjun Malhotra,Male,55,Delhi,Delhi,India,2025-03-14
4489,Meera Gill,Female,56,Kolkata,West Bengal,India,2022-06-08
4490,Ananya Malhotra,Female,20,Noida,Uttar Pradesh,India,2025-04-21
4491,Ishita Patel,Male,36,Mumbai,Maharashtra,India,2025-05-08
4492,Kabir Verma,Female,36,Delhi,Delhi,India,2023-03-20
4493,Kabir Kumar,Female,42,Amritsar,Punjab,India,2022-07-27
4494,Arjun Kaur,Male,60,Amritsar,Punjab,India,2022-08-02
4495,Ananya Gupta,Female,32,Mumbai,Maharashtra,India,2023-05-31
4496,Aarav Singh,Male,61,Chandigarh,Chandigarh,India,2024-07-11
4497,Meera Kaur,Male,30,Hyderabad,Telangana,India,2025-04-26
4498,Karan Gupta,Male,58,Jaipur,Rajasthan,India,2022-11-27
4499,Rahul Mehta,Female,22,Mumbai,Maharashtra,India,2024-11-17
4500,Neha Kaur,Male,46,Amritsar,Punjab,India,2024-12-12
4501,Aarav Patel,Female,22,Kolkata,West Bengal,India,2024-03-05
4502,Rahul Singh,Male,62,Mohali,Punjab,India,2023-06-08
4503,Rahul Gupta,Female,65,Pune,Maharashtra,India,2025-03-23
4504,Rahul Sharma,Female,50,Noida,Uttar Pradesh,India,2024-05-27
4505,Ananya Gupta,Female,30,Chennai,Tamil Nadu,India,2025-01-14
4506,Aarav Gill,Female,27,Gurgaon,Haryana,India,2023-02-17
4507,Aisha Singh,Male,52,Bangalore,Karnataka,India,2022-05-02
4508,Rahul Singh,Female,43,Amritsar,Punjab,India,2022-09-29
4509,Arjun Verma,Female,40,Chandigarh,Chandigarh,India,2023-10-15
4510,Priya Malhotra,Female,35,Chennai,Tamil Nadu,India,2023-11-08
4511,Priya Malhotra,Female,38,Kolkata,West Bengal,India,2023-11-03
4512,Neha Mehta,Female,24,Pune,Maharashtra,India,2022-12-19
4513,Karan Verma,Female,18,Noida,Uttar Pradesh,India,2022-01-15
4514,Rahul Malhotra,Female,39,Mohali,Punjab,India,2024-12-03
4515,Aisha Malhotra,Male,36,Hyderabad,Telangana,India,2022-04-28
4516,Arjun Verma,Female,40,Pune,Maharashtra,India,2023-06-07
4517,Arjun Kaur,Male,34,Mumbai,Maharashtra,India,2023-09-12
4518,Arjun Malhotra,Female,36,Noida,Uttar Pradesh,India,2022-01-11
4519,Aisha Kumar,Male,51,Amritsar,Punjab,India,2024-04-12
4520,Aarav Malhotra,Male,38,Hyderabad,Telangana,India,2024-08-20
4521,Meera Singh,Female,19,Mohali,Punjab,India,2023-05-18
4522,Vihaan Sharma,Female,35,Hyderabad,Telangana,India,2022-11-12
4523,Simran Verma,Male,29,Delhi,Delhi,India,2022-04-03
4524,Meera Sharma,Male,19,Mumbai,Maharashtra,India,2025-05-31
4525,Meera Singh,Male,35,Noida,Uttar Pradesh,India,2025-03-30
4526,Ananya Verma,Male,56,Chandigarh,Chandigarh,India,2024-09-01
4527,Ishita Gill,Female,26,Kolkata,West Bengal,India,2023-07-13
4528,Kabir Malhotra,Female,25,Mumbai,Maharashtra,India,2023-03-06
4529,Rahul Gill,Female,51,Pune,Maharashtra,India,2022-01-27
4530,Rohan Sharma,Female,31,Jaipur,Rajasthan,India,2023-12-26
4531,Aisha Mehta,Female,50,Bangalore,Karnataka,India,2022-01-30
4532,Karan Kumar,Female,61,Mumbai,Maharashtra,India,2022-02-08
4533,Ananya Malhotra,Male,26,Mumbai,Maharashtra,India,2024-06-04
4534,Kabir Gill,Female,35,Chandigarh,Chandigarh,India,2022-10-29
4535,Aisha Kumar,Male,40,Mohali,Punjab,India,2024-12-22
4536,Rohan Malhotra,Female,57,Amritsar,Punjab,India,2022-02-05
4537,Vihaan Gupta,Male,20,Chennai,Tamil Nadu,India,2023-04-11
4538,Ananya Mehta,Female,48,Ludhiana,Punjab,India,2023-08-09
4539,Karan Patel,Female,25,Hyderabad,Telangana,India,2023-09-25
4540,Simran Verma,Female,61,Kharar,Punjab,India,2024-12-06
4541,Vihaan Sharma,Male,56,Jalandhar,Punjab,India,2023-10-18
4542,Meera Malhotra,Female,24,Bangalore,Karnataka,India,2025-03-14
4543,Kabir Kumar,Male,28,Hyderabad,Telangana,India,2024-05-29
4544,Meera Patel,Female,63,Chandigarh,Chandigarh,India,2025-06-29
4545,Kabir Mehta,Female,48,Noida,Uttar Pradesh,India,2023-08-23
4546,Arjun Mehta,Male,62,Delhi,Delhi,India,2022-01-06
4547,Rahul Kaur,Male,60,Bangalore,Karnataka,India,2022-06-27
4548,Arjun Malhotra,Male,47,Pune,Maharashtra,India,2025-01-12
4549,Aditya Kaur,Female,41,Amritsar,Punjab,India,2023-11-28
4550,Rahul Gill,Male,44,Jaipur,Rajasthan,India,2022-11-09
4551,Kabir Mehta,Male,32,Gurgaon,Haryana,India,2024-08-28
4552,Karan Gill,Male,27,Ludhiana,Punjab,India,2022-12-17
4553,Karan Gill,Male,20,Gurgaon,Haryana,India,2024-05-27
4554,Ishita Gupta,Female,21,Mumbai,Maharashtra,India,2025-02-04
4555,Aisha Mehta,Female,55,Noida,Uttar Pradesh,India,2023-10-24
4556,Arjun Mehta,Female,49,Noida,Uttar Pradesh,India,2023-10-05
4557,Vihaan Gill,Male,52,Mumbai,Maharashtra,India,2025-01-12
4558,Ishita Mehta,Male,47,Mohali,Punjab,India,2024-11-19
4559,Rohan Gill,Male,38,Kharar,Punjab,India,2024-10-08
4560,Simran Gill,Female,41,Mohali,Punjab,India,2024-11-10
4561,Kabir Verma,Male,50,Bangalore,Karnataka,India,2023-06-24
4562,Rahul Kumar,Male,27,Chennai,Tamil Nadu,India,2022-02-04
4563,Rahul Singh,Male,33,Kolkata,West Bengal,India,2025-04-30
4564,Priya Singh,Male,25,Bangalore,Karnataka,India,2025-05-19
4565,Priya Patel,Male,53,Chandigarh,Chandigarh,India,2025-01-24
4566,Kabir Gill,Female,59,Ludhiana,Punjab,India,2022-07-21
4567,Ishita Sharma,Female,18,Amritsar,Punjab,India,2024-04-02
4568,Meera Gill,Male,25,Bangalore,Karnataka,India,2022-04-07
4569,Ananya Kaur,Male,48,Chennai,Tamil Nadu,India,2022-10-28
4570,Rahul Malhotra,Male,32,Amritsar,Punjab,India,2023-07-17
4571,Priya Gupta,Female,20,Hyderabad,Telangana,India,2023-05-12
4572,Aarav Verma,Female,38,Mumbai,Maharashtra,India,2024-07-31
4573,Ishita Malhotra,Male,30,Hyderabad,Telangana,India,2023-11-24
4574,Meera Mehta,Male,49,Pune,Maharashtra,India,2024-06-24
4575,Meera Singh,Male,60,Gurgaon,Haryana,India,2023-03-23
4576,Rohan Patel,Female,58,Ludhiana,Punjab,India,2022-03-29
4577,Karan Sharma,Female,26,Mumbai,Maharashtra,India,2022-07-11
4578,Ananya Gill,Male,51,Kolkata,West Bengal,India,2023-07-15
4579,Aditya Sharma,Female,41,Noida,Uttar Pradesh,India,2024-11-08
4580,Arjun Singh,Female,22,Delhi,Delhi,India,2023-09-24
4581,Aarav Singh,Male,32,Kolkata,West Bengal,India,2023-10-23
4582,Vihaan Verma,Female,25,Mohali,Punjab,India,2023-10-27
4583,Ishita Malhotra,Male,65,Bangalore,Karnataka,India,2022-03-18
4584,Neha Mehta,Female,52,Chennai,Tamil Nadu,India,2022-04-20
4585,Vihaan Gupta,Female,40,Amritsar,Punjab,India,2024-05-23
4586,Aditya Verma,Female,54,Jaipur,Rajasthan,India,2023-08-24
4587,Neha Kumar,Female,64,Chandigarh,Chandigarh,India,2024-05-25
4588,Ishita Sharma,Male,45,Jaipur,Rajasthan,India,2023-03-23
4589,Ananya Patel,Female,31,Amritsar,Punjab,India,2024-10-18
4590,Ishita Singh,Female,55,Delhi,Delhi,India,2024-10-17
4591,Karan Kaur,Male,60,Pune,Maharashtra,India,2024-06-18
4592,Arjun Malhotra,Female,53,Gurgaon,Haryana,India,2023-03-03
4593,Kabir Gill,Male,39,Mohali,Punjab,India,2025-02-19
4594,Neha Gupta,Male,32,Pune,Maharashtra,India,2023-04-10
4595,Aditya Singh,Female,65,Jalandhar,Punjab,India,2024-02-03
4596,Simran Patel,Female,52,Kharar,Punjab,India,2023-05-22
4597,Aisha Verma,Male,47,Hyderabad,Telangana,India,2023-03-01
4598,Aditya Verma,Female,63,Jaipur,Rajasthan,India,2023-06-06
4599,Kabir Singh,Female,65,Bangalore,Karnataka,India,2025-03-18
4600,Simran Gupta,Male,58,Pune,Maharashtra,India,2024-09-24
4601,Meera Gill,Male,45,Noida,Uttar Pradesh,India,2022-05-11
4602,Aarav Patel,Male,28,Chennai,Tamil Nadu,India,2022-12-06
4603,Simran Singh,Female,54,Kharar,Punjab,India,2025-02-04
4604,Priya Gupta,Male,32,Kharar,Punjab,India,2023-09-07
4605,Priya Mehta,Female,62,Noida,Uttar Pradesh,India,2022-04-30
4606,Ishita Malhotra,Male,62,Noida,Uttar Pradesh,India,2024-09-24
4607,Aditya Sharma,Male,55,Chennai,Tamil Nadu,India,2022-09-14
4608,Aditya Kumar,Male,19,Bangalore,Karnataka,India,2022-11-07
4609,Ishita Patel,Male,54,Hyderabad,Telangana,India,2025-04-13
4610,Meera Kaur,Male,53,Bangalore,Karnataka,India,2023-01-22
4611,Rahul Mehta,Female,25,Hyderabad,Telangana,India,2025-05-13
4612,Rahul Verma,Female,22,Bangalore,Karnataka,India,2022-01-04
4613,Rohan Verma,Male,35,Amritsar,Punjab,India,2022-12-23
4614,Kabir Kaur,Male,61,Mohali,Punjab,India,2023-03-27
4615,Ananya Gill,Male,22,Noida,Uttar Pradesh,India,2023-03-04
4616,Rahul Malhotra,Male,44,Chennai,Tamil Nadu,India,2024-09-26
4617,Ananya Sharma,Male,48,Pune,Maharashtra,India,2024-07-15
4618,Rohan Kaur,Female,35,Kharar,Punjab,India,2024-04-06
4619,Aditya Gupta,Male,57,Ludhiana,Punjab,India,2022-12-03
4620,Vihaan Patel,Male,47,Delhi,Delhi,India,2023-09-15
4621,Neha Patel,Female,37,Bangalore,Karnataka,India,2022-10-14
4622,Ishita Sharma,Male,53,Bangalore,Karnataka,India,2024-02-25
4623,Karan Kaur,Female,31,Gurgaon,Haryana,India,2022-05-17
4624,Meera Verma,Female,40,Pune,Maharashtra,India,2025-04-08
4625,Priya Kaur,Female,61,Jalandhar,Punjab,India,2024-06-17
4626,Ishita Gupta,Male,37,Bangalore,Karnataka,India,2025-05-29
4627,Aarav Kumar,Female,18,Mohali,Punjab,India,2023-01-02
4628,Rohan Singh,Male,35,Mumbai,Maharashtra,India,2023-08-14
4629,Neha Malhotra,Female,48,Noida,Uttar Pradesh,India,2022-10-16
4630,Simran Malhotra,Male,54,Jalandhar,Punjab,India,2022-01-02
4631,Karan Kumar,Male,22,Jaipur,Rajasthan,India,2023-06-02
4632,Aditya Verma,Male,41,Pune,Maharashtra,India,2024-09-14
4633,Ananya Kumar,Male,40,Jaipur,Rajasthan,India,2022-07-10
4634,Aditya Gill,Female,51,Ludhiana,Punjab,India,2024-11-24
4635,Ananya Patel,Male,22,Chennai,Tamil Nadu,India,2022-10-02
4636,Aditya Sharma,Female,36,Chandigarh,Chandigarh,India,2023-05-15
4637,Karan Verma,Female,24,Chennai,Tamil Nadu,India,2024-11-18
4638,Aarav Malhotra,Female,50,Delhi,Delhi,India,2022-04-16
4639,Arjun Malhotra,Female,33,Mohali,Punjab,India,2022-06-25
4640,Vihaan Gill,Male,38,Jaipur,Rajasthan,India,2022-07-08
4641,Aditya Kumar,Female,48,Kharar,Punjab,India,2024-12-31
4642,Kabir Singh,Male,49,Hyderabad,Telangana,India,2025-01-28
4643,Simran Mehta,Male,20,Kharar,Punjab,India,2025-06-13
4644,Priya Malhotra,Female,45,Bangalore,Karnataka,India,2023-09-09
4645,Rohan Mehta,Male,44,Amritsar,Punjab,India,2025-01-27
4646,Kabir Verma,Male,33,Chandigarh,Chandigarh,India,2022-05-28
4647,Aditya Kaur,Male,18,Pune,Maharashtra,India,2024-04-07
4648,Aarav Kaur,Male,21,Mohali,Punjab,India,2023-01-14
4649,Ishita Patel,Female,62,Hyderabad,Telangana,India,2022-02-08
4650,Neha Kaur,Male,36,Mumbai,Maharashtra,India,2022-07-15
4651,Aditya Kaur,Male,43,Ludhiana,Punjab,India,2024-04-17
4652,Aarav Singh,Female,22,Kolkata,West Bengal,India,2023-06-09
4653,Meera Gill,Male,19,Mumbai,Maharashtra,India,2022-07-15
4654,Rahul Kumar,Male,65,Bangalore,Karnataka,India,2024-11-29
4655,Kabir Kaur,Male,35,Amritsar,Punjab,India,2022-03-18
4656,Rohan Kumar,Male,29,Mohali,Punjab,India,2022-12-27
4657,Rohan Verma,Male,59,Mohali,Punjab,India,2022-02-26
4658,Priya Gill,Male,22,Ludhiana,Punjab,India,2022-08-22
4659,Aditya Malhotra,Female,31,Delhi,Delhi,India,2023-04-03
4660,Vihaan Kumar,Male,41,Ludhiana,Punjab,India,2023-01-07
4661,Arjun Kumar,Male,33,Bangalore,Karnataka,India,2025-05-09
4662,Rohan Verma,Female,39,Noida,Uttar Pradesh,India,2022-09-16
4663,Aditya Kaur,Female,37,Delhi,Delhi,India,2023-09-03
4664,Rahul Sharma,Male,34,Chennai,Tamil Nadu,India,2025-04-10
4665,Rahul Kumar,Female,29,Hyderabad,Telangana,India,2022-04-22
4666,Vihaan Verma,Female,58,Pune,Maharashtra,India,2024-08-27
4667,Aditya Gill,Female,29,Gurgaon,Haryana,India,2025-06-27
4668,Ishita Kumar,Female,43,Kolkata,West Bengal,India,2022-07-08
4669,Meera Kaur,Female,43,Mumbai,Maharashtra,India,2024-01-30
4670,Ananya Singh,Female,49,Mumbai,Maharashtra,India,2024-03-09
4671,Rohan Kumar,Male,57,Jalandhar,Punjab,India,2024-05-03
4672,Aditya Singh,Female,48,Hyderabad,Telangana,India,2024-01-27
4673,Vihaan Verma,Female,28,Gurgaon,Haryana,India,2023-08-14
4674,Aisha Gupta,Female,45,Chennai,Tamil Nadu,India,2023-10-13
4675,Rohan Kumar,Female,26,Gurgaon,Haryana,India,2025-03-26
4676,Meera Kumar,Male,36,Mumbai,Maharashtra,India,2023-02-19
4677,Karan Gill,Male,37,Bangalore,Karnataka,India,2022-07-31
4678,Karan Singh,Male,59,Mumbai,Maharashtra,India,2024-07-26
4679,Vihaan Malhotra,Male,38,Hyderabad,Telangana,India,2023-07-10
4680,Priya Gupta,Female,53,Delhi,Delhi,India,2023-11-04
4681,Vihaan Gill,Male,44,Hyderabad,Telangana,India,2022-07-27
4682,Meera Malhotra,Male,36,Bangalore,Karnataka,India,2025-03-04
4683,Ananya Kumar,Male,44,Kolkata,West Bengal,India,2022-07-16
4684,Ishita Kumar,Male,24,Pune,Maharashtra,India,2024-03-17
4685,Meera Mehta,Male,19,Delhi,Delhi,India,2023-05-17
4686,Karan Kumar,Female,26,Chandigarh,Chandigarh,India,2024-02-17
4687,Karan Kaur,Male,24,Mohali,Punjab,India,2023-07-15
4688,Ishita Mehta,Male,53,Hyderabad,Telangana,India,2022-10-14
4689,Meera Gupta,Male,25,Bangalore,Karnataka,India,2022-09-27
4690,Aditya Verma,Male,55,Ludhiana,Punjab,India,2023-09-02
4691,Rahul Kaur,Female,59,Chennai,Tamil Nadu,India,2023-07-24
4692,Meera Gill,Male,42,Amritsar,Punjab,India,2023-08-31
4693,Aisha Verma,Male,30,Pune,Maharashtra,India,2025-05-09
4694,Karan Kaur,Female,18,Ludhiana,Punjab,India,2023-03-17
4695,Ishita Gill,Female,50,Bangalore,Karnataka,India,2022-06-13
4696,Kabir Verma,Female,63,Ludhiana,Punjab,India,2023-08-22
4697,Arjun Gill,Female,46,Chennai,Tamil Nadu,India,2022-02-22
4698,Priya Malhotra,Male,31,Hyderabad,Telangana,India,2023-11-05
4699,Ananya Singh,Male,24,Gurgaon,Haryana,India,2024-03-08
4700,Kabir Patel,Male,25,Ludhiana,Punjab,India,2024-04-01
4701,Ananya Gill,Female,64,Gurgaon,Haryana,India,2025-04-13
4702,Aisha Singh,Male,32,Mohali,Punjab,India,2023-04-20
4703,Aditya Kumar,Female,60,Noida,Uttar Pradesh,India,2024-05-08
4704,Priya Kumar,Female,52,Kolkata,West Bengal,India,2022-07-25
4705,Aarav Gill,Female,23,Jaipur,Rajasthan,India,2022-05-08
4706,Ishita Verma,Female,56,Kharar,Punjab,India,2023-03-20
4707,Arjun Gupta,Male,24,Mohali,Punjab,India,2024-03-31
4708,Aditya Gill,Male,19,Chandigarh,Chandigarh,India,2022-04-08
4709,Priya Kaur,Male,27,Jaipur,Rajasthan,India,2024-12-20
4710,Ishita Verma,Male,43,Hyderabad,Telangana,India,2025-01-19
4711,Meera Singh,Male,33,Mohali,Punjab,India,2023-08-21
4712,Arjun Kumar,Female,50,Amritsar,Punjab,India,2023-11-06
4713,Simran Gupta,Male,21,Jaipur,Rajasthan,India,2023-03-06
4714,Vihaan Singh,Female,21,Mumbai,Maharashtra,India,2024-09-06
4715,Karan Gill,Male,31,Ludhiana,Punjab,India,2025-01-18
4716,Aarav Singh,Female,48,Bangalore,Karnataka,India,2022-07-22
4717,Aisha Mehta,Male,31,Kharar,Punjab,India,2022-10-04
4718,Ananya Gupta,Male,26,Ludhiana,Punjab,India,2023-09-14
4719,Priya Sharma,Male,51,Chennai,Tamil Nadu,India,2025-02-11
4720,Aditya Singh,Male,26,Kharar,Punjab,India,2024-12-28
4721,Ishita Gupta,Female,26,Chennai,Tamil Nadu,India,2024-09-19
4722,Aisha Gill,Male,45,Kharar,Punjab,India,2024-09-02
4723,Karan Verma,Female,45,Pune,Maharashtra,India,2023-01-20
4724,Vihaan Malhotra,Male,20,Kharar,Punjab,India,2024-10-19
4725,Ananya Singh,Female,25,Jaipur,Rajasthan,India,2025-03-28
4726,Kabir Kumar,Male,25,Jaipur,Rajasthan,India,2023-12-15
4727,Neha Sharma,Male,63,Jaipur,Rajasthan,India,2023-05-02
4728,Neha Patel,Male,39,Kharar,Punjab,India,2022-04-16
4729,Ananya Verma,Male,42,Hyderabad,Telangana,India,2022-05-17
4730,Simran Gupta,Female,39,Hyderabad,Telangana,India,2022-12-09
4731,Kabir Mehta,Female,22,Mumbai,Maharashtra,India,2022-01-05
4732,Priya Patel,Female,49,Amritsar,Punjab,India,2022-05-14
4733,Ananya Malhotra,Female,51,Chennai,Tamil Nadu,India,2024-12-12
4734,Rahul Verma,Female,50,Pune,Maharashtra,India,2025-03-13
4735,Aarav Sharma,Female,24,Gurgaon,Haryana,India,2025-04-25
4736,Rahul Mehta,Female,60,Mumbai,Maharashtra,India,2024-04-03
4737,Rohan Patel,Female,27,Delhi,Delhi,India,2023-01-13
4738,Priya Singh,Female,27,Chennai,Tamil Nadu,India,2024-03-09
4739,Kabir Patel,Female,41,Bangalore,Karnataka,India,2022-02-23
4740,Rahul Sharma,Female,19,Noida,Uttar Pradesh,India,2022-03-29
4741,Aditya Gupta,Male,32,Kharar,Punjab,India,2022-01-11
4742,Simran Verma,Male,34,Bangalore,Karnataka,India,2022-03-24
4743,Aisha Singh,Male,18,Chennai,Tamil Nadu,India,2024-04-23
4744,Simran Gill,Male,61,Hyderabad,Telangana,India,2023-07-11
4745,Karan Kaur,Male,18,Ludhiana,Punjab,India,2024-08-24
4746,Kabir Kumar,Male,25,Hyderabad,Telangana,India,2023-12-21
4747,Kabir Kumar,Male,53,Jalandhar,Punjab,India,2022-10-31
4748,Kabir Malhotra,Male,36,Jalandhar,Punjab,India,2022-01-27
4749,Karan Patel,Male,51,Noida,Uttar Pradesh,India,2023-01-30
4750,Ananya Gill,Female,20,Pune,Maharashtra,India,2022-01-03
4751,Arjun Sharma,Female,46,Noida,Uttar Pradesh,India,2025-05-24
4752,Vihaan Patel,Male,63,Ludhiana,Punjab,India,2022-08-25
4753,Rohan Sharma,Female,30,Gurgaon,Haryana,India,2023-10-15
4754,Neha Kaur,Male,59,Chennai,Tamil Nadu,India,2024-12-22
4755,Neha Sharma,Female,36,Amritsar,Punjab,India,2022-08-29
4756,Karan Malhotra,Male,56,Pune,Maharashtra,India,2024-08-09
4757,Aarav Kaur,Male,22,Gurgaon,Haryana,India,2022-02-18
4758,Arjun Gill,Female,63,Jaipur,Rajasthan,India,2023-11-06
4759,Aditya Singh,Female,26,Gurgaon,Haryana,India,2024-11-11
4760,Neha Gupta,Female,48,Ludhiana,Punjab,India,2025-02-12
4761,Aisha Mehta,Female,64,Hyderabad,Telangana,India,2022-09-21
4762,Kabir Singh,Male,19,Mohali,Punjab,India,2024-02-29
4763,Aisha Patel,Female,53,Gurgaon,Haryana,India,2022-02-21
4764,Karan Malhotra,Male,60,Gurgaon,Haryana,India,2022-10-26
4765,Vihaan Gill,Female,34,Ludhiana,Punjab,India,2023-05-06
4766,Ananya Gill,Male,38,Bangalore,Karnataka,India,2023-11-11
4767,Rohan Mehta,Female,55,Mumbai,Maharashtra,India,2025-03-17
4768,Meera Sharma,Female,29,Jaipur,Rajasthan,India,2025-03-25
4769,Ishita Verma,Female,54,Chandigarh,Chandigarh,India,2022-04-11
4770,Rohan Kaur,Female,18,Jaipur,Rajasthan,India,2024-02-12
4771,Meera Sharma,Female,39,Kharar,Punjab,India,2024-05-10
4772,Vihaan Kumar,Female,35,Chennai,Tamil Nadu,India,2024-01-31
4773,Neha Sharma,Male,43,Chennai,Tamil Nadu,India,2023-10-14
4774,Karan Verma,Male,32,Amritsar,Punjab,India,2024-05-06
4775,Aditya Gill,Male,26,Kharar,Punjab,India,2024-01-03
4776,Priya Sharma,Female,30,Gurgaon,Haryana,India,2024-09-07
4777,Ananya Gill,Male,58,Bangalore,Karnataka,India,2025-06-09
4778,Aditya Gupta,Female,47,Bangalore,Karnataka,India,2024-10-18
4779,Rohan Sharma,Female,61,Jalandhar,Punjab,India,2023-01-13
4780,Meera Kaur,Female,29,Gurgaon,Haryana,India,2023-03-12
4781,Simran Sharma,Male,35,Jaipur,Rajasthan,India,2022-06-13
4782,Meera Kaur,Female,25,Chennai,Tamil Nadu,India,2023-11-09
4783,Vihaan Verma,Male,38,Mumbai,Maharashtra,India,2024-12-30
4784,Rohan Mehta,Female,55,Mumbai,Maharashtra,India,2022-02-28
4785,Kabir Mehta,Female,18,Bangalore,Karnataka,India,2022-11-29
4786,Kabir Patel,Female,21,Noida,Uttar Pradesh,India,2023-05-05
4787,Vihaan Kaur,Female,61,Delhi,Delhi,India,2025-05-13
4788,Rohan Kaur,Male,23,Jaipur,Rajasthan,India,2023-10-22
4789,Simran Verma,Male,20,Amritsar,Punjab,India,2023-07-27
4790,Neha Kaur,Female,43,Chandigarh,Chandigarh,India,2023-01-12
4791,Karan Kaur,Male,49,Kharar,Punjab,India,2023-08-29
4792,Ananya Kaur,Male,19,Jalandhar,Punjab,India,2023-09-11
4793,Rahul Mehta,Male,25,Kharar,Punjab,India,2024-01-06
4794,Ananya Kaur,Female,42,Gurgaon,Haryana,India,2025-05-22
4795,Karan Sharma,Female,32,Delhi,Delhi,India,2022-09-16
4796,Aisha Sharma,Male,25,Pune,Maharashtra,India,2023-04-18
4797,Simran Sharma,Female,52,Jalandhar,Punjab,India,2024-01-04
4798,Kabir Kaur,Male,44,Chandigarh,Chandigarh,India,2022-07-15
4799,Arjun Gill,Male,59,Mohali,Punjab,India,2023-05-14
4800,Rohan Gill,Male,49,Delhi,Delhi,India,2025-05-22
4801,Arjun Gill,Male,18,Kolkata,West Bengal,India,2022-04-30
4802,Kabir Gill,Female,45,Chandigarh,Chandigarh,India,2022-07-23
4803,Kabir Kaur,Female,42,Bangalore,Karnataka,India,2023-07-30
4804,Arjun Malhotra,Female,40,Kolkata,West Bengal,India,2025-05-13
4805,Aarav Mehta,Male,32,Jaipur,Rajasthan,India,2022-01-01
4806,Aisha Patel,Male,26,Jaipur,Rajasthan,India,2023-04-25
4807,Rahul Mehta,Female,52,Kharar,Punjab,India,2022-06-04
4808,Rohan Verma,Female,46,Jaipur,Rajasthan,India,2023-08-13
4809,Karan Sharma,Male,57,Gurgaon,Haryana,India,2023-08-29
4810,Vihaan Gill,Male,23,Pune,Maharashtra,India,2024-07-13
4811,Rahul Verma,Female,39,Kolkata,West Bengal,India,2022-04-30
4812,Kabir Mehta,Female,22,Pune,Maharashtra,India,2022-09-14
4813,Aisha Gill,Male,53,Chandigarh,Chandigarh,India,2022-06-27
4814,Karan Malhotra,Male,44,Mumbai,Maharashtra,India,2022-06-01
4815,Kabir Kaur,Male,22,Mohali,Punjab,India,2022-08-22
4816,Karan Malhotra,Female,19,Bangalore,Karnataka,India,2024-03-02
4817,Priya Verma,Male,39,Kolkata,West Bengal,India,2023-05-19
4818,Kabir Kumar,Female,25,Amritsar,Punjab,India,2025-01-09
4819,Ananya Kaur,Male,26,Pune,Maharashtra,India,2024-02-15
4820,Priya Malhotra,Female,44,Jaipur,Rajasthan,India,2023-03-28
4821,Arjun Singh,Female,27,Kolkata,West Bengal,India,2025-05-26
4822,Vihaan Sharma,Male,19,Jaipur,Rajasthan,India,2023-05-17
4823,Ishita Patel,Male,54,Chennai,Tamil Nadu,India,2025-01-06
4824,Ishita Kumar,Male,31,Amritsar,Punjab,India,2022-10-21
4825,Rahul Patel,Female,42,Noida,Uttar Pradesh,India,2025-06-08
4826,Kabir Mehta,Female,24,Delhi,Delhi,India,2024-10-02
4827,Aisha Mehta,Female,39,Delhi,Delhi,India,2025-03-13
4828,Neha Patel,Male,51,Kharar,Punjab,India,2022-10-13
4829,Arjun Singh,Female,60,Mohali,Punjab,India,2022-03-04
4830,Aisha Patel,Male,62,Bangalore,Karnataka,India,2024-05-26
4831,Aditya Kaur,Female,46,Bangalore,Karnataka,India,2023-03-28
4832,Arjun Kaur,Female,29,Pune,Maharashtra,India,2023-07-27
4833,Rohan Kumar,Male,49,Mumbai,Maharashtra,India,2024-01-19
4834,Rohan Verma,Female,44,Bangalore,Karnataka,India,2023-06-17
4835,Simran Gupta,Female,28,Chennai,Tamil Nadu,India,2022-12-04
4836,Ishita Gill,Female,63,Noida,Uttar Pradesh,India,2024-01-23
4837,Aarav Gupta,Female,58,Ludhiana,Punjab,India,2022-10-10
4838,Aarav Verma,Male,54,Mumbai,Maharashtra,India,2024-05-07
4839,Rahul Malhotra,Female,25,Mumbai,Maharashtra,India,2022-10-20
4840,Ishita Verma,Male,46,Mohali,Punjab,India,2024-05-05
4841,Kabir Gill,Male,65,Kolkata,West Bengal,India,2023-10-17
4842,Ananya Mehta,Male,34,Chandigarh,Chandigarh,India,2023-07-06
4843,Arjun Kaur,Male,37,Amritsar,Punjab,India,2024-06-14
4844,Neha Sharma,Male,27,Pune,Maharashtra,India,2023-02-06
4845,Neha Mehta,Female,53,Jaipur,Rajasthan,India,2022-01-13
4846,Neha Patel,Female,64,Jaipur,Rajasthan,India,2025-03-07
4847,Ishita Kaur,Female,25,Chennai,Tamil Nadu,India,2024-11-30
4848,Meera Sharma,Female,19,Jaipur,Rajasthan,India,2023-02-21
4849,Priya Gill,Male,23,Gurgaon,Haryana,India,2023-08-23
4850,Simran Kaur,Male,30,Chennai,Tamil Nadu,India,2024-06-29
4851,Meera Sharma,Female,38,Amritsar,Punjab,India,2022-05-12
4852,Karan Verma,Female,18,Bangalore,Karnataka,India,2024-03-20
4853,Rahul Kumar,Male,51,Delhi,Delhi,India,2024-05-23
4854,Aarav Singh,Male,26,Delhi,Delhi,India,2022-11-07
4855,Ishita Sharma,Female,50,Chandigarh,Chandigarh,India,2023-07-04
4856,Rahul Gupta,Male,31,Amritsar,Punjab,India,2023-03-12
4857,Ishita Mehta,Female,19,Hyderabad,Telangana,India,2024-11-09
4858,Meera Malhotra,Female,49,Jalandhar,Punjab,India,2022-06-25
4859,Rahul Sharma,Female,58,Delhi,Delhi,India,2023-06-03
4860,Neha Verma,Male,19,Jaipur,Rajasthan,India,2025-02-25
4861,Neha Verma,Female,54,Pune,Maharashtra,India,2022-04-17
4862,Ishita Kumar,Male,34,Ludhiana,Punjab,India,2025-06-27
4863,Aisha Singh,Male,41,Pune,Maharashtra,India,2022-04-13
4864,Arjun Singh,Female,36,Chandigarh,Chandigarh,India,2024-03-12
4865,Karan Patel,Male,52,Ludhiana,Punjab,India,2022-04-10
4866,Simran Malhotra,Male,36,Delhi,Delhi,India,2023-06-07
4867,Aarav Gupta,Male,35,Kharar,Punjab,India,2023-05-11
4868,Rohan Verma,Female,50,Kharar,Punjab,India,2023-11-28
4869,Priya Kumar,Female,30,Kharar,Punjab,India,2024-12-05
4870,Aditya Malhotra,Male,48,Ludhiana,Punjab,India,2023-09-28
4871,Rohan Patel,Male,30,Chennai,Tamil Nadu,India,2022-03-28
4872,Arjun Verma,Female,42,Chandigarh,Chandigarh,India,2023-08-01
4873,Arjun Mehta,Female,53,Chennai,Tamil Nadu,India,2023-06-22
4874,Arjun Gill,Male,27,Mohali,Punjab,India,2024-08-05
4875,Rahul Gill,Male,48,Ludhiana,Punjab,India,2022-07-30
4876,Arjun Singh,Female,51,Hyderabad,Telangana,India,2024-03-08
4877,Aisha Malhotra,Female,25,Hyderabad,Telangana,India,2022-06-24
4878,Ishita Verma,Female,40,Kolkata,West Bengal,India,2025-04-01
4879,Priya Kumar,Male,44,Delhi,Delhi,India,2022-05-15
4880,Ishita Sharma,Female,19,Kolkata,West Bengal,India,2023-11-13
4881,Rohan Kumar,Female,40,Delhi,Delhi,India,2025-01-09
4882,Ananya Patel,Female,38,Kharar,Punjab,India,2024-06-19
4883,Simran Patel,Male,41,Amritsar,Punjab,India,2023-05-06
4884,Ananya Gill,Male,36,Gurgaon,Haryana,India,2022-11-23
4885,Rahul Kaur,Male,47,Bangalore,Karnataka,India,2024-09-14
4886,Simran Sharma,Male,61,Mumbai,Maharashtra,India,2023-11-08
4887,Neha Verma,Female,53,Noida,Uttar Pradesh,India,2024-09-20
4888,Aarav Kumar,Male,27,Delhi,Delhi,India,2024-11-21
4889,Vihaan Kaur,Female,29,Mumbai,Maharashtra,India,2024-09-07
4890,Rahul Gill,Male,34,Bangalore,Karnataka,India,2023-10-11
4891,Priya Patel,Male,28,Kharar,Punjab,India,2023-10-18
4892,Ishita Malhotra,Female,37,Amritsar,Punjab,India,2024-05-23
4893,Vihaan Sharma,Female,30,Ludhiana,Punjab,India,2022-01-16
4894,Kabir Sharma,Female,32,Kolkata,West Bengal,India,2025-02-11
4895,Karan Mehta,Female,47,Jalandhar,Punjab,India,2022-08-26
4896,Neha Malhotra,Female,26,Ludhiana,Punjab,India,2023-10-16
4897,Meera Mehta,Female,30,Amritsar,Punjab,India,2022-01-03
4898,Aarav Mehta,Male,27,Mohali,Punjab,India,2022-05-30
4899,Ishita Kaur,Female,27,Mohali,Punjab,India,2023-02-01
4900,Priya Gupta,Female,31,Jaipur,Rajasthan,India,2022-04-17
4901,Meera Mehta,Female,48,Pune,Maharashtra,India,2022-07-12
4902,Neha Singh,Female,24,Hyderabad,Telangana,India,2024-02-10
4903,Meera Gill,Female,40,Pune,Maharashtra,India,2024-03-27
4904,Aisha Mehta,Female,36,Bangalore,Karnataka,India,2022-03-25
4905,Simran Kumar,Male,36,Bangalore,Karnataka,India,2023-06-29
4906,Aarav Gill,Female,27,Chandigarh,Chandigarh,India,2022-11-27
4907,Kabir Verma,Female,30,Jaipur,Rajasthan,India,2024-07-28
4908,Meera Kaur,Male,23,Delhi,Delhi,India,2025-04-01
4909,Aisha Gupta,Male,57,Kharar,Punjab,India,2022-01-28
4910,Aarav Patel,Female,48,Chennai,Tamil Nadu,India,2023-05-14
4911,Aarav Singh,Female,49,Hyderabad,Telangana,India,2025-04-16
4912,Arjun Patel,Male,65,Ludhiana,Punjab,India,2022-07-16
4913,Arjun Verma,Male,44,Mohali,Punjab,India,2022-01-19
4914,Simran Sharma,Male,43,Chandigarh,Chandigarh,India,2023-12-16
4915,Priya Gupta,Female,39,Delhi,Delhi,India,2025-05-09
4916,Ishita Malhotra,Male,32,Chennai,Tamil Nadu,India,2023-10-15
4917,Simran Malhotra,Male,40,Jaipur,Rajasthan,India,2024-10-04
4918,Ananya Kaur,Male,36,Kharar,Punjab,India,2025-03-14
4919,Karan Gill,Male,34,Bangalore,Karnataka,India,2024-02-27
4920,Neha Malhotra,Female,58,Gurgaon,Haryana,India,2024-03-04
4921,Priya Kumar,Male,19,Jaipur,Rajasthan,India,2023-03-02
4922,Karan Kaur,Female,45,Kharar,Punjab,India,2024-01-18
4923,Aisha Malhotra,Male,37,Amritsar,Punjab,India,2024-03-15
4924,Aditya Gill,Male,64,Mumbai,Maharashtra,India,2024-10-17
4925,Aditya Sharma,Male,20,Amritsar,Punjab,India,2022-10-17
4926,Simran Verma,Male,23,Chandigarh,Chandigarh,India,2023-09-15
4927,Aisha Sharma,Female,23,Bangalore,Karnataka,India,2025-04-21
4928,Simran Patel,Female,31,Chandigarh,Chandigarh,India,2022-10-21
4929,Neha Singh,Female,59,Kolkata,West Bengal,India,2023-02-20
4930,Neha Kumar,Male,38,Mohali,Punjab,India,2024-05-11
4931,Rahul Gill,Male,18,Delhi,Delhi,India,2022-07-03
4932,Aarav Sharma,Male,51,Mohali,Punjab,India,2025-05-03
4933,Arjun Malhotra,Female,51,Gurgaon,Haryana,India,2022-08-22
4934,Aisha Gupta,Male,29,Chandigarh,Chandigarh,India,2024-12-14
4935,Rohan Gupta,Male,39,Gurgaon,Haryana,India,2025-01-18
4936,Ananya Sharma,Male,21,Jalandhar,Punjab,India,2023-06-22
4937,Priya Mehta,Female,45,Gurgaon,Haryana,India,2022-07-01
4938,Aisha Verma,Female,28,Gurgaon,Haryana,India,2024-12-29
4939,Simran Singh,Male,26,Chandigarh,Chandigarh,India,2024-05-28
4940,Rohan Gill,Female,47,Kharar,Punjab,India,2023-06-10
4941,Ishita Sharma,Female,63,Chennai,Tamil Nadu,India,2023-03-28
4942,Ishita Singh,Male,40,Kharar,Punjab,India,2025-01-28
4943,Priya Kumar,Male,57,Delhi,Delhi,India,2024-06-05
4944,Neha Kumar,Female,57,Kolkata,West Bengal,India,2024-10-28
4945,Kabir Singh,Male,65,Jaipur,Rajasthan,India,2023-09-24
4946,Priya Verma,Male,48,Amritsar,Punjab,India,2024-04-15
4947,Priya Sharma,Male,43,Pune,Maharashtra,India,2024-09-21
4948,Karan Singh,Female,48,Hyderabad,Telangana,India,2024-03-26
4949,Priya Malhotra,Male,44,Amritsar,Punjab,India,2023-04-29
4950,Simran Malhotra,Female,19,Hyderabad,Telangana,India,2022-06-29
4951,Neha Kaur,Female,43,Bangalore,Karnataka,India,2022-12-19
4952,Kabir Verma,Female,45,Jalandhar,Punjab,India,2024-06-28
4953,Ananya Kumar,Female,59,Chandigarh,Chandigarh,India,2024-03-24
4954,Rahul Patel,Male,29,Kharar,Punjab,India,2025-02-01
4955,Karan Gupta,Male,38,Chandigarh,Chandigarh,India,2025-03-04
4956,Kabir Patel,Female,57,Ludhiana,Punjab,India,2024-09-03
4957,Karan Kaur,Female,38,Kolkata,West Bengal,India,2025-05-20
4958,Rahul Gupta,Male,53,Kolkata,West Bengal,India,2023-01-20
4959,Meera Malhotra,Male,38,Pune,Maharashtra,India,2022-03-02
4960,Neha Gupta,Male,46,Kharar,Punjab,India,2022-08-12
4961,Rohan Mehta,Male,54,Bangalore,Karnataka,India,2022-05-24
4962,Ananya Patel,Female,40,Amritsar,Punjab,India,2022-07-10
4963,Arjun Singh,Female,51,Chennai,Tamil Nadu,India,2024-05-27
4964,Aarav Patel,Male,18,Mohali,Punjab,India,2025-05-20
4965,Aditya Gupta,Male,51,Jalandhar,Punjab,India,2024-07-04
4966,Rohan Mehta,Male,58,Kolkata,West Bengal,India,2023-04-23
4967,Aisha Kaur,Male,19,Chandigarh,Chandigarh,India,2022-09-10
4968,Meera Kaur,Female,58,Ludhiana,Punjab,India,2022-01-28
4969,Priya Malhotra,Female,58,Kharar,Punjab,India,2022-03-15
4970,Aditya Kaur,Male,43,Kolkata,West Bengal,India,2025-05-15
4971,Kabir Kaur,Male,32,Pune,Maharashtra,India,2023-01-23
4972,Ananya Kumar,Male,58,Hyderabad,Telangana,India,2025-02-22
4973,Rahul Kaur,Male,18,Chandigarh,Chandigarh,India,2024-10-17
4974,Aarav Kaur,Female,29,Delhi,Delhi,India,2024-02-28
4975,Kabir Gupta,Female,41,Hyderabad,Telangana,India,2023-05-05
4976,Aisha Gupta,Male,62,Kolkata,West Bengal,India,2023-10-31
4977,Neha Singh,Female,37,Kolkata,West Bengal,India,2024-03-11
4978,Neha Verma,Female,34,Pune,Maharashtra,India,2022-04-12
4979,Simran Mehta,Male,41,Bangalore,Karnataka,India,2023-09-15
4980,Rohan Kumar,Female,39,Noida,Uttar Pradesh,India,2022-05-15
4981,Rahul Verma,Female,40,Noida,Uttar Pradesh,India,2024-11-18
4982,Priya Gupta,Male,36,Delhi,Delhi,India,2025-02-24
4983,Priya Patel,Female,58,Gurgaon,Haryana,India,2022-11-24
4984,Ishita Mehta,Male,45,Hyderabad,Telangana,India,2024-03-13
4985,Simran Patel,Male,27,Jaipur,Rajasthan,India,2022-03-02
4986,Karan Patel,Female,18,Chennai,Tamil Nadu,India,2024-11-06
4987,Vihaan Kaur,Female,57,Jaipur,Rajasthan,India,2025-02-22
4988,Priya Gupta,Female,33,Delhi,Delhi,India,2024-05-31
4989,Ishita Malhotra,Male,40,Mumbai,Maharashtra,India,2022-02-18
4990,Rohan Sharma,Female,64,Jaipur,Rajasthan,India,2022-03-07
4991,Simran Gupta,Female,47,Jalandhar,Punjab,India,2022-12-05
4992,Aarav Mehta,Male,35,Chandigarh,Chandigarh,India,2022-12-19
4993,Ananya Sharma,Female,46,Delhi,Delhi,India,2023-04-11
4994,Neha Kaur,Female,35,Kolkata,West Bengal,India,2023-12-09
4995,Vihaan Malhotra,Male,22,Chandigarh,Chandigarh,India,2024-05-13
4996,Rohan Malhotra,Female,25,Amritsar,Punjab,India,2023-12-27
4997,Priya Kaur,Male,37,Mohali,Punjab,India,2023-12-05
4998,Priya Kaur,Male,37,Chandigarh,Chandigarh,India,2023-03-06
4999,Vihaan Singh,Male,47,Mumbai,Maharashtra,India,2025-05-06
5000,Aisha Kumar,Male,49,Noida,Uttar Pradesh,India,2025-06-24
