customer_id,recency,frequency,monetary,customer_name,R_score,F_score,M_score,RFM_score,RFM_total,segment
1,15,9,779672.3265,Aarav Gupta,5,5,3,553,13,Loyal Customers
2,221,5,427324.5355,Priya Malhotra,2,2,2,222,6,Lost Customers
3,147,6,873952.975,Aarav Singh,3,3,4,334,10,Potential Loyalists
4,466,3,218242.49550000002,Simran Kumar,1,1,1,111,3,Lost Customers
5,104,6,674306.932,Aisha Sharma,3,3,3,333,9,Potential Loyalists
6,325,5,848318.132,Aditya Kaur,1,2,4,124,7,Lost Customers
7,143,10,1423623.6985,Rahul Singh,3,5,5,355,13,Loyal Customers
8,78,14,2201315.812,Aisha Sharma,4,5,5,455,14,Champions
9,536,3,449757.028,Arjun Malhotra,1,1,2,112,4,Lost Customers
10,21,8,1086000.974,Ananya Kumar,5,4,5,545,14,Champions
11,145,8,924530.5349999999,Arjun Kumar,3,4,4,344,11,Loyal Customers
12,5,7,850386.2864999999,Priya Patel,5,4,4,544,13,Champions
13,152,4,471560.1175,Priya Gupta,3,1,2,312,6,Potential Loyalists
14,58,9,1289204.779,Kabir Mehta,4,5,5,455,14,Champions
15,254,2,221332.00199999998,Priya Patel,2,1,1,211,4,Lost Customers
16,73,8,1488926.408,Rahul Gupta,4,4,5,445,13,Champions
17,45,7,1341698.1509999998,Vihaan Mehta,4,4,5,445,13,Champions
18,503,4,596983.6925,Aditya Kaur,1,1,2,112,4,Lost Customers
19,438,8,845734.2445,Meera Gill,1,4,4,144,9,At Risk
20,20,7,937598.2455,Vihaan Kaur,5,4,4,544,13,Champions
21,216,5,551777.9065,Kabir Kaur,2,2,2,222,6,Lost Customers
22,2,6,882954.801,Rahul Gill,5,3,4,534,12,Potential Loyalists
23,78,7,916615.965,Priya Singh,4,4,4,444,12,Champions
24,559,5,865042.28,Aditya Verma,1,2,4,124,7,Lost Customers
25,252,4,722903.9595,Simran Kaur,2,1,3,213,6,Lost Customers
26,226,4,215335.24349999998,Kabir Patel,2,1,1,211,4,Lost Customers
27,169,8,1286393.755,Ananya Patel,2,4,5,245,11,At Risk
28,238,6,489881.021,Neha Gupta,2,3,2,232,7,Potential Loyalists
29,251,6,1060243.8699999999,Arjun Mehta,2,3,5,235,10,At Risk
30,233,5,530424.855,Priya Mehta,2,2,2,222,6,Lost Customers
31,100,2,310186.10599999997,Vihaan Malhotra,3,1,1,311,5,Potential Loyalists
32,65,8,1018459.3505,Priya Patel,4,4,5,445,13,Champions
33,246,8,927760.3225,Vihaan Kumar,2,4,4,244,10,At Risk
34,28,5,735977.9890000001,Ananya Kumar,5,2,3,523,10,New Customers
35,127,3,580111.507,Arjun Sharma,3,1,2,312,6,Potential Loyalists
36,155,7,833290.74,Aditya Mehta,3,4,4,344,11,Loyal Customers
37,437,5,485655.6945,Vihaan Mehta,1,2,2,122,5,Lost Customers
38,24,7,1168832.68,Priya Verma,5,4,5,545,14,Champions
39,397,4,465323.126,Ishita Sharma,1,1,2,112,4,Lost Customers
40,179,3,132961.15899999999,Aisha Singh,2,1,1,211,4,Lost Customers
41,334,3,617766.7005,Kabir Verma,1,1,3,113,5,Lost Customers
42,11,4,778977.0155,Ishita Singh,5,1,3,513,9,New Customers
43,28,3,364787.113,Priya Malhotra,5,1,1,511,7,New Customers
44,289,7,991429.144,Rahul Mehta,1,4,4,144,9,At Risk
45,57,9,925693.956,Kabir Verma,4,5,4,454,13,Champions
46,134,6,787023.6775,Aditya Verma,3,3,4,334,10,Potential Loyalists
47,287,4,586548.668,Vihaan Sharma,1,1,2,112,4,Lost Customers
48,105,10,1128925.69,Aarav Gill,3,5,5,355,13,Loyal Customers
49,333,8,781661.0445,Aarav Malhotra,1,4,3,143,8,At Risk
50,211,9,1245988.1995,Priya Kumar,2,5,5,255,12,At Risk
51,225,7,933166.247,Ananya Gill,2,4,4,244,10,At Risk
52,12,8,707736.924,Priya Gill,5,4,3,543,12,Loyal Customers
53,1,6,768609.7525,Vihaan Gupta,5,3,3,533,11,Potential Loyalists
54,31,5,1035054.6795,Rohan Singh,5,2,5,525,12,New Customers
55,170,6,663077.441,Arjun Malhotra,2,3,3,233,8,At Risk
56,29,4,472580.28800000006,Neha Patel,5,1,2,512,8,New Customers
57,268,9,1355789.763,Kabir Mehta,2,5,5,255,12,At Risk
58,232,8,1083995.756,Priya Malhotra,2,4,5,245,11,At Risk
59,370,1,226780.89,Aditya Singh,1,1,1,111,3,Lost Customers
60,58,4,848400.119,Aditya Gupta,4,1,4,414,9,New Customers
61,544,2,194064.554,Priya Gupta,1,1,1,111,3,Lost Customers
62,34,3,372775.215,Priya Verma,5,1,1,511,7,New Customers
63,57,6,782358.304,Aisha Kaur,4,3,3,433,10,Potential Loyalists
64,925,2,188806.93899999998,Simran Sharma,1,1,1,111,3,Lost Customers
65,107,5,515015.8825,Ishita Patel,3,2,2,322,7,Potential Loyalists
66,432,8,904166.33,Aditya Patel,1,4,4,144,9,At Risk
67,10,7,801155.2235,Priya Singh,5,4,4,544,13,Champions
68,354,5,757676.3045,Neha Kumar,1,2,3,123,6,Lost Customers
69,86,9,1687197.006,Kabir Patel,4,5,5,455,14,Champions
70,8,5,415477.622,Kabir Singh,5,2,1,521,8,New Customers
71,11,3,147016.16700000002,Vihaan Mehta,5,1,1,511,7,New Customers
72,111,6,563336.2339999999,Aarav Kumar,3,3,2,332,8,Potential Loyalists
73,288,4,960275.791,Aisha Gupta,1,1,4,114,6,Lost Customers
74,6,8,1176364.8375,Priya Malhotra,5,4,5,545,14,Champions
75,183,4,463709.412,Kabir Gill,2,1,2,212,5,Lost Customers
76,3,7,1036703.035,Rohan Patel,5,4,5,545,14,Champions
77,117,7,979589.6005,Rahul Gill,3,4,4,344,11,Loyal Customers
78,122,7,774139.6465,Aarav Malhotra,3,4,3,343,10,Loyal Customers
79,83,5,728867.3354999999,Priya Patel,4,2,3,423,9,New Customers
80,217,5,409296.5305,Simran Gupta,2,2,1,221,5,Lost Customers
81,343,4,832126.2135000001,Simran Kaur,1,1,4,114,6,Lost Customers
82,337,7,968037.437,Ananya Gill,1,4,4,144,9,At Risk
83,29,6,687003.275,Aditya Gupta,5,3,3,533,11,Potential Loyalists
84,244,7,631849.7065,Karan Mehta,2,4,3,243,9,At Risk
85,140,4,738155.3735,Aisha Kaur,3,1,3,313,7,Potential Loyalists
86,262,7,887839.78,Arjun Kumar,2,4,4,244,10,At Risk
87,124,7,664360.777,Aarav Sharma,3,4,3,343,10,Loyal Customers
88,260,5,458649.93,Karan Verma,2,2,2,222,6,Lost Customers
89,58,5,703566.306,Rahul Kumar,4,2,3,423,9,New Customers
90,187,10,1284281.5315,Aisha Verma,2,5,5,255,12,At Risk
91,460,4,665690.623,Aarav Malhotra,1,1,3,113,5,Lost Customers
92,223,8,1001920.0825,Aisha Mehta,2,4,4,244,10,At Risk
93,652,4,376912.1105,Ishita Malhotra,1,1,1,111,3,Lost Customers
94,68,4,814817.9235,Aditya Kumar,4,1,4,414,9,New Customers
95,130,3,594458.654,Aditya Mehta,3,1,2,312,6,Potential Loyalists
96,378,7,756011.2855,Aditya Patel,1,4,3,143,8,At Risk
97,9,7,851285.4105,Kabir Kumar,5,4,4,544,13,Champions
98,441,8,623635.8960000001,Arjun Verma,1,4,3,143,8,At Risk
99,137,5,665690.3025,Rahul Sharma,3,2,3,323,8,Potential Loyalists
100,88,7,690451.5094999999,Ishita Gill,4,4,3,443,11,Loyal Customers
101,112,7,777240.3715,Aditya Verma,3,4,3,343,10,Loyal Customers
102,174,7,1082518.0095,Karan Kumar,2,4,5,245,11,At Risk
103,66,7,791332.836,Rahul Patel,4,4,4,444,12,Champions
104,271,7,526480.6335,Neha Kaur,2,4,2,242,8,Potential Loyalists
105,9,8,715388.353,Arjun Verma,5,4,3,543,12,Loyal Customers
106,48,9,1158931.0635,Aditya Verma,4,5,5,455,14,Champions
107,45,4,447320.6475,Rohan Verma,4,1,2,412,7,New Customers
108,496,6,926296.6995,Karan Sharma,1,3,4,134,8,At Risk
109,327,7,1270103.8969999999,Aisha Sharma,1,4,5,145,10,At Risk
110,320,3,380379.286,Ananya Kaur,1,1,1,111,3,Lost Customers
111,95,13,1672857.5345,Ananya Kumar,3,5,5,355,13,Loyal Customers
112,479,4,671231.929,Kabir Gill,1,1,3,113,5,Lost Customers
113,58,9,1175427.284,Ananya Sharma,4,5,5,455,14,Champions
114,91,5,559537.4425,Meera Kumar,4,2,2,422,8,New Customers
115,595,6,597990.275,Meera Gupta,1,3,2,132,6,Potential Loyalists
116,68,6,679734.3455,Simran Verma,4,3,3,433,10,Potential Loyalists
117,162,9,1269456.4335,Aarav Verma,3,5,5,355,13,Loyal Customers
118,73,3,244828.646,Priya Mehta,4,1,1,411,6,New Customers
119,207,10,850086.7705,Ananya Malhotra,2,5,4,254,11,At Risk
120,295,8,1314256.186,Rohan Kumar,1,4,5,145,10,At Risk
121,81,3,510067.54600000003,Aisha Mehta,4,1,2,412,7,New Customers
122,151,9,942370.1365,Ishita Patel,3,5,4,354,12,Loyal Customers
123,8,8,856933.1635,Aisha Gupta,5,4,4,544,13,Champions
125,185,4,677706.1065,Karan Malhotra,2,1,3,213,6,Lost Customers
126,145,5,556379.2145,Karan Sharma,3,2,2,322,7,Potential Loyalists
127,136,8,1381396.2785,Meera Kumar,3,4,5,345,12,Loyal Customers
128,77,11,1242711.9819999998,Karan Malhotra,4,5,5,455,14,Champions
129,116,4,293431.70900000003,Rohan Mehta,3,1,1,311,5,Potential Loyalists
130,198,5,654205.6105,Arjun Kumar,2,2,3,223,7,Lost Customers
131,188,5,696540.269,Vihaan Kumar,2,2,3,223,7,Lost Customers
132,26,1,163845.401,Arjun Kumar,5,1,1,511,7,New Customers
133,215,7,1271397.1475,Aditya Sharma,2,4,5,245,11,At Risk
134,50,8,662566.025,Simran Gupta,4,4,3,443,11,Loyal Customers
135,390,2,132481.076,Ishita Sharma,1,1,1,111,3,Lost Customers
136,73,5,663722.933,Rohan Kaur,4,2,3,423,9,New Customers
137,10,10,1252649.762,Ishita Singh,5,5,5,555,15,Champions
138,12,4,601923.378,Kabir Kaur,5,1,2,512,8,New Customers
139,25,4,216116.639,Simran Verma,5,1,1,511,7,New Customers
140,22,10,1105654.167,Neha Mehta,5,5,5,555,15,Champions
141,100,3,311984.59349999996,Ananya Gill,3,1,1,311,5,Potential Loyalists
142,15,3,422618.806,Priya Kumar,5,1,1,511,7,New Customers
143,210,4,505533.3045,Vihaan Kaur,2,1,2,212,5,Lost Customers
144,47,6,680153.523,Karan Gill,4,3,3,433,10,Potential Loyalists
145,64,4,581056.939,Aditya Gupta,4,1,2,412,7,New Customers
146,142,10,1193584.0635,Aisha Gill,3,5,5,355,13,Loyal Customers
147,15,8,1187829.8215,Priya Kaur,5,4,5,545,14,Champions
148,48,10,705312.7835,Kabir Gupta,4,5,3,453,12,Loyal Customers
149,94,10,1558508.713,Meera Gupta,4,5,5,455,14,Champions
150,374,5,652455.5895,Karan Singh,1,2,3,123,6,Lost Customers
151,111,4,462873.397,Aarav Singh,3,1,2,312,6,Potential Loyalists
152,589,5,715009.6390000001,Aisha Gupta,1,2,3,123,6,Lost Customers
153,39,5,694737.3559999999,Neha Gupta,5,2,3,523,10,New Customers
154,164,4,451837.87799999997,Arjun Mehta,3,1,2,312,6,Potential Loyalists
155,417,3,451371.8365,Priya Singh,1,1,2,112,4,Lost Customers
156,26,9,1096993.6705,Aditya Verma,5,5,5,555,15,Champions
157,33,5,408447.231,Aditya Patel,5,2,1,521,8,New Customers
158,276,3,232768.399,Priya Malhotra,2,1,1,211,4,Lost Customers
159,351,5,695304.1325,Simran Patel,1,2,3,123,6,Lost Customers
160,408,4,475896.76,Vihaan Gupta,1,1,2,112,4,Lost Customers
161,181,6,509786.9255,Arjun Sharma,2,3,2,232,7,Potential Loyalists
162,21,5,859216.7305,Simran Sharma,5,2,4,524,11,New Customers
163,40,14,1783727.675,Karan Singh,5,5,5,555,15,Champions
164,268,5,390609.8655,Rahul Mehta,2,2,1,221,5,Lost Customers
165,587,4,393171.56299999997,Rahul Kumar,1,1,1,111,3,Lost Customers
166,98,3,242164.983,Rohan Malhotra,3,1,1,311,5,Potential Loyalists
167,44,7,653017.2175,Ishita Gill,4,4,3,443,11,Loyal Customers
168,20,8,834202.3859999999,Rohan Patel,5,4,4,544,13,Champions
169,163,4,519539.0065,Meera Kumar,3,1,2,312,6,Potential Loyalists
170,66,10,1315729.155,Rohan Mehta,4,5,5,455,14,Champions
171,3,8,1058802.7205,Aarav Kaur,5,4,5,545,14,Champions
172,351,5,825189.348,Simran Mehta,1,2,4,124,7,Lost Customers
173,6,7,1413656.614,Ishita Kaur,5,4,5,545,14,Champions
174,30,6,926792.061,Ananya Verma,5,3,4,534,12,Potential Loyalists
175,32,7,858182.5375,Rohan Mehta,5,4,4,544,13,Champions
176,140,9,783514.9595,Priya Gupta,3,5,3,353,11,Loyal Customers
177,20,7,524546.0954999999,Arjun Singh,5,4,2,542,11,Loyal Customers
178,24,13,1577119.1945,Aarav Patel,5,5,5,555,15,Champions
179,46,2,166243.93800000002,Rahul Kaur,4,1,1,411,6,New Customers
180,23,8,1254453.6025,Kabir Kaur,5,4,5,545,14,Champions
181,151,6,388821.01900000003,Karan Gill,3,3,1,331,7,Potential Loyalists
182,190,8,776621.138,Karan Gupta,2,4,3,243,9,At Risk
183,129,3,314857.6035,Arjun Mehta,3,1,1,311,5,Potential Loyalists
184,476,3,248315.607,Meera Gupta,1,1,1,111,3,Lost Customers
185,16,4,505021.018,Ishita Mehta,5,1,2,512,8,New Customers
186,49,11,1187999.4175,Ananya Gupta,4,5,5,455,14,Champions
187,91,3,446933.62200000003,Aarav Gill,4,1,2,412,7,New Customers
188,190,7,863450.1025,Aisha Kumar,2,4,4,244,10,At Risk
189,161,3,522297.522,Priya Kaur,3,1,2,312,6,Potential Loyalists
190,213,5,548824.9145,Aisha Mehta,2,2,2,222,6,Lost Customers
191,106,3,63291.405,Arjun Gupta,3,1,1,311,5,Potential Loyalists
192,261,9,1175599.3365,Vihaan Kaur,2,5,5,255,12,At Risk
193,77,7,829933.504,Ishita Kaur,4,4,4,444,12,Champions
194,158,6,858361.2725,Aisha Singh,3,3,4,334,10,Potential Loyalists
195,12,6,1028869.0135,Ishita Verma,5,3,5,535,13,Potential Loyalists
196,271,6,553343.603,Aditya Malhotra,2,3,2,232,7,Potential Loyalists
197,235,3,646405.8415,Ananya Verma,2,1,3,213,6,Lost Customers
199,60,5,800214.8775,Priya Mehta,4,2,4,424,10,New Customers
200,232,7,1235659.7175,Kabir Sharma,2,4,5,245,11,At Risk
201,267,9,733266.1969999999,Arjun Kumar,2,5,3,253,10,At Risk
202,17,5,621253.3150000001,Priya Malhotra,5,2,3,523,10,New Customers
203,146,5,505104.5995,Priya Singh,3,2,2,322,7,Potential Loyalists
204,109,7,750111.821,Aarav Patel,3,4,3,343,10,Loyal Customers
205,24,6,452358.06350000005,Ishita Patel,5,3,2,532,10,Potential Loyalists
206,347,5,662015.2585,Aarav Verma,1,2,3,123,6,Lost Customers
207,115,5,487733.399,Arjun Kumar,3,2,2,322,7,Potential Loyalists
208,49,6,756664.0435,Kabir Gill,4,3,3,433,10,Potential Loyalists
209,214,9,1184490.675,Ananya Kumar,2,5,5,255,12,At Risk
210,26,9,688774.555,Aditya Kaur,5,5,3,553,13,Loyal Customers
211,4,7,994237.5889999999,Arjun Sharma,5,4,4,544,13,Champions
212,121,7,1165939.571,Ananya Patel,3,4,5,345,12,Loyal Customers
213,524,3,215471.6695,Kabir Verma,1,1,1,111,3,Lost Customers
214,239,4,683246.7605,Karan Patel,2,1,3,213,6,Lost Customers
215,33,7,805869.634,Ananya Sharma,5,4,4,544,13,Champions
216,215,7,1524997.934,Karan Verma,2,4,5,245,11,At Risk
217,88,8,1111145.3575,Meera Mehta,4,4,5,445,13,Champions
218,338,2,199497.641,Arjun Kaur,1,1,1,111,3,Lost Customers
219,403,5,376248.9765,Rahul Gill,1,2,1,121,4,Lost Customers
220,19,7,977517.7565,Arjun Singh,5,4,4,544,13,Champions
221,257,7,687875.848,Rahul Patel,2,4,3,243,9,At Risk
223,103,7,1167568.285,Kabir Mehta,3,4,5,345,12,Loyal Customers
224,739,3,629682.13,Rahul Singh,1,1,3,113,5,Lost Customers
225,109,8,1014325.9905,Ananya Malhotra,3,4,5,345,12,Loyal Customers
226,606,3,349568.029,Rohan Verma,1,1,1,111,3,Lost Customers
227,109,7,891562.9685,Rohan Singh,3,4,4,344,11,Loyal Customers
228,102,8,634681.4945,Ishita Singh,3,4,3,343,10,Loyal Customers
229,154,5,1009567.6375,Aisha Gupta,3,2,5,325,10,Potential Loyalists
230,576,3,215140.019,Ananya Gupta,1,1,1,111,3,Lost Customers
231,78,4,582479.8835,Neha Patel,4,1,2,412,7,New Customers
232,68,7,742930.173,Ananya Verma,4,4,3,443,11,Loyal Customers
233,97,8,788863.9785,Meera Malhotra,3,4,4,344,11,Loyal Customers
234,134,6,807256.0205,Rohan Kaur,3,3,4,334,10,Potential Loyalists
235,892,4,455705.108,Neha Sharma,1,1,2,112,4,Lost Customers
236,121,5,461051.12950000004,Priya Singh,3,2,2,322,7,Potential Loyalists
237,11,4,597861.599,Ananya Mehta,5,1,2,512,8,New Customers
238,33,8,726515.1195,Rohan Verma,5,4,3,543,12,Loyal Customers
239,426,5,694850.689,Simran Gupta,1,2,3,123,6,Lost Customers
240,213,10,736378.6095,Aarav Kumar,2,5,3,253,10,At Risk
241,90,5,572484.54,Aditya Patel,4,2,2,422,8,New Customers
242,28,5,637710.0,Kabir Kaur,5,2,3,523,10,New Customers
243,53,5,568528.536,Arjun Verma,4,2,2,422,8,New Customers
244,212,3,439409.7205,Neha Singh,2,1,2,212,5,Lost Customers
245,368,4,470454.15,Meera Verma,1,1,2,112,4,Lost Customers
246,46,4,421039.95800000004,Rohan Kaur,4,1,1,411,6,New Customers
247,490,3,347204.691,Rahul Singh,1,1,1,111,3,Lost Customers
248,35,6,680772.0915000001,Simran Singh,5,3,3,533,11,Potential Loyalists
249,256,4,533390.76,Rohan Kaur,2,1,2,212,5,Lost Customers
250,553,2,377239.67600000004,Neha Patel,1,1,1,111,3,Lost Customers
251,17,6,669325.8724999999,Arjun Kaur,5,3,3,533,11,Potential Loyalists
252,162,4,378088.99549999996,Aisha Singh,3,1,1,311,5,Potential Loyalists
253,226,3,663669.6179999999,Aisha Gill,2,1,3,213,6,Lost Customers
254,51,7,818832.7895,Ishita Patel,4,4,4,444,12,Champions
255,23,8,722209.581,Karan Gupta,5,4,3,543,12,Loyal Customers
256,203,4,330177.4465,Simran Singh,2,1,1,211,4,Lost Customers
257,44,6,802497.5455,Aarav Patel,4,3,4,434,11,Potential Loyalists
258,163,12,1655010.2625,Karan Gill,3,5,5,355,13,Loyal Customers
259,59,4,802547.013,Rohan Gill,4,1,4,414,9,New Customers
260,175,8,1015577.8615,Karan Singh,2,4,5,245,11,At Risk
261,120,5,617977.1775,Aarav Kumar,3,2,3,323,8,Potential Loyalists
262,72,3,372570.14149999997,Rohan Patel,4,1,1,411,6,New Customers
263,31,3,316070.9255,Priya Gill,5,1,1,511,7,New Customers
264,201,6,327659.565,Rohan Singh,2,3,1,231,6,Potential Loyalists
265,2,7,750910.2325,Rohan Singh,5,4,3,543,12,Loyal Customers
266,396,6,829880.904,Kabir Gill,1,3,4,134,8,At Risk
267,8,6,474564.6565,Priya Patel,5,3,2,532,10,Potential Loyalists
268,227,4,545908.8944999999,Priya Verma,2,1,2,212,5,Lost Customers
269,81,6,496722.7035,Kabir Kumar,4,3,2,432,9,Potential Loyalists
270,76,8,662708.8964999999,Kabir Kaur,4,4,3,443,11,Loyal Customers
271,326,7,330569.7115,Priya Patel,1,4,1,141,6,Potential Loyalists
272,216,7,1044510.817,Kabir Kaur,2,4,5,245,11,At Risk
273,124,10,1485714.9135,Rahul Patel,3,5,5,355,13,Loyal Customers
274,17,12,1799329.6165,Aisha Mehta,5,5,5,555,15,Champions
275,108,6,595585.0765,Aisha Mehta,3,3,2,332,8,Potential Loyalists
276,389,7,670042.414,Karan Gupta,1,4,3,143,8,At Risk
277,675,2,185511.0625,Kabir Kumar,1,1,1,111,3,Lost Customers
278,115,6,799497.6605,Ishita Patel,3,3,4,334,10,Potential Loyalists
279,620,2,213293.0355,Aditya Singh,1,1,1,111,3,Lost Customers
280,34,2,161299.36099999998,Ishita Verma,5,1,1,511,7,New Customers
281,228,4,241743.534,Neha Sharma,2,1,1,211,4,Lost Customers
282,127,9,795957.3865,Vihaan Verma,3,5,4,354,12,Loyal Customers
283,14,6,808973.0595,Rohan Singh,5,3,4,534,12,Potential Loyalists
284,325,5,776881.652,Aditya Mehta,1,2,3,123,6,Lost Customers
285,196,4,923542.071,Ananya Sharma,2,1,4,214,7,Lost Customers
286,33,10,1842632.8395,Ishita Kaur,5,5,5,555,15,Champions
287,395,3,335544.777,Aditya Singh,1,1,1,111,3,Lost Customers
288,18,4,655473.0064999999,Arjun Singh,5,1,3,513,9,New Customers
289,314,6,894081.994,Priya Malhotra,1,3,4,134,8,At Risk
290,279,9,814986.635,Rahul Sharma,2,5,4,254,11,At Risk
291,421,6,871078.7525000001,Kabir Singh,1,3,4,134,8,At Risk
292,45,4,344339.717,Rahul Mehta,4,1,1,411,6,New Customers
293,615,2,214919.3305,Aditya Sharma,1,1,1,111,3,Lost Customers
294,131,7,922167.326,Meera Singh,3,4,4,344,11,Loyal Customers
295,202,5,496804.9284999999,Simran Patel,2,2,2,222,6,Lost Customers
296,47,4,461501.3915,Priya Kaur,4,1,2,412,7,New Customers
297,1,7,718565.5094999999,Aditya Kumar,5,4,3,543,12,Loyal Customers
298,31,6,859604.2050000001,Neha Gupta,5,3,4,534,12,Potential Loyalists
299,53,9,700289.4874999999,Aarav Kumar,4,5,3,453,12,Loyal Customers
300,99,5,1156041.5385,Aditya Singh,3,2,5,325,10,Potential Loyalists
301,144,5,250256.9655,Neha Verma,3,2,1,321,6,Potential Loyalists
302,18,10,1407512.506,Rohan Malhotra,5,5,5,555,15,Champions
303,89,8,1513168.058,Rahul Gill,4,4,5,445,13,Champions
304,140,3,559319.437,Arjun Singh,3,1,2,312,6,Potential Loyalists
305,64,9,1109165.195,Karan Gill,4,5,5,455,14,Champions
306,81,10,1476404.5275,Karan Sharma,4,5,5,455,14,Champions
307,84,6,642901.3825000001,Priya Sharma,4,3,3,433,10,Potential Loyalists
308,218,7,708547.4199999999,Simran Kaur,2,4,3,243,9,At Risk
309,417,3,476239.904,Aarav Kaur,1,1,2,112,4,Lost Customers
310,172,3,325377.5385,Rahul Gill,2,1,1,211,4,Lost Customers
311,616,2,149068.56,Rohan Patel,1,1,1,111,3,Lost Customers
312,2,8,951389.145,Simran Patel,5,4,4,544,13,Champions
313,488,7,740429.8435000001,Arjun Sharma,1,4,3,143,8,At Risk
314,33,5,276048.45900000003,Neha Malhotra,5,2,1,521,8,New Customers
315,149,3,437300.01399999997,Vihaan Gill,3,1,2,312,6,Potential Loyalists
316,22,7,815888.8640000001,Arjun Kaur,5,4,4,544,13,Champions
317,6,7,1723877.4185000001,Arjun Patel,5,4,5,545,14,Champions
318,17,7,1190793.0625,Neha Gupta,5,4,5,545,14,Champions
319,600,5,586722.667,Simran Kumar,1,2,2,122,5,Lost Customers
320,2,12,1343867.4215,Aisha Mehta,5,5,5,555,15,Champions
321,32,10,1083365.3935,Karan Malhotra,5,5,5,555,15,Champions
322,123,6,1224200.653,Aditya Verma,3,3,5,335,11,Potential Loyalists
323,214,8,874643.7845000001,Ishita Gill,2,4,4,244,10,At Risk
324,383,4,663189.045,Karan Mehta,1,1,3,113,5,Lost Customers
325,108,8,757936.849,Aisha Kaur,3,4,3,343,10,Loyal Customers
326,249,3,175307.4745,Simran Kaur,2,1,1,211,4,Lost Customers
327,44,10,1300109.438,Neha Kumar,4,5,5,455,14,Champions
328,194,6,859344.27,Aditya Kumar,2,3,4,234,9,At Risk
329,238,2,491987.448,Simran Kaur,2,1,2,212,5,Lost Customers
330,195,6,646025.074,Ishita Gill,2,3,3,233,8,At Risk
331,31,4,635690.355,Priya Gill,5,1,3,513,9,New Customers
332,83,9,998611.6785,Ananya Sharma,4,5,4,454,13,Champions
333,47,7,945775.8495,Priya Gupta,4,4,4,444,12,Champions
334,33,6,591063.9615,Karan Singh,5,3,2,532,10,Potential Loyalists
335,80,7,593650.7785,Karan Mehta,4,4,2,442,10,Loyal Customers
336,174,5,593943.3615,Rohan Patel,2,2,2,222,6,Lost Customers
337,4,8,960174.116,Simran Malhotra,5,4,4,544,13,Champions
338,299,4,365640.962,Arjun Gupta,1,1,1,111,3,Lost Customers
339,103,9,909395.313,Aarav Gupta,3,5,4,354,12,Loyal Customers
340,112,7,871260.2945000001,Ishita Kaur,3,4,4,344,11,Loyal Customers
341,173,5,643766.892,Aisha Kaur,2,2,3,223,7,Lost Customers
342,69,8,857819.823,Neha Gupta,4,4,4,444,12,Champions
343,85,2,196797.0075,Simran Mehta,4,1,1,411,6,New Customers
344,456,3,354243.984,Aarav Sharma,1,1,1,111,3,Lost Customers
345,95,7,784073.193,Aditya Malhotra,3,4,3,343,10,Loyal Customers
346,206,3,384665.279,Neha Gupta,2,1,1,211,4,Lost Customers
347,256,7,1015782.4484999999,Rahul Sharma,2,4,5,245,11,At Risk
348,54,8,797537.9245,Arjun Verma,4,4,4,444,12,Champions
349,527,3,507566.1925,Kabir Singh,1,1,2,112,4,Lost Customers
350,63,4,360260.722,Aisha Kaur,4,1,1,411,6,New Customers
351,151,5,761374.223,Simran Sharma,3,2,3,323,8,Potential Loyalists
352,598,5,774284.1045,Aisha Mehta,1,2,3,123,6,Lost Customers
353,11,7,703289.9574999999,Rohan Gill,5,4,3,543,12,Loyal Customers
354,64,6,756245.9525,Ananya Patel,4,3,3,433,10,Potential Loyalists
355,60,3,552318.039,Karan Sharma,4,1,2,412,7,New Customers
356,62,6,798643.7860000001,Ananya Gupta,4,3,4,434,11,Potential Loyalists
357,43,5,633005.885,Priya Gill,4,2,3,423,9,New Customers
358,281,3,282776.864,Kabir Malhotra,2,1,1,211,4,Lost Customers
359,16,5,401672.489,Ananya Singh,5,2,1,521,8,New Customers
360,30,7,853764.783,Rahul Kaur,5,4,4,544,13,Champions
361,189,4,415900.8535,Simran Gill,2,1,1,211,4,Lost Customers
362,807,4,547635.6135,Simran Kumar,1,1,2,112,4,Lost Customers
363,95,4,523673.03500000003,Rohan Kaur,3,1,2,312,6,Potential Loyalists
364,104,5,943367.2945000001,Priya Gupta,3,2,4,324,9,Potential Loyalists
365,44,6,629201.8695,Simran Gupta,4,3,3,433,10,Potential Loyalists
366,132,2,103553.297,Meera Mehta,3,1,1,311,5,Potential Loyalists
367,163,6,942479.803,Aditya Singh,3,3,4,334,10,Potential Loyalists
368,544,3,293151.031,Aditya Sharma,1,1,1,111,3,Lost Customers
369,574,3,274675.282,Neha Mehta,1,1,1,111,3,Lost Customers
370,292,3,592737.953,Vihaan Malhotra,1,1,2,112,4,Lost Customers
371,295,6,676364.6895,Arjun Gill,1,3,3,133,7,At Risk
372,9,3,145545.95750000002,Priya Kumar,5,1,1,511,7,New Customers
373,45,4,398327.35000000003,Meera Mehta,4,1,1,411,6,New Customers
374,136,9,846000.2465,Simran Kaur,3,5,4,354,12,Loyal Customers
375,181,6,739378.218,Priya Kumar,2,3,3,233,8,At Risk
376,497,2,223718.63,Neha Singh,1,1,1,111,3,Lost Customers
377,512,4,667531.07,Rahul Kaur,1,1,3,113,5,Lost Customers
378,377,8,1049024.0274999999,Neha Gupta,1,4,5,145,10,At Risk
379,41,5,555544.7205,Neha Patel,4,2,2,422,8,New Customers
380,223,1,138595.21200000003,Neha Kaur,2,1,1,211,4,Lost Customers
381,6,7,730937.2225,Rohan Kaur,5,4,3,543,12,Loyal Customers
382,206,6,572240.737,Aarav Patel,2,3,2,232,7,Potential Loyalists
383,135,4,236457.54200000002,Ananya Verma,3,1,1,311,5,Potential Loyalists
384,228,10,1250504.605,Rahul Singh,2,5,5,255,12,At Risk
385,7,6,1298061.3939999999,Neha Kumar,5,3,5,535,13,Potential Loyalists
386,96,10,966219.6905,Karan Gupta,3,5,4,354,12,Loyal Customers
387,137,4,424107.269,Aditya Patel,3,1,1,311,5,Potential Loyalists
388,50,9,1593324.624,Aditya Kaur,4,5,5,455,14,Champions
389,261,8,778554.1915,Meera Singh,2,4,3,243,9,At Risk
390,6,5,829454.887,Vihaan Kaur,5,2,4,524,11,New Customers
391,524,4,249600.834,Rahul Malhotra,1,1,1,111,3,Lost Customers
392,872,2,200594.88199999998,Priya Gill,1,1,1,111,3,Lost Customers
393,38,6,508827.50000000006,Arjun Gill,5,3,2,532,10,Potential Loyalists
394,2,5,485402.163,Ananya Malhotra,5,2,2,522,9,New Customers
395,363,3,559247.0585,Arjun Kumar,1,1,2,112,4,Lost Customers
396,78,6,1150281.899,Aisha Sharma,4,3,5,435,12,Potential Loyalists
397,10,3,103072.6695,Karan Gill,5,1,1,511,7,New Customers
398,326,6,786369.0045,Meera Sharma,1,3,4,134,8,At Risk
399,579,6,822726.675,Ananya Singh,1,3,4,134,8,At Risk
400,400,7,707727.0835,Simran Sharma,1,4,3,143,8,At Risk
401,320,6,792014.6455,Rahul Kaur,1,3,4,134,8,At Risk
402,296,4,493236.4575,Neha Verma,1,1,2,112,4,Lost Customers
403,40,8,1096411.1805,Priya Malhotra,5,4,5,545,14,Champions
404,111,4,423610.621,Kabir Malhotra,3,1,1,311,5,Potential Loyalists
405,111,7,809808.318,Ishita Sharma,3,4,4,344,11,Loyal Customers
406,97,9,1144204.2075,Simran Verma,3,5,5,355,13,Loyal Customers
407,51,15,2016884.891,Kabir Gupta,4,5,5,455,14,Champions
408,80,8,987267.9385,Aisha Verma,4,4,4,444,12,Champions
409,119,5,353483.447,Arjun Gill,3,2,1,321,6,Potential Loyalists
410,400,8,601319.384,Vihaan Sharma,1,4,2,142,7,Potential Loyalists
411,97,7,977041.4435,Aisha Sharma,3,4,4,344,11,Loyal Customers
412,233,5,457868.4585,Ishita Gill,2,2,2,222,6,Lost Customers
413,342,6,649227.1225,Vihaan Gupta,1,3,3,133,7,At Risk
414,159,4,307131.5935,Rahul Gupta,3,1,1,311,5,Potential Loyalists
415,561,4,576946.0735,Priya Verma,1,1,2,112,4,Lost Customers
416,188,4,774852.564,Aisha Malhotra,2,1,3,213,6,Lost Customers
417,176,6,564164.959,Kabir Gupta,2,3,2,232,7,Potential Loyalists
418,197,4,625160.633,Vihaan Kumar,2,1,3,213,6,Lost Customers
419,281,7,1222801.0535,Neha Sharma,2,4,5,245,11,At Risk
420,127,5,577329.2345,Rahul Kumar,3,2,2,322,7,Potential Loyalists
421,49,8,1368286.158,Neha Mehta,4,4,5,445,13,Champions
422,203,4,529083.103,Aarav Gupta,2,1,2,212,5,Lost Customers
423,161,9,915466.0970000001,Ishita Singh,3,5,4,354,12,Loyal Customers
425,180,11,1645137.692,Neha Kumar,2,5,5,255,12,At Risk
426,769,1,58980.450000000004,Meera Gill,1,1,1,111,3,Lost Customers
427,87,9,1221879.813,Aisha Gupta,4,5,5,455,14,Champions
428,139,6,887839.9605,Aditya Gupta,3,3,4,334,10,Potential Loyalists
429,532,3,290372.5425,Arjun Mehta,1,1,1,111,3,Lost Customers
430,93,7,876668.846,Rahul Sharma,4,4,4,444,12,Champions
431,249,9,812981.94,Aditya Malhotra,2,5,4,254,11,At Risk
432,12,3,414676.73600000003,Rohan Kumar,5,1,1,511,7,New Customers
433,608,2,412937.5585,Simran Patel,1,1,1,111,3,Lost Customers
434,329,3,343766.929,Kabir Patel,1,1,1,111,3,Lost Customers
435,62,4,398747.15750000003,Kabir Malhotra,4,1,1,411,6,New Customers
436,113,7,1041295.1070000001,Ishita Sharma,3,4,5,345,12,Loyal Customers
437,101,4,459742.23549999995,Arjun Kaur,3,1,2,312,6,Potential Loyalists
438,401,6,604647.5655,Rohan Sharma,1,3,2,132,6,Potential Loyalists
439,144,5,542636.155,Aarav Malhotra,3,2,2,322,7,Potential Loyalists
440,239,1,50287.889,Simran Gupta,2,1,1,211,4,Lost Customers
441,65,8,836024.415,Arjun Singh,4,4,4,444,12,Champions
442,211,4,921445.6765,Ishita Patel,2,1,4,214,7,Lost Customers
443,187,9,1624445.9495,Rahul Mehta,2,5,5,255,12,At Risk
444,298,3,102841.195,Priya Singh,1,1,1,111,3,Lost Customers
445,130,6,626578.6359999999,Rahul Malhotra,3,3,3,333,9,Potential Loyalists
446,266,7,602666.985,Arjun Mehta,2,4,2,242,8,Potential Loyalists
447,101,6,884234.202,Neha Malhotra,3,3,4,334,10,Potential Loyalists
448,165,7,1273916.196,Aditya Sharma,2,4,5,245,11,At Risk
449,73,9,1175467.7895,Kabir Patel,4,5,5,455,14,Champions
450,449,6,440702.3945,Aisha Verma,1,3,2,132,6,Potential Loyalists
451,14,7,400676.3665,Ananya Verma,5,4,1,541,10,Loyal Customers
452,81,6,603552.916,Simran Patel,4,3,2,432,9,Potential Loyalists
453,16,6,857774.287,Ishita Singh,5,3,4,534,12,Potential Loyalists
454,42,5,364082.2905,Aisha Patel,4,2,1,421,7,New Customers
455,528,1,147942.62900000002,Karan Kumar,1,1,1,111,3,Lost Customers
456,110,7,511614.3415,Kabir Gill,3,4,2,342,9,Loyal Customers
457,249,5,293009.635,Aisha Kumar,2,2,1,221,5,Lost Customers
458,191,5,324211.278,Rahul Kaur,2,2,1,221,5,Lost Customers
459,268,4,312986.985,Arjun Sharma,2,1,1,211,4,Lost Customers
460,29,12,1235535.6,Arjun Kaur,5,5,5,555,15,Champions
461,135,6,909787.518,Simran Malhotra,3,3,4,334,10,Potential Loyalists
462,20,5,605109.233,Rohan Malhotra,5,2,3,523,10,New Customers
463,402,4,476957.979,Ishita Verma,1,1,2,112,4,Lost Customers
464,0,11,1128444.3695,Aisha Singh,5,5,5,555,15,Champions
465,38,8,1024826.176,Priya Verma,5,4,5,545,14,Champions
466,107,5,451219.627,Aditya Mehta,3,2,2,322,7,Potential Loyalists
467,459,3,303749.179,Aditya Verma,1,1,1,111,3,Lost Customers
468,43,6,1034148.781,Aditya Kumar,4,3,5,435,12,Potential Loyalists
469,297,5,614587.005,Karan Singh,1,2,3,123,6,Lost Customers
470,625,1,38897.344000000005,Rohan Gill,1,1,1,111,3,Lost Customers
471,16,4,325602.16500000004,Rahul Gill,5,1,1,511,7,New Customers
472,75,4,303861.588,Karan Patel,4,1,1,411,6,New Customers
473,459,2,239315.24899999998,Meera Mehta,1,1,1,111,3,Lost Customers
474,789,2,411329.076,Ishita Verma,1,1,1,111,3,Lost Customers
475,222,4,292794.651,Ananya Malhotra,2,1,1,211,4,Lost Customers
476,18,4,359685.44700000004,Meera Mehta,5,1,1,511,7,New Customers
477,88,4,405359.8475,Ishita Verma,4,1,1,411,6,New Customers
478,237,9,1183465.8985000001,Aditya Kaur,2,5,5,255,12,At Risk
479,298,5,512582.6945,Ananya Mehta,1,2,2,122,5,Lost Customers
480,83,7,453753.8635,Simran Sharma,4,4,2,442,10,Loyal Customers
481,404,3,158456.701,Arjun Kumar,1,1,1,111,3,Lost Customers
482,98,7,634027.5314999999,Ananya Verma,3,4,3,343,10,Loyal Customers
483,82,7,774877.572,Arjun Gupta,4,4,3,443,11,Loyal Customers
484,81,13,1557233.9425000001,Karan Patel,4,5,5,455,14,Champions
485,207,9,741515.568,Rohan Sharma,2,5,3,253,10,At Risk
486,58,6,639701.153,Neha Singh,4,3,3,433,10,Potential Loyalists
487,413,5,560583.578,Aditya Patel,1,2,2,122,5,Lost Customers
488,19,2,214933.984,Rohan Mehta,5,1,1,511,7,New Customers
489,178,7,884323.6749999999,Arjun Gupta,2,4,4,244,10,At Risk
490,159,7,750233.1485,Ishita Patel,3,4,3,343,10,Loyal Customers
491,286,5,377652.5195,Simran Kaur,2,2,1,221,5,Lost Customers
492,272,5,319910.0845,Karan Kumar,2,2,1,221,5,Lost Customers
493,192,9,1087675.421,Priya Verma,2,5,5,255,12,At Risk
494,332,7,970090.5155,Karan Gill,1,4,4,144,9,At Risk
495,79,8,1046523.2,Vihaan Gupta,4,4,5,445,13,Champions
496,100,6,873348.064,Rohan Patel,3,3,4,334,10,Potential Loyalists
497,11,5,674394.4415,Priya Mehta,5,2,3,523,10,New Customers
498,237,5,774065.515,Ananya Singh,2,2,3,223,7,Lost Customers
499,21,6,558262.8795,Ishita Gupta,5,3,2,532,10,Potential Loyalists
500,24,9,1094239.5965,Arjun Kumar,5,5,5,555,15,Champions
501,144,7,940164.938,Meera Kaur,3,4,4,344,11,Loyal Customers
502,85,5,457343.702,Ananya Verma,4,2,2,422,8,New Customers
503,20,8,1033114.0265,Simran Kaur,5,4,5,545,14,Champions
504,128,5,864879.1605,Rohan Mehta,3,2,4,324,9,Potential Loyalists
505,76,4,623359.264,Kabir Kumar,4,1,3,413,8,New Customers
506,138,4,505243.47599999997,Rahul Mehta,3,1,2,312,6,Potential Loyalists
507,74,4,725771.8665,Kabir Singh,4,1,3,413,8,New Customers
508,112,4,594962.759,Aditya Kumar,3,1,2,312,6,Potential Loyalists
509,291,6,549943.7644999999,Simran Malhotra,1,3,2,132,6,Potential Loyalists
510,124,4,484487.199,Aisha Malhotra,3,1,2,312,6,Potential Loyalists
511,9,4,293730.199,Simran Kumar,5,1,1,511,7,New Customers
512,64,5,995500.3969999999,Ishita Sharma,4,2,4,424,10,New Customers
513,21,6,473094.852,Karan Singh,5,3,2,532,10,Potential Loyalists
514,228,2,155030.513,Ishita Gill,2,1,1,211,4,Lost Customers
515,357,3,193853.676,Aisha Kumar,1,1,1,111,3,Lost Customers
516,245,5,443248.20100000006,Simran Gupta,2,2,2,222,6,Lost Customers
517,340,7,472855.637,Ananya Gupta,1,4,2,142,7,Potential Loyalists
518,439,8,1505124.8635,Aditya Kaur,1,4,5,145,10,At Risk
519,10,4,515491.9770000001,Ishita Kumar,5,1,2,512,8,New Customers
520,50,11,1517511.0574999999,Priya Verma,4,5,5,455,14,Champions
521,109,6,816257.0445000001,Rahul Malhotra,3,3,4,334,10,Potential Loyalists
522,224,8,1068472.1345,Karan Patel,2,4,5,245,11,At Risk
523,14,5,515510.5465,Priya Patel,5,2,2,522,9,New Customers
524,162,10,683332.789,Rahul Kumar,3,5,3,353,11,Loyal Customers
525,93,7,1056116.436,Rohan Malhotra,4,4,5,445,13,Champions
526,417,4,270168.3135,Neha Sharma,1,1,1,111,3,Lost Customers
527,57,9,937283.0475,Arjun Kaur,4,5,4,454,13,Champions
528,154,2,493709.03599999996,Vihaan Kaur,3,1,2,312,6,Potential Loyalists
529,290,6,432806.105,Priya Patel,1,3,2,132,6,Potential Loyalists
530,10,9,1185708.82,Aarav Verma,5,5,5,555,15,Champions
531,44,6,485828.97349999996,Priya Singh,4,3,2,432,9,Potential Loyalists
532,77,9,640903.6575,Arjun Kaur,4,5,3,453,12,Loyal Customers
533,68,8,531146.3305,Aarav Patel,4,4,2,442,10,Loyal Customers
534,569,3,405940.693,Arjun Kumar,1,1,1,111,3,Lost Customers
535,263,6,650212.837,Rohan Patel,2,3,3,233,8,At Risk
536,158,2,265644.23050000006,Priya Kaur,3,1,1,311,5,Potential Loyalists
537,137,6,616392.0229999999,Ananya Kaur,3,3,3,333,9,Potential Loyalists
538,226,8,1355151.6894999999,Neha Verma,2,4,5,245,11,At Risk
539,97,2,221366.345,Kabir Singh,3,1,1,311,5,Potential Loyalists
540,50,4,254556.769,Aisha Kaur,4,1,1,411,6,New Customers
541,336,2,372644.1155,Simran Gill,1,1,1,111,3,Lost Customers
542,429,3,220866.815,Vihaan Malhotra,1,1,1,111,3,Lost Customers
543,146,8,1267373.5085,Priya Sharma,3,4,5,345,12,Loyal Customers
544,155,4,882689.531,Vihaan Mehta,3,1,4,314,8,Potential Loyalists
545,454,5,484501.352,Neha Patel,1,2,2,122,5,Lost Customers
546,0,6,190091.519,Rohan Malhotra,5,3,1,531,9,Potential Loyalists
547,62,11,1436999.647,Ananya Singh,4,5,5,455,14,Champions
548,232,7,987247.0725,Neha Sharma,2,4,4,244,10,At Risk
549,501,4,476490.467,Rahul Verma,1,1,2,112,4,Lost Customers
550,181,5,617099.384,Aditya Singh,2,2,3,223,7,Lost Customers
551,14,10,1019789.2665,Aisha Kaur,5,5,5,555,15,Champions
552,377,8,1144941.2085,Aditya Verma,1,4,5,145,10,At Risk
553,29,2,171342.808,Neha Verma,5,1,1,511,7,New Customers
554,207,3,135207.215,Aditya Kaur,2,1,1,211,4,Lost Customers
555,55,8,688590.3865,Kabir Mehta,4,4,3,443,11,Loyal Customers
556,46,5,485632.493,Kabir Patel,4,2,2,422,8,New Customers
557,49,5,485738.695,Aisha Sharma,4,2,2,422,8,New Customers
558,351,7,1019072.3165000001,Aditya Gill,1,4,5,145,10,At Risk
559,373,2,302165.168,Aarav Mehta,1,1,1,111,3,Lost Customers
560,28,9,1365597.6505,Aisha Singh,5,5,5,555,15,Champions
561,797,1,197272.162,Aarav Sharma,1,1,1,111,3,Lost Customers
562,219,6,691808.981,Rahul Kaur,2,3,3,233,8,At Risk
563,295,4,471111.67,Vihaan Patel,1,1,2,112,4,Lost Customers
564,58,8,1193856.861,Ishita Singh,4,4,5,445,13,Champions
565,218,6,637598.295,Kabir Kumar,2,3,3,233,8,At Risk
566,45,8,1144043.0635,Ishita Gupta,4,4,5,445,13,Champions
567,535,1,227951.32099999997,Aarav Patel,1,1,1,111,3,Lost Customers
568,191,3,107316.658,Meera Gill,2,1,1,211,4,Lost Customers
569,0,11,1117680.9610000001,Aisha Kumar,5,5,5,555,15,Champions
570,311,5,761923.877,Aarav Kumar,1,2,3,123,6,Lost Customers
571,80,7,512077.84,Aarav Verma,4,4,2,442,10,Loyal Customers
572,436,5,590455.8575,Rahul Mehta,1,2,2,122,5,Lost Customers
573,29,7,583925.499,Aarav Kumar,5,4,2,542,11,Loyal Customers
574,236,5,457964.354,Meera Singh,2,2,2,222,6,Lost Customers
575,277,7,707342.319,Arjun Gill,2,4,3,243,9,At Risk
576,163,3,379678.152,Aditya Gupta,3,1,1,311,5,Potential Loyalists
577,7,8,1165154.5015,Karan Gupta,5,4,5,545,14,Champions
578,46,12,1274103.746,Aisha Gill,4,5,5,455,14,Champions
579,105,3,586077.363,Karan Mehta,3,1,2,312,6,Potential Loyalists
580,290,6,775427.023,Aisha Kumar,1,3,3,133,7,At Risk
581,18,11,1781366.61,Ishita Singh,5,5,5,555,15,Champions
582,61,4,539396.801,Vihaan Patel,4,1,2,412,7,New Customers
583,4,4,313061.861,Rahul Malhotra,5,1,1,511,7,New Customers
584,123,5,737161.9925,Ishita Kaur,3,2,3,323,8,Potential Loyalists
585,85,8,434264.189,Arjun Mehta,4,4,2,442,10,Loyal Customers
586,52,3,210908.1315,Aarav Kumar,4,1,1,411,6,New Customers
587,187,4,662879.914,Priya Singh,2,1,3,213,6,Lost Customers
588,90,6,539115.5215,Vihaan Mehta,4,3,2,432,9,Potential Loyalists
589,5,7,548620.2069999999,Aarav Mehta,5,4,2,542,11,Loyal Customers
590,157,6,783492.674,Ishita Verma,3,3,3,333,9,Potential Loyalists
591,260,3,304802.708,Kabir Patel,2,1,1,211,4,Lost Customers
592,236,7,846286.8865,Karan Kaur,2,4,4,244,10,At Risk
593,326,5,528332.9255,Priya Gupta,1,2,2,122,5,Lost Customers
594,90,4,305371.8935,Aarav Singh,4,1,1,411,6,New Customers
595,277,4,496757.2245,Vihaan Malhotra,2,1,2,212,5,Lost Customers
596,122,5,363211.918,Rahul Patel,3,2,1,321,6,Potential Loyalists
597,78,4,733359.683,Neha Gill,4,1,3,413,8,New Customers
598,365,4,498660.57149999996,Aarav Patel,1,1,2,112,4,Lost Customers
599,136,4,396266.3,Aisha Mehta,3,1,1,311,5,Potential Loyalists
600,736,3,399024.84900000005,Arjun Kumar,1,1,1,111,3,Lost Customers
601,35,10,1704856.6945,Aisha Kumar,5,5,5,555,15,Champions
602,269,4,602190.2660000001,Vihaan Gill,2,1,2,212,5,Lost Customers
603,76,3,417960.446,Meera Patel,4,1,1,411,6,New Customers
604,27,6,650152.6855,Simran Gupta,5,3,3,533,11,Potential Loyalists
605,112,11,1697080.111,Aarav Kumar,3,5,5,355,13,Loyal Customers
606,167,4,145771.948,Aarav Patel,2,1,1,211,4,Lost Customers
607,343,4,318544.92949999997,Neha Patel,1,1,1,111,3,Lost Customers
608,489,3,423919.1035,Aisha Singh,1,1,1,111,3,Lost Customers
609,220,4,332359.8305,Ananya Singh,2,1,1,211,4,Lost Customers
610,16,9,1162673.911,Kabir Verma,5,5,5,555,15,Champions
611,101,9,1736114.0205,Meera Malhotra,3,5,5,355,13,Loyal Customers
612,271,3,369240.784,Rahul Gupta,2,1,1,211,4,Lost Customers
613,47,5,602591.0855,Meera Gill,4,2,2,422,8,New Customers
614,206,3,335437.093,Ananya Patel,2,1,1,211,4,Lost Customers
615,295,3,149586.243,Neha Mehta,1,1,1,111,3,Lost Customers
616,86,7,965902.0244999999,Rohan Patel,4,4,4,444,12,Champions
617,18,8,692557.412,Karan Sharma,5,4,3,543,12,Loyal Customers
618,47,7,801082.4705,Rohan Gupta,4,4,4,444,12,Champions
619,29,3,338608.48250000004,Rahul Mehta,5,1,1,511,7,New Customers
620,3,5,532676.2355,Neha Verma,5,2,2,522,9,New Customers
621,353,4,379740.301,Ishita Mehta,1,1,1,111,3,Lost Customers
622,341,4,649731.8685,Aisha Sharma,1,1,3,113,5,Lost Customers
623,75,6,464756.821,Arjun Singh,4,3,2,432,9,Potential Loyalists
624,56,7,745009.619,Meera Singh,4,4,3,443,11,Loyal Customers
625,121,5,455518.3565,Meera Sharma,3,2,2,322,7,Potential Loyalists
626,337,4,413922.7045,Kabir Sharma,1,1,1,111,3,Lost Customers
627,134,7,851776.496,Rahul Malhotra,3,4,4,344,11,Loyal Customers
628,7,6,735180.877,Vihaan Singh,5,3,3,533,11,Potential Loyalists
629,12,13,1257576.6445,Kabir Sharma,5,5,5,555,15,Champions
630,121,7,778718.132,Aditya Gill,3,4,3,343,10,Loyal Customers
631,223,10,1117349.3215,Vihaan Kaur,2,5,5,255,12,At Risk
632,272,6,585804.224,Aditya Verma,2,3,2,232,7,Potential Loyalists
633,265,4,534801.768,Priya Malhotra,2,1,2,212,5,Lost Customers
634,146,6,475721.296,Rohan Kaur,3,3,2,332,8,Potential Loyalists
635,82,7,1157410.3585,Karan Gupta,4,4,5,445,13,Champions
636,399,6,1001931.2189999999,Kabir Singh,1,3,4,134,8,At Risk
637,486,7,838601.119,Aisha Gill,1,4,4,144,9,At Risk
638,1,8,1028845.258,Ishita Malhotra,5,4,5,545,14,Champions
639,131,14,1527758.311,Karan Gupta,3,5,5,355,13,Loyal Customers
640,41,10,1187583.6005,Arjun Mehta,4,5,5,455,14,Champions
641,40,7,1180958.2905,Kabir Sharma,5,4,5,545,14,Champions
642,295,5,680605.24,Ishita Kaur,1,2,3,123,6,Lost Customers
643,6,6,462451.1635,Rahul Malhotra,5,3,2,532,10,Potential Loyalists
644,8,4,213288.09050000002,Simran Mehta,5,1,1,511,7,New Customers
645,83,8,1280815.657,Arjun Verma,4,4,5,445,13,Champions
646,185,6,885661.957,Neha Singh,2,3,4,234,9,At Risk
647,299,5,786827.8015000001,Neha Verma,1,2,4,124,7,Lost Customers
648,421,7,1023882.6035,Aarav Kaur,1,4,5,145,10,At Risk
649,3,10,1552738.568,Aarav Verma,5,5,5,555,15,Champions
650,194,12,1235867.6765,Meera Mehta,2,5,5,255,12,At Risk
651,125,6,582269.4045000001,Ishita Gupta,3,3,2,332,8,Potential Loyalists
652,232,6,749203.8665,Ishita Kumar,2,3,3,233,8,At Risk
653,157,8,996876.95,Aditya Verma,3,4,4,344,11,Loyal Customers
654,193,8,613988.501,Neha Verma,2,4,3,243,9,At Risk
655,686,4,265080.54099999997,Simran Kaur,1,1,1,111,3,Lost Customers
656,6,9,850561.789,Kabir Malhotra,5,5,4,554,14,Champions
657,46,10,871409.832,Ishita Sharma,4,5,4,454,13,Champions
658,563,9,1506433.5895,Neha Patel,1,5,5,155,11,At Risk
659,52,8,882687.4725,Simran Verma,4,4,4,444,12,Champions
660,27,6,809723.8405,Rohan Mehta,5,3,4,534,12,Potential Loyalists
661,8,8,1030353.397,Rohan Kaur,5,4,5,545,14,Champions
662,272,7,1220874.3225,Aarav Verma,2,4,5,245,11,At Risk
663,145,6,630976.4010000001,Ishita Kumar,3,3,3,333,9,Potential Loyalists
664,265,3,284927.105,Priya Verma,2,1,1,211,4,Lost Customers
665,359,7,386806.419,Neha Kaur,1,4,1,141,6,Potential Loyalists
666,230,6,539095.848,Aditya Gill,2,3,2,232,7,Potential Loyalists
667,32,6,599931.9349999999,Neha Verma,5,3,2,532,10,Potential Loyalists
668,13,4,236114.275,Karan Gupta,5,1,1,511,7,New Customers
669,112,4,554558.9635,Simran Patel,3,1,2,312,6,Potential Loyalists
670,88,5,871720.7745,Arjun Patel,4,2,4,424,10,New Customers
671,123,6,1066977.7475,Aditya Gupta,3,3,5,335,11,Potential Loyalists
672,18,7,737381.054,Neha Sharma,5,4,3,543,12,Loyal Customers
673,272,6,753260.8215000001,Meera Sharma,2,3,3,233,8,At Risk
674,538,6,853259.5380000001,Rahul Verma,1,3,4,134,8,At Risk
675,62,6,690643.714,Rohan Kumar,4,3,3,433,10,Potential Loyalists
676,312,4,500236.053,Ishita Kaur,1,1,2,112,4,Lost Customers
677,25,14,1545450.965,Kabir Gupta,5,5,5,555,15,Champions
678,319,4,845913.6745,Vihaan Patel,1,1,4,114,6,Lost Customers
679,1,6,763034.1505,Aisha Patel,5,3,3,533,11,Potential Loyalists
680,59,5,850103.2124999999,Karan Singh,4,2,4,424,10,New Customers
681,105,7,556453.9885,Karan Kumar,3,4,2,342,9,Loyal Customers
682,207,7,819307.98,Rahul Sharma,2,4,4,244,10,At Risk
683,152,9,1041932.755,Rahul Gill,3,5,5,355,13,Loyal Customers
684,24,10,1451153.726,Aisha Singh,5,5,5,555,15,Champions
685,123,5,612443.605,Priya Sharma,3,2,3,323,8,Potential Loyalists
686,190,9,910799.54,Aisha Kaur,2,5,4,254,11,At Risk
687,26,5,503789.863,Ananya Verma,5,2,2,522,9,New Customers
688,77,10,1174067.112,Rahul Sharma,4,5,5,455,14,Champions
689,233,6,733123.5665,Aarav Patel,2,3,3,233,8,At Risk
690,183,5,547940.887,Vihaan Patel,2,2,2,222,6,Lost Customers
691,242,8,832687.2725,Simran Gill,2,4,4,244,10,At Risk
692,639,2,198629.804,Aditya Gupta,1,1,1,111,3,Lost Customers
693,136,7,775979.5485,Rahul Kaur,3,4,3,343,10,Loyal Customers
694,226,4,380560.487,Kabir Verma,2,1,1,211,4,Lost Customers
695,80,8,1539630.5545,Vihaan Sharma,4,4,5,445,13,Champions
696,584,3,466756.98449999996,Rahul Gupta,1,1,2,112,4,Lost Customers
697,308,4,484645.719,Priya Sharma,1,1,2,112,4,Lost Customers
698,366,7,594025.977,Karan Verma,1,4,2,142,7,Potential Loyalists
699,118,5,704993.556,Meera Kaur,3,2,3,323,8,Potential Loyalists
700,18,9,1206165.1525,Rahul Singh,5,5,5,555,15,Champions
701,40,5,701951.3345,Rahul Singh,5,2,3,523,10,New Customers
702,68,8,728045.1549999999,Karan Kumar,4,4,3,443,11,Loyal Customers
703,176,7,621151.785,Rohan Verma,2,4,3,243,9,At Risk
704,30,5,635380.6780000001,Neha Kumar,5,2,3,523,10,New Customers
705,392,3,337021.3225,Aarav Singh,1,1,1,111,3,Lost Customers
706,255,5,596674.1515,Arjun Malhotra,2,2,2,222,6,Lost Customers
707,116,3,498745.61,Priya Kumar,3,1,2,312,6,Potential Loyalists
708,87,11,1260744.9,Aarav Singh,4,5,5,455,14,Champions
709,122,7,623296.143,Aisha Patel,3,4,3,343,10,Loyal Customers
710,146,7,442409.168,Ishita Sharma,3,4,2,342,9,Loyal Customers
711,705,2,220998.5045,Rohan Mehta,1,1,1,111,3,Lost Customers
712,4,5,354289.2205,Ishita Patel,5,2,1,521,8,New Customers
713,470,3,417810.4105,Karan Gupta,1,1,1,111,3,Lost Customers
714,90,7,933507.6009999999,Priya Kaur,4,4,4,444,12,Champions
715,22,8,1090268.1955,Arjun Verma,5,4,5,545,14,Champions
716,111,6,725606.256,Ananya Verma,3,3,3,333,9,Potential Loyalists
717,206,9,1197246.1625,Karan Mehta,2,5,5,255,12,At Risk
718,118,8,566586.9615,Arjun Gupta,3,4,2,342,9,Loyal Customers
719,148,10,1082317.977,Priya Patel,3,5,5,355,13,Loyal Customers
720,410,6,682360.2255,Rohan Verma,1,3,3,133,7,At Risk
721,121,3,333653.3585,Aarav Kaur,3,1,1,311,5,Potential Loyalists
722,241,2,245120.6435,Aisha Mehta,2,1,1,211,4,Lost Customers
723,98,4,364470.23,Aarav Malhotra,3,1,1,311,5,Potential Loyalists
724,77,5,617557.7035,Ishita Kumar,4,2,3,423,9,New Customers
725,498,5,539981.619,Arjun Mehta,1,2,2,122,5,Lost Customers
726,28,7,1066198.1965,Meera Sharma,5,4,5,545,14,Champions
727,14,6,711607.6085,Simran Malhotra,5,3,3,533,11,Potential Loyalists
728,406,5,1127816.388,Neha Malhotra,1,2,5,125,8,Lost Customers
729,49,12,1222281.427,Rohan Sharma,4,5,5,455,14,Champions
730,61,5,854091.7335000001,Meera Patel,4,2,4,424,10,New Customers
731,27,5,470284.8665,Aarav Patel,5,2,2,522,9,New Customers
732,152,7,897100.3995,Meera Singh,3,4,4,344,11,Loyal Customers
733,29,7,1071471.0985,Ishita Verma,5,4,5,545,14,Champions
734,5,6,434709.099,Vihaan Singh,5,3,2,532,10,Potential Loyalists
735,7,11,1436922.7925,Meera Patel,5,5,5,555,15,Champions
736,242,4,581661.245,Aisha Mehta,2,1,2,212,5,Lost Customers
737,266,3,477795.889,Karan Sharma,2,1,2,212,5,Lost Customers
738,236,9,1729227.1035,Neha Malhotra,2,5,5,255,12,At Risk
739,178,5,503808.673,Meera Kaur,2,2,2,222,6,Lost Customers
740,40,7,676156.0925,Simran Verma,5,4,3,543,12,Loyal Customers
741,386,4,264917.117,Rahul Patel,1,1,1,111,3,Lost Customers
742,384,5,358689.05449999997,Rahul Gill,1,2,1,121,4,Lost Customers
743,109,7,1015827.1725,Meera Malhotra,3,4,5,345,12,Loyal Customers
744,22,4,347643.575,Priya Patel,5,1,1,511,7,New Customers
745,239,8,1120912.1385,Meera Singh,2,4,5,245,11,At Risk
746,171,7,917686.123,Priya Malhotra,2,4,4,244,10,At Risk
747,370,5,643123.838,Aarav Verma,1,2,3,123,6,Lost Customers
748,122,5,499013.7805,Aditya Kaur,3,2,2,322,7,Potential Loyalists
749,74,7,1624154.2045,Ishita Sharma,4,4,5,445,13,Champions
750,36,6,551452.148,Rohan Mehta,5,3,2,532,10,Potential Loyalists
751,63,4,578838.7685,Meera Malhotra,4,1,2,412,7,New Customers
752,25,2,79406.8,Meera Sharma,5,1,1,511,7,New Customers
753,393,2,388577.467,Simran Sharma,1,1,1,111,3,Lost Customers
754,176,4,404726.1545,Ananya Mehta,2,1,1,211,4,Lost Customers
755,194,6,709088.2365,Aisha Kumar,2,3,3,233,8,At Risk
756,44,2,45242.34,Kabir Kaur,4,1,1,411,6,New Customers
757,146,6,766506.444,Aditya Malhotra,3,3,3,333,9,Potential Loyalists
758,345,5,490974.245,Aarav Patel,1,2,2,122,5,Lost Customers
759,186,6,628984.001,Kabir Patel,2,3,3,233,8,At Risk
760,97,10,1007406.284,Karan Gill,3,5,4,354,12,Loyal Customers
761,14,6,742813.3825000001,Kabir Malhotra,5,3,3,533,11,Potential Loyalists
762,127,8,1077377.2079999999,Simran Malhotra,3,4,5,345,12,Loyal Customers
763,167,4,884255.2535,Neha Kumar,2,1,4,214,7,Lost Customers
764,149,4,351438.507,Vihaan Gill,3,1,1,311,5,Potential Loyalists
765,17,12,1986821.1265,Priya Patel,5,5,5,555,15,Champions
766,104,12,1279533.6675,Aarav Patel,3,5,5,355,13,Loyal Customers
767,14,7,909805.5305,Simran Gupta,5,4,4,544,13,Champions
768,232,7,577967.15,Karan Sharma,2,4,2,242,8,Potential Loyalists
769,299,3,460698.116,Simran Singh,1,1,2,112,4,Lost Customers
770,72,3,379175.13,Priya Singh,4,1,1,411,6,New Customers
771,101,8,335447.137,Ishita Singh,3,4,1,341,8,Loyal Customers
772,46,2,183889.202,Meera Kaur,4,1,1,411,6,New Customers
773,144,5,634628.7385,Arjun Singh,3,2,3,323,8,Potential Loyalists
774,557,3,424191.1555,Ananya Kumar,1,1,1,111,3,Lost Customers
775,663,3,283102.3025,Priya Verma,1,1,1,111,3,Lost Customers
776,49,2,252776.031,Priya Singh,4,1,1,411,6,New Customers
777,465,5,742742.1429999999,Aisha Gill,1,2,3,123,6,Lost Customers
778,327,3,585439.5750000001,Neha Malhotra,1,1,2,112,4,Lost Customers
779,7,9,1017546.326,Aditya Mehta,5,5,5,555,15,Champions
780,5,5,683979.722,Kabir Malhotra,5,2,3,523,10,New Customers
781,6,9,637481.19,Priya Kaur,5,5,3,553,13,Loyal Customers
782,801,5,532458.6225,Simran Malhotra,1,2,2,122,5,Lost Customers
783,227,3,315183.0655,Ananya Gill,2,1,1,211,4,Lost Customers
784,337,3,263477.89599999995,Aditya Kumar,1,1,1,111,3,Lost Customers
785,10,4,374719.821,Kabir Kaur,5,1,1,511,7,New Customers
786,96,5,609796.909,Arjun Kaur,3,2,3,323,8,Potential Loyalists
787,87,6,749083.75,Aditya Singh,4,3,3,433,10,Potential Loyalists
788,113,6,720575.703,Rohan Patel,3,3,3,333,9,Potential Loyalists
789,54,6,273876.4065,Aditya Gill,4,3,1,431,8,Potential Loyalists
790,479,5,349260.02249999996,Karan Patel,1,2,1,121,4,Lost Customers
791,142,3,198485.3735,Ananya Gill,3,1,1,311,5,Potential Loyalists
792,667,3,422037.11799999996,Aarav Patel,1,1,1,111,3,Lost Customers
793,39,8,753387.6,Ishita Patel,5,4,3,543,12,Loyal Customers
794,726,2,129173.37400000001,Karan Mehta,1,1,1,111,3,Lost Customers
795,337,7,1380226.714,Kabir Gill,1,4,5,145,10,At Risk
796,340,5,645294.202,Aditya Singh,1,2,3,123,6,Lost Customers
797,132,2,264507.184,Ishita Gill,3,1,1,311,5,Potential Loyalists
798,98,4,195597.1245,Simran Gupta,3,1,1,311,5,Potential Loyalists
799,30,6,698826.209,Rahul Kumar,5,3,3,533,11,Potential Loyalists
800,271,7,649720.238,Rahul Patel,2,4,3,243,9,At Risk
801,101,7,730992.693,Aisha Malhotra,3,4,3,343,10,Loyal Customers
802,84,3,155649.03,Ananya Gill,4,1,1,411,6,New Customers
803,714,6,601559.056,Aarav Kumar,1,3,2,132,6,Potential Loyalists
804,93,9,863931.8635,Rohan Kumar,4,5,4,454,13,Champions
805,311,9,1047007.4484999999,Rahul Mehta,1,5,5,155,11,At Risk
806,382,3,330874.1625,Arjun Malhotra,1,1,1,111,3,Lost Customers
807,139,4,281961.55799999996,Rahul Verma,3,1,1,311,5,Potential Loyalists
808,67,9,954212.1155000001,Rahul Kumar,4,5,4,454,13,Champions
809,24,9,937883.346,Aisha Mehta,5,5,4,554,14,Champions
810,251,6,583424.4875,Kabir Kumar,2,3,2,232,7,Potential Loyalists
811,176,4,591731.5260000001,Kabir Kaur,2,1,2,212,5,Lost Customers
812,134,4,638705.678,Priya Kumar,3,1,3,313,7,Potential Loyalists
813,210,4,315821.43100000004,Priya Mehta,2,1,1,211,4,Lost Customers
814,70,6,686917.865,Priya Verma,4,3,3,433,10,Potential Loyalists
815,1,5,543251.9825,Ananya Gill,5,2,2,522,9,New Customers
816,4,9,742723.108,Neha Gill,5,5,3,553,13,Loyal Customers
817,76,3,247299.444,Neha Kaur,4,1,1,411,6,New Customers
818,11,6,908798.076,Neha Gupta,5,3,4,534,12,Potential Loyalists
819,45,6,1008037.4425,Ishita Mehta,4,3,4,434,11,Potential Loyalists
820,0,5,525459.7324999999,Aisha Gill,5,2,2,522,9,New Customers
821,20,9,1010751.1865,Kabir Patel,5,5,5,555,15,Champions
822,25,8,900839.752,Vihaan Verma,5,4,4,544,13,Champions
823,111,5,653261.6045,Vihaan Malhotra,3,2,3,323,8,Potential Loyalists
824,134,9,1153821.599,Kabir Mehta,3,5,5,355,13,Loyal Customers
825,74,4,730023.769,Arjun Mehta,4,1,3,413,8,New Customers
826,283,10,1288927.8085,Neha Verma,2,5,5,255,12,At Risk
827,5,7,850016.062,Vihaan Mehta,5,4,4,544,13,Champions
828,368,5,466798.578,Rahul Kaur,1,2,2,122,5,Lost Customers
829,512,1,132537.26,Aditya Gill,1,1,1,111,3,Lost Customers
830,277,7,689277.8755000001,Meera Sharma,2,4,3,243,9,At Risk
831,75,12,1146339.155,Priya Kumar,4,5,5,455,14,Champions
832,496,6,844687.0299999999,Kabir Verma,1,3,4,134,8,At Risk
833,6,4,452724.528,Ananya Patel,5,1,2,512,8,New Customers
834,203,4,440994.42949999997,Rahul Malhotra,2,1,2,212,5,Lost Customers
835,479,6,893789.2925,Aditya Gupta,1,3,4,134,8,At Risk
836,164,6,740405.8755,Ishita Singh,3,3,3,333,9,Potential Loyalists
837,238,7,1232826.861,Vihaan Malhotra,2,4,5,245,11,At Risk
838,4,11,1168929.369,Kabir Verma,5,5,5,555,15,Champions
839,107,4,300375.39650000003,Neha Gill,3,1,1,311,5,Potential Loyalists
840,35,9,920667.9805000001,Vihaan Patel,5,5,4,554,14,Champions
841,164,8,771999.0755,Neha Verma,3,4,3,343,10,Loyal Customers
842,269,7,706446.9249999999,Aisha Kaur,2,4,3,243,9,At Risk
843,37,6,709851.4365000001,Ishita Malhotra,5,3,3,533,11,Potential Loyalists
844,2,4,559950.266,Ananya Kaur,5,1,2,512,8,New Customers
845,232,7,708053.112,Kabir Singh,2,4,3,243,9,At Risk
846,78,6,576365.931,Rahul Gill,4,3,2,432,9,Potential Loyalists
847,862,5,551224.341,Neha Singh,1,2,2,122,5,Lost Customers
848,411,6,820136.285,Rohan Gupta,1,3,4,134,8,At Risk
849,167,6,942366.5535,Neha Verma,2,3,4,234,9,At Risk
850,109,5,703519.1435,Simran Singh,3,2,3,323,8,Potential Loyalists
851,117,10,1628228.2825,Arjun Malhotra,3,5,5,355,13,Loyal Customers
852,109,8,775887.884,Meera Mehta,3,4,3,343,10,Loyal Customers
853,417,5,620988.1930000001,Aisha Patel,1,2,3,123,6,Lost Customers
854,476,1,228652.08000000002,Karan Singh,1,1,1,111,3,Lost Customers
855,254,4,1068000.4125,Priya Kumar,2,1,5,215,8,Lost Customers
856,136,3,517844.948,Meera Gupta,3,1,2,312,6,Potential Loyalists
857,17,12,1516097.138,Priya Patel,5,5,5,555,15,Champions
858,140,6,1102839.511,Rohan Patel,3,3,5,335,11,Potential Loyalists
859,207,4,261020.282,Meera Kumar,2,1,1,211,4,Lost Customers
860,6,10,1200986.0825,Meera Kumar,5,5,5,555,15,Champions
861,73,8,1131326.624,Ishita Kumar,4,4,5,445,13,Champions
862,177,11,1045964.6315,Neha Singh,2,5,5,255,12,At Risk
863,515,6,413482.2255,Ishita Mehta,1,3,1,131,5,Potential Loyalists
864,83,4,564997.7265,Neha Gill,4,1,2,412,7,New Customers
865,143,5,694992.1655,Rahul Kumar,3,2,3,323,8,Potential Loyalists
866,14,7,827532.137,Karan Malhotra,5,4,4,544,13,Champions
867,1,11,991099.5455,Ishita Kaur,5,5,4,554,14,Champions
868,10,9,1147989.0125,Rohan Sharma,5,5,5,555,15,Champions
869,24,6,464256.0635,Ananya Singh,5,3,2,532,10,Potential Loyalists
870,191,8,1110013.8855,Kabir Malhotra,2,4,5,245,11,At Risk
871,54,4,696020.391,Ananya Patel,4,1,3,413,8,New Customers
872,94,5,518268.4765,Vihaan Verma,4,2,2,422,8,New Customers
873,12,9,744127.8115,Karan Kaur,5,5,3,553,13,Loyal Customers
874,229,3,271920.2155,Meera Gupta,2,1,1,211,4,Lost Customers
875,188,2,195801.36699999997,Vihaan Kaur,2,1,1,211,4,Lost Customers
876,43,4,562565.696,Rahul Mehta,4,1,2,412,7,New Customers
877,118,4,807577.0375000001,Aisha Mehta,3,1,4,314,8,Potential Loyalists
878,83,7,640409.989,Rahul Singh,4,4,3,443,11,Loyal Customers
879,149,6,441667.077,Karan Singh,3,3,2,332,8,Potential Loyalists
880,442,2,193340.346,Rohan Patel,1,1,1,111,3,Lost Customers
881,45,2,236570.039,Arjun Patel,4,1,1,411,6,New Customers
882,52,3,469258.407,Aisha Gupta,4,1,2,412,7,New Customers
883,78,11,1315584.058,Aisha Mehta,4,5,5,455,14,Champions
884,53,7,800598.6525000001,Karan Kaur,4,4,4,444,12,Champions
885,1074,1,13122.72,Priya Gill,1,1,1,111,3,Lost Customers
886,910,2,298467.97400000005,Rohan Kumar,1,1,1,111,3,Lost Customers
887,355,6,612239.309,Ananya Verma,1,3,3,133,7,At Risk
888,159,6,616178.0045,Rahul Kaur,3,3,3,333,9,Potential Loyalists
889,71,7,1013012.3759999999,Priya Gupta,4,4,5,445,13,Champions
890,312,6,905034.8515,Arjun Singh,1,3,4,134,8,At Risk
891,269,6,849010.75,Aarav Verma,2,3,4,234,9,At Risk
892,360,6,520529.28250000003,Arjun Verma,1,3,2,132,6,Potential Loyalists
893,92,9,728051.2615,Karan Kaur,4,5,3,453,12,Loyal Customers
894,68,8,744750.3369999999,Aarav Patel,4,4,3,443,11,Loyal Customers
895,62,7,805088.4525,Simran Mehta,4,4,4,444,12,Champions
896,164,4,173020.816,Ananya Gill,3,1,1,311,5,Potential Loyalists
897,192,5,654376.9940000001,Simran Malhotra,2,2,3,223,7,Lost Customers
898,29,10,1108337.9675,Aisha Singh,5,5,5,555,15,Champions
899,72,9,1250822.8514999999,Aditya Kaur,4,5,5,455,14,Champions
900,18,8,1180541.4255,Rohan Gupta,5,4,5,545,14,Champions
901,295,5,298950.198,Aisha Mehta,1,2,1,121,4,Lost Customers
902,172,5,764030.1115,Ananya Kumar,2,2,3,223,7,Lost Customers
903,31,4,747330.1915,Rahul Malhotra,5,1,3,513,9,New Customers
904,152,5,697692.622,Meera Verma,3,2,3,323,8,Potential Loyalists
905,144,4,586873.072,Rahul Kumar,3,1,2,312,6,Potential Loyalists
906,198,5,361377.2415,Rahul Kumar,2,2,1,221,5,Lost Customers
907,568,5,571434.246,Arjun Mehta,1,2,2,122,5,Lost Customers
908,279,9,1011160.072,Vihaan Patel,2,5,5,255,12,At Risk
909,9,11,1680815.2755,Kabir Singh,5,5,5,555,15,Champions
910,20,5,354549.5895,Meera Sharma,5,2,1,521,8,New Customers
911,45,8,1008856.302,Karan Kumar,4,4,4,444,12,Champions
912,13,5,721438.986,Rohan Mehta,5,2,3,523,10,New Customers
913,72,3,481659.1665,Aarav Gupta,4,1,2,412,7,New Customers
914,21,5,880416.9739999999,Kabir Kumar,5,2,4,524,11,New Customers
915,23,5,632468.207,Aisha Kumar,5,2,3,523,10,New Customers
916,32,9,770650.4275000001,Vihaan Mehta,5,5,3,553,13,Loyal Customers
917,47,6,857299.87,Rahul Gupta,4,3,4,434,11,Potential Loyalists
918,207,4,566068.3215000001,Aditya Mehta,2,1,2,212,5,Lost Customers
919,25,9,613447.4805000001,Ishita Kumar,5,5,3,553,13,Loyal Customers
920,226,6,430562.2025,Aarav Kaur,2,3,2,232,7,Potential Loyalists
921,144,3,534867.992,Aisha Kumar,3,1,2,312,6,Potential Loyalists
922,217,9,843279.6045,Meera Gill,2,5,4,254,11,At Risk
923,146,5,515545.59,Kabir Mehta,3,2,2,322,7,Potential Loyalists
924,46,9,1024582.1035,Neha Sharma,4,5,5,455,14,Champions
925,274,5,798921.872,Kabir Mehta,2,2,4,224,8,Lost Customers
926,701,3,591034.771,Aisha Mehta,1,1,2,112,4,Lost Customers
927,62,6,515563.63550000003,Meera Kaur,4,3,2,432,9,Potential Loyalists
928,285,4,394599.216,Simran Gupta,2,1,1,211,4,Lost Customers
929,201,8,1175241.1095,Simran Patel,2,4,5,245,11,At Risk
930,70,8,815935.5365,Ishita Gill,4,4,4,444,12,Champions
931,183,3,373473.01,Karan Gupta,2,1,1,211,4,Lost Customers
932,21,11,1563553.117,Aarav Malhotra,5,5,5,555,15,Champions
933,158,6,742578.8095,Ananya Patel,3,3,3,333,9,Potential Loyalists
934,191,5,823246.0835000001,Vihaan Malhotra,2,2,4,224,8,Lost Customers
935,166,7,782262.2425,Rohan Verma,2,4,3,243,9,At Risk
936,277,5,472748.4175,Aarav Kaur,2,2,2,222,6,Lost Customers
937,27,12,1521004.6715,Karan Kumar,5,5,5,555,15,Champions
938,25,5,820310.825,Priya Mehta,5,2,4,524,11,New Customers
939,43,2,276517.787,Ananya Singh,4,1,1,411,6,New Customers
940,308,4,476945.142,Karan Sharma,1,1,2,112,4,Lost Customers
941,10,14,1901766.9185000001,Aisha Sharma,5,5,5,555,15,Champions
942,86,5,728816.4994999999,Ishita Gupta,4,2,3,423,9,New Customers
943,373,5,718923.844,Arjun Kumar,1,2,3,123,6,Lost Customers
944,343,4,636739.765,Ananya Kaur,1,1,3,113,5,Lost Customers
945,162,4,626692.7545,Priya Mehta,3,1,3,313,7,Potential Loyalists
946,72,4,363504.84150000004,Simran Verma,4,1,1,411,6,New Customers
947,191,6,1087273.537,Neha Patel,2,3,5,235,10,At Risk
948,14,6,829372.075,Rahul Verma,5,3,4,534,12,Potential Loyalists
949,114,8,859048.593,Rahul Malhotra,3,4,4,344,11,Loyal Customers
950,112,9,1477672.471,Rahul Sharma,3,5,5,355,13,Loyal Customers
951,115,4,266393.993,Simran Kaur,3,1,1,311,5,Potential Loyalists
952,24,8,902926.827,Vihaan Patel,5,4,4,544,13,Champions
953,26,10,1611465.2434999999,Arjun Sharma,5,5,5,555,15,Champions
954,202,7,618787.7640000001,Aditya Patel,2,4,3,243,9,At Risk
955,194,10,1156861.885,Arjun Gill,2,5,5,255,12,At Risk
956,115,4,337608.11600000004,Meera Patel,3,1,1,311,5,Potential Loyalists
957,106,7,776073.2575,Ananya Gupta,3,4,3,343,10,Loyal Customers
958,261,2,247625.3035,Arjun Sharma,2,1,1,211,4,Lost Customers
959,206,6,632353.0265,Neha Singh,2,3,3,233,8,At Risk
960,181,5,624655.12,Priya Verma,2,2,3,223,7,Lost Customers
961,380,5,464372.295,Rohan Malhotra,1,2,2,122,5,Lost Customers
962,92,9,536476.8705,Kabir Sharma,4,5,2,452,11,Loyal Customers
963,415,5,453200.97849999997,Vihaan Verma,1,2,2,122,5,Lost Customers
964,96,13,1632323.241,Rohan Singh,3,5,5,355,13,Loyal Customers
965,429,8,981173.0645000001,Aditya Singh,1,4,4,144,9,At Risk
966,12,4,314070.0725,Aisha Kaur,5,1,1,511,7,New Customers
967,113,7,892103.206,Rahul Gill,3,4,4,344,11,Loyal Customers
968,35,4,543091.517,Vihaan Singh,5,1,2,512,8,New Customers
969,71,5,779029.1405,Arjun Verma,4,2,3,423,9,New Customers
970,512,3,193642.52300000002,Rohan Patel,1,1,1,111,3,Lost Customers
971,143,8,706673.0989999999,Ananya Mehta,3,4,3,343,10,Loyal Customers
972,98,2,467664.49700000003,Vihaan Patel,3,1,2,312,6,Potential Loyalists
973,106,3,223483.21,Meera Sharma,3,1,1,311,5,Potential Loyalists
974,178,4,219405.13549999997,Aarav Patel,2,1,1,211,4,Lost Customers
975,35,9,1266522.1935,Aarav Patel,5,5,5,555,15,Champions
976,915,2,229500.2745,Vihaan Malhotra,1,1,1,111,3,Lost Customers
977,109,7,907540.2895000001,Meera Sharma,3,4,4,344,11,Loyal Customers
978,172,4,312712.647,Aditya Kaur,2,1,1,211,4,Lost Customers
979,16,5,511913.37450000003,Aarav Mehta,5,2,2,522,9,New Customers
980,130,3,222228.392,Priya Patel,3,1,1,311,5,Potential Loyalists
981,27,7,877798.225,Vihaan Verma,5,4,4,544,13,Champions
982,25,8,892520.9015,Kabir Kumar,5,4,4,544,13,Champions
983,785,4,861077.561,Vihaan Malhotra,1,1,4,114,6,Lost Customers
984,526,3,274936.075,Meera Kaur,1,1,1,111,3,Lost Customers
985,175,5,322634.5685,Priya Gupta,2,2,1,221,5,Lost Customers
986,66,4,465437.7525,Priya Gupta,4,1,2,412,7,New Customers
987,21,6,577247.486,Vihaan Kaur,5,3,2,532,10,Potential Loyalists
988,39,2,266271.6845,Meera Verma,5,1,1,511,7,New Customers
989,3,6,843267.8965,Rahul Gupta,5,3,4,534,12,Potential Loyalists
990,48,6,794674.6305,Vihaan Kaur,4,3,4,434,11,Potential Loyalists
991,3,7,1043056.8105,Rahul Kaur,5,4,5,545,14,Champions
992,90,8,988417.429,Kabir Patel,4,4,4,444,12,Champions
993,85,5,762481.71,Neha Verma,4,2,3,423,9,New Customers
994,26,4,528483.633,Kabir Kumar,5,1,2,512,8,New Customers
995,48,5,835766.972,Aisha Gill,4,2,4,424,10,New Customers
996,51,5,979323.4535,Ananya Kumar,4,2,4,424,10,New Customers
997,17,7,961524.017,Arjun Mehta,5,4,4,544,13,Champions
998,233,8,874607.8765,Meera Patel,2,4,4,244,10,At Risk
999,610,4,185615.252,Kabir Kaur,1,1,1,111,3,Lost Customers
1000,455,2,142004.9565,Aisha Sharma,1,1,1,111,3,Lost Customers
1001,343,6,893908.0645,Aisha Kumar,1,3,4,134,8,At Risk
1002,222,5,867616.828,Meera Patel,2,2,4,224,8,Lost Customers
1003,131,4,386325.92199999996,Aisha Sharma,3,1,1,311,5,Potential Loyalists
1004,191,6,868948.506,Ananya Gill,2,3,4,234,9,At Risk
1005,355,5,705032.2715,Karan Sharma,1,2,3,123,6,Lost Customers
1006,5,8,945046.144,Meera Sharma,5,4,4,544,13,Champions
1007,530,2,217206.878,Aditya Mehta,1,1,1,111,3,Lost Customers
1008,49,6,832626.9210000001,Kabir Verma,4,3,4,434,11,Potential Loyalists
1009,523,3,413136.793,Karan Mehta,1,1,1,111,3,Lost Customers
1010,73,7,1283229.0905,Kabir Gill,4,4,5,445,13,Champions
1011,184,6,510102.609,Karan Sharma,2,3,2,232,7,Potential Loyalists
1012,159,3,313853.98,Neha Mehta,3,1,1,311,5,Potential Loyalists
1013,48,8,554978.2515,Meera Singh,4,4,2,442,10,Loyal Customers
1014,16,7,455971.324,Arjun Malhotra,5,4,2,542,11,Loyal Customers
1015,53,6,571789.1345,Rahul Malhotra,4,3,2,432,9,Potential Loyalists
1016,11,8,1162049.6395,Ananya Kaur,5,4,5,545,14,Champions
1017,257,6,518281.48949999997,Rahul Gupta,2,3,2,232,7,Potential Loyalists
1018,69,8,725186.6684999999,Priya Kaur,4,4,3,443,11,Loyal Customers
1019,276,6,1068921.284,Ananya Gupta,2,3,5,235,10,At Risk
1020,255,5,384425.9775,Simran Sharma,2,2,1,221,5,Lost Customers
1021,9,4,399140.799,Karan Verma,5,1,1,511,7,New Customers
1022,69,6,483501.236,Vihaan Malhotra,4,3,2,432,9,Potential Loyalists
1023,436,6,402005.451,Aarav Kaur,1,3,1,131,5,Potential Loyalists
1024,256,5,494621.9685,Kabir Sharma,2,2,2,222,6,Lost Customers
1025,197,7,1150125.867,Arjun Verma,2,4,5,245,11,At Risk
1026,102,8,989437.491,Karan Gill,3,4,4,344,11,Loyal Customers
1027,826,3,204384.518,Rohan Patel,1,1,1,111,3,Lost Customers
1028,369,3,319276.74350000004,Aditya Mehta,1,1,1,111,3,Lost Customers
1029,486,3,593933.1749999999,Simran Verma,1,1,2,112,4,Lost Customers
1030,180,10,1029082.041,Arjun Gill,2,5,5,255,12,At Risk
1031,234,4,454639.7835,Rahul Gill,2,1,2,212,5,Lost Customers
1032,37,6,678864.4995,Neha Kaur,5,3,3,533,11,Potential Loyalists
1033,172,8,842928.5,Aisha Kaur,2,4,4,244,10,At Risk
1034,25,6,449916.667,Aarav Singh,5,3,2,532,10,Potential Loyalists
1035,27,8,988925.703,Aisha Gill,5,4,4,544,13,Champions
1036,128,6,682674.355,Rohan Malhotra,3,3,3,333,9,Potential Loyalists
1037,139,7,759480.5275000001,Aditya Singh,3,4,3,343,10,Loyal Customers
1038,584,5,626085.7814999999,Aisha Sharma,1,2,3,123,6,Lost Customers
1039,56,8,1027604.449,Rahul Gill,4,4,5,445,13,Champions
1040,16,6,619852.79,Ishita Patel,5,3,3,533,11,Potential Loyalists
1041,430,5,923327.7150000001,Karan Kaur,1,2,4,124,7,Lost Customers
1042,263,6,449158.4685,Aisha Verma,2,3,2,232,7,Potential Loyalists
1043,321,5,505820.128,Simran Malhotra,1,2,2,122,5,Lost Customers
1044,370,5,531385.354,Aisha Patel,1,2,2,122,5,Lost Customers
1045,405,7,750982.6725,Rohan Verma,1,4,3,143,8,At Risk
1046,2,7,598289.884,Kabir Gill,5,4,2,542,11,Loyal Customers
1047,185,7,1060956.383,Aditya Verma,2,4,5,245,11,At Risk
1048,358,7,994484.4755,Karan Gupta,1,4,4,144,9,At Risk
1049,340,3,383803.65650000004,Arjun Patel,1,1,1,111,3,Lost Customers
1050,532,5,384131.0155,Simran Sharma,1,2,1,121,4,Lost Customers
1051,154,8,736787.5530000001,Rohan Mehta,3,4,3,343,10,Loyal Customers
1052,47,3,831953.5015,Ishita Malhotra,4,1,4,414,9,New Customers
1053,90,6,720642.5650000001,Rahul Malhotra,4,3,3,433,10,Potential Loyalists
1054,129,9,883882.482,Priya Gill,3,5,4,354,12,Loyal Customers
1055,295,2,196302.262,Arjun Malhotra,1,1,1,111,3,Lost Customers
1056,278,1,188112.1,Priya Kumar,2,1,1,211,4,Lost Customers
1057,440,4,517598.20249999996,Aditya Malhotra,1,1,2,112,4,Lost Customers
1058,634,6,716148.6365,Kabir Kaur,1,3,3,133,7,At Risk
1059,23,5,565975.0765,Vihaan Malhotra,5,2,2,522,9,New Customers
1060,151,1,196002.124,Kabir Gupta,3,1,1,311,5,Potential Loyalists
1061,300,4,715397.2065,Ananya Patel,1,1,3,113,5,Lost Customers
1062,16,8,540093.113,Karan Sharma,5,4,2,542,11,Loyal Customers
1063,16,10,976092.384,Rahul Verma,5,5,4,554,14,Champions
1064,168,4,609583.173,Ananya Patel,2,1,3,213,6,Lost Customers
1065,10,10,1330580.5255,Neha Mehta,5,5,5,555,15,Champions
1066,928,1,169863.288,Karan Gupta,1,1,1,111,3,Lost Customers
1067,138,5,647804.729,Kabir Gill,3,2,3,323,8,Potential Loyalists
1068,40,10,836538.9280000001,Meera Patel,5,5,4,554,14,Champions
1069,304,3,56630.437,Arjun Mehta,1,1,1,111,3,Lost Customers
1070,149,4,518533.201,Ishita Kaur,3,1,2,312,6,Potential Loyalists
1071,15,10,1077885.377,Simran Singh,5,5,5,555,15,Champions
1072,91,6,610897.706,Simran Singh,4,3,3,433,10,Potential Loyalists
1073,135,6,953851.6895,Ananya Verma,3,3,4,334,10,Potential Loyalists
1074,50,6,737610.1415,Karan Verma,4,3,3,433,10,Potential Loyalists
1075,206,4,349986.174,Aisha Verma,2,1,1,211,4,Lost Customers
1076,6,4,670955.436,Priya Singh,5,1,3,513,9,New Customers
1077,11,7,895213.1855,Rohan Malhotra,5,4,4,544,13,Champions
1078,55,9,1279319.0050000001,Rahul Singh,4,5,5,455,14,Champions
1079,53,9,1083820.584,Rohan Mehta,4,5,5,455,14,Champions
1080,138,8,976070.908,Neha Gill,3,4,4,344,11,Loyal Customers
1081,112,7,1089400.7025,Simran Gupta,3,4,5,345,12,Loyal Customers
1082,312,2,147439.704,Vihaan Kumar,1,1,1,111,3,Lost Customers
1083,177,3,522153.656,Neha Verma,2,1,2,212,5,Lost Customers
1084,49,9,848168.4645,Ananya Malhotra,4,5,4,454,13,Champions
1085,44,7,559399.0455,Rohan Malhotra,4,4,2,442,10,Loyal Customers
1086,9,7,1035076.933,Arjun Gupta,5,4,5,545,14,Champions
1087,214,3,276356.75549999997,Priya Patel,2,1,1,211,4,Lost Customers
1088,47,6,611396.717,Simran Kumar,4,3,3,433,10,Potential Loyalists
1089,141,6,285680.6015,Simran Verma,3,3,1,331,7,Potential Loyalists
1090,369,3,219370.244,Ishita Kaur,1,1,1,111,3,Lost Customers
1091,340,5,593674.031,Kabir Mehta,1,2,2,122,5,Lost Customers
1092,53,5,433439.0735,Priya Verma,4,2,2,422,8,New Customers
1093,559,1,114672.704,Ananya Kaur,1,1,1,111,3,Lost Customers
1094,296,4,275338.391,Rahul Patel,1,1,1,111,3,Lost Customers
1095,228,10,805067.021,Ananya Mehta,2,5,4,254,11,At Risk
1096,56,8,1257362.9715,Rahul Malhotra,4,4,5,445,13,Champions
1097,82,7,1050992.476,Meera Patel,4,4,5,445,13,Champions
1098,329,7,1317316.723,Kabir Malhotra,1,4,5,145,10,At Risk
1099,156,4,401900.687,Simran Gill,3,1,1,311,5,Potential Loyalists
1100,301,5,567645.7899999999,Priya Malhotra,1,2,2,122,5,Lost Customers
1101,39,7,772897.3685000001,Simran Sharma,5,4,3,543,12,Loyal Customers
1102,90,7,820389.6245,Ananya Patel,4,4,4,444,12,Champions
1103,36,6,969785.7755,Kabir Sharma,5,3,4,534,12,Potential Loyalists
1104,51,8,1050863.827,Aarav Mehta,4,4,5,445,13,Champions
1105,159,11,1160532.069,Aisha Gill,3,5,5,355,13,Loyal Customers
1106,377,4,777024.361,Kabir Malhotra,1,1,3,113,5,Lost Customers
1107,144,7,688737.0305,Ananya Gupta,3,4,3,343,10,Loyal Customers
1108,607,6,669776.719,Ananya Kaur,1,3,3,133,7,At Risk
1109,356,3,344713.3135,Aisha Kaur,1,1,1,111,3,Lost Customers
1110,341,3,414210.006,Kabir Malhotra,1,1,1,111,3,Lost Customers
1111,69,9,876786.407,Ananya Kaur,4,5,4,454,13,Champions
1112,265,5,534256.885,Priya Mehta,2,2,2,222,6,Lost Customers
1113,347,4,415765.2675,Aarav Gupta,1,1,1,111,3,Lost Customers
1114,95,7,837950.0205,Rahul Mehta,3,4,4,344,11,Loyal Customers
1115,199,5,702990.1395,Rahul Verma,2,2,3,223,7,Lost Customers
1116,68,7,1411463.114,Aarav Gupta,4,4,5,445,13,Champions
1117,46,7,528310.7735,Arjun Malhotra,4,4,2,442,10,Loyal Customers
1118,288,5,688046.863,Rohan Gupta,1,2,3,123,6,Lost Customers
1119,60,6,893154.2505,Karan Kumar,4,3,4,434,11,Potential Loyalists
1120,53,7,778596.552,Rohan Malhotra,4,4,3,443,11,Loyal Customers
1121,133,6,1141817.019,Aarav Verma,3,3,5,335,11,Potential Loyalists
1122,163,8,975877.4845,Rohan Kumar,3,4,4,344,11,Loyal Customers
1123,250,5,630455.3615,Aarav Gill,2,2,3,223,7,Lost Customers
1124,332,4,378279.382,Ananya Singh,1,1,1,111,3,Lost Customers
1125,206,5,437855.2185,Rahul Gill,2,2,2,222,6,Lost Customers
1126,6,3,395747.574,Aditya Mehta,5,1,1,511,7,New Customers
1127,177,7,711517.773,Aisha Verma,2,4,3,243,9,At Risk
1128,22,7,775175.5260000001,Aditya Sharma,5,4,3,543,12,Loyal Customers
1129,223,2,326886.87,Aditya Gupta,2,1,1,211,4,Lost Customers
1130,235,6,859392.4315000001,Neha Kumar,2,3,4,234,9,At Risk
1131,21,4,281232.576,Kabir Malhotra,5,1,1,511,7,New Customers
1132,162,8,1048074.1385,Neha Mehta,3,4,5,345,12,Loyal Customers
1133,167,10,1160328.5955,Arjun Gill,2,5,5,255,12,At Risk
1134,162,5,668160.562,Kabir Sharma,3,2,3,323,8,Potential Loyalists
1135,200,10,942787.3185,Kabir Patel,2,5,4,254,11,At Risk
1136,21,11,1493577.717,Karan Verma,5,5,5,555,15,Champions
1137,762,5,348499.473,Aarav Verma,1,2,1,121,4,Lost Customers
1138,298,5,550619.037,Rohan Gupta,1,2,2,122,5,Lost Customers
1139,162,3,215616.349,Simran Patel,3,1,1,311,5,Potential Loyalists
1140,202,6,573376.4875,Kabir Malhotra,2,3,2,232,7,Potential Loyalists
1141,537,4,330307.321,Meera Verma,1,1,1,111,3,Lost Customers
1142,28,10,1161802.422,Arjun Mehta,5,5,5,555,15,Champions
1143,119,5,943001.8885,Aarav Gill,3,2,4,324,9,Potential Loyalists
1144,494,3,423591.90249999997,Aisha Malhotra,1,1,1,111,3,Lost Customers
1145,138,4,462293.709,Aarav Sharma,3,1,2,312,6,Potential Loyalists
1146,27,8,950224.4175,Rahul Singh,5,4,4,544,13,Champions
1147,154,4,391920.7,Priya Malhotra,3,1,1,311,5,Potential Loyalists
1148,322,6,850624.1825,Neha Singh,1,3,4,134,8,At Risk
1149,33,6,802079.1595000001,Priya Sharma,5,3,4,534,12,Potential Loyalists
1150,226,4,354882.2565,Meera Kaur,2,1,1,211,4,Lost Customers
1151,154,9,1055938.1175,Ishita Singh,3,5,5,355,13,Loyal Customers
1152,105,9,974199.7985,Ishita Singh,3,5,4,354,12,Loyal Customers
1153,190,3,373178.4135,Arjun Kumar,2,1,1,211,4,Lost Customers
1154,90,5,607264.8295,Arjun Gill,4,2,3,423,9,New Customers
1155,27,6,592419.461,Ananya Kaur,5,3,2,532,10,Potential Loyalists
1156,107,8,1414857.7665,Kabir Verma,3,4,5,345,12,Loyal Customers
1157,3,8,1048949.8854999999,Karan Kumar,5,4,5,545,14,Champions
1158,95,7,846392.1715,Aisha Kaur,3,4,4,344,11,Loyal Customers
1159,51,7,1114114.126,Aarav Kaur,4,4,5,445,13,Champions
1160,7,2,73027.165,Rahul Mehta,5,1,1,511,7,New Customers
1161,203,10,809228.487,Simran Mehta,2,5,4,254,11,At Risk
1162,51,5,855652.344,Ananya Kaur,4,2,4,424,10,New Customers
1163,178,4,789510.782,Rohan Verma,2,1,4,214,7,Lost Customers
1164,108,5,609856.8234999999,Arjun Malhotra,3,2,3,323,8,Potential Loyalists
1165,21,11,1165944.922,Karan Kumar,5,5,5,555,15,Champions
1166,35,5,691322.7395,Aisha Kaur,5,2,3,523,10,New Customers
1167,145,6,755171.3295,Priya Sharma,3,3,3,333,9,Potential Loyalists
1168,197,7,891085.9905000001,Vihaan Verma,2,4,4,244,10,At Risk
1169,138,7,1142085.8725,Aarav Singh,3,4,5,345,12,Loyal Customers
1170,91,7,785054.7505,Aisha Sharma,4,4,4,444,12,Champions
1171,19,8,646438.7895,Neha Kumar,5,4,3,543,12,Loyal Customers
1172,195,4,327061.396,Rahul Kumar,2,1,1,211,4,Lost Customers
1173,103,4,638232.539,Vihaan Singh,3,1,3,313,7,Potential Loyalists
1174,966,1,49637.844,Rahul Kumar,1,1,1,111,3,Lost Customers
1175,482,3,253411.51,Aarav Verma,1,1,1,111,3,Lost Customers
1176,19,8,1098558.2025000001,Kabir Verma,5,4,5,545,14,Champions
1177,215,7,946638.243,Priya Patel,2,4,4,244,10,At Risk
1178,39,6,955048.388,Aarav Gill,5,3,4,534,12,Potential Loyalists
1179,567,7,763116.179,Ishita Mehta,1,4,3,143,8,At Risk
1180,100,10,1431150.273,Vihaan Gupta,3,5,5,355,13,Loyal Customers
1181,319,5,475047.44,Ananya Malhotra,1,2,2,122,5,Lost Customers
1182,123,5,796558.3035,Ishita Kumar,3,2,4,324,9,Potential Loyalists
1183,4,4,721094.166,Meera Verma,5,1,3,513,9,New Customers
1184,177,7,596077.193,Ananya Kumar,2,4,2,242,8,Potential Loyalists
1185,93,3,672009.572,Aarav Sharma,4,1,3,413,8,New Customers
1186,172,5,554647.006,Rahul Malhotra,2,2,2,222,6,Lost Customers
1187,295,4,576780.203,Karan Kumar,1,1,2,112,4,Lost Customers
1188,53,7,831351.9535,Vihaan Kaur,4,4,4,444,12,Champions
1189,607,5,821779.5425,Aarav Mehta,1,2,4,124,7,Lost Customers
1190,3,6,631783.4885,Karan Mehta,5,3,3,533,11,Potential Loyalists
1191,477,4,389000.97250000003,Aisha Patel,1,1,1,111,3,Lost Customers
1192,15,8,1126080.636,Rahul Patel,5,4,5,545,14,Champions
1193,34,6,958959.6765000001,Meera Gill,5,3,4,534,12,Potential Loyalists
1194,408,14,1105881.4095,Meera Sharma,1,5,5,155,11,At Risk
1195,209,4,328621.8515,Rohan Mehta,2,1,1,211,4,Lost Customers
1196,46,9,1209478.959,Priya Malhotra,4,5,5,455,14,Champions
1197,24,6,866731.0295,Rohan Kumar,5,3,4,534,12,Potential Loyalists
1198,56,10,1115913.541,Aisha Kumar,4,5,5,455,14,Champions
1199,108,6,953288.377,Aditya Sharma,3,3,4,334,10,Potential Loyalists
1200,26,7,649012.2825,Karan Malhotra,5,4,3,543,12,Loyal Customers
1201,359,3,262603.85,Karan Gill,1,1,1,111,3,Lost Customers
1202,79,7,942020.164,Neha Mehta,4,4,4,444,12,Champions
1203,23,5,589758.6610000001,Aditya Singh,5,2,2,522,9,New Customers
1204,138,9,1386239.539,Meera Kaur,3,5,5,355,13,Loyal Customers
1205,218,6,994787.863,Aditya Verma,2,3,4,234,9,At Risk
1206,33,6,676376.9375,Karan Sharma,5,3,3,533,11,Potential Loyalists
1207,70,9,1101213.9795,Ishita Kumar,4,5,5,455,14,Champions
1208,16,4,412498.31,Priya Patel,5,1,1,511,7,New Customers
1209,264,5,774093.1535,Karan Gupta,2,2,3,223,7,Lost Customers
1210,138,3,507801.76300000004,Vihaan Mehta,3,1,2,312,6,Potential Loyalists
1211,209,5,631277.8450000001,Rohan Gupta,2,2,3,223,7,Lost Customers
1212,220,3,244561.048,Meera Malhotra,2,1,1,211,4,Lost Customers
1213,102,9,1361877.5555,Kabir Kumar,3,5,5,355,13,Loyal Customers
1214,195,5,627189.766,Karan Gupta,2,2,3,223,7,Lost Customers
1215,338,4,596150.8095,Priya Patel,1,1,2,112,4,Lost Customers
1216,214,4,465680.695,Simran Kaur,2,1,2,212,5,Lost Customers
1217,92,6,496517.667,Neha Mehta,4,3,2,432,9,Potential Loyalists
1218,201,5,486529.3705,Aarav Malhotra,2,2,2,222,6,Lost Customers
1219,72,9,766159.9725,Neha Gupta,4,5,3,453,12,Loyal Customers
1220,144,2,242468.16199999995,Meera Singh,3,1,1,311,5,Potential Loyalists
1221,73,5,521393.9905,Aditya Sharma,4,2,2,422,8,New Customers
1222,110,4,523538.322,Rohan Singh,3,1,2,312,6,Potential Loyalists
1223,536,6,940547.065,Ananya Malhotra,1,3,4,134,8,At Risk
1224,66,7,1129198.6625,Arjun Malhotra,4,4,5,445,13,Champions
1225,301,9,717364.3015,Vihaan Mehta,1,5,3,153,9,At Risk
1226,133,7,786582.7515,Neha Patel,3,4,4,344,11,Loyal Customers
1227,14,7,831624.9515,Rahul Patel,5,4,4,544,13,Champions
1228,110,5,643253.985,Aditya Mehta,3,2,3,323,8,Potential Loyalists
1229,20,10,1477636.6565,Aisha Mehta,5,5,5,555,15,Champions
1230,25,7,999702.5595,Kabir Gill,5,4,4,544,13,Champions
1231,216,8,1171306.9445,Karan Malhotra,2,4,5,245,11,At Risk
1232,127,6,395545.913,Arjun Sharma,3,3,1,331,7,Potential Loyalists
1233,62,5,267147.116,Kabir Malhotra,4,2,1,421,7,New Customers
1234,340,4,421905.924,Vihaan Kaur,1,1,1,111,3,Lost Customers
1235,24,10,715713.922,Aarav Gupta,5,5,3,553,13,Loyal Customers
1236,128,6,563479.476,Vihaan Sharma,3,3,2,332,8,Potential Loyalists
1237,45,8,877199.569,Priya Mehta,4,4,4,444,12,Champions
1238,109,9,1093966.825,Kabir Mehta,3,5,5,355,13,Loyal Customers
1239,317,2,430891.915,Karan Singh,1,1,2,112,4,Lost Customers
1240,730,3,308252.1175,Ishita Gupta,1,1,1,111,3,Lost Customers
1241,27,8,861626.1415,Simran Gill,5,4,4,544,13,Champions
1242,20,5,477661.63649999996,Kabir Patel,5,2,2,522,9,New Customers
1243,199,6,1094927.153,Kabir Sharma,2,3,5,235,10,At Risk
1244,206,7,1143829.846,Aarav Gupta,2,4,5,245,11,At Risk
1245,851,3,341421.46150000003,Aisha Kaur,1,1,1,111,3,Lost Customers
1246,148,9,847666.0475,Ishita Patel,3,5,4,354,12,Loyal Customers
1247,334,5,270919.3705,Simran Gill,1,2,1,121,4,Lost Customers
1248,43,5,478646.60000000003,Simran Gupta,4,2,2,422,8,New Customers
1249,176,7,1481544.77,Neha Kaur,2,4,5,245,11,At Risk
1250,286,4,773059.4280000001,Ishita Kumar,2,1,3,213,6,Lost Customers
1251,66,10,1241204.7674999998,Arjun Kaur,4,5,5,455,14,Champions
1252,29,6,446808.1825,Meera Patel,5,3,2,532,10,Potential Loyalists
1253,424,2,410221.848,Kabir Gupta,1,1,1,111,3,Lost Customers
1254,95,6,811451.144,Kabir Kaur,3,3,4,334,10,Potential Loyalists
1255,233,2,60954.317500000005,Kabir Singh,2,1,1,211,4,Lost Customers
1256,4,4,748257.021,Aarav Mehta,5,1,3,513,9,New Customers
1257,349,5,844348.4674999999,Aarav Malhotra,1,2,4,124,7,Lost Customers
1258,291,4,419350.377,Aarav Singh,1,1,1,111,3,Lost Customers
1259,107,8,1188099.1175,Aisha Singh,3,4,5,345,12,Loyal Customers
1260,216,6,679090.0035,Priya Patel,2,3,3,233,8,At Risk
1261,381,7,801394.4555,Ananya Patel,1,4,4,144,9,At Risk
1262,124,7,697867.178,Simran Gill,3,4,3,343,10,Loyal Customers
1263,75,4,476244.6355,Simran Kumar,4,1,2,412,7,New Customers
1264,46,10,1172909.7874999999,Meera Singh,4,5,5,455,14,Champions
1265,116,5,425418.03500000003,Meera Gill,3,2,1,321,6,Potential Loyalists
1266,105,3,597383.3625,Ishita Patel,3,1,2,312,6,Potential Loyalists
1267,154,6,998524.38,Rahul Singh,3,3,4,334,10,Potential Loyalists
1268,182,7,1033479.4275,Simran Kaur,2,4,5,245,11,At Risk
1269,43,1,49958.23,Arjun Patel,4,1,1,411,6,New Customers
1270,85,4,570685.5995,Karan Gill,4,1,2,412,7,New Customers
1271,167,5,417923.668,Simran Verma,2,2,1,221,5,Lost Customers
1272,310,1,13537.31,Neha Mehta,1,1,1,111,3,Lost Customers
1273,198,7,1246683.321,Priya Singh,2,4,5,245,11,At Risk
1274,23,4,288433.895,Arjun Kaur,5,1,1,511,7,New Customers
1275,10,6,677229.1285,Meera Kaur,5,3,3,533,11,Potential Loyalists
1276,189,6,630938.1245,Vihaan Gill,2,3,3,233,8,At Risk
1277,251,4,355538.9265,Meera Mehta,2,1,1,211,4,Lost Customers
1278,146,6,409872.56700000004,Aisha Verma,3,3,1,331,7,Potential Loyalists
1279,285,6,866289.7795,Karan Malhotra,2,3,4,234,9,At Risk
1280,18,8,911308.0985,Arjun Gupta,5,4,4,544,13,Champions
1281,368,4,690412.527,Aarav Singh,1,1,3,113,5,Lost Customers
1282,635,2,366868.3005,Kabir Verma,1,1,1,111,3,Lost Customers
1283,91,6,460226.517,Aisha Singh,4,3,2,432,9,Potential Loyalists
1284,193,4,769355.594,Priya Mehta,2,1,3,213,6,Lost Customers
1285,123,7,978213.02,Aisha Malhotra,3,4,4,344,11,Loyal Customers
1286,26,6,943057.1595,Rahul Mehta,5,3,4,534,12,Potential Loyalists
1287,102,7,919095.8565,Aarav Sharma,3,4,4,344,11,Loyal Customers
1288,5,7,445947.1845,Karan Verma,5,4,2,542,11,Loyal Customers
1289,140,7,1263544.128,Aisha Singh,3,4,5,345,12,Loyal Customers
1290,275,5,550200.284,Karan Malhotra,2,2,2,222,6,Lost Customers
1291,322,4,245616.199,Aditya Mehta,1,1,1,111,3,Lost Customers
1292,360,5,590788.955,Rohan Sharma,1,2,2,122,5,Lost Customers
1293,571,3,120270.34000000001,Ishita Patel,1,1,1,111,3,Lost Customers
1294,444,2,335908.5755,Aisha Patel,1,1,1,111,3,Lost Customers
1295,245,3,530660.9625,Rohan Verma,2,1,2,212,5,Lost Customers
1296,36,6,1388804.0565,Vihaan Gupta,5,3,5,535,13,Potential Loyalists
1297,12,3,269854.81,Arjun Patel,5,1,1,511,7,New Customers
1298,308,5,453753.97500000003,Aarav Mehta,1,2,2,122,5,Lost Customers
1299,121,7,937205.0635,Aditya Sharma,3,4,4,344,11,Loyal Customers
1300,18,3,266705.104,Rahul Gill,5,1,1,511,7,New Customers
1301,264,6,1112302.523,Aisha Mehta,2,3,5,235,10,At Risk
1302,145,5,921007.117,Karan Malhotra,3,2,4,324,9,Potential Loyalists
1303,10,6,856415.0195,Rohan Verma,5,3,4,534,12,Potential Loyalists
1304,27,10,922809.012,Aditya Gupta,5,5,4,554,14,Champions
1305,26,5,672274.7545,Aisha Kumar,5,2,3,523,10,New Customers
1306,19,4,601163.6170000001,Ananya Patel,5,1,2,512,8,New Customers
1307,73,6,630865.0195,Rahul Kumar,4,3,3,433,10,Potential Loyalists
1308,73,5,431474.985,Rahul Malhotra,4,2,2,422,8,New Customers
1309,150,3,157131.96600000001,Aditya Gill,3,1,1,311,5,Potential Loyalists
1310,37,4,508560.703,Neha Sharma,5,1,2,512,8,New Customers
1311,82,4,639539.37,Priya Mehta,4,1,3,413,8,New Customers
1312,107,6,932941.536,Neha Gill,3,3,4,334,10,Potential Loyalists
1313,14,10,613781.814,Karan Kaur,5,5,3,553,13,Loyal Customers
1314,65,6,602648.094,Rahul Patel,4,3,2,432,9,Potential Loyalists
1315,6,4,444230.618,Aditya Gupta,5,1,2,512,8,New Customers
1316,132,7,920201.0385,Rahul Kumar,3,4,4,344,11,Loyal Customers
1317,211,8,1238589.9510000001,Vihaan Gupta,2,4,5,245,11,At Risk
1318,253,5,458263.197,Rahul Sharma,2,2,2,222,6,Lost Customers
1319,51,11,1064250.776,Aarav Gupta,4,5,5,455,14,Champions
1320,33,5,577142.1045,Priya Sharma,5,2,2,522,9,New Customers
1321,86,6,510594.02650000004,Rohan Gill,4,3,2,432,9,Potential Loyalists
1322,124,7,1096804.125,Priya Singh,3,4,5,345,12,Loyal Customers
1323,35,7,1007176.9,Arjun Gill,5,4,4,544,13,Champions
1324,273,5,468988.0485,Karan Singh,2,2,2,222,6,Lost Customers
1325,179,8,1034352.212,Rohan Gill,2,4,5,245,11,At Risk
1326,403,5,338646.70650000003,Vihaan Kaur,1,2,1,121,4,Lost Customers
1327,4,7,803141.698,Karan Verma,5,4,4,544,13,Champions
1328,181,4,433713.422,Simran Patel,2,1,2,212,5,Lost Customers
1329,354,4,587661.2135,Karan Kumar,1,1,2,112,4,Lost Customers
1330,60,7,715302.6680000001,Meera Patel,4,4,3,443,11,Loyal Customers
1331,193,4,559262.796,Ishita Sharma,2,1,2,212,5,Lost Customers
1332,33,6,861627.5905,Aditya Patel,5,3,4,534,12,Potential Loyalists
1333,298,2,274444.554,Rahul Sharma,1,1,1,111,3,Lost Customers
1334,132,6,429390.722,Neha Kumar,3,3,2,332,8,Potential Loyalists
1335,95,7,978081.7235,Priya Patel,3,4,4,344,11,Loyal Customers
1336,211,4,297318.086,Ishita Mehta,2,1,1,211,4,Lost Customers
1337,189,8,854366.427,Meera Verma,2,4,4,244,10,At Risk
1338,155,10,1332469.566,Rohan Verma,3,5,5,355,13,Loyal Customers
1339,219,5,633474.997,Priya Kaur,2,2,3,223,7,Lost Customers
1340,287,7,368488.2515,Rahul Kumar,1,4,1,141,6,Potential Loyalists
1341,6,8,779463.4895,Arjun Kaur,5,4,3,543,12,Loyal Customers
1342,184,5,786309.17,Aisha Patel,2,2,4,224,8,Lost Customers
1343,451,3,312295.765,Kabir Gill,1,1,1,111,3,Lost Customers
1345,38,7,918372.4010000001,Aarav Sharma,5,4,4,544,13,Champions
1346,45,7,589626.938,Aditya Kaur,4,4,2,442,10,Loyal Customers
1347,53,8,1124246.2195,Ananya Gupta,4,4,5,445,13,Champions
1348,109,8,1105278.1099999999,Ananya Singh,3,4,5,345,12,Loyal Customers
1349,116,8,959991.312,Aisha Mehta,3,4,4,344,11,Loyal Customers
1350,168,2,10703.386999999999,Vihaan Gupta,2,1,1,211,4,Lost Customers
1351,78,5,963865.915,Kabir Verma,4,2,4,424,10,New Customers
1352,111,7,861563.5704999999,Meera Kumar,3,4,4,344,11,Loyal Customers
1353,39,9,1087852.484,Aarav Gupta,5,5,5,555,15,Champions
1354,399,3,349098.541,Neha Kumar,1,1,1,111,3,Lost Customers
1355,552,5,991015.8805,Aarav Mehta,1,2,4,124,7,Lost Customers
1356,308,3,558676.929,Meera Verma,1,1,2,112,4,Lost Customers
1357,149,8,974314.578,Arjun Singh,3,4,4,344,11,Loyal Customers
1358,59,6,699473.2535,Karan Patel,4,3,3,433,10,Potential Loyalists
1359,167,7,664335.557,Aditya Verma,2,4,3,243,9,At Risk
1360,287,1,236430.99950000003,Ananya Kaur,1,1,1,111,3,Lost Customers
1361,191,10,1147664.2485,Neha Patel,2,5,5,255,12,At Risk
1362,79,9,1078234.287,Meera Malhotra,4,5,5,455,14,Champions
1363,249,9,1854912.012,Rohan Sharma,2,5,5,255,12,At Risk
1364,114,6,796079.7170000001,Neha Verma,3,3,4,334,10,Potential Loyalists
1365,27,6,567709.0005,Simran Patel,5,3,2,532,10,Potential Loyalists
1366,31,9,964756.133,Aisha Kaur,5,5,4,554,14,Champions
1367,230,8,1033192.4805000001,Aarav Kumar,2,4,5,245,11,At Risk
1368,247,3,547941.3825,Kabir Mehta,2,1,2,212,5,Lost Customers
1369,15,8,1232209.974,Karan Patel,5,4,5,545,14,Champions
1370,331,7,706367.6445,Ishita Kaur,1,4,3,143,8,At Risk
1371,82,6,1050955.9745,Ishita Gupta,4,3,5,435,12,Potential Loyalists
1372,51,8,1378692.8599999999,Ananya Gill,4,4,5,445,13,Champions
1373,131,3,340279.4085,Rahul Singh,3,1,1,311,5,Potential Loyalists
1374,333,4,636525.659,Aarav Gupta,1,1,3,113,5,Lost Customers
1375,321,4,277337.1355,Ishita Patel,1,1,1,111,3,Lost Customers
1376,2,5,743787.5695,Ishita Mehta,5,2,3,523,10,New Customers
1377,15,5,456406.19299999997,Rohan Sharma,5,2,2,522,9,New Customers
1378,199,6,571391.311,Vihaan Sharma,2,3,2,232,7,Potential Loyalists
1379,17,3,199324.5645,Simran Gill,5,1,1,511,7,New Customers
1380,81,3,297419.076,Kabir Kumar,4,1,1,411,6,New Customers
1381,366,2,198591.917,Kabir Verma,1,1,1,111,3,Lost Customers
1382,252,7,1020208.0599999999,Aditya Mehta,2,4,5,245,11,At Risk
1383,12,5,645133.9465000001,Rohan Singh,5,2,3,523,10,New Customers
1384,163,10,1199767.2225,Karan Verma,3,5,5,355,13,Loyal Customers
1385,47,10,1049815.169,Arjun Verma,4,5,5,455,14,Champions
1386,159,6,701733.0495,Priya Verma,3,3,3,333,9,Potential Loyalists
1387,93,10,870420.13,Karan Kumar,4,5,4,454,13,Champions
1388,298,6,670822.2,Aditya Mehta,1,3,3,133,7,At Risk
1389,135,6,735021.54,Kabir Kaur,3,3,3,333,9,Potential Loyalists
1390,375,3,305703.17,Aditya Gill,1,1,1,111,3,Lost Customers
1391,213,5,782050.9615,Simran Singh,2,2,3,223,7,Lost Customers
1392,6,4,558620.7775,Priya Gill,5,1,2,512,8,New Customers
1393,157,5,833048.904,Aisha Malhotra,3,2,4,324,9,Potential Loyalists
1394,286,11,1153752.452,Aisha Kaur,2,5,5,255,12,At Risk
1395,64,9,1133151.1675,Neha Gupta,4,5,5,455,14,Champions
1396,13,7,902784.129,Ananya Gupta,5,4,4,544,13,Champions
1397,462,5,466162.0375,Arjun Gill,1,2,2,122,5,Lost Customers
1398,59,5,634309.298,Simran Sharma,4,2,3,423,9,New Customers
1399,69,5,854893.8795,Kabir Mehta,4,2,4,424,10,New Customers
1400,116,7,773207.926,Aditya Gill,3,4,3,343,10,Loyal Customers
1401,129,5,534490.9575,Arjun Kaur,3,2,2,322,7,Potential Loyalists
1402,133,5,671927.7125,Ishita Sharma,3,2,3,323,8,Potential Loyalists
1403,13,5,707202.7174999999,Priya Kaur,5,2,3,523,10,New Customers
1404,108,7,624742.5345000001,Arjun Gupta,3,4,3,343,10,Loyal Customers
1405,70,2,164529.0305,Aarav Singh,4,1,1,411,6,New Customers
1406,37,4,616728.48,Karan Sharma,5,1,3,513,9,New Customers
1407,490,3,615227.2475,Aditya Gill,1,1,3,113,5,Lost Customers
1408,192,5,524821.304,Arjun Verma,2,2,2,222,6,Lost Customers
1409,58,8,1066150.606,Aarav Mehta,4,4,5,445,13,Champions
1410,223,6,381991.00899999996,Vihaan Sharma,2,3,1,231,6,Potential Loyalists
1411,0,11,1353977.9345,Simran Singh,5,5,5,555,15,Champions
1412,97,3,505440.896,Arjun Mehta,3,1,2,312,6,Potential Loyalists
1413,267,6,379395.625,Kabir Gupta,2,3,1,231,6,Potential Loyalists
1414,45,5,504092.85750000004,Vihaan Malhotra,4,2,2,422,8,New Customers
1415,271,7,951681.3195,Kabir Gupta,2,4,4,244,10,At Risk
1416,6,7,677756.3035,Aisha Kaur,5,4,3,543,12,Loyal Customers
1417,102,9,1274513.6555,Kabir Kaur,3,5,5,355,13,Loyal Customers
1418,295,7,1203865.24,Arjun Verma,1,4,5,145,10,At Risk
1419,43,7,658008.5655,Simran Sharma,4,4,3,443,11,Loyal Customers
1420,43,8,860450.435,Priya Kaur,4,4,4,444,12,Champions
1421,170,5,763379.7694999999,Rohan Verma,2,2,3,223,7,Lost Customers
1422,42,5,566418.421,Simran Kumar,4,2,2,422,8,New Customers
1423,93,3,388650.855,Aisha Sharma,4,1,1,411,6,New Customers
1424,588,4,486405.613,Meera Sharma,1,1,2,112,4,Lost Customers
1425,43,8,1264608.576,Aisha Gill,4,4,5,445,13,Champions
1426,11,6,660738.025,Kabir Singh,5,3,3,533,11,Potential Loyalists
1427,131,8,956449.52,Meera Mehta,3,4,4,344,11,Loyal Customers
1428,558,3,304370.6295,Priya Patel,1,1,1,111,3,Lost Customers
1429,193,4,322268.294,Karan Verma,2,1,1,211,4,Lost Customers
1430,132,9,1383108.675,Aditya Malhotra,3,5,5,355,13,Loyal Customers
1431,128,6,472848.689,Meera Verma,3,3,2,332,8,Potential Loyalists
1432,61,7,829704.773,Aisha Malhotra,4,4,4,444,12,Champions
1433,4,9,1402756.645,Rahul Verma,5,5,5,555,15,Champions
1434,290,5,517190.556,Karan Kaur,1,2,2,122,5,Lost Customers
1435,287,5,503590.90249999997,Arjun Patel,1,2,2,122,5,Lost Customers
1436,57,4,442970.52,Aarav Verma,4,1,2,412,7,New Customers
1437,150,6,724614.998,Priya Malhotra,3,3,3,333,9,Potential Loyalists
1438,441,3,352389.569,Meera Patel,1,1,1,111,3,Lost Customers
1439,466,6,789978.3315,Meera Verma,1,3,4,134,8,At Risk
1440,1,7,588602.4395,Meera Patel,5,4,2,542,11,Loyal Customers
1441,92,4,427121.506,Aarav Malhotra,4,1,2,412,7,New Customers
1442,46,6,930649.959,Vihaan Singh,4,3,4,434,11,Potential Loyalists
1443,166,10,993115.6355000001,Aarav Sharma,2,5,4,254,11,At Risk
1444,89,7,1002098.5975,Simran Singh,4,4,4,444,12,Champions
1445,48,7,413409.538,Arjun Sharma,4,4,1,441,9,Loyal Customers
1446,109,4,455432.361,Karan Patel,3,1,2,312,6,Potential Loyalists
1447,8,8,1168878.638,Rohan Gupta,5,4,5,545,14,Champions
1448,62,7,776513.0750000001,Meera Verma,4,4,3,443,11,Loyal Customers
1449,46,5,487514.7175,Ishita Patel,4,2,2,422,8,New Customers
1450,79,6,659968.2375,Ishita Verma,4,3,3,433,10,Potential Loyalists
1451,204,4,479989.2355,Neha Kaur,2,1,2,212,5,Lost Customers
1452,81,4,449175.216,Rohan Malhotra,4,1,2,412,7,New Customers
1453,247,3,247670.70750000002,Ishita Gupta,2,1,1,211,4,Lost Customers
1454,137,5,686745.466,Meera Mehta,3,2,3,323,8,Potential Loyalists
1455,19,5,487407.006,Karan Mehta,5,2,2,522,9,New Customers
1456,368,3,168858.92799999999,Meera Kumar,1,1,1,111,3,Lost Customers
1457,210,3,496955.4355,Simran Patel,2,1,2,212,5,Lost Customers
1458,101,9,1207415.016,Arjun Patel,3,5,5,355,13,Loyal Customers
1459,434,7,936319.3605,Arjun Patel,1,4,4,144,9,At Risk
1460,53,6,712885.1325,Karan Sharma,4,3,3,433,10,Potential Loyalists
1461,197,6,974885.1955,Aarav Gupta,2,3,4,234,9,At Risk
1462,29,4,371290.1375,Aarav Singh,5,1,1,511,7,New Customers
1463,211,3,537989.6955,Karan Gill,2,1,2,212,5,Lost Customers
1464,354,2,267857.36350000004,Aisha Verma,1,1,1,111,3,Lost Customers
1465,178,4,733578.243,Aisha Kaur,2,1,3,213,6,Lost Customers
1466,198,3,382599.2215,Ishita Patel,2,1,1,211,4,Lost Customers
1467,94,4,673899.7694999999,Vihaan Verma,4,1,3,413,8,New Customers
1468,70,7,1058476.239,Meera Gupta,4,4,5,445,13,Champions
1469,85,7,1069882.7865,Simran Singh,4,4,5,445,13,Champions
1470,153,7,842311.4735,Ananya Malhotra,3,4,4,344,11,Loyal Customers
1471,127,4,344180.3195,Arjun Malhotra,3,1,1,311,5,Potential Loyalists
1472,687,3,271732.298,Vihaan Gill,1,1,1,111,3,Lost Customers
1473,103,4,579567.6605,Rahul Gill,3,1,2,312,6,Potential Loyalists
1474,259,3,248364.3265,Rahul Kaur,2,1,1,211,4,Lost Customers
1475,233,7,821706.8524999999,Rahul Gupta,2,4,4,244,10,At Risk
1476,60,11,1699116.806,Aditya Kaur,4,5,5,455,14,Champions
1477,111,6,684959.9455,Aditya Verma,3,3,3,333,9,Potential Loyalists
1478,475,2,219706.043,Kabir Sharma,1,1,1,111,3,Lost Customers
1479,64,7,1083720.1485000001,Rohan Kaur,4,4,5,445,13,Champions
1480,133,5,421277.07899999997,Ishita Singh,3,2,1,321,6,Potential Loyalists
1481,78,7,1052739.1300000001,Karan Malhotra,4,4,5,445,13,Champions
1482,148,8,832862.203,Rohan Mehta,3,4,4,344,11,Loyal Customers
1483,32,9,951937.374,Rahul Kumar,5,5,4,554,14,Champions
1484,9,5,649569.795,Vihaan Malhotra,5,2,3,523,10,New Customers
1485,170,3,691645.1375,Karan Singh,2,1,3,213,6,Lost Customers
1486,114,8,1073379.4175,Aisha Kumar,3,4,5,345,12,Loyal Customers
1487,52,5,300028.4845,Aarav Mehta,4,2,1,421,7,New Customers
1488,99,6,656897.937,Aarav Mehta,3,3,3,333,9,Potential Loyalists
1489,135,5,462979.16949999996,Rohan Kumar,3,2,2,322,7,Potential Loyalists
1490,190,4,491853.103,Aditya Singh,2,1,2,212,5,Lost Customers
1491,21,10,1292080.731,Meera Malhotra,5,5,5,555,15,Champions
1492,263,6,732412.8125,Neha Patel,2,3,3,233,8,At Risk
1493,187,6,504316.244,Vihaan Patel,2,3,2,232,7,Potential Loyalists
1494,51,11,1448996.6955,Aarav Kaur,4,5,5,455,14,Champions
1495,74,4,506829.024,Neha Sharma,4,1,2,412,7,New Customers
1496,75,3,320881.7715,Aisha Verma,4,1,1,411,6,New Customers
1497,85,6,488439.4105,Neha Mehta,4,3,2,432,9,Potential Loyalists
1498,40,5,782461.9205,Rahul Kaur,5,2,3,523,10,New Customers
1499,133,3,229016.0035,Neha Kumar,3,1,1,311,5,Potential Loyalists
1500,193,4,354719.927,Aisha Gupta,2,1,1,211,4,Lost Customers
1501,129,6,1042864.2685,Aisha Kumar,3,3,5,335,11,Potential Loyalists
1502,186,5,572570.079,Aditya Mehta,2,2,2,222,6,Lost Customers
1503,579,1,213798.4805,Arjun Gupta,1,1,1,111,3,Lost Customers
1504,484,4,657502.964,Priya Gill,1,1,3,113,5,Lost Customers
1505,129,7,750689.414,Meera Singh,3,4,3,343,10,Loyal Customers
1506,204,3,474408.17500000005,Neha Malhotra,2,1,2,212,5,Lost Customers
1507,37,6,933263.187,Priya Malhotra,5,3,4,534,12,Potential Loyalists
1508,65,12,2094976.42,Ishita Patel,4,5,5,455,14,Champions
1509,28,5,800680.396,Priya Malhotra,5,2,4,524,11,New Customers
1510,78,8,1132382.0525,Neha Kumar,4,4,5,445,13,Champions
1511,53,5,373745.103,Rohan Sharma,4,2,1,421,7,New Customers
1512,179,5,783444.2509999999,Neha Gill,2,2,3,223,7,Lost Customers
1513,3,7,835498.2145,Arjun Kumar,5,4,4,544,13,Champions
1514,43,6,957184.059,Arjun Singh,4,3,4,434,11,Potential Loyalists
1515,302,4,446059.8945,Ananya Patel,1,1,2,112,4,Lost Customers
1516,2,8,1200591.9485,Vihaan Patel,5,4,5,545,14,Champions
1517,63,9,900684.0295000001,Arjun Gill,4,5,4,454,13,Champions
1518,640,4,552331.6725,Arjun Sharma,1,1,2,112,4,Lost Customers
1519,66,4,503835.489,Aisha Kaur,4,1,2,412,7,New Customers
1520,187,5,675113.7175,Ananya Verma,2,2,3,223,7,Lost Customers
1521,7,4,297702.979,Aditya Verma,5,1,1,511,7,New Customers
1522,104,8,857692.9805,Vihaan Gill,3,4,4,344,11,Loyal Customers
1523,526,3,328764.717,Aisha Verma,1,1,1,111,3,Lost Customers
1524,79,7,765700.3915,Simran Patel,4,4,3,443,11,Loyal Customers
1525,43,12,1094078.905,Ananya Singh,4,5,5,455,14,Champions
1526,150,7,565104.268,Rohan Verma,3,4,2,342,9,Loyal Customers
1527,713,2,370985.48000000004,Kabir Kumar,1,1,1,111,3,Lost Customers
1528,150,7,691075.454,Aditya Gill,3,4,3,343,10,Loyal Customers
1529,131,8,1362909.259,Ananya Malhotra,3,4,5,345,12,Loyal Customers
1530,227,2,297225.9745,Ananya Patel,2,1,1,211,4,Lost Customers
1531,4,6,801501.4975,Aarav Kumar,5,3,4,534,12,Potential Loyalists
1532,10,2,558009.639,Vihaan Kumar,5,1,2,512,8,New Customers
1533,106,5,426509.8555,Meera Mehta,3,2,2,322,7,Potential Loyalists
1534,11,7,747827.3855,Ananya Gupta,5,4,3,543,12,Loyal Customers
1535,218,3,194836.93199999997,Karan Sharma,2,1,1,211,4,Lost Customers
1536,143,7,953489.119,Meera Kumar,3,4,4,344,11,Loyal Customers
1537,153,6,651864.114,Karan Patel,3,3,3,333,9,Potential Loyalists
1538,33,12,1655146.4845,Ishita Sharma,5,5,5,555,15,Champions
1539,148,5,756991.357,Aarav Malhotra,3,2,3,323,8,Potential Loyalists
1540,722,2,153919.92200000002,Vihaan Gill,1,1,1,111,3,Lost Customers
1541,14,5,851365.7339999999,Vihaan Gupta,5,2,4,524,11,New Customers
1542,43,8,772165.07,Rohan Malhotra,4,4,3,443,11,Loyal Customers
1543,137,7,939079.8285,Kabir Gupta,3,4,4,344,11,Loyal Customers
1544,87,6,703181.1225,Priya Singh,4,3,3,433,10,Potential Loyalists
1545,31,9,843729.6215,Vihaan Patel,5,5,4,554,14,Champions
1546,19,7,521058.1445,Neha Singh,5,4,2,542,11,Loyal Customers
1547,13,7,1104872.563,Vihaan Malhotra,5,4,5,545,14,Champions
1548,17,9,1059634.421,Ananya Verma,5,5,5,555,15,Champions
1549,19,9,1459425.713,Ishita Malhotra,5,5,5,555,15,Champions
1550,258,7,614604.741,Aarav Gupta,2,4,3,243,9,At Risk
1551,3,10,1568384.9385,Vihaan Singh,5,5,5,555,15,Champions
1552,12,5,565472.7760000001,Kabir Malhotra,5,2,2,522,9,New Customers
1553,524,7,686655.7635,Karan Malhotra,1,4,3,143,8,At Risk
1554,23,6,502085.722,Simran Mehta,5,3,2,532,10,Potential Loyalists
1555,197,9,925232.0264999999,Priya Gill,2,5,4,254,11,At Risk
1556,64,8,1498272.4105,Karan Kumar,4,4,5,445,13,Champions
1557,100,8,702077.963,Neha Verma,3,4,3,343,10,Loyal Customers
1558,138,4,331283.931,Kabir Singh,3,1,1,311,5,Potential Loyalists
1559,1,10,1098732.169,Vihaan Gill,5,5,5,555,15,Champions
1560,208,7,976098.888,Rahul Mehta,2,4,4,244,10,At Risk
1561,163,5,525828.1485,Aisha Mehta,3,2,2,322,7,Potential Loyalists
1562,382,9,924188.229,Kabir Mehta,1,5,4,154,10,At Risk
1563,359,3,218146.763,Neha Singh,1,1,1,111,3,Lost Customers
1564,53,4,663537.688,Aisha Gupta,4,1,3,413,8,New Customers
1565,227,11,1362955.1255,Rohan Sharma,2,5,5,255,12,At Risk
1566,72,9,1315838.277,Aditya Gupta,4,5,5,455,14,Champions
1567,46,7,719793.989,Ishita Malhotra,4,4,3,443,11,Loyal Customers
1568,112,6,1212217.534,Ishita Patel,3,3,5,335,11,Potential Loyalists
1569,819,3,273079.7835,Karan Malhotra,1,1,1,111,3,Lost Customers
1570,534,2,145831.074,Meera Kumar,1,1,1,111,3,Lost Customers
1571,7,5,271561.43950000004,Meera Mehta,5,2,1,521,8,New Customers
1572,386,3,627063.044,Rahul Verma,1,1,3,113,5,Lost Customers
1573,59,5,602311.755,Rohan Kaur,4,2,2,422,8,New Customers
1574,28,6,855611.85,Aisha Patel,5,3,4,534,12,Potential Loyalists
1575,138,6,887724.5635,Priya Verma,3,3,4,334,10,Potential Loyalists
1576,154,8,955309.8695,Ananya Sharma,3,4,4,344,11,Loyal Customers
1577,29,6,487780.39300000004,Rahul Kumar,5,3,2,532,10,Potential Loyalists
1578,21,5,407975.1705,Vihaan Mehta,5,2,1,521,8,New Customers
1579,309,3,222447.358,Priya Gupta,1,1,1,111,3,Lost Customers
1580,46,7,681977.7325,Aarav Gill,4,4,3,443,11,Loyal Customers
1581,182,8,865153.9065,Arjun Verma,2,4,4,244,10,At Risk
1582,392,3,464971.689,Priya Malhotra,1,1,2,112,4,Lost Customers
1583,3,8,910672.4095000001,Simran Sharma,5,4,4,544,13,Champions
1584,54,7,984718.3485,Kabir Singh,4,4,4,444,12,Champions
1585,255,8,666540.9180000001,Meera Singh,2,4,3,243,9,At Risk
1586,32,9,1399673.846,Aditya Verma,5,5,5,555,15,Champions
1587,159,6,787667.9145,Ananya Kumar,3,3,4,334,10,Potential Loyalists
1588,232,9,947322.2930000001,Kabir Mehta,2,5,4,254,11,At Risk
1589,110,9,827921.8245,Simran Patel,3,5,4,354,12,Loyal Customers
1590,377,6,607872.14,Meera Singh,1,3,3,133,7,At Risk
1591,91,9,1100229.2885,Meera Gupta,4,5,5,455,14,Champions
1592,205,7,560256.7145,Vihaan Kaur,2,4,2,242,8,Potential Loyalists
1593,2,7,1110091.949,Meera Gill,5,4,5,545,14,Champions
1594,392,6,745431.9085,Neha Kaur,1,3,3,133,7,At Risk
1595,140,5,674059.8474999999,Priya Singh,3,2,3,323,8,Potential Loyalists
1596,318,3,419134.153,Rohan Singh,1,1,1,111,3,Lost Customers
1597,20,7,1006492.3465,Karan Kaur,5,4,4,544,13,Champions
1598,213,5,795335.4765,Karan Sharma,2,2,4,224,8,Lost Customers
1599,55,7,465286.69649999996,Rohan Verma,4,4,2,442,10,Loyal Customers
1600,89,6,733336.253,Aditya Singh,4,3,3,433,10,Potential Loyalists
1601,109,9,1194445.877,Karan Singh,3,5,5,355,13,Loyal Customers
1602,503,3,373745.87,Kabir Mehta,1,1,1,111,3,Lost Customers
1603,21,15,1517765.532,Ananya Singh,5,5,5,555,15,Champions
1604,82,8,1103268.923,Kabir Singh,4,4,5,445,13,Champions
1605,6,6,668393.6865,Karan Patel,5,3,3,533,11,Potential Loyalists
1606,74,3,302884.614,Karan Sharma,4,1,1,411,6,New Customers
1607,4,7,470455.006,Aarav Gill,5,4,2,542,11,Loyal Customers
1608,374,4,858935.0995,Neha Kumar,1,1,4,114,6,Lost Customers
1609,16,7,371084.21400000004,Aarav Verma,5,4,1,541,10,Loyal Customers
1610,307,3,443156.4755,Priya Singh,1,1,2,112,4,Lost Customers
1611,261,3,177726.601,Aarav Verma,2,1,1,211,4,Lost Customers
1612,2,7,891271.2995,Ananya Kumar,5,4,4,544,13,Champions
1613,178,8,1342625.896,Vihaan Singh,2,4,5,245,11,At Risk
1614,111,7,805579.175,Rahul Patel,3,4,4,344,11,Loyal Customers
1615,70,6,806413.7925,Vihaan Singh,4,3,4,434,11,Potential Loyalists
1616,72,9,1329153.7825,Arjun Kumar,4,5,5,455,14,Champions
1617,83,6,1072761.4594999999,Arjun Malhotra,4,3,5,435,12,Potential Loyalists
1618,51,5,679088.458,Priya Verma,4,2,3,423,9,New Customers
1619,133,3,200723.69199999998,Ishita Mehta,3,1,1,311,5,Potential Loyalists
1620,119,7,1268910.113,Rahul Malhotra,3,4,5,345,12,Loyal Customers
1621,0,5,651733.777,Vihaan Sharma,5,2,3,523,10,New Customers
1622,102,4,721453.3895,Aisha Kumar,3,1,3,313,7,Potential Loyalists
1623,190,7,377903.59,Karan Gupta,2,4,1,241,7,Potential Loyalists
1624,301,5,805638.2315,Priya Sharma,1,2,4,124,7,Lost Customers
1625,327,4,455137.10349999997,Meera Patel,1,1,2,112,4,Lost Customers
1626,189,5,347806.7595,Simran Verma,2,2,1,221,5,Lost Customers
1627,77,5,585242.6475,Rohan Kumar,4,2,2,422,8,New Customers
1628,113,4,210830.9285,Aisha Kumar,3,1,1,311,5,Potential Loyalists
1629,51,6,678531.075,Karan Sharma,4,3,3,433,10,Potential Loyalists
1630,12,5,565494.6825,Aarav Kaur,5,2,2,522,9,New Customers
1631,145,3,423959.6875,Ananya Malhotra,3,1,1,311,5,Potential Loyalists
1632,142,5,443083.716,Rahul Mehta,3,2,2,322,7,Potential Loyalists
1633,230,3,249864.764,Rahul Kaur,2,1,1,211,4,Lost Customers
1634,255,3,229878.027,Priya Kumar,2,1,1,211,4,Lost Customers
1635,306,4,338469.898,Rahul Verma,1,1,1,111,3,Lost Customers
1636,476,4,553713.7255,Simran Gill,1,1,2,112,4,Lost Customers
1637,46,6,528134.928,Aisha Verma,4,3,2,432,9,Potential Loyalists
1638,178,4,363545.55000000005,Simran Kaur,2,1,1,211,4,Lost Customers
1639,73,6,485526.2695,Karan Gupta,4,3,2,432,9,Potential Loyalists
1640,36,5,642613.4865,Arjun Patel,5,2,3,523,10,New Customers
1641,97,7,465631.912,Kabir Kumar,3,4,2,342,9,Loyal Customers
1642,43,3,354648.5075,Karan Verma,4,1,1,411,6,New Customers
1643,73,5,552817.2465,Karan Gupta,4,2,2,422,8,New Customers
1644,8,5,768001.478,Rahul Gill,5,2,3,523,10,New Customers
1645,114,5,1081963.9885,Aisha Patel,3,2,5,325,10,Potential Loyalists
1646,71,6,727119.986,Priya Verma,4,3,3,433,10,Potential Loyalists
1647,7,12,1941422.94,Karan Sharma,5,5,5,555,15,Champions
1648,189,10,1198826.605,Aditya Gill,2,5,5,255,12,At Risk
1649,39,8,1169993.1225,Vihaan Gill,5,4,5,545,14,Champions
1650,99,9,1010804.777,Priya Verma,3,5,5,355,13,Loyal Customers
1651,81,8,916487.405,Simran Kumar,4,4,4,444,12,Champions
1652,218,7,673097.899,Meera Gupta,2,4,3,243,9,At Risk
1653,114,7,626954.8815,Aisha Singh,3,4,3,343,10,Loyal Customers
1654,121,6,823090.8785,Ishita Kaur,3,3,4,334,10,Potential Loyalists
1655,90,7,1051533.5145,Meera Gupta,4,4,5,445,13,Champions
1656,487,4,575496.9155,Arjun Singh,1,1,2,112,4,Lost Customers
1657,133,8,622702.3300000001,Meera Verma,3,4,3,343,10,Loyal Customers
1658,299,6,575418.549,Meera Kaur,1,3,2,132,6,Potential Loyalists
1659,21,5,506538.1025,Karan Gill,5,2,2,522,9,New Customers
1660,49,3,327504.592,Meera Kaur,4,1,1,411,6,New Customers
1661,656,4,550864.6855,Priya Gill,1,1,2,112,4,Lost Customers
1662,95,4,349384.91900000005,Aditya Singh,3,1,1,311,5,Potential Loyalists
1663,143,8,806730.627,Rohan Sharma,3,4,4,344,11,Loyal Customers
1664,968,2,40918.512,Aarav Sharma,1,1,1,111,3,Lost Customers
1665,8,4,589989.7019999999,Arjun Kumar,5,1,2,512,8,New Customers
1666,442,4,489743.85400000005,Neha Mehta,1,1,2,112,4,Lost Customers
1667,13,6,848990.419,Rohan Patel,5,3,4,534,12,Potential Loyalists
1668,139,9,1061184.1615,Priya Verma,3,5,5,355,13,Loyal Customers
1669,96,8,994161.6355000001,Ishita Patel,3,4,4,344,11,Loyal Customers
1670,18,5,712608.394,Meera Kaur,5,2,3,523,10,New Customers
1671,8,7,682740.216,Meera Kumar,5,4,3,543,12,Loyal Customers
1672,96,9,1319466.5365,Simran Verma,3,5,5,355,13,Loyal Customers
1673,549,5,351692.253,Priya Patel,1,2,1,121,4,Lost Customers
1674,94,7,638756.719,Vihaan Gill,4,4,3,443,11,Loyal Customers
1675,165,5,732915.596,Rohan Verma,2,2,3,223,7,Lost Customers
1676,18,8,1119131.14,Aditya Gill,5,4,5,545,14,Champions
1677,443,6,534021.285,Kabir Mehta,1,3,2,132,6,Potential Loyalists
1678,496,5,728195.5135,Kabir Mehta,1,2,3,123,6,Lost Customers
1679,49,8,916873.6645,Vihaan Kumar,4,4,4,444,12,Champions
1680,299,6,1180145.8205,Rahul Sharma,1,3,5,135,9,At Risk
1681,6,5,650304.5535,Vihaan Gupta,5,2,3,523,10,New Customers
1682,71,9,1213767.5915,Neha Malhotra,4,5,5,455,14,Champions
1683,140,5,616435.149,Neha Gill,3,2,3,323,8,Potential Loyalists
1684,145,8,924615.554,Neha Verma,3,4,4,344,11,Loyal Customers
1685,614,3,618751.1425,Arjun Gupta,1,1,3,113,5,Lost Customers
1686,173,4,678874.148,Meera Gill,2,1,3,213,6,Lost Customers
1687,3,7,820009.043,Kabir Patel,5,4,4,544,13,Champions
1688,57,7,745388.2100000001,Aarav Gill,4,4,3,443,11,Loyal Customers
1689,47,7,1261049.306,Aisha Patel,4,4,5,445,13,Champions
1690,45,9,965396.9454999999,Arjun Verma,4,5,4,454,13,Champions
1691,205,5,530410.497,Kabir Gupta,2,2,2,222,6,Lost Customers
1692,49,6,472906.80850000004,Ananya Gupta,4,3,2,432,9,Potential Loyalists
1693,900,5,709906.3095,Aditya Malhotra,1,2,3,123,6,Lost Customers
1694,130,5,668709.321,Priya Kumar,3,2,3,323,8,Potential Loyalists
1695,144,7,888090.85,Aisha Patel,3,4,4,344,11,Loyal Customers
1696,235,5,542292.365,Meera Sharma,2,2,2,222,6,Lost Customers
1697,84,10,986926.466,Ishita Kaur,4,5,4,454,13,Champions
1698,277,5,981002.251,Rahul Mehta,2,2,4,224,8,Lost Customers
1699,186,3,595397.3315,Simran Gupta,2,1,2,212,5,Lost Customers
1700,50,5,367500.472,Arjun Kaur,4,2,1,421,7,New Customers
1701,312,3,398148.982,Karan Kaur,1,1,1,111,3,Lost Customers
1702,519,3,261074.401,Neha Kaur,1,1,1,111,3,Lost Customers
1703,157,6,951617.6410000001,Rohan Gill,3,3,4,334,10,Potential Loyalists
1704,78,4,481862.56149999995,Rahul Kaur,4,1,2,412,7,New Customers
1705,220,8,874233.3345,Kabir Sharma,2,4,4,244,10,At Risk
1706,372,5,454404.224,Kabir Verma,1,2,2,122,5,Lost Customers
1707,663,6,743376.7170000001,Rahul Mehta,1,3,3,133,7,At Risk
1708,15,4,249851.87699999998,Priya Verma,5,1,1,511,7,New Customers
1709,313,7,655998.3894999999,Priya Mehta,1,4,3,143,8,At Risk
1710,288,4,495819.224,Arjun Singh,1,1,2,112,4,Lost Customers
1711,150,10,1008424.5325,Aarav Gill,3,5,4,354,12,Loyal Customers
1712,60,7,1047462.23,Rahul Mehta,4,4,5,445,13,Champions
1713,206,7,895812.1715,Arjun Patel,2,4,4,244,10,At Risk
1714,186,5,468161.239,Rahul Sharma,2,2,2,222,6,Lost Customers
1715,379,5,631427.595,Arjun Malhotra,1,2,3,123,6,Lost Customers
1716,141,9,1299651.1115,Ishita Gill,3,5,5,355,13,Loyal Customers
1717,68,7,1074377.072,Aisha Patel,4,4,5,445,13,Champions
1718,162,8,918741.6525,Priya Kaur,3,4,4,344,11,Loyal Customers
1719,187,6,669307.96,Arjun Singh,2,3,3,233,8,At Risk
1720,54,4,535351.5954999999,Rahul Sharma,4,1,2,412,7,New Customers
1721,281,5,657197.496,Priya Malhotra,2,2,3,223,7,Lost Customers
1722,143,5,647358.376,Meera Patel,3,2,3,323,8,Potential Loyalists
1723,50,7,756541.7295,Meera Singh,4,4,3,443,11,Loyal Customers
1724,341,4,582946.774,Kabir Gupta,1,1,2,112,4,Lost Customers
1725,564,3,406516.047,Ananya Patel,1,1,1,111,3,Lost Customers
1726,91,3,310512.9905,Arjun Malhotra,4,1,1,411,6,New Customers
1727,601,3,658036.0985,Rahul Mehta,1,1,3,113,5,Lost Customers
1728,529,4,413124.494,Simran Kumar,1,1,1,111,3,Lost Customers
1729,392,6,464346.9765,Meera Patel,1,3,2,132,6,Potential Loyalists
1730,91,7,563785.2765,Aisha Verma,4,4,2,442,10,Loyal Customers
1731,394,4,473633.64,Arjun Gupta,1,1,2,112,4,Lost Customers
1732,147,6,906420.879,Arjun Patel,3,3,4,334,10,Potential Loyalists
1733,21,8,1137853.1635,Kabir Kumar,5,4,5,545,14,Champions
1734,433,3,382075.307,Vihaan Verma,1,1,1,111,3,Lost Customers
1735,52,2,395698.67,Ananya Mehta,4,1,1,411,6,New Customers
1736,29,9,1445959.2135,Simran Gupta,5,5,5,555,15,Champions
1737,39,8,1061983.084,Aisha Verma,5,4,5,545,14,Champions
1738,122,7,870385.136,Karan Gill,3,4,4,344,11,Loyal Customers
1739,113,4,298987.5285,Priya Kaur,3,1,1,311,5,Potential Loyalists
1740,213,6,534358.997,Aarav Patel,2,3,2,232,7,Potential Loyalists
1741,487,3,747514.554,Meera Mehta,1,1,3,113,5,Lost Customers
1742,225,9,1279832.725,Simran Gupta,2,5,5,255,12,At Risk
1743,148,7,712940.4925,Aditya Singh,3,4,3,343,10,Loyal Customers
1744,121,8,1255832.896,Priya Singh,3,4,5,345,12,Loyal Customers
1745,87,3,213338.1505,Kabir Gill,4,1,1,411,6,New Customers
1746,207,2,144269.481,Aisha Sharma,2,1,1,211,4,Lost Customers
1747,353,5,469114.935,Karan Mehta,1,2,2,122,5,Lost Customers
1748,106,7,710884.4045,Neha Sharma,3,4,3,343,10,Loyal Customers
1749,711,4,463626.2135,Vihaan Malhotra,1,1,2,112,4,Lost Customers
1750,1052,1,91120.832,Priya Malhotra,1,1,1,111,3,Lost Customers
1751,277,6,1149325.6485000001,Ishita Kaur,2,3,5,235,10,At Risk
1752,214,7,460074.9585,Rahul Kaur,2,4,2,242,8,Potential Loyalists
1753,57,3,399310.699,Ishita Malhotra,4,1,1,411,6,New Customers
1754,157,8,974363.0125000001,Aditya Gupta,3,4,4,344,11,Loyal Customers
1755,255,6,532698.924,Vihaan Gupta,2,3,2,232,7,Potential Loyalists
1756,110,6,433800.11100000003,Aarav Patel,3,3,2,332,8,Potential Loyalists
1757,282,1,17713.696,Aditya Patel,2,1,1,211,4,Lost Customers
1758,199,5,745365.11,Rahul Patel,2,2,3,223,7,Lost Customers
1759,57,10,714061.6215,Vihaan Singh,4,5,3,453,12,Loyal Customers
1760,13,12,1315926.0535,Aarav Kaur,5,5,5,555,15,Champions
1761,64,9,1489707.8514999999,Rohan Gupta,4,5,5,455,14,Champions
1762,186,4,670605.9225,Arjun Mehta,2,1,3,213,6,Lost Customers
1763,50,9,640828.9354999999,Meera Verma,4,5,3,453,12,Loyal Customers
1764,131,8,571511.022,Vihaan Gupta,3,4,2,342,9,Loyal Customers
1765,47,2,297273.5685,Meera Patel,4,1,1,411,6,New Customers
1766,13,8,845812.4275,Priya Gupta,5,4,4,544,13,Champions
1767,134,7,1126023.0785,Aisha Kaur,3,4,5,345,12,Loyal Customers
1768,80,5,686915.629,Kabir Singh,4,2,3,423,9,New Customers
1769,343,6,922205.6145,Rohan Malhotra,1,3,4,134,8,At Risk
1770,43,5,478100.44999999995,Priya Patel,4,2,2,422,8,New Customers
1771,279,7,1257183.2425,Karan Gupta,2,4,5,245,11,At Risk
1772,271,2,234188.201,Vihaan Gill,2,1,1,211,4,Lost Customers
1773,80,8,648168.085,Vihaan Gupta,4,4,3,443,11,Loyal Customers
1774,182,8,964390.062,Vihaan Mehta,2,4,4,244,10,At Risk
1775,5,6,886345.3335,Vihaan Gill,5,3,4,534,12,Potential Loyalists
1776,67,3,694625.6235,Rahul Sharma,4,1,3,413,8,New Customers
1777,96,3,460462.036,Aarav Gill,3,1,2,312,6,Potential Loyalists
1778,173,9,957750.4295,Rahul Malhotra,2,5,4,254,11,At Risk
1779,280,8,565536.1375,Rohan Verma,2,4,2,242,8,Potential Loyalists
1780,170,4,416362.2695,Priya Sharma,2,1,1,211,4,Lost Customers
1781,301,3,497425.63300000003,Aditya Patel,1,1,2,112,4,Lost Customers
1782,38,4,460411.3545,Kabir Sharma,5,2,2,522,9,New Customers
1783,80,7,519293.60349999997,Aditya Mehta,4,4,2,442,10,Loyal Customers
1784,47,7,1029159.735,Kabir Gupta,4,4,5,445,13,Champions
1785,88,5,988301.2664999999,Arjun Singh,4,2,4,424,10,New Customers
1786,571,5,362200.0965,Rohan Patel,1,2,1,121,4,Lost Customers
1787,236,3,211570.2705,Vihaan Gupta,2,1,1,211,4,Lost Customers
1788,11,10,862848.5215,Neha Singh,5,5,4,554,14,Champions
1789,445,7,641509.1405,Aarav Gill,1,4,3,143,8,At Risk
1790,96,6,634624.8300000001,Arjun Malhotra,3,3,3,333,9,Potential Loyalists
1792,488,4,392939.239,Simran Gupta,1,2,1,121,4,Lost Customers
1793,61,8,907721.3725,Neha Verma,4,4,4,444,12,Champions
1794,30,6,756503.115,Kabir Gill,5,3,3,533,11,Potential Loyalists
1795,441,5,673958.196,Aarav Gill,1,2,3,123,6,Lost Customers
1796,22,6,726416.894,Karan Malhotra,5,3,3,533,11,Potential Loyalists
1797,447,4,392650.8415,Simran Verma,1,2,1,121,4,Lost Customers
1798,149,6,733483.928,Kabir Sharma,3,3,3,333,9,Potential Loyalists
1799,113,5,710872.8475,Neha Malhotra,3,2,3,323,8,Potential Loyalists
1800,444,2,306057.8865,Aditya Kumar,1,1,1,111,3,Lost Customers
1801,56,3,212224.783,Kabir Kumar,4,1,1,411,6,New Customers
1802,182,2,365510.485,Aarav Kaur,2,1,1,211,4,Lost Customers
1803,182,6,519680.3235,Priya Kumar,2,3,2,232,7,Potential Loyalists
1804,173,9,1492853.384,Priya Patel,2,5,5,255,12,At Risk
1805,188,5,704033.4095,Meera Kaur,2,2,3,223,7,Lost Customers
1806,13,8,947764.9235,Aarav Sharma,5,4,4,544,13,Champions
1807,116,3,605484.22,Aditya Sharma,3,1,3,313,7,Potential Loyalists
1808,55,13,1569374.081,Ishita Gill,4,5,5,455,14,Champions
1809,162,5,628575.3255,Aditya Kumar,3,2,3,323,8,Potential Loyalists
1810,523,3,544073.542,Meera Verma,1,1,2,112,4,Lost Customers
1811,251,1,82965.06450000001,Karan Kaur,2,1,1,211,4,Lost Customers
1812,49,5,715598.834,Ananya Mehta,4,2,3,423,9,New Customers
1813,45,10,1190657.778,Aditya Kaur,4,5,5,455,14,Champions
1814,327,2,415118.239,Arjun Kaur,1,1,1,111,3,Lost Customers
1815,473,4,507444.5765,Neha Verma,1,2,2,122,5,Lost Customers
1816,105,8,1144307.033,Meera Sharma,3,4,5,345,12,Loyal Customers
1817,68,5,561534.3905,Arjun Sharma,4,2,2,422,8,New Customers
1818,201,3,545273.096,Aditya Kaur,2,1,2,212,5,Lost Customers
1819,55,5,492734.622,Ishita Singh,4,2,2,422,8,New Customers
1820,8,5,1077276.237,Ishita Kaur,5,2,5,525,12,New Customers
1821,77,7,879494.1695000001,Vihaan Sharma,4,4,4,444,12,Champions
1822,30,6,624510.9654999999,Aarav Sharma,5,3,3,533,11,Potential Loyalists
1823,130,4,516151.9125,Simran Verma,3,2,2,322,7,Potential Loyalists
1824,23,5,555090.872,Vihaan Verma,5,2,2,522,9,New Customers
1825,246,5,706150.012,Vihaan Verma,2,2,3,223,7,Lost Customers
1826,9,4,732795.5630000001,Vihaan Singh,5,2,3,523,10,New Customers
1827,37,5,558254.907,Arjun Patel,5,2,2,522,9,New Customers
1828,57,8,588352.5415,Kabir Verma,4,4,2,442,10,Loyal Customers
1829,53,3,297880.94049999997,Kabir Gupta,4,1,1,411,6,New Customers
1830,305,3,362398.1835,Neha Mehta,1,1,1,111,3,Lost Customers
1831,40,10,1443803.508,Ishita Kaur,5,5,5,555,15,Champions
1832,15,7,1080908.7385,Karan Mehta,5,4,5,545,14,Champions
1833,185,7,942469.2245,Meera Gupta,2,4,4,244,10,At Risk
1834,233,5,937772.464,Kabir Verma,2,2,4,224,8,Lost Customers
1835,34,6,942035.4565,Karan Verma,5,3,4,534,12,Potential Loyalists
1836,19,7,750214.858,Rahul Malhotra,5,4,3,543,12,Loyal Customers
1837,482,3,406270.18,Simran Malhotra,1,1,1,111,3,Lost Customers
1838,201,3,85052.951,Simran Gill,2,1,1,211,4,Lost Customers
1839,69,9,975445.505,Rohan Sharma,4,5,4,454,13,Champions
1840,429,5,610343.3085,Kabir Singh,1,2,3,123,6,Lost Customers
1841,362,2,277635.676,Aditya Mehta,1,1,1,111,3,Lost Customers
1842,185,4,597614.2275,Vihaan Kumar,2,2,2,222,6,Lost Customers
1843,13,5,715895.7825,Meera Kaur,5,2,3,523,10,New Customers
1844,99,4,525986.098,Rohan Sharma,3,2,2,322,7,Potential Loyalists
1845,411,5,513576.42199999996,Karan Gill,1,2,2,122,5,Lost Customers
1846,66,7,1025797.9130000001,Kabir Singh,4,4,5,445,13,Champions
1847,37,3,372499.705,Kabir Kaur,5,1,1,511,7,New Customers
1848,36,2,396810.632,Karan Verma,5,1,1,511,7,New Customers
1849,397,7,702034.357,Arjun Kaur,1,4,3,143,8,At Risk
1850,184,2,290305.652,Simran Kaur,2,1,1,211,4,Lost Customers
1851,39,8,890297.4445,Simran Gupta,5,4,4,544,13,Champions
1852,86,11,1382671.0855,Neha Kaur,4,5,5,455,14,Champions
1853,81,6,731745.9434999999,Kabir Kumar,4,3,3,433,10,Potential Loyalists
1854,88,10,1117630.5165000001,Rahul Kaur,4,5,5,455,14,Champions
1855,320,6,1024072.2609999999,Rohan Verma,1,3,5,135,9,At Risk
1856,168,5,379577.578,Priya Verma,2,2,1,221,5,Lost Customers
1857,218,6,587952.3195,Arjun Patel,2,3,2,232,7,Potential Loyalists
1858,247,8,677584.0535,Kabir Malhotra,2,4,3,243,9,At Risk
1859,30,9,1118797.2775,Aisha Gupta,5,5,5,555,15,Champions
1860,16,11,1049472.409,Vihaan Gupta,5,5,5,555,15,Champions
1861,279,3,307935.65449999995,Ananya Mehta,2,1,1,211,4,Lost Customers
1862,7,9,1472369.676,Aditya Sharma,5,5,5,555,15,Champions
1863,10,9,1150882.276,Rohan Verma,5,5,5,555,15,Champions
1864,81,5,1234212.8725,Rahul Malhotra,4,2,5,425,11,New Customers
1865,66,11,1001960.2235,Ananya Verma,4,5,4,454,13,Champions
1866,23,13,1933665.9165,Kabir Kaur,5,5,5,555,15,Champions
1867,129,3,301849.7965,Neha Kumar,3,1,1,311,5,Potential Loyalists
1868,249,3,426219.32649999997,Karan Kaur,2,1,2,212,5,Lost Customers
1869,420,6,1022005.4705,Aarav Verma,1,3,5,135,9,At Risk
1870,81,6,805400.2165,Kabir Gill,4,3,4,434,11,Potential Loyalists
1871,157,7,884995.8,Aisha Gupta,3,4,4,344,11,Loyal Customers
1872,52,10,1176803.5995,Rohan Kaur,4,5,5,455,14,Champions
1873,457,4,395956.3725,Ananya Patel,1,2,1,121,4,Lost Customers
1874,162,4,250526.6155,Meera Mehta,3,2,1,321,6,Potential Loyalists
1875,7,6,673371.845,Priya Kaur,5,3,3,533,11,Potential Loyalists
1876,246,4,572593.9305,Rohan Gupta,2,2,2,222,6,Lost Customers
1877,161,7,1047864.343,Karan Patel,3,4,5,345,12,Loyal Customers
1878,45,6,770104.965,Simran Mehta,4,3,3,433,10,Potential Loyalists
1879,115,7,926324.7810000001,Meera Kumar,3,4,4,344,11,Loyal Customers
1880,170,6,731957.921,Rahul Kaur,2,3,3,233,8,At Risk
1881,25,3,41492.031,Ishita Mehta,5,1,1,511,7,New Customers
1882,238,8,782115.487,Priya Malhotra,2,4,3,243,9,At Risk
1883,186,5,1158335.264,Meera Singh,2,2,5,225,9,Lost Customers
1884,119,6,945298.991,Rohan Singh,3,3,4,334,10,Potential Loyalists
1885,231,6,846400.0105,Vihaan Mehta,2,3,4,234,9,At Risk
1886,16,15,1635769.4075,Simran Kaur,5,5,5,555,15,Champions
1887,197,8,833151.336,Ananya Sharma,2,4,4,244,10,At Risk
1888,416,2,50388.6275,Karan Kumar,1,1,1,111,3,Lost Customers
1889,24,4,624923.4955,Aditya Gupta,5,2,3,523,10,New Customers
1890,111,6,695251.955,Aditya Verma,3,3,3,333,9,Potential Loyalists
1891,284,5,827624.897,Simran Kumar,2,2,4,224,8,Lost Customers
1892,654,1,102231.06199999999,Neha Verma,1,1,1,111,3,Lost Customers
1893,166,11,1497051.598,Rohan Verma,2,5,5,255,12,At Risk
1894,303,5,711836.2779999999,Meera Verma,1,2,3,123,6,Lost Customers
1895,19,6,992876.593,Ishita Sharma,5,3,4,534,12,Potential Loyalists
1896,51,4,290850.892,Rohan Patel,4,2,1,421,7,New Customers
1897,160,7,758729.5315,Karan Patel,3,4,3,343,10,Loyal Customers
1898,119,8,1187985.3165,Simran Sharma,3,4,5,345,12,Loyal Customers
1899,22,7,711336.858,Aarav Kumar,5,4,3,543,12,Loyal Customers
1900,143,6,725842.9385,Ananya Verma,3,3,3,333,9,Potential Loyalists
1901,169,5,673718.3505000001,Priya Gill,2,2,3,223,7,Lost Customers
1902,87,5,925916.6699999999,Aditya Gupta,4,2,4,424,10,New Customers
1903,157,7,947202.2960000001,Rahul Verma,3,4,4,344,11,Loyal Customers
1904,36,4,776812.993,Simran Patel,5,2,3,523,10,New Customers
1905,16,7,785282.242,Rohan Kaur,5,4,4,544,13,Champions
1906,278,5,559999.5795,Aditya Verma,2,2,2,222,6,Lost Customers
1907,195,9,931331.088,Arjun Singh,2,5,4,254,11,At Risk
1908,137,5,483590.182,Arjun Mehta,3,2,2,322,7,Potential Loyalists
1909,21,7,726186.0965,Priya Gupta,5,4,3,543,12,Loyal Customers
1910,250,5,879125.107,Simran Verma,2,2,4,224,8,Lost Customers
1911,147,3,736506.1725,Rohan Mehta,3,1,3,313,7,Potential Loyalists
1912,197,7,990724.917,Rohan Kumar,2,4,4,244,10,At Risk
1913,325,3,197183.395,Ishita Verma,1,1,1,111,3,Lost Customers
1914,163,9,971750.103,Aarav Sharma,3,5,4,354,12,Loyal Customers
1915,23,9,919270.5954999999,Rohan Kaur,5,5,4,554,14,Champions
1916,286,8,896527.94,Vihaan Gill,2,4,4,244,10,At Risk
1917,139,4,660512.0355,Kabir Verma,3,2,3,323,8,Potential Loyalists
1918,205,6,848692.2225,Rahul Kumar,2,3,4,234,9,At Risk
1919,7,10,899431.6984999999,Priya Gill,5,5,4,554,14,Champions
1920,178,9,889143.4295000001,Rohan Kumar,2,5,4,254,11,At Risk
1921,8,4,150659.4435,Aarav Gill,5,2,1,521,8,New Customers
1922,363,6,1118732.743,Ananya Verma,1,3,5,135,9,At Risk
1923,207,6,1220939.7125,Priya Patel,2,3,5,235,10,At Risk
1924,219,6,608585.4795,Vihaan Malhotra,2,3,3,233,8,At Risk
1925,25,10,1210418.949,Priya Sharma,5,5,5,555,15,Champions
1926,2,7,648074.3740000001,Priya Gill,5,4,3,543,12,Loyal Customers
1927,21,10,1173394.4805,Arjun Kaur,5,5,5,555,15,Champions
1928,614,3,513185.43200000003,Arjun Mehta,1,1,2,112,4,Lost Customers
1929,339,2,179794.595,Karan Sharma,1,1,1,111,3,Lost Customers
1930,174,8,984339.995,Vihaan Verma,2,4,4,244,10,At Risk
1931,113,7,1138572.4465,Kabir Gupta,3,4,5,345,12,Loyal Customers
1932,232,6,682761.814,Arjun Patel,2,3,3,233,8,At Risk
1933,164,7,718970.911,Kabir Malhotra,3,4,3,343,10,Loyal Customers
1934,195,5,274409.972,Simran Sharma,2,2,1,221,5,Lost Customers
1935,83,11,1191328.101,Neha Kumar,4,5,5,455,14,Champions
1936,73,5,224403.19799999997,Arjun Kaur,4,2,1,421,7,New Customers
1937,195,5,480101.4975,Arjun Patel,2,2,2,222,6,Lost Customers
1938,16,9,873144.284,Simran Verma,5,5,4,554,14,Champions
1939,26,5,373731.281,Priya Gupta,5,2,1,521,8,New Customers
1940,224,7,882214.7729999999,Kabir Kumar,2,4,4,244,10,At Risk
1941,246,10,1035652.791,Ananya Gupta,2,5,5,255,12,At Risk
1942,46,3,454203.14499999996,Rahul Kumar,4,1,2,412,7,New Customers
1943,45,11,1014208.436,Kabir Sharma,4,5,5,455,14,Champions
1944,304,6,672961.6405,Ananya Malhotra,1,3,3,133,7,At Risk
1945,86,7,675674.5175000001,Kabir Patel,4,4,3,443,11,Loyal Customers
1946,768,3,204373.5315,Arjun Kumar,1,1,1,111,3,Lost Customers
1947,225,11,1516618.088,Arjun Sharma,2,5,5,255,12,At Risk
1948,147,6,507177.092,Vihaan Mehta,3,3,2,332,8,Potential Loyalists
1949,121,7,585133.469,Rahul Gupta,3,4,2,342,9,Loyal Customers
1950,101,10,1469159.8314999999,Simran Gupta,3,5,5,355,13,Loyal Customers
1951,85,4,469321.3815,Rohan Patel,4,2,2,422,8,New Customers
1952,507,9,1163319.006,Karan Sharma,1,5,5,155,11,At Risk
1953,7,4,793413.705,Karan Kaur,5,2,4,524,11,New Customers
1954,192,8,1077875.954,Ananya Sharma,2,4,5,245,11,At Risk
1955,14,10,1328440.8735,Neha Mehta,5,5,5,555,15,Champions
1956,198,8,538747.8420000001,Neha Malhotra,2,4,2,242,8,Potential Loyalists
1957,424,3,345813.34949999995,Karan Singh,1,1,1,111,3,Lost Customers
1958,158,7,789117.4015,Rohan Patel,3,4,4,344,11,Loyal Customers
1959,327,9,659807.7955,Karan Gill,1,5,3,153,9,At Risk
1960,110,8,777131.57,Karan Singh,3,4,3,343,10,Loyal Customers
1961,64,6,462630.936,Vihaan Sharma,4,3,2,432,9,Potential Loyalists
1962,71,7,872388.8755,Ishita Verma,4,4,4,444,12,Champions
1963,38,8,1074083.0984999998,Meera Patel,5,4,5,545,14,Champions
1964,139,5,478537.74199999997,Neha Sharma,3,2,2,322,7,Potential Loyalists
1965,286,6,943772.35,Aditya Patel,2,3,4,234,9,At Risk
1966,446,6,600125.657,Ananya Mehta,1,3,2,132,6,Potential Loyalists
1967,291,2,381625.897,Aisha Gill,1,1,1,111,3,Lost Customers
1968,293,6,657602.038,Simran Malhotra,1,3,3,133,7,At Risk
1969,68,11,1714855.4425,Aditya Patel,4,5,5,455,14,Champions
1970,40,6,942642.361,Aisha Gupta,5,3,4,534,12,Potential Loyalists
1971,130,8,666777.155,Priya Kumar,3,4,3,343,10,Loyal Customers
1972,229,6,643702.9675,Vihaan Sharma,2,3,3,233,8,At Risk
1973,211,6,662303.177,Karan Singh,2,3,3,233,8,At Risk
1974,231,5,635978.2289999999,Aisha Gupta,2,2,3,223,7,Lost Customers
1975,191,6,564871.7085000001,Neha Kaur,2,3,2,232,7,Potential Loyalists
1976,101,5,705889.873,Ishita Gill,3,2,3,323,8,Potential Loyalists
1977,63,9,689008.8155,Aditya Verma,4,5,3,453,12,Loyal Customers
1978,23,8,1153716.699,Kabir Mehta,5,4,5,545,14,Champions
1979,18,5,522040.5265,Aarav Mehta,5,2,2,522,9,New Customers
1980,14,5,789614.274,Priya Malhotra,5,2,4,524,11,New Customers
1981,21,7,1004187.4959999999,Neha Malhotra,5,4,4,544,13,Champions
1982,11,8,1123916.6955,Kabir Verma,5,4,5,545,14,Champions
1983,39,9,1539919.5495,Karan Gupta,5,5,5,555,15,Champions
1984,186,4,728332.5560000001,Meera Verma,2,2,3,223,7,Lost Customers
1985,100,7,548091.2145,Kabir Gill,3,4,2,342,9,Loyal Customers
1986,406,5,447934.1715,Simran Verma,1,2,2,122,5,Lost Customers
1987,117,7,627944.2325,Arjun Kumar,3,4,3,343,10,Loyal Customers
1988,124,5,703527.886,Vihaan Singh,3,2,3,323,8,Potential Loyalists
1989,65,4,448045.9255,Rahul Verma,4,2,2,422,8,New Customers
1990,54,10,1453540.8190000001,Vihaan Kaur,4,5,5,455,14,Champions
1991,38,5,666213.0109999999,Meera Sharma,5,2,3,523,10,New Customers
1992,349,5,647812.81,Meera Gupta,1,2,3,123,6,Lost Customers
1993,252,6,908393.3225,Kabir Kaur,2,3,4,234,9,At Risk
1994,104,10,1655378.8735,Priya Mehta,3,5,5,355,13,Loyal Customers
1995,26,6,656497.529,Aditya Singh,5,3,3,533,11,Potential Loyalists
1996,607,2,265941.89650000003,Karan Gill,1,1,1,111,3,Lost Customers
1997,922,1,163840.88,Arjun Sharma,1,1,1,111,3,Lost Customers
1998,205,8,1135472.5304999999,Simran Malhotra,2,4,5,245,11,At Risk
1999,187,6,1045063.695,Aditya Patel,2,3,5,235,10,At Risk
2000,206,5,457375.237,Priya Mehta,2,2,2,222,6,Lost Customers
2001,403,7,798365.1025,Ishita Patel,1,4,4,144,9,At Risk
2002,81,5,615360.051,Arjun Gupta,4,2,3,423,9,New Customers
2003,59,8,768770.4384999999,Priya Kaur,4,4,3,443,11,Loyal Customers
2004,209,5,900462.194,Ananya Verma,2,2,4,224,8,Lost Customers
2005,71,11,1718317.7449999999,Neha Verma,4,5,5,455,14,Champions
2006,0,10,1751420.5915,Neha Malhotra,5,5,5,555,15,Champions
2007,47,5,979802.575,Rahul Gill,4,2,4,424,10,New Customers
2008,68,5,665626.7365,Aarav Gill,4,2,3,423,9,New Customers
2009,452,4,423916.17949999997,Aisha Mehta,1,2,1,121,4,Lost Customers
2010,182,6,602342.667,Karan Kaur,2,3,2,232,7,Potential Loyalists
2011,24,9,1098672.017,Ananya Malhotra,5,5,5,555,15,Champions
2012,159,6,745406.2215,Arjun Gupta,3,3,3,333,9,Potential Loyalists
2013,325,7,589873.7025,Aditya Gill,1,4,2,142,7,Potential Loyalists
2014,34,8,1000544.9484999999,Aarav Verma,5,4,4,544,13,Champions
2015,74,6,843555.111,Aditya Kaur,4,3,4,434,11,Potential Loyalists
2016,108,8,675351.73,Arjun Gupta,3,4,3,343,10,Loyal Customers
2017,427,1,241582.64899999998,Ananya Singh,1,1,1,111,3,Lost Customers
2018,517,3,129495.474,Neha Patel,1,1,1,111,3,Lost Customers
2019,7,6,933464.0804999999,Rahul Singh,5,3,4,534,12,Potential Loyalists
2020,104,3,239284.5785,Kabir Gill,3,1,1,311,5,Potential Loyalists
2021,45,6,737575.924,Priya Kumar,4,3,3,433,10,Potential Loyalists
2022,85,4,409147.995,Aditya Gupta,4,2,1,421,7,New Customers
2023,183,9,816980.644,Simran Kaur,2,5,4,254,11,At Risk
2024,74,10,1364078.661,Simran Mehta,4,5,5,455,14,Champions
2025,181,6,712952.411,Rohan Verma,2,3,3,233,8,At Risk
2026,51,4,551704.8605,Aarav Malhotra,4,2,2,422,8,New Customers
2027,176,5,349589.25049999997,Ananya Gupta,2,2,1,221,5,Lost Customers
2028,174,4,439684.8885,Kabir Gill,2,2,2,222,6,Lost Customers
2029,86,7,965553.3815,Rahul Sharma,4,4,4,444,12,Champions
2030,123,6,687860.888,Arjun Sharma,3,3,3,333,9,Potential Loyalists
2031,677,2,545980.393,Ananya Singh,1,1,2,112,4,Lost Customers
2032,119,8,1171172.7115,Ishita Sharma,3,4,5,345,12,Loyal Customers
2033,49,10,1424613.945,Meera Kumar,4,5,5,455,14,Champions
2034,382,2,339135.517,Vihaan Kaur,1,1,1,111,3,Lost Customers
2035,84,6,906682.1435,Aisha Mehta,4,3,4,434,11,Potential Loyalists
2036,235,9,1229844.883,Kabir Gill,2,5,5,255,12,At Risk
2037,465,3,654831.103,Vihaan Singh,1,1,3,113,5,Lost Customers
2038,445,8,893937.7860000001,Rahul Sharma,1,4,4,144,9,At Risk
2039,104,6,1065901.345,Kabir Kumar,3,3,5,335,11,Potential Loyalists
2040,588,3,223458.41000000003,Rahul Kaur,1,1,1,111,3,Lost Customers
2041,72,8,1192817.2035,Kabir Malhotra,4,4,5,445,13,Champions
2042,343,7,978733.447,Aditya Singh,1,4,4,144,9,At Risk
2043,79,6,619449.093,Rahul Singh,4,3,3,433,10,Potential Loyalists
2044,96,7,735676.0005,Aarav Gupta,3,4,3,343,10,Loyal Customers
2045,71,7,1078396.366,Aarav Gill,4,4,5,445,13,Champions
2046,185,9,1281507.4695000001,Aarav Patel,2,5,5,255,12,At Risk
2047,19,4,579743.264,Aarav Kaur,5,2,2,522,9,New Customers
2048,433,3,267702.022,Rohan Malhotra,1,1,1,111,3,Lost Customers
2049,162,9,768162.568,Priya Kaur,3,5,3,353,11,Loyal Customers
2050,400,5,371286.9365,Karan Kaur,1,2,1,121,4,Lost Customers
2051,14,9,1047986.1495,Arjun Mehta,5,5,5,555,15,Champions
2052,299,3,307612.967,Ananya Malhotra,1,1,1,111,3,Lost Customers
2053,357,6,707910.9595,Ananya Gill,1,3,3,133,7,At Risk
2054,446,9,910292.364,Ishita Kaur,1,5,4,154,10,At Risk
2055,174,7,563878.973,Neha Mehta,2,4,2,242,8,Potential Loyalists
2056,87,6,785096.193,Neha Kaur,4,3,4,434,11,Potential Loyalists
2057,146,6,865330.0895,Ananya Gupta,3,3,4,334,10,Potential Loyalists
2058,60,7,699593.7215,Aisha Patel,4,4,3,443,11,Loyal Customers
2059,92,4,647848.534,Meera Mehta,4,2,3,423,9,New Customers
2060,267,4,568101.9255,Vihaan Gupta,2,2,2,222,6,Lost Customers
2061,7,11,982429.475,Vihaan Kaur,5,5,4,554,14,Champions
2062,44,3,438881.13200000004,Ananya Sharma,4,1,2,412,7,New Customers
2063,26,5,597824.0800000001,Neha Sharma,5,2,2,522,9,New Customers
2064,133,5,635839.469,Rohan Kaur,3,2,3,323,8,Potential Loyalists
2065,33,9,1448669.494,Simran Patel,5,5,5,555,15,Champions
2066,89,5,831471.092,Aisha Singh,4,2,4,424,10,New Customers
2067,336,3,417724.368,Ananya Singh,1,1,1,111,3,Lost Customers
2068,109,5,499299.0545,Arjun Mehta,3,2,2,322,7,Potential Loyalists
2069,80,6,959477.0975,Aarav Kumar,4,3,4,434,11,Potential Loyalists
2070,273,9,1227106.132,Arjun Kaur,2,5,5,255,12,At Risk
2071,0,4,757732.572,Ishita Malhotra,5,2,3,523,10,New Customers
2072,136,5,734941.483,Simran Singh,3,2,3,323,8,Potential Loyalists
2073,330,4,501066.5615,Rohan Verma,1,2,2,122,5,Lost Customers
2074,396,6,427677.30850000004,Kabir Kumar,1,3,2,132,6,Potential Loyalists
2075,221,7,775265.61,Karan Singh,2,4,3,243,9,At Risk
2076,49,3,364299.696,Ananya Gill,4,1,1,411,6,New Customers
2077,236,5,488143.5955,Aditya Sharma,2,2,2,222,6,Lost Customers
2078,69,6,551091.7255000001,Priya Patel,4,3,2,432,9,Potential Loyalists
2079,624,2,336437.489,Aarav Sharma,1,1,1,111,3,Lost Customers
2080,135,8,921998.2595,Priya Sharma,3,4,4,344,11,Loyal Customers
2081,52,5,550362.2995,Meera Kaur,4,2,2,422,8,New Customers
2082,31,9,1223319.1745,Arjun Mehta,5,5,5,555,15,Champions
2083,67,5,912956.047,Vihaan Patel,4,2,4,424,10,New Customers
2084,53,7,760783.4585,Arjun Gill,4,4,3,443,11,Loyal Customers
2085,264,6,519840.978,Aisha Sharma,2,3,2,232,7,Potential Loyalists
2086,169,10,842151.7735,Kabir Mehta,2,5,4,254,11,At Risk
2087,115,9,1338778.2215,Rohan Gill,3,5,5,355,13,Loyal Customers
2088,109,10,1491716.0255,Karan Singh,3,5,5,355,13,Loyal Customers
2089,13,5,870679.22,Karan Patel,5,2,4,524,11,New Customers
2090,243,5,693059.076,Aisha Malhotra,2,2,3,223,7,Lost Customers
2091,340,6,527477.53,Rohan Malhotra,1,3,2,132,6,Potential Loyalists
2092,206,8,700168.4135,Meera Gill,2,4,3,243,9,At Risk
2093,490,5,705106.7935,Neha Kaur,1,2,3,123,6,Lost Customers
2094,1,5,830764.475,Arjun Patel,5,2,4,524,11,New Customers
2095,235,7,1336788.97,Priya Mehta,2,4,5,245,11,At Risk
2096,23,9,647196.152,Aditya Gupta,5,5,3,553,13,Loyal Customers
2097,197,6,743380.182,Aditya Gill,2,3,3,233,8,At Risk
2098,140,6,491857.62,Rahul Mehta,3,3,2,332,8,Potential Loyalists
2099,148,4,688939.533,Kabir Verma,3,2,3,323,8,Potential Loyalists
2100,157,6,276782.685,Simran Patel,3,3,1,331,7,Potential Loyalists
2101,28,7,1146324.7005,Aisha Gill,5,4,5,545,14,Champions
2102,139,8,1509559.5885,Ishita Verma,3,4,5,345,12,Loyal Customers
2103,224,4,593042.605,Meera Gupta,2,2,2,222,6,Lost Customers
2104,183,6,470587.578,Kabir Verma,2,3,2,232,7,Potential Loyalists
2105,166,5,425804.626,Neha Sharma,2,2,2,222,6,Lost Customers
2106,21,9,798925.7869999999,Vihaan Malhotra,5,5,4,554,14,Champions
2107,410,5,494261.403,Aarav Gill,1,2,2,122,5,Lost Customers
2108,151,9,911785.034,Aisha Gill,3,5,4,354,12,Loyal Customers
2109,15,8,828288.8165,Ishita Gupta,5,4,4,544,13,Champions
2110,14,7,572346.7719999999,Karan Sharma,5,4,2,542,11,Loyal Customers
2111,3,6,579235.619,Priya Malhotra,5,3,2,532,10,Potential Loyalists
2112,574,4,622721.3255,Aditya Gill,1,2,3,123,6,Lost Customers
2113,34,7,697927.3435,Aditya Gupta,5,4,3,543,12,Loyal Customers
2114,419,5,585868.4345,Priya Kaur,1,2,2,122,5,Lost Customers
2115,220,5,648392.0235,Arjun Sharma,2,2,3,223,7,Lost Customers
2116,40,7,869834.8995,Ananya Patel,5,4,4,544,13,Champions
2117,516,8,938206.1555,Meera Gupta,1,4,4,144,9,At Risk
2118,109,6,716641.8425,Ananya Kumar,3,3,3,333,9,Potential Loyalists
2119,89,2,160824.68,Arjun Malhotra,4,1,1,411,6,New Customers
2120,92,9,1062974.425,Ananya Patel,4,5,5,455,14,Champions
2121,451,4,470410.19149999996,Kabir Sharma,1,2,2,122,5,Lost Customers
2122,91,4,488263.429,Rahul Patel,4,2,2,422,8,New Customers
2123,60,9,866108.369,Kabir Patel,4,5,4,454,13,Champions
2124,24,6,896151.019,Arjun Gill,5,3,4,534,12,Potential Loyalists
2125,525,4,398578.961,Vihaan Verma,1,2,1,121,4,Lost Customers
2126,129,10,1147758.698,Aisha Singh,3,5,5,355,13,Loyal Customers
2127,212,3,459020.5145,Simran Singh,2,1,2,212,5,Lost Customers
2128,108,5,352757.0885,Rohan Gupta,3,2,1,321,6,Potential Loyalists
2129,67,4,533893.7385,Rohan Kumar,4,2,2,422,8,New Customers
2130,147,6,699649.163,Meera Singh,3,3,3,333,9,Potential Loyalists
2131,193,3,491651.45950000006,Arjun Patel,2,1,2,212,5,Lost Customers
2132,202,3,340125.25000000006,Karan Verma,2,1,1,211,4,Lost Customers
2133,553,5,798910.7715,Aisha Verma,1,2,4,124,7,Lost Customers
2134,402,3,237753.82799999998,Rohan Patel,1,1,1,111,3,Lost Customers
2135,145,8,900531.2875000001,Simran Kaur,3,4,4,344,11,Loyal Customers
2136,16,4,808469.3940000001,Neha Mehta,5,2,4,524,11,New Customers
2137,68,7,795186.367,Aditya Malhotra,4,4,4,444,12,Champions
2138,51,4,647501.416,Ishita Sharma,4,2,3,423,9,New Customers
2139,115,5,614929.6955,Kabir Malhotra,3,2,3,323,8,Potential Loyalists
2140,35,5,625963.0865,Rahul Malhotra,5,2,3,523,10,New Customers
2141,265,5,508518.92199999996,Rohan Patel,2,2,2,222,6,Lost Customers
2142,13,3,356799.30850000004,Meera Patel,5,1,1,511,7,New Customers
2143,454,3,161392.488,Aditya Mehta,1,1,1,111,3,Lost Customers
2144,284,2,222626.007,Kabir Sharma,2,1,1,211,4,Lost Customers
2145,68,7,838224.9654999999,Rohan Mehta,4,4,4,444,12,Champions
2146,365,5,536048.095,Aisha Singh,1,2,2,122,5,Lost Customers
2147,185,2,81496.866,Aarav Gill,2,1,1,211,4,Lost Customers
2148,2,7,1014685.3875,Rohan Kaur,5,4,5,545,14,Champions
2149,244,6,569689.1565,Simran Gupta,2,3,2,232,7,Potential Loyalists
2150,205,11,864229.9535000001,Kabir Singh,2,5,4,254,11,At Risk
2151,216,3,661152.796,Vihaan Kaur,2,1,3,213,6,Lost Customers
2152,340,5,618931.3254999999,Neha Kumar,1,2,3,123,6,Lost Customers
2153,9,7,1130271.4265,Simran Malhotra,5,4,5,545,14,Champions
2154,156,7,792159.525,Neha Malhotra,3,4,4,344,11,Loyal Customers
2155,0,5,955658.0305,Rohan Kumar,5,2,4,524,11,New Customers
2156,79,3,396862.173,Simran Kaur,4,1,1,411,6,New Customers
2157,7,6,893116.4505,Karan Verma,5,3,4,534,12,Potential Loyalists
2158,195,9,1047129.827,Aditya Singh,2,5,5,255,12,At Risk
2159,115,7,755276.365,Rohan Kaur,3,4,3,343,10,Loyal Customers
2160,250,9,1200990.8045,Meera Patel,2,5,5,255,12,At Risk
2161,148,6,1172318.7025000001,Vihaan Malhotra,3,3,5,335,11,Potential Loyalists
2162,141,7,769519.1225,Kabir Gill,3,4,3,343,10,Loyal Customers
2163,59,8,815023.1745,Karan Kaur,4,4,4,444,12,Champions
2164,45,8,1424955.7650000001,Kabir Kumar,4,4,5,445,13,Champions
2165,126,11,1614629.0425,Rahul Singh,3,5,5,355,13,Loyal Customers
2166,836,2,245369.439,Meera Kaur,1,1,1,111,3,Lost Customers
2167,16,6,685221.7995,Priya Gill,5,3,3,533,11,Potential Loyalists
2168,126,8,750490.745,Simran Kaur,3,4,3,343,10,Loyal Customers
2169,627,4,299484.846,Karan Verma,1,2,1,121,4,Lost Customers
2170,326,5,661104.1440000001,Arjun Kumar,1,2,3,123,6,Lost Customers
2171,287,10,1131784.851,Rohan Kumar,1,5,5,155,11,At Risk
2172,5,7,791987.5775,Rohan Singh,5,4,4,544,13,Champions
2173,818,3,694036.6089999999,Aisha Mehta,1,1,3,113,5,Lost Customers
2174,249,5,923169.4495,Aarav Gupta,2,2,4,224,8,Lost Customers
2175,153,4,419664.27150000003,Aarav Malhotra,3,2,1,321,6,Potential Loyalists
2176,199,5,520833.98600000003,Rahul Mehta,2,2,2,222,6,Lost Customers
2178,12,7,1055873.98,Karan Verma,5,4,5,545,14,Champions
2179,100,3,527506.51,Aisha Singh,3,1,2,312,6,Potential Loyalists
2180,36,6,671961.722,Meera Sharma,5,3,3,533,11,Potential Loyalists
2181,78,3,387261.447,Aisha Malhotra,4,1,1,411,6,New Customers
2182,199,9,1286956.367,Rohan Malhotra,2,5,5,255,12,At Risk
2183,121,4,425069.43549999996,Ishita Kumar,3,2,1,321,6,Potential Loyalists
2184,33,9,575679.4905,Rahul Kumar,5,5,2,552,12,Loyal Customers
2185,233,7,940517.875,Aisha Malhotra,2,4,4,244,10,At Risk
2186,31,8,1038212.3545,Aarav Kaur,5,4,5,545,14,Champions
2187,266,9,1460109.8795,Priya Kumar,2,5,5,255,12,At Risk
2188,349,4,605955.0365,Priya Verma,1,2,3,123,6,Lost Customers
2189,23,3,340020.43299999996,Arjun Singh,5,1,1,511,7,New Customers
2190,489,3,347330.368,Arjun Gill,1,1,1,111,3,Lost Customers
2191,70,6,816373.2285,Aisha Patel,4,3,4,434,11,Potential Loyalists
2192,649,5,722709.9615,Aditya Mehta,1,2,3,123,6,Lost Customers
2193,105,6,829405.0765,Rahul Gupta,3,3,4,334,10,Potential Loyalists
2194,14,6,628297.229,Simran Gupta,5,3,3,533,11,Potential Loyalists
2195,13,6,748174.9890000001,Rahul Sharma,5,3,3,533,11,Potential Loyalists
2196,85,7,1138806.4975,Aisha Malhotra,4,4,5,445,13,Champions
2197,178,5,419430.6075,Rahul Kumar,2,2,1,221,5,Lost Customers
2198,18,5,548239.049,Priya Gupta,5,2,2,522,9,New Customers
2199,152,8,778060.385,Simran Kaur,3,4,3,343,10,Loyal Customers
2200,69,6,511771.63,Arjun Kaur,4,3,2,432,9,Potential Loyalists
2201,583,4,563433.0495,Aarav Mehta,1,2,2,122,5,Lost Customers
2202,0,5,686125.7155,Ishita Kaur,5,2,3,523,10,New Customers
2203,58,3,451983.2905,Ishita Sharma,4,1,2,412,7,New Customers
2204,50,7,1054240.187,Simran Mehta,4,4,5,445,13,Champions
2205,104,7,488817.4835,Karan Mehta,3,4,2,342,9,Loyal Customers
2206,14,7,1048267.5535,Rahul Kaur,5,4,5,545,14,Champions
2207,50,5,725368.379,Kabir Kumar,4,2,3,423,9,New Customers
2208,83,6,900022.355,Karan Kaur,4,3,4,434,11,Potential Loyalists
2209,274,4,321137.205,Rahul Sharma,2,2,1,221,5,Lost Customers
2210,107,6,1030599.745,Meera Gupta,3,3,5,335,11,Potential Loyalists
2211,262,7,496137.239,Kabir Gupta,2,4,2,242,8,Potential Loyalists
2212,222,5,742993.8405,Karan Mehta,2,2,3,223,7,Lost Customers
2213,155,4,409959.8915,Simran Mehta,3,2,1,321,6,Potential Loyalists
2214,2,6,558719.802,Kabir Mehta,5,3,2,532,10,Potential Loyalists
2215,230,9,975475.931,Vihaan Singh,2,5,4,254,11,At Risk
2216,497,4,579173.899,Ananya Mehta,1,2,2,122,5,Lost Customers
2217,686,2,372129.6555,Rohan Sharma,1,1,1,111,3,Lost Customers
2218,416,5,859001.6875,Ananya Gupta,1,2,4,124,7,Lost Customers
2219,207,5,797825.8115,Simran Malhotra,2,2,4,224,8,Lost Customers
2220,46,9,848269.509,Arjun Kumar,4,5,4,454,13,Champions
2221,614,2,76326.01849999999,Kabir Malhotra,1,1,1,111,3,Lost Customers
2222,18,5,414672.773,Aisha Gill,5,2,1,521,8,New Customers
2223,370,6,497754.507,Aisha Kumar,1,3,2,132,6,Potential Loyalists
2224,47,7,770554.294,Kabir Kaur,4,4,3,443,11,Loyal Customers
2225,88,4,410452.6115,Neha Sharma,4,2,1,421,7,New Customers
2226,321,6,682700.1065,Priya Mehta,1,3,3,133,7,At Risk
2227,120,9,1261548.516,Vihaan Malhotra,3,5,5,355,13,Loyal Customers
2228,3,7,969414.627,Rohan Gupta,5,4,4,544,13,Champions
2229,294,9,1068738.1835,Kabir Gupta,1,5,5,155,11,At Risk
2230,544,4,578249.325,Karan Gupta,1,2,2,122,5,Lost Customers
2231,326,2,199139.4495,Kabir Sharma,1,1,1,111,3,Lost Customers
2232,315,5,518478.0955,Vihaan Gill,1,2,2,122,5,Lost Customers
2233,217,6,596828.4025,Neha Sharma,2,3,2,232,7,Potential Loyalists
2234,73,7,959881.72,Aarav Gill,4,4,4,444,12,Champions
2235,368,1,153576.1425,Neha Gupta,1,1,1,111,3,Lost Customers
2236,437,3,404797.1305,Priya Gupta,1,1,1,111,3,Lost Customers
2237,819,2,109503.2015,Aditya Sharma,1,1,1,111,3,Lost Customers
2238,2,6,465183.355,Karan Kaur,5,3,2,532,10,Potential Loyalists
2239,244,9,1170275.3055,Aarav Patel,2,5,5,255,12,At Risk
2240,300,6,504150.803,Ishita Kaur,1,3,2,132,6,Potential Loyalists
2241,275,4,295922.8415,Karan Sharma,2,2,1,221,5,Lost Customers
2242,135,3,602659.368,Ishita Kumar,3,1,2,312,6,Potential Loyalists
2243,64,3,519500.72750000004,Neha Gill,4,1,2,412,7,New Customers
2244,19,7,716956.477,Rahul Sharma,5,4,3,543,12,Loyal Customers
2245,606,2,331804.1885,Meera Gupta,1,1,1,111,3,Lost Customers
2246,95,6,684011.164,Aditya Gill,3,3,3,333,9,Potential Loyalists
2247,83,6,618532.492,Kabir Sharma,4,3,3,433,10,Potential Loyalists
2248,97,5,630035.274,Arjun Patel,3,2,3,323,8,Potential Loyalists
2249,228,6,380073.0505,Arjun Singh,2,3,1,231,6,Potential Loyalists
2250,404,4,687411.505,Rohan Gill,1,2,3,123,6,Lost Customers
2251,73,6,848811.5179999999,Priya Patel,4,3,4,434,11,Potential Loyalists
2252,153,12,1423300.9555,Ishita Kumar,3,5,5,355,13,Loyal Customers
2253,94,6,945558.9965,Meera Gupta,4,3,4,434,11,Potential Loyalists
2254,124,12,1377122.5495,Rahul Kumar,3,5,5,355,13,Loyal Customers
2255,35,6,575343.317,Aditya Gupta,5,3,2,532,10,Potential Loyalists
2256,513,6,549017.3735,Rohan Gill,1,3,2,132,6,Potential Loyalists
2257,56,9,842216.3295,Ishita Kaur,4,5,4,454,13,Champions
2258,523,3,190739.035,Simran Gill,1,1,1,111,3,Lost Customers
2259,357,2,175908.80099999998,Priya Gupta,1,1,1,111,3,Lost Customers
2260,216,5,823630.6089999999,Arjun Malhotra,2,2,4,224,8,Lost Customers
2261,98,1,346964.564,Aditya Sharma,3,1,1,311,5,Potential Loyalists
2262,45,8,842302.7275,Kabir Mehta,4,4,4,444,12,Champions
2263,137,7,872215.3625,Priya Gill,3,4,4,344,11,Loyal Customers
2264,28,9,1120621.971,Ishita Sharma,5,5,5,555,15,Champions
2265,304,2,131362.521,Rohan Singh,1,1,1,111,3,Lost Customers
2266,108,7,771052.0405,Karan Malhotra,3,4,3,343,10,Loyal Customers
2267,19,4,373588.74,Ananya Gill,5,2,1,521,8,New Customers
2268,201,3,548806.875,Ishita Kumar,2,1,2,212,5,Lost Customers
2269,339,3,392917.107,Karan Verma,1,1,1,111,3,Lost Customers
2270,158,4,521678.26900000003,Rahul Verma,3,2,2,322,7,Potential Loyalists
2271,331,8,972757.1665,Kabir Malhotra,1,4,4,144,9,At Risk
2272,38,8,686134.587,Ananya Kaur,5,4,3,543,12,Loyal Customers
2273,3,10,947577.084,Arjun Gupta,5,5,4,554,14,Champions
2274,163,7,665407.271,Kabir Mehta,3,4,3,343,10,Loyal Customers
2275,209,6,808892.1305,Neha Kaur,2,3,4,234,9,At Risk
2276,110,8,964162.1805,Vihaan Kumar,3,4,4,344,11,Loyal Customers
2277,324,3,539759.075,Priya Malhotra,1,1,2,112,4,Lost Customers
2278,118,4,448768.7675,Rohan Singh,3,2,2,322,7,Potential Loyalists
2279,249,3,376841.8085,Neha Mehta,2,1,1,211,4,Lost Customers
2280,44,7,883351.2505,Rahul Kaur,4,4,4,444,12,Champions
2281,270,4,484062.9845,Neha Gupta,2,2,2,222,6,Lost Customers
2282,27,7,829862.617,Rohan Mehta,5,4,4,544,13,Champions
2283,293,4,244368.1405,Aisha Kumar,1,2,1,121,4,Lost Customers
2284,241,6,800661.073,Ananya Gill,2,3,4,234,9,At Risk
2285,49,5,433566.93,Karan Kumar,4,2,2,422,8,New Customers
2286,41,8,827219.1805,Arjun Patel,4,4,4,444,12,Champions
2287,517,1,147527.30649999998,Kabir Gupta,1,1,1,111,3,Lost Customers
2288,95,7,737498.4895,Aditya Verma,3,4,3,343,10,Loyal Customers
2289,671,7,357144.278,Karan Singh,1,4,1,141,6,Potential Loyalists
2290,175,4,467466.11350000004,Aisha Sharma,2,2,2,222,6,Lost Customers
2291,240,3,211239.698,Priya Mehta,2,1,1,211,4,Lost Customers
2292,35,4,682497.0970000001,Aisha Sharma,5,2,3,523,10,New Customers
2293,193,4,701779.2645,Ananya Mehta,2,2,3,223,7,Lost Customers
2294,13,7,855153.118,Arjun Kaur,5,4,4,544,13,Champions
2295,119,7,1069561.193,Kabir Sharma,3,4,5,345,12,Loyal Customers
2296,36,10,1134181.772,Vihaan Malhotra,5,5,5,555,15,Champions
2297,65,8,906187.684,Aditya Sharma,4,4,4,444,12,Champions
2298,157,4,367270.0305,Aarav Gill,3,2,1,321,6,Potential Loyalists
2299,103,2,183832.61599999998,Priya Gupta,3,1,1,311,5,Potential Loyalists
2300,1018,1,14918.84,Aditya Patel,1,1,1,111,3,Lost Customers
2301,162,7,721649.3455,Aditya Sharma,3,4,3,343,10,Loyal Customers
2302,193,4,411918.004,Vihaan Kaur,2,2,1,221,5,Lost Customers
2303,237,7,717570.954,Meera Kaur,2,4,3,243,9,At Risk
2304,365,12,1729272.531,Karan Gill,1,5,5,155,11,At Risk
2305,222,6,527064.4645,Aarav Singh,2,3,2,232,7,Potential Loyalists
2306,353,4,621555.395,Ananya Singh,1,2,3,123,6,Lost Customers
2307,83,9,926581.994,Neha Gupta,4,5,4,454,13,Champions
2308,113,2,192781.20799999998,Meera Gupta,3,1,1,311,5,Potential Loyalists
2309,35,7,1059587.6425,Ananya Gupta,5,4,5,545,14,Champions
2310,18,7,806719.5895,Meera Sharma,5,4,4,544,13,Champions
2311,407,6,697821.1305,Aisha Verma,1,3,3,133,7,At Risk
2312,7,12,1833421.663,Simran Sharma,5,5,5,555,15,Champions
2313,179,5,376150.79099999997,Aarav Verma,2,2,1,221,5,Lost Customers
2314,6,5,657946.8985,Aditya Gupta,5,2,3,523,10,New Customers
2315,78,6,681379.432,Vihaan Kumar,4,3,3,433,10,Potential Loyalists
2316,199,7,992660.9955,Arjun Gill,2,4,4,244,10,At Risk
2317,284,7,584921.505,Ananya Verma,2,4,2,242,8,Potential Loyalists
2318,126,4,370793.144,Neha Malhotra,3,2,1,321,6,Potential Loyalists
2319,422,4,426601.477,Rohan Mehta,1,2,2,122,5,Lost Customers
2320,195,8,759150.087,Simran Kaur,2,4,3,243,9,At Risk
2321,142,11,1442287.343,Priya Gill,3,5,5,355,13,Loyal Customers
2322,25,8,1562000.3125,Arjun Kumar,5,4,5,545,14,Champions
2323,95,9,912801.0005,Karan Mehta,3,5,4,354,12,Loyal Customers
2324,112,8,652520.0015,Ananya Patel,3,4,3,343,10,Loyal Customers
2325,121,5,987679.08,Simran Mehta,3,2,4,324,9,Potential Loyalists
2326,24,9,949014.1155,Rahul Gill,5,5,4,554,14,Champions
2327,43,7,1033132.977,Vihaan Singh,4,4,5,445,13,Champions
2328,119,9,1021406.9245,Simran Verma,3,5,5,355,13,Loyal Customers
2329,131,6,817934.562,Rohan Patel,3,3,4,334,10,Potential Loyalists
2330,124,5,865270.4994999999,Vihaan Verma,3,2,4,324,9,Potential Loyalists
2331,144,9,689170.566,Kabir Kaur,3,5,3,353,11,Loyal Customers
2332,289,6,472411.0335,Aisha Mehta,1,3,2,132,6,Potential Loyalists
2333,113,13,1184318.7475,Ananya Verma,3,5,5,355,13,Loyal Customers
2334,616,5,916739.0819999999,Ananya Kumar,1,2,4,124,7,Lost Customers
2335,31,8,1062776.2665,Ananya Gill,5,4,5,545,14,Champions
2336,105,12,1558953.1165,Kabir Gill,3,5,5,355,13,Loyal Customers
2337,205,6,931226.3175,Aarav Gill,2,3,4,234,9,At Risk
2338,18,6,829771.289,Ishita Kaur,5,3,4,534,12,Potential Loyalists
2339,127,7,966444.932,Karan Kumar,3,4,4,344,11,Loyal Customers
2340,311,7,1150337.048,Neha Sharma,1,4,5,145,10,At Risk
2341,222,7,786239.331,Vihaan Gill,2,4,4,244,10,At Risk
2342,234,4,656497.434,Simran Singh,2,2,3,223,7,Lost Customers
2343,34,9,1082674.511,Meera Singh,5,5,5,555,15,Champions
2344,123,5,856466.0835,Ishita Malhotra,3,2,4,324,9,Potential Loyalists
2345,6,6,1076790.3325,Aditya Malhotra,5,3,5,535,13,Potential Loyalists
2346,162,9,1187112.8825,Karan Mehta,3,5,5,355,13,Loyal Customers
2347,301,2,480071.95499999996,Rohan Verma,1,1,2,112,4,Lost Customers
2348,446,5,778004.1394999999,Kabir Gupta,1,2,3,123,6,Lost Customers
2349,81,10,795028.438,Rahul Patel,4,5,4,454,13,Champions
2350,71,6,567194.0235,Aditya Singh,4,3,2,432,9,Potential Loyalists
2351,28,7,788225.8269999999,Neha Mehta,5,4,4,544,13,Champions
2352,98,6,1037028.701,Meera Mehta,3,3,5,335,11,Potential Loyalists
2353,181,5,354016.444,Ananya Sharma,2,2,1,221,5,Lost Customers
2354,108,6,531112.6475,Aarav Kumar,3,3,2,332,8,Potential Loyalists
2355,61,8,1114401.879,Aditya Kaur,4,4,5,445,13,Champions
2356,2,10,1092799.8405,Kabir Kaur,5,5,5,555,15,Champions
2357,41,7,825821.5615,Aditya Kumar,4,4,4,444,12,Champions
2358,190,8,939144.9045,Kabir Gill,2,4,4,244,10,At Risk
2359,70,5,425985.0855,Karan Gill,4,2,2,422,8,New Customers
2360,157,6,710222.4595,Simran Patel,3,3,3,333,9,Potential Loyalists
2361,131,6,844914.961,Kabir Mehta,3,3,4,334,10,Potential Loyalists
2362,45,6,1028059.8805,Vihaan Gupta,4,3,5,435,12,Potential Loyalists
2363,349,6,577342.6880000001,Ananya Singh,1,3,2,132,6,Potential Loyalists
2364,40,11,1211597.0205,Ananya Sharma,5,5,5,555,15,Champions
2365,268,8,726416.0655,Priya Sharma,2,4,3,243,9,At Risk
2366,49,4,609344.5315,Simran Singh,4,2,3,423,9,New Customers
2367,164,5,631800.7875,Aisha Sharma,3,2,3,323,8,Potential Loyalists
2368,25,10,1217495.7265,Vihaan Gupta,5,5,5,555,15,Champions
2369,14,4,382372.08150000003,Meera Mehta,5,2,1,521,8,New Customers
2371,615,7,895186.764,Neha Kaur,1,4,4,144,9,At Risk
2372,109,6,499551.7585,Vihaan Gill,3,3,2,332,8,Potential Loyalists
2373,423,4,401148.2845,Rohan Singh,1,2,1,121,4,Lost Customers
2374,4,4,253077.8035,Arjun Mehta,5,2,1,521,8,New Customers
2375,190,11,1426694.0745,Ananya Mehta,2,5,5,255,12,At Risk
2376,8,8,820762.3405,Ishita Singh,5,4,4,544,13,Champions
2377,292,6,720317.656,Aarav Gupta,1,3,3,133,7,At Risk
2378,37,6,360774.277,Priya Kaur,5,3,1,531,9,Potential Loyalists
2379,717,4,573732.703,Priya Gupta,1,2,2,122,5,Lost Customers
2380,122,5,501287.4055,Aditya Malhotra,3,2,2,322,7,Potential Loyalists
2381,288,6,835295.6695000001,Aisha Kaur,1,3,4,134,8,At Risk
2382,215,7,903067.604,Karan Kaur,2,4,4,244,10,At Risk
2383,529,2,396147.9195,Arjun Mehta,1,1,1,111,3,Lost Customers
2384,199,5,803376.917,Vihaan Singh,2,2,4,224,8,Lost Customers
2385,69,7,856578.432,Rohan Malhotra,4,4,4,444,12,Champions
2386,253,5,516692.888,Ananya Kaur,2,2,2,222,6,Lost Customers
2387,48,7,787543.2609999999,Aisha Kaur,4,4,4,444,12,Champions
2388,73,8,1152280.976,Simran Mehta,4,4,5,445,13,Champions
2389,158,11,1088584.25,Neha Gupta,3,5,5,355,13,Loyal Customers
2390,19,5,941702.5745,Aditya Patel,5,2,4,524,11,New Customers
2391,317,5,585165.2555,Aditya Verma,1,2,2,122,5,Lost Customers
2392,250,5,421404.1885,Aarav Verma,2,2,1,221,5,Lost Customers
2393,252,6,343991.484,Aisha Gupta,2,3,1,231,6,Potential Loyalists
2394,490,5,686256.235,Priya Gupta,1,2,3,123,6,Lost Customers
2395,571,2,195622.189,Rahul Verma,1,1,1,111,3,Lost Customers
2396,516,6,444710.43049999996,Aisha Kumar,1,3,2,132,6,Potential Loyalists
2397,178,2,75745.415,Vihaan Kaur,2,1,1,211,4,Lost Customers
2398,172,13,1823479.021,Aarav Verma,2,5,5,255,12,At Risk
2399,566,2,218487.4055,Aarav Singh,1,1,1,111,3,Lost Customers
2400,98,9,1282033.2145,Simran Patel,3,5,5,355,13,Loyal Customers
2401,10,7,777975.8539999999,Kabir Singh,5,4,3,543,12,Loyal Customers
2402,22,7,832834.946,Ishita Kaur,5,4,4,544,13,Champions
2403,61,6,678001.6875,Karan Kumar,4,3,3,433,10,Potential Loyalists
2404,23,5,600333.519,Simran Malhotra,5,2,2,522,9,New Customers
2405,138,6,697179.0865,Aisha Singh,3,3,3,333,9,Potential Loyalists
2406,213,4,445915.405,Kabir Patel,2,2,2,222,6,Lost Customers
2407,20,4,432768.414,Rohan Kumar,5,2,2,522,9,New Customers
2408,194,9,1416262.7205,Kabir Singh,2,5,5,255,12,At Risk
2409,174,7,1126744.3795,Aisha Sharma,2,4,5,245,11,At Risk
2410,161,3,569763.055,Ananya Verma,3,1,2,312,6,Potential Loyalists
2411,131,9,892768.1685,Aditya Gill,3,5,4,354,12,Loyal Customers
2412,140,5,832066.334,Ananya Singh,3,2,4,324,9,Potential Loyalists
2413,38,7,1067427.7105,Ananya Mehta,5,4,5,545,14,Champions
2414,67,4,424190.95999999996,Karan Mehta,4,2,1,421,7,New Customers
2415,310,5,594048.9725,Kabir Gill,1,2,2,122,5,Lost Customers
2416,169,3,220440.52,Neha Sharma,2,1,1,211,4,Lost Customers
2417,128,9,1240735.943,Ananya Verma,3,5,5,355,13,Loyal Customers
2418,474,4,740011.7885,Rahul Kaur,1,2,3,123,6,Lost Customers
2419,139,7,1010274.233,Simran Mehta,3,4,5,345,12,Loyal Customers
2420,501,4,323246.516,Vihaan Kaur,1,2,1,121,4,Lost Customers
2421,394,6,720116.9595,Aarav Malhotra,1,3,3,133,7,At Risk
2422,125,7,861067.4465,Arjun Patel,3,4,4,344,11,Loyal Customers
2423,69,8,628979.5205,Aditya Kaur,4,4,3,443,11,Loyal Customers
2424,8,4,221844.6945,Aisha Patel,5,2,1,521,8,New Customers
2425,168,8,787524.1714999999,Ishita Verma,2,4,4,244,10,At Risk
2426,49,3,293709.13300000003,Aarav Mehta,4,1,1,411,6,New Customers
2427,41,8,936560.335,Aisha Verma,4,4,4,444,12,Champions
2428,9,4,737109.887,Kabir Kumar,5,2,3,523,10,New Customers
2429,45,6,570114.681,Meera Patel,4,3,2,432,9,Potential Loyalists
2430,267,6,1128810.3205,Aisha Malhotra,2,3,5,235,10,At Risk
2431,429,6,728442.7045,Karan Sharma,1,3,3,133,7,At Risk
2432,2,12,1422007.81,Ishita Singh,5,5,5,555,15,Champions
2433,15,8,1093318.354,Rahul Gupta,5,4,5,545,14,Champions
2434,313,6,607816.356,Neha Mehta,1,3,3,133,7,At Risk
2435,23,7,929653.231,Kabir Kumar,5,4,4,544,13,Champions
2436,43,11,1494474.6835,Simran Kaur,4,5,5,455,14,Champions
2437,248,5,545274.412,Aarav Gill,2,2,2,222,6,Lost Customers
2438,108,4,384560.446,Ananya Verma,3,2,1,321,6,Potential Loyalists
2439,98,6,880820.9025,Neha Malhotra,3,3,4,334,10,Potential Loyalists
2440,80,5,500215.91599999997,Neha Singh,4,2,2,422,8,New Customers
2441,341,5,683329.314,Aditya Verma,1,2,3,123,6,Lost Customers
2442,382,5,517405.24,Aarav Sharma,1,2,2,122,5,Lost Customers
2443,67,7,706243.722,Meera Kaur,4,4,3,443,11,Loyal Customers
2444,122,6,816835.3475,Aisha Gill,3,3,4,334,10,Potential Loyalists
2445,238,9,1794510.336,Rohan Kumar,2,5,5,255,12,At Risk
2446,42,6,718337.6235,Karan Mehta,4,3,3,433,10,Potential Loyalists
2447,45,5,479270.08249999996,Ishita Gill,4,2,2,422,8,New Customers
2448,217,2,319706.9185,Neha Gupta,2,1,1,211,4,Lost Customers
2449,22,6,1133016.47,Ananya Singh,5,3,5,535,13,Potential Loyalists
2450,289,5,683294.6825,Kabir Kumar,1,2,3,123,6,Lost Customers
2451,280,6,506612.0235,Meera Singh,2,3,2,232,7,Potential Loyalists
2452,86,9,1120894.1515,Vihaan Kumar,4,5,5,455,14,Champions
2453,70,12,1391552.71,Meera Mehta,4,5,5,455,14,Champions
2454,113,7,1235522.783,Rohan Kaur,3,4,5,345,12,Loyal Customers
2455,147,6,433460.3215,Aisha Kumar,3,3,2,332,8,Potential Loyalists
2456,95,5,687778.714,Ishita Kumar,3,2,3,323,8,Potential Loyalists
2457,64,9,1387967.2015,Ananya Mehta,4,5,5,455,14,Champions
2458,9,4,515075.79949999996,Karan Kumar,5,2,2,522,9,New Customers
2459,110,7,953821.8285,Arjun Gupta,3,4,4,344,11,Loyal Customers
2460,53,9,977125.834,Rohan Mehta,4,5,4,454,13,Champions
2461,425,8,970084.9805,Aisha Malhotra,1,4,4,144,9,At Risk
2462,199,4,401085.52800000005,Priya Sharma,2,2,1,221,5,Lost Customers
2463,226,5,190654.5565,Ishita Singh,2,2,1,221,5,Lost Customers
2464,131,2,150549.742,Ishita Patel,3,1,1,311,5,Potential Loyalists
2465,156,6,805659.6635,Ishita Malhotra,3,3,4,334,10,Potential Loyalists
2466,110,5,282088.322,Kabir Kumar,3,2,1,321,6,Potential Loyalists
2467,209,5,681955.3084999999,Ananya Malhotra,2,2,3,223,7,Lost Customers
2468,5,5,823886.6,Meera Malhotra,5,2,4,524,11,New Customers
2469,100,4,446960.86799999996,Priya Kaur,3,2,2,322,7,Potential Loyalists
2470,246,4,431626.6355,Ishita Kumar,2,2,2,222,6,Lost Customers
2471,172,7,539777.049,Rahul Malhotra,2,4,2,242,8,Potential Loyalists
2472,127,6,745278.61,Kabir Gupta,3,3,3,333,9,Potential Loyalists
2473,23,5,370910.883,Vihaan Gill,5,2,1,521,8,New Customers
2474,355,4,698177.8575,Kabir Mehta,1,2,3,123,6,Lost Customers
2475,357,3,143360.204,Priya Verma,1,1,1,111,3,Lost Customers
2476,7,11,1056151.0775000001,Ishita Patel,5,5,5,555,15,Champions
2477,207,7,797762.414,Neha Verma,2,4,4,244,10,At Risk
2478,59,8,685670.4825,Vihaan Mehta,4,4,3,443,11,Loyal Customers
2479,337,2,415467.227,Aarav Singh,1,1,1,111,3,Lost Customers
2480,50,9,1299799.492,Vihaan Mehta,4,5,5,455,14,Champions
2481,245,1,50902.32,Kabir Singh,2,1,1,211,4,Lost Customers
2482,426,8,1053504.08,Ishita Gupta,1,4,5,145,10,At Risk
2483,28,4,769138.538,Ananya Kaur,5,2,3,523,10,New Customers
2484,27,10,1227660.731,Arjun Gill,5,5,5,555,15,Champions
2485,42,5,812134.738,Rahul Sharma,4,2,4,424,10,New Customers
2486,101,10,1175392.0075,Priya Malhotra,3,5,5,355,13,Loyal Customers
2487,40,3,304006.2095,Arjun Sharma,5,1,1,511,7,New Customers
2488,146,9,925969.261,Ananya Mehta,3,5,4,354,12,Loyal Customers
2489,55,8,851457.4745,Arjun Mehta,4,4,4,444,12,Champions
2490,91,5,840818.191,Aarav Gill,4,2,4,424,10,New Customers
2491,46,10,1403834.5595,Arjun Kumar,4,5,5,455,14,Champions
2492,0,9,811912.519,Ishita Verma,5,5,4,554,14,Champions
2493,43,6,513345.457,Ananya Malhotra,4,3,2,432,9,Potential Loyalists
2494,602,3,617618.164,Vihaan Gill,1,1,3,113,5,Lost Customers
2495,360,1,156496.242,Aditya Verma,1,1,1,111,3,Lost Customers
2496,41,7,996269.4875,Rohan Patel,4,4,4,444,12,Champions
2497,102,4,697534.129,Aisha Sharma,3,2,3,323,8,Potential Loyalists
2498,90,4,251146.74800000002,Vihaan Malhotra,4,2,1,421,7,New Customers
2499,205,3,662617.518,Aisha Kaur,2,1,3,213,6,Lost Customers
2500,628,2,246351.40000000002,Ananya Malhotra,1,1,1,111,3,Lost Customers
2501,49,10,1548728.2465000001,Neha Singh,4,5,5,455,14,Champions
2502,30,7,572228.208,Priya Kaur,5,4,2,542,11,Loyal Customers
2503,14,4,448710.557,Rohan Patel,5,2,2,522,9,New Customers
2504,148,7,915818.346,Rohan Sharma,3,4,4,344,11,Loyal Customers
2505,84,11,732572.8035,Neha Malhotra,4,5,3,453,12,Loyal Customers
2506,75,7,669721.792,Rahul Gill,4,4,3,443,11,Loyal Customers
2507,206,7,1213793.3685,Meera Gill,2,4,5,245,11,At Risk
2508,239,9,1487565.8515,Simran Patel,2,5,5,255,12,At Risk
2509,34,4,178182.695,Ishita Gupta,5,2,1,521,8,New Customers
2510,104,11,1464381.6755000001,Ishita Sharma,3,5,5,355,13,Loyal Customers
2511,166,4,388359.3795,Aarav Mehta,2,2,1,221,5,Lost Customers
2512,132,5,875402.756,Neha Kumar,3,2,4,324,9,Potential Loyalists
2513,40,8,895291.3625,Aarav Gupta,5,4,4,544,13,Champions
2514,27,6,534888.465,Ishita Mehta,5,3,2,532,10,Potential Loyalists
2515,9,5,617777.8245,Rahul Kaur,5,2,3,523,10,New Customers
2516,15,7,526280.974,Meera Gupta,5,4,2,542,11,Loyal Customers
2517,33,9,777219.9575,Rohan Kumar,5,5,3,553,13,Loyal Customers
2518,54,8,716997.162,Meera Kaur,4,4,3,443,11,Loyal Customers
2519,168,7,849612.7905,Arjun Malhotra,2,4,4,244,10,At Risk
2520,71,7,848735.1825,Aisha Gill,4,4,4,444,12,Champions
2521,127,6,719238.8275,Karan Gupta,3,3,3,333,9,Potential Loyalists
2522,276,4,554140.12,Karan Gill,2,2,2,222,6,Lost Customers
2523,51,5,797404.8525,Simran Mehta,4,2,4,424,10,New Customers
2524,55,6,373123.5545,Arjun Patel,4,3,1,431,8,Potential Loyalists
2525,117,10,1380377.942,Neha Sharma,3,5,5,355,13,Loyal Customers
2526,9,5,683462.46,Vihaan Mehta,5,2,3,523,10,New Customers
2527,96,5,465693.8115,Vihaan Gill,3,2,2,322,7,Potential Loyalists
2528,308,4,780562.5414999999,Ishita Sharma,1,2,3,123,6,Lost Customers
2529,46,11,1195598.2475,Aisha Singh,4,5,5,455,14,Champions
2530,491,4,684822.073,Meera Kumar,1,2,3,123,6,Lost Customers
2531,188,3,273378.277,Aarav Mehta,2,1,1,211,4,Lost Customers
2532,215,6,640937.169,Rahul Gill,2,3,3,233,8,At Risk
2533,110,9,909309.6635,Kabir Patel,3,5,4,354,12,Loyal Customers
2534,50,5,390826.982,Kabir Verma,4,2,1,421,7,New Customers
2535,91,6,405591.327,Aditya Verma,4,3,1,431,8,Potential Loyalists
2536,14,6,1013084.0995,Rohan Mehta,5,3,5,535,13,Potential Loyalists
2537,196,5,514923.926,Neha Gill,2,2,2,222,6,Lost Customers
2538,233,5,871364.738,Arjun Kaur,2,2,4,224,8,Lost Customers
2539,117,8,836394.1585,Rohan Verma,3,4,4,344,11,Loyal Customers
2540,242,6,396435.958,Ishita Singh,2,3,1,231,6,Potential Loyalists
2541,127,5,540519.4245,Kabir Malhotra,3,2,2,322,7,Potential Loyalists
2542,87,3,475341.413,Ananya Patel,4,1,2,412,7,New Customers
2543,35,12,1766836.4205,Ishita Mehta,5,5,5,555,15,Champions
2544,3,10,1147367.982,Aisha Gupta,5,5,5,555,15,Champions
2545,464,2,101958.23349999999,Ananya Malhotra,1,1,1,111,3,Lost Customers
2546,174,9,1668499.684,Ananya Kaur,2,5,5,255,12,At Risk
2547,74,5,552108.6095,Aisha Mehta,4,2,2,422,8,New Customers
2548,193,6,731260.6665,Rohan Kumar,2,3,3,233,8,At Risk
2549,201,9,1153383.2719999999,Vihaan Verma,2,5,5,255,12,At Risk
2550,151,5,556135.323,Aisha Gill,3,2,2,322,7,Potential Loyalists
2551,182,8,926291.7305000001,Neha Malhotra,2,4,4,244,10,At Risk
2552,2,10,998102.8005,Rohan Kaur,5,5,4,554,14,Champions
2553,4,9,1038315.4805,Rahul Verma,5,5,5,555,15,Champions
2554,261,4,529096.735,Karan Singh,2,2,2,222,6,Lost Customers
2555,142,2,79380.62499999999,Aditya Mehta,3,1,1,311,5,Potential Loyalists
2556,364,9,1117791.0075,Vihaan Singh,1,5,5,155,11,At Risk
2557,184,4,671025.2315,Priya Patel,2,2,3,223,7,Lost Customers
2558,122,10,908779.3275,Aditya Verma,3,5,4,354,12,Loyal Customers
2559,99,8,570998.936,Ishita Verma,3,4,2,342,9,Loyal Customers
2560,96,8,903083.0445000001,Neha Kumar,3,4,4,344,11,Loyal Customers
2561,45,4,542457.8975,Meera Patel,4,2,2,422,8,New Customers
2562,148,6,154241.342,Vihaan Gill,3,3,1,331,7,Potential Loyalists
2563,52,8,836474.118,Neha Singh,4,4,4,444,12,Champions
2564,169,8,1086568.2355,Kabir Verma,2,4,5,245,11,At Risk
2565,0,11,1351177.3784999999,Kabir Kaur,5,5,5,555,15,Champions
2566,3,6,638727.216,Priya Gill,5,3,3,533,11,Potential Loyalists
2567,219,4,432796.492,Meera Sharma,2,2,2,222,6,Lost Customers
2568,30,6,737819.3685,Ishita Kumar,5,3,3,533,11,Potential Loyalists
2569,128,6,623670.1955,Priya Verma,3,3,3,333,9,Potential Loyalists
2570,121,8,835294.6515,Priya Kumar,3,4,4,344,11,Loyal Customers
2571,126,7,972735.6579999999,Kabir Mehta,3,4,4,344,11,Loyal Customers
2572,232,4,364216.963,Kabir Gupta,2,2,1,221,5,Lost Customers
2573,123,7,793159.335,Aditya Gill,3,4,4,344,11,Loyal Customers
2574,48,6,783508.6015,Ishita Kumar,4,3,3,433,10,Potential Loyalists
2575,278,4,379634.5945,Kabir Malhotra,2,2,1,221,5,Lost Customers
2576,125,3,248576.9835,Arjun Kumar,3,1,1,311,5,Potential Loyalists
2577,92,10,1414033.443,Aisha Singh,4,5,5,455,14,Champions
2578,57,5,702737.6059999999,Karan Kaur,4,2,3,423,9,New Customers
2579,455,6,898853.0244999999,Aisha Kumar,1,3,4,134,8,At Risk
2580,292,2,161726.754,Kabir Patel,1,1,1,111,3,Lost Customers
2581,10,8,952291.2204999999,Vihaan Sharma,5,4,4,544,13,Champions
2582,103,6,649376.922,Simran Singh,3,3,3,333,9,Potential Loyalists
2583,24,11,1130931.522,Priya Mehta,5,5,5,555,15,Champions
2584,177,5,216394.894,Ananya Malhotra,2,2,1,221,5,Lost Customers
2585,258,3,302835.43899999995,Simran Patel,2,1,1,211,4,Lost Customers
2586,185,6,1261171.8695,Simran Malhotra,2,3,5,235,10,At Risk
2587,27,9,1681932.912,Rohan Sharma,5,5,5,555,15,Champions
2588,73,5,723901.7225,Rahul Sharma,4,2,3,423,9,New Customers
2589,110,8,1087000.1865,Ishita Kumar,3,4,5,345,12,Loyal Customers
2590,6,5,427308.1325,Aarav Mehta,5,2,2,522,9,New Customers
2591,168,7,494991.44550000003,Karan Kumar,2,4,2,242,8,Potential Loyalists
2592,120,4,236225.29,Priya Mehta,3,2,1,321,6,Potential Loyalists
2593,3,8,757555.2785,Vihaan Kaur,5,4,3,543,12,Loyal Customers
2594,22,6,547009.357,Aditya Kaur,5,3,2,532,10,Potential Loyalists
2595,77,4,209842.435,Aisha Gupta,4,2,1,421,7,New Customers
2596,47,10,1007737.364,Meera Malhotra,4,5,4,454,13,Champions
2597,239,9,1063038.963,Vihaan Verma,2,5,5,255,12,At Risk
2598,1,8,1054743.9965,Karan Verma,5,4,5,545,14,Champions
2599,148,5,992907.568,Priya Verma,3,2,4,324,9,Potential Loyalists
2600,72,6,688886.078,Vihaan Kumar,4,3,3,433,10,Potential Loyalists
2601,17,3,202321.376,Neha Mehta,5,1,1,511,7,New Customers
2602,179,9,1086130.3995,Rahul Kaur,2,5,5,255,12,At Risk
2603,562,3,582044.4435,Aditya Gill,1,1,2,112,4,Lost Customers
2604,32,6,941172.8685,Rohan Malhotra,5,3,4,534,12,Potential Loyalists
2605,128,3,333567.429,Kabir Mehta,3,1,1,311,5,Potential Loyalists
2606,115,12,1622390.676,Ananya Kaur,3,5,5,355,13,Loyal Customers
2607,145,4,375166.554,Priya Verma,3,2,1,321,6,Potential Loyalists
2608,226,9,682012.4465,Karan Kumar,2,5,3,253,10,At Risk
2609,69,6,588480.318,Priya Singh,4,3,2,432,9,Potential Loyalists
2610,37,7,670150.321,Neha Sharma,5,4,3,543,12,Loyal Customers
2611,320,2,334726.371,Vihaan Kaur,1,1,1,111,3,Lost Customers
2612,315,12,1549699.1235,Ananya Patel,1,5,5,155,11,At Risk
2613,401,5,586776.096,Aditya Gupta,1,2,2,122,5,Lost Customers
2614,38,5,541622.8245,Kabir Verma,5,2,2,522,9,New Customers
2615,129,9,1130240.5005,Kabir Malhotra,3,5,5,355,13,Loyal Customers
2616,106,6,578224.931,Arjun Kaur,3,3,2,332,8,Potential Loyalists
2617,226,8,1381412.954,Neha Verma,2,4,5,245,11,At Risk
2618,157,11,1258330.074,Aisha Sharma,3,5,5,355,13,Loyal Customers
2619,108,9,1380977.003,Karan Sharma,3,5,5,355,13,Loyal Customers
2620,123,7,1106634.991,Neha Patel,3,4,5,345,12,Loyal Customers
2621,417,2,159482.93899999998,Kabir Gill,1,1,1,111,3,Lost Customers
2622,100,7,920070.769,Arjun Kumar,3,4,4,344,11,Loyal Customers
2623,120,5,408298.06200000003,Ananya Mehta,3,2,1,321,6,Potential Loyalists
2624,47,5,311495.93,Kabir Patel,4,2,1,421,7,New Customers
2625,70,14,1881369.657,Simran Sharma,4,5,5,455,14,Champions
2626,248,5,440758.9325,Priya Kumar,2,2,2,222,6,Lost Customers
2627,300,5,695953.3155,Rohan Sharma,1,2,3,123,6,Lost Customers
2628,15,9,908135.679,Rohan Malhotra,5,5,4,554,14,Champions
2629,438,5,967386.0244999999,Aditya Verma,1,2,4,124,7,Lost Customers
2630,9,9,1298450.8015,Aarav Gupta,5,5,5,555,15,Champions
2631,308,6,897801.5669999999,Rahul Patel,1,3,4,134,8,At Risk
2632,184,9,1210736.6605,Karan Gupta,2,5,5,255,12,At Risk
2633,707,3,298138.9,Aisha Patel,1,1,1,111,3,Lost Customers
2634,676,3,173804.984,Vihaan Singh,1,1,1,111,3,Lost Customers
2635,172,8,900630.3335000001,Ananya Kumar,2,4,4,244,10,At Risk
2636,266,5,605242.6675,Meera Patel,2,2,3,223,7,Lost Customers
2637,320,6,1170066.4155,Priya Patel,1,3,5,135,9,At Risk
2638,65,6,775588.12,Meera Kaur,4,3,3,433,10,Potential Loyalists
2639,58,8,1139045.288,Arjun Singh,4,4,5,445,13,Champions
2640,299,3,339895.468,Aarav Singh,1,1,1,111,3,Lost Customers
2641,29,9,1012059.7815,Karan Kumar,5,5,5,555,15,Champions
2642,46,7,543485.838,Aditya Gill,4,4,2,442,10,Loyal Customers
2643,41,9,651061.154,Arjun Kaur,4,5,3,453,12,Loyal Customers
2644,91,7,923216.4545,Meera Singh,4,4,4,444,12,Champions
2645,39,4,335188.479,Aisha Kumar,5,2,1,521,8,New Customers
2646,123,8,854464.758,Ananya Verma,3,4,4,344,11,Loyal Customers
2647,189,4,524397.201,Ishita Patel,2,2,2,222,6,Lost Customers
2648,51,2,268107.061,Aditya Kaur,4,1,1,411,6,New Customers
2649,68,11,1310714.9955,Rohan Sharma,4,5,5,455,14,Champions
2650,129,3,311475.151,Meera Singh,3,1,1,311,5,Potential Loyalists
2651,74,2,236926.095,Ananya Gupta,4,1,1,411,6,New Customers
2652,28,6,820697.1165,Rohan Mehta,5,3,4,534,12,Potential Loyalists
2653,700,2,336326.1355,Vihaan Gill,1,1,1,111,3,Lost Customers
2654,379,3,215706.846,Karan Mehta,1,1,1,111,3,Lost Customers
2655,235,3,377157.1015,Karan Kaur,2,1,1,211,4,Lost Customers
2656,353,6,855706.2880000001,Aarav Kaur,1,3,4,134,8,At Risk
2657,418,2,66306.21,Rohan Sharma,1,1,1,111,3,Lost Customers
2658,361,5,784927.684,Ananya Kaur,1,2,4,124,7,Lost Customers
2659,329,6,692064.09,Karan Kaur,1,3,3,133,7,At Risk
2660,222,8,1018228.4295000001,Karan Verma,2,4,5,245,11,At Risk
2661,750,2,207038.9945,Vihaan Kumar,1,1,1,111,3,Lost Customers
2662,103,6,659413.753,Rahul Kaur,3,3,3,333,9,Potential Loyalists
2663,57,8,795399.899,Arjun Singh,4,4,4,444,12,Champions
2664,55,10,1258329.018,Kabir Kumar,4,5,5,455,14,Champions
2665,199,4,654511.379,Aarav Gupta,2,2,3,223,7,Lost Customers
2666,11,5,683138.4705,Ananya Singh,5,2,3,523,10,New Customers
2667,60,8,1220777.7625,Meera Patel,4,4,5,445,13,Champions
2668,223,4,341025.071,Arjun Sharma,2,2,1,221,5,Lost Customers
2669,359,7,566853.4940000001,Vihaan Patel,1,4,2,142,7,Potential Loyalists
2670,363,6,852810.9715,Simran Patel,1,3,4,134,8,At Risk
2671,0,7,1019526.213,Rohan Gill,5,4,5,545,14,Champions
2672,4,5,552522.6755,Ishita Kumar,5,2,2,522,9,New Customers
2673,83,9,1050230.0265,Rohan Malhotra,4,5,5,455,14,Champions
2674,250,8,930871.3935,Arjun Malhotra,2,4,4,244,10,At Risk
2675,356,5,374294.268,Arjun Mehta,1,2,1,121,4,Lost Customers
2676,135,7,1039320.162,Rohan Sharma,3,4,5,345,12,Loyal Customers
2677,14,5,957251.14,Rohan Patel,5,2,4,524,11,New Customers
2678,31,12,1662935.9934999999,Rohan Mehta,5,5,5,555,15,Champions
2679,539,5,710321.096,Ishita Kumar,1,2,3,123,6,Lost Customers
2680,319,5,422649.735,Simran Malhotra,1,2,1,121,4,Lost Customers
2681,28,5,691087.8794999999,Meera Sharma,5,2,3,523,10,New Customers
2682,71,7,622343.3505000001,Aditya Sharma,4,4,3,443,11,Loyal Customers
2683,447,6,1029083.0654999999,Rohan Mehta,1,3,5,135,9,At Risk
2684,60,8,930616.9195000001,Ananya Mehta,4,4,4,444,12,Champions
2685,259,7,1087481.578,Aditya Kumar,2,4,5,245,11,At Risk
2686,39,9,926234.61,Rohan Sharma,5,5,4,554,14,Champions
2687,141,8,1091601.3244999999,Rohan Kaur,3,4,5,345,12,Loyal Customers
2688,9,6,684335.255,Priya Verma,5,3,3,533,11,Potential Loyalists
2689,156,4,336704.005,Ananya Sharma,3,2,1,321,6,Potential Loyalists
2690,39,6,874136.663,Neha Malhotra,5,3,4,534,12,Potential Loyalists
2691,299,6,1393303.6685,Arjun Singh,1,3,5,135,9,At Risk
2692,16,9,939317.2335,Meera Kumar,5,5,4,554,14,Champions
2693,16,5,437128.471,Arjun Verma,5,2,2,522,9,New Customers
2694,216,3,345794.664,Simran Sharma,2,1,1,211,4,Lost Customers
2695,1,10,1143985.6385,Simran Singh,5,5,5,555,15,Champions
2696,69,5,397779.561,Aisha Gupta,4,2,1,421,7,New Customers
2697,334,4,638114.6884999999,Aarav Kumar,1,2,3,123,6,Lost Customers
2698,53,5,712529.112,Aisha Kumar,4,2,3,423,9,New Customers
2699,35,5,444060.7575,Rohan Verma,5,2,2,522,9,New Customers
2700,14,4,496063.28,Karan Sharma,5,2,2,522,9,New Customers
2701,505,6,783309.449,Vihaan Gill,1,3,3,133,7,At Risk
2702,452,7,547533.5555,Aarav Patel,1,4,2,142,7,Potential Loyalists
2703,138,6,663862.2295,Rahul Kumar,3,3,3,333,9,Potential Loyalists
2704,62,10,1018202.8065000001,Aditya Malhotra,4,5,5,455,14,Champions
2705,72,5,685989.9085,Ishita Kumar,4,2,3,423,9,New Customers
2706,10,3,593486.102,Neha Gupta,5,1,2,512,8,New Customers
2707,176,5,714476.746,Aarav Mehta,2,2,3,223,7,Lost Customers
2708,197,9,871790.1195,Aarav Verma,2,5,4,254,11,At Risk
2709,43,6,703037.6295,Aisha Gill,4,3,3,433,10,Potential Loyalists
2710,328,5,524496.1235,Rohan Mehta,1,2,2,122,5,Lost Customers
2711,2,8,482664.055,Vihaan Malhotra,5,4,2,542,11,Loyal Customers
2712,101,6,871596.7000000001,Ishita Kaur,3,3,4,334,10,Potential Loyalists
2713,224,4,306752.9185,Meera Patel,2,2,1,221,5,Lost Customers
2714,47,8,1214007.0034999999,Neha Mehta,4,4,5,445,13,Champions
2715,183,3,415531.44200000004,Aisha Kumar,2,1,1,211,4,Lost Customers
2716,88,8,1124540.5825,Ishita Sharma,4,4,5,445,13,Champions
2717,67,8,975824.119,Aditya Mehta,4,4,4,444,12,Champions
2718,27,4,632982.428,Arjun Sharma,5,2,3,523,10,New Customers
2719,102,5,590246.197,Meera Patel,3,2,2,322,7,Potential Loyalists
2720,200,8,771799.404,Aditya Sharma,2,4,3,243,9,At Risk
2721,22,3,244804.0005,Karan Kumar,5,1,1,511,7,New Customers
2722,42,7,916675.299,Kabir Sharma,4,4,4,444,12,Champions
2723,47,4,706656.3135,Ishita Gill,4,2,3,423,9,New Customers
2724,278,8,1051885.7265,Arjun Kaur,2,4,5,245,11,At Risk
2725,62,11,968401.6565,Aarav Sharma,4,5,4,454,13,Champions
2726,8,9,901141.0009999999,Kabir Sharma,5,5,4,554,14,Champions
2727,385,4,346263.68799999997,Meera Gupta,1,2,1,121,4,Lost Customers
2728,23,8,842097.0455,Priya Gupta,5,4,4,544,13,Champions
2729,14,8,1100227.425,Priya Sharma,5,4,5,545,14,Champions
2730,111,11,1211874.4895,Meera Sharma,3,5,5,355,13,Loyal Customers
2731,147,5,771193.0825,Karan Mehta,3,2,3,323,8,Potential Loyalists
2732,217,6,943538.232,Rohan Patel,2,3,4,234,9,At Risk
2733,332,4,422037.33850000007,Rohan Mehta,1,2,1,121,4,Lost Customers
2734,14,5,801071.082,Priya Malhotra,5,2,4,524,11,New Customers
2735,1,8,1052045.181,Ananya Gupta,5,4,5,545,14,Champions
2736,30,8,693608.6805,Karan Malhotra,5,4,3,543,12,Loyal Customers
2737,259,4,365888.604,Ananya Patel,2,2,1,221,5,Lost Customers
2738,201,7,659846.917,Ishita Verma,2,4,3,243,9,At Risk
2739,10,9,1182948.3465,Simran Singh,5,5,5,555,15,Champions
2740,71,5,627372.7220000001,Meera Kumar,4,2,3,423,9,New Customers
2741,78,6,358663.27349999995,Meera Patel,4,3,1,431,8,Potential Loyalists
2742,738,2,178127.0655,Ananya Patel,1,1,1,111,3,Lost Customers
2743,106,4,421316.559,Priya Mehta,3,2,1,321,6,Potential Loyalists
2744,110,5,513431.691,Neha Malhotra,3,2,2,322,7,Potential Loyalists
2745,121,4,801026.091,Meera Gupta,3,2,4,324,9,Potential Loyalists
2746,37,11,1598942.1114999999,Simran Singh,5,5,5,555,15,Champions
2747,262,5,785620.053,Aditya Singh,2,2,4,224,8,Lost Customers
2748,182,4,493259.175,Aditya Mehta,2,2,2,222,6,Lost Customers
2749,139,10,1004311.752,Aarav Gill,3,5,4,354,12,Loyal Customers
2750,91,7,754360.554,Vihaan Gupta,4,4,3,443,11,Loyal Customers
2751,186,5,642651.513,Priya Gill,2,2,3,223,7,Lost Customers
2752,22,3,480566.635,Karan Patel,5,1,2,512,8,New Customers
2753,218,6,873254.4955000001,Ishita Verma,2,3,4,234,9,At Risk
2754,34,6,710502.093,Priya Mehta,5,3,3,533,11,Potential Loyalists
2755,0,7,1116819.86,Aisha Singh,5,4,5,545,14,Champions
2756,79,4,497431.586,Arjun Kumar,4,2,2,422,8,New Customers
2757,109,7,510378.0535,Vihaan Gill,3,4,2,342,9,Loyal Customers
2758,75,6,1129350.0999999999,Simran Mehta,4,3,5,435,12,Potential Loyalists
2759,264,6,1040451.0495,Aarav Kaur,2,3,5,235,10,At Risk
2760,50,5,918330.6855,Simran Kaur,4,2,4,424,10,New Customers
2761,438,6,864202.638,Aisha Malhotra,1,3,4,134,8,At Risk
2762,0,9,1448820.4100000001,Meera Malhotra,5,5,5,555,15,Champions
2763,82,4,478821.447,Ishita Kaur,4,2,2,422,8,New Customers
2764,2,9,1335082.7255,Rahul Singh,5,5,5,555,15,Champions
2765,468,4,824191.4475,Karan Kumar,1,2,4,124,7,Lost Customers
2766,76,5,640980.424,Aarav Gupta,4,2,3,423,9,New Customers
2767,33,9,1109947.2055000002,Vihaan Mehta,5,5,5,555,15,Champions
2768,24,11,1190710.7015,Kabir Gill,5,5,5,555,15,Champions
2769,83,8,1238085.483,Aisha Verma,4,4,5,445,13,Champions
2770,47,3,297568.9755,Priya Malhotra,4,1,1,411,6,New Customers
2771,64,6,850170.6275,Aditya Verma,4,3,4,434,11,Potential Loyalists
2772,180,6,689802.3565,Aditya Patel,2,3,3,233,8,At Risk
2773,278,4,584844.939,Neha Kaur,2,2,2,222,6,Lost Customers
2774,303,2,319816.5115,Ananya Kaur,1,1,1,111,3,Lost Customers
2775,61,8,824774.8765,Simran Gupta,4,4,4,444,12,Champions
2776,373,3,361553.188,Arjun Malhotra,1,1,1,111,3,Lost Customers
2777,56,9,898000.3685,Aditya Kaur,4,5,4,454,13,Champions
2778,109,2,137093.171,Simran Sharma,3,1,1,311,5,Potential Loyalists
2779,184,3,438548.4,Aditya Kaur,2,1,2,212,5,Lost Customers
2780,49,3,200931.5,Vihaan Mehta,4,1,1,411,6,New Customers
2781,37,4,520375.208,Kabir Verma,5,2,2,522,9,New Customers
2782,14,5,632624.9635,Ishita Singh,5,2,3,523,10,New Customers
2783,9,10,1195592.3595,Vihaan Verma,5,5,5,555,15,Champions
2784,77,3,255450.4535,Aarav Verma,4,1,1,411,6,New Customers
2785,369,5,550940.7605000001,Vihaan Patel,1,2,2,122,5,Lost Customers
2786,344,5,1060823.026,Meera Kaur,1,2,5,125,8,Lost Customers
2787,124,8,1211680.566,Priya Kaur,3,4,5,345,12,Loyal Customers
2788,252,8,573930.095,Karan Singh,2,4,2,242,8,Potential Loyalists
2789,278,7,297118.7195,Arjun Malhotra,2,4,1,241,7,Potential Loyalists
2790,46,6,339909.2355,Rohan Gupta,4,3,1,431,8,Potential Loyalists
2791,175,6,453440.078,Aditya Malhotra,2,3,2,232,7,Potential Loyalists
2792,45,4,214241.802,Rahul Gill,4,2,1,421,7,New Customers
2793,361,5,824835.524,Meera Mehta,1,2,4,124,7,Lost Customers
2794,316,2,403089.22750000004,Aditya Gupta,1,1,1,111,3,Lost Customers
2795,369,5,623728.6005000001,Rohan Patel,1,2,3,123,6,Lost Customers
2796,479,5,413321.762,Aditya Kumar,1,2,1,121,4,Lost Customers
2797,78,7,759971.995,Aditya Gill,4,4,3,443,11,Loyal Customers
2798,249,5,677721.5065,Aisha Gupta,2,2,3,223,7,Lost Customers
2799,142,4,347790.232,Vihaan Mehta,3,2,1,321,6,Potential Loyalists
2800,107,9,1069032.5025,Vihaan Gill,3,5,5,355,13,Loyal Customers
2801,347,4,341774.2,Vihaan Verma,1,2,1,121,4,Lost Customers
2802,687,2,193750.44800000003,Simran Patel,1,1,1,111,3,Lost Customers
2803,23,4,447373.292,Aditya Singh,5,2,2,522,9,New Customers
2804,149,7,908764.934,Arjun Kumar,3,4,4,344,11,Loyal Customers
2805,79,6,895636.2585,Simran Gill,4,3,4,434,11,Potential Loyalists
2806,54,8,1226168.3155,Rahul Mehta,4,4,5,445,13,Champions
2807,270,6,674097.702,Rohan Singh,2,3,3,233,8,At Risk
2808,41,6,666617.6765,Aisha Sharma,4,3,3,433,10,Potential Loyalists
2809,121,6,616416.4425,Simran Malhotra,3,3,3,333,9,Potential Loyalists
2810,152,5,665721.277,Vihaan Sharma,3,2,3,323,8,Potential Loyalists
2811,9,8,830011.442,Ananya Gupta,5,4,4,544,13,Champions
2812,60,13,1527104.288,Vihaan Gill,4,5,5,455,14,Champions
2813,116,6,321266.732,Kabir Sharma,3,3,1,331,7,Potential Loyalists
2814,126,3,389715.489,Vihaan Malhotra,3,1,1,311,5,Potential Loyalists
2815,249,4,662463.713,Aisha Mehta,2,2,3,223,7,Lost Customers
2816,77,10,1008332.079,Vihaan Kumar,4,5,4,454,13,Champions
2817,0,10,1293945.239,Neha Kumar,5,5,5,555,15,Champions
2818,301,6,695982.905,Priya Gupta,1,3,3,133,7,At Risk
2819,100,5,489014.862,Karan Kumar,3,2,2,322,7,Potential Loyalists
2820,209,6,996562.151,Meera Mehta,2,3,4,234,9,At Risk
2821,610,5,705216.409,Aarav Malhotra,1,2,3,123,6,Lost Customers
2822,14,10,1012832.774,Aisha Malhotra,5,5,5,555,15,Champions
2823,139,6,562975.821,Simran Gill,3,3,2,332,8,Potential Loyalists
2824,479,8,784165.897,Rohan Kaur,1,4,3,143,8,At Risk
2825,52,8,1149382.554,Aisha Verma,4,4,5,445,13,Champions
2826,21,9,1088561.0855,Rahul Gupta,5,5,5,555,15,Champions
2827,69,8,845856.526,Rahul Gill,4,5,4,454,13,Champions
2828,150,5,736124.529,Priya Singh,3,2,3,323,8,Potential Loyalists
2829,255,6,524770.245,Ananya Patel,2,3,2,232,7,Potential Loyalists
2830,446,3,320554.36449999997,Rahul Mehta,1,1,1,111,3,Lost Customers
2831,179,5,658805.5229999999,Rohan Kumar,2,2,3,223,7,Lost Customers
2832,58,5,683575.061,Kabir Kaur,4,2,3,423,9,New Customers
2833,42,6,931377.4815,Ishita Sharma,4,3,4,434,11,Potential Loyalists
2834,287,7,597970.095,Arjun Kaur,1,4,2,142,7,Potential Loyalists
2835,261,4,326508.545,Aditya Singh,2,2,1,221,5,Lost Customers
2836,211,9,974652.378,Kabir Verma,2,5,4,254,11,At Risk
2837,312,4,443072.18299999996,Aditya Kaur,1,2,2,122,5,Lost Customers
2838,312,6,765674.809,Ananya Kaur,1,3,3,133,7,At Risk
2839,469,7,907710.7405,Neha Kaur,1,4,4,144,9,At Risk
2840,584,1,30388.872000000003,Arjun Singh,1,1,1,111,3,Lost Customers
2841,112,5,924791.4395,Aisha Mehta,3,2,4,324,9,Potential Loyalists
2842,9,8,874162.2255000001,Simran Kaur,5,5,4,554,14,Champions
2843,133,5,581016.2,Aisha Gupta,3,2,2,322,7,Potential Loyalists
2844,167,6,640902.453,Rahul Kaur,2,3,3,233,8,At Risk
2845,501,5,687364.9135,Ishita Kaur,1,2,3,123,6,Lost Customers
2846,6,7,941573.9014999999,Karan Kumar,5,4,4,544,13,Champions
2847,83,8,554817.188,Kabir Gill,4,5,2,452,11,Loyal Customers
2848,43,7,680128.7015,Aarav Gupta,4,4,3,443,11,Loyal Customers
2849,181,9,1253483.65,Simran Malhotra,2,5,5,255,12,At Risk
2850,30,4,577102.534,Aisha Gill,5,2,2,522,9,New Customers
2851,105,5,583735.2000000001,Kabir Malhotra,3,2,2,322,7,Potential Loyalists
2852,171,7,1224167.312,Arjun Gill,2,4,5,245,11,At Risk
2853,108,7,717212.057,Rahul Verma,3,4,3,343,10,Loyal Customers
2854,222,5,807431.542,Karan Kumar,2,2,4,224,8,Lost Customers
2855,280,8,1240139.1745,Karan Gill,2,5,5,255,12,At Risk
2856,90,3,643570.666,Vihaan Kaur,4,1,3,413,8,New Customers
2857,153,9,1035293.7335,Karan Verma,3,5,5,355,13,Loyal Customers
2858,51,7,672602.013,Neha Kumar,4,4,3,443,11,Loyal Customers
2859,446,10,732739.4045000001,Vihaan Kaur,1,5,3,153,9,At Risk
2860,264,5,603662.546,Rohan Mehta,2,2,2,222,6,Lost Customers
2861,251,7,1298150.3059999999,Ananya Gupta,2,4,5,245,11,At Risk
2862,357,3,401386.583,Aarav Mehta,1,1,1,111,3,Lost Customers
2863,152,8,1163325.9945,Aditya Malhotra,3,5,5,355,13,Loyal Customers
2864,39,6,925433.4865,Meera Malhotra,5,3,4,534,12,Potential Loyalists
2865,272,12,1202526.1485,Priya Malhotra,2,5,5,255,12,At Risk
2866,71,3,515688.801,Rohan Gill,4,1,2,412,7,New Customers
2867,171,6,577460.5095,Aditya Patel,2,3,2,232,7,Potential Loyalists
2868,60,13,1120136.5929999999,Neha Mehta,4,5,5,455,14,Champions
2869,153,4,827825.709,Priya Malhotra,3,2,4,324,9,Potential Loyalists
2870,22,6,705645.3355,Priya Mehta,5,3,3,533,11,Potential Loyalists
2871,98,6,902678.4355,Arjun Gill,3,3,4,334,10,Potential Loyalists
2872,23,7,1114477.7135,Aarav Sharma,5,4,5,545,14,Champions
2873,370,3,566052.6085,Rahul Gill,1,1,2,112,4,Lost Customers
2874,307,5,507138.01450000005,Simran Gill,1,2,2,122,5,Lost Customers
2875,312,5,458900.33150000003,Kabir Sharma,1,2,2,122,5,Lost Customers
2876,27,8,789374.167,Vihaan Mehta,5,5,4,554,14,Champions
2877,237,8,770875.3295,Arjun Mehta,2,5,3,253,10,At Risk
2878,221,4,589496.259,Aditya Gill,2,2,2,222,6,Lost Customers
2879,75,7,831255.3955,Priya Gill,4,4,4,444,12,Champions
2880,169,4,524328.2965,Ishita Sharma,2,2,2,222,6,Lost Customers
2881,703,6,827266.74,Simran Gupta,1,3,4,134,8,At Risk
2882,66,8,731318.401,Ananya Gupta,4,5,3,453,12,Loyal Customers
2883,344,2,109268.38399999999,Ishita Kumar,1,1,1,111,3,Lost Customers
2884,810,1,84546.012,Meera Malhotra,1,1,1,111,3,Lost Customers
2885,797,3,557252.5125,Ananya Patel,1,1,2,112,4,Lost Customers
2886,22,7,505203.256,Ananya Mehta,5,4,2,542,11,Loyal Customers
2887,64,6,688393.12,Rahul Verma,4,3,3,433,10,Potential Loyalists
2888,101,7,877980.8205,Rohan Patel,3,4,4,344,11,Loyal Customers
2889,7,7,803197.0335,Neha Mehta,5,4,4,544,13,Champions
2890,180,4,225977.12,Rahul Kumar,2,2,1,221,5,Lost Customers
2891,105,5,467107.392,Rohan Kaur,3,2,2,322,7,Potential Loyalists
2892,599,3,421023.066,Arjun Singh,1,1,1,111,3,Lost Customers
2893,37,4,498537.8225,Simran Verma,5,2,2,522,9,New Customers
2894,7,2,224073.58800000002,Aarav Mehta,5,1,1,511,7,New Customers
2895,395,9,1402135.386,Ishita Patel,1,5,5,155,11,At Risk
2896,9,7,1073187.365,Aarav Kaur,5,4,5,545,14,Champions
2897,20,9,862539.1575,Ananya Singh,5,5,4,554,14,Champions
2898,500,4,462442.64300000004,Aisha Kaur,1,2,2,122,5,Lost Customers
2899,353,8,950811.7725,Ananya Gupta,1,5,4,154,10,At Risk
2900,67,8,1396276.229,Arjun Mehta,4,5,5,455,14,Champions
2901,859,3,557758.6630000001,Karan Gill,1,1,2,112,4,Lost Customers
2902,270,6,1119715.5475,Rahul Patel,2,3,5,235,10,At Risk
2903,0,6,745878.1005000001,Rohan Malhotra,5,3,3,533,11,Potential Loyalists
2904,262,6,1024795.9835,Aisha Kumar,2,3,5,235,10,At Risk
2905,293,5,806850.8245,Vihaan Mehta,1,2,4,124,7,Lost Customers
2906,230,5,399884.267,Arjun Sharma,2,2,1,221,5,Lost Customers
2907,45,9,1040270.1849999999,Kabir Kaur,4,5,5,455,14,Champions
2908,41,9,678651.9925,Ananya Kumar,4,5,3,453,12,Loyal Customers
2909,162,4,635202.6780000001,Neha Malhotra,3,2,3,323,8,Potential Loyalists
2910,49,8,908287.9525,Priya Sharma,4,5,4,454,13,Champions
2911,16,5,733033.399,Rohan Singh,5,2,3,523,10,New Customers
2912,236,8,1063398.2635,Kabir Mehta,2,5,5,255,12,At Risk
2913,220,7,797963.544,Karan Kaur,2,4,4,244,10,At Risk
2914,291,7,961095.348,Neha Gill,1,4,4,144,9,At Risk
2915,109,9,1132942.726,Rahul Singh,3,5,5,355,13,Loyal Customers
2916,18,5,360529.1695,Neha Kaur,5,2,1,521,8,New Customers
2917,291,4,481935.745,Aditya Kumar,1,2,2,122,5,Lost Customers
2918,148,7,606012.769,Priya Patel,3,4,3,343,10,Loyal Customers
2919,201,7,909954.6605,Aarav Singh,2,4,4,244,10,At Risk
2920,80,7,942709.003,Kabir Patel,4,4,4,444,12,Champions
2921,120,11,1270368.232,Rahul Sharma,3,5,5,355,13,Loyal Customers
2922,106,5,671286.5835,Simran Mehta,3,2,3,323,8,Potential Loyalists
2923,14,9,659296.243,Rahul Gill,5,5,3,553,13,Loyal Customers
2924,101,6,501676.44,Neha Gill,3,3,2,332,8,Potential Loyalists
2925,36,9,825583.9724999999,Karan Gupta,5,5,4,554,14,Champions
2926,396,6,559191.324,Priya Gill,1,3,2,132,6,Potential Loyalists
2927,65,10,1078576.248,Simran Kumar,4,5,5,455,14,Champions
2928,1028,2,523116.9775,Rahul Sharma,1,1,2,112,4,Lost Customers
2929,59,5,801696.1845,Simran Malhotra,4,2,4,424,10,New Customers
2930,252,12,1042753.676,Aisha Gill,2,5,5,255,12,At Risk
2931,64,3,384891.2955,Simran Malhotra,4,1,1,411,6,New Customers
2932,384,6,654776.9915,Simran Patel,1,3,3,133,7,At Risk
2933,160,12,1380959.6845,Priya Verma,3,5,5,355,13,Loyal Customers
2934,435,3,591783.475,Aarav Singh,1,1,2,112,4,Lost Customers
2935,129,8,903137.455,Priya Gupta,3,5,4,354,12,Loyal Customers
2936,60,8,729400.373,Vihaan Kaur,4,5,3,453,12,Loyal Customers
2937,118,4,437419.8775,Simran Malhotra,3,2,2,322,7,Potential Loyalists
2938,87,7,927558.8465,Ishita Sharma,4,4,4,444,12,Champions
2939,22,7,640025.767,Arjun Mehta,5,4,3,543,12,Loyal Customers
2940,84,8,1060425.43,Simran Singh,4,5,5,455,14,Champions
2941,117,3,323289.0845,Aisha Singh,3,1,1,311,5,Potential Loyalists
2942,368,6,930673.729,Rahul Kumar,1,3,4,134,8,At Risk
2943,243,7,678379.2609999999,Arjun Kaur,2,4,3,243,9,At Risk
2944,139,6,418241.8795,Karan Patel,3,3,1,331,7,Potential Loyalists
2945,16,8,858207.124,Arjun Malhotra,5,5,4,554,14,Champions
2946,10,7,975896.3355,Ananya Mehta,5,4,4,544,13,Champions
2947,8,3,494080.77499999997,Simran Mehta,5,1,2,512,8,New Customers
2948,258,5,376918.683,Neha Sharma,2,2,1,221,5,Lost Customers
2949,6,5,606632.9525,Ananya Patel,5,2,3,523,10,New Customers
2950,52,7,773823.6065,Rahul Sharma,4,4,3,443,11,Loyal Customers
2951,166,10,1559390.781,Ishita Singh,2,5,5,255,12,At Risk
2952,90,7,1008398.782,Karan Malhotra,4,4,4,444,12,Champions
2953,24,3,239385.8795,Vihaan Gupta,5,1,1,511,7,New Customers
2954,341,7,864305.183,Aarav Gupta,1,4,4,144,9,At Risk
2955,111,5,469568.59400000004,Kabir Gupta,3,2,2,322,7,Potential Loyalists
2956,102,8,873814.66,Arjun Mehta,3,5,4,354,12,Loyal Customers
2957,301,5,496320.8365,Aarav Sharma,1,2,2,122,5,Lost Customers
2958,127,3,527928.9665,Ishita Kaur,3,1,2,312,6,Potential Loyalists
2959,308,7,599851.2440000001,Aditya Patel,1,4,2,142,7,Potential Loyalists
2960,207,4,603424.6485,Ananya Singh,2,2,2,222,6,Lost Customers
2961,609,6,762161.986,Ishita Malhotra,1,3,3,133,7,At Risk
2962,68,12,1786753.5135000001,Neha Malhotra,4,5,5,455,14,Champions
2963,232,5,828986.6495,Aditya Verma,2,2,4,224,8,Lost Customers
2964,126,9,1586380.26,Meera Sharma,3,5,5,355,13,Loyal Customers
2965,283,4,572462.255,Arjun Mehta,2,2,2,222,6,Lost Customers
2966,407,3,386100.894,Simran Singh,1,1,1,111,3,Lost Customers
2967,312,2,223885.518,Arjun Patel,1,1,1,111,3,Lost Customers
2968,135,6,470288.127,Priya Sharma,3,3,2,332,8,Potential Loyalists
2969,229,9,1397461.394,Meera Malhotra,2,5,5,255,12,At Risk
2970,228,6,1011686.164,Ananya Kumar,2,3,5,235,10,At Risk
2971,137,4,691033.534,Rahul Kumar,3,2,3,323,8,Potential Loyalists
2972,930,1,18902.232,Rohan Kaur,1,1,1,111,3,Lost Customers
2973,91,7,442401.65499999997,Aditya Kumar,4,4,2,442,10,Loyal Customers
2974,340,4,586326.478,Priya Gill,1,2,2,122,5,Lost Customers
2975,19,10,1241961.533,Ananya Kumar,5,5,5,555,15,Champions
2976,44,6,718218.7185,Ishita Gill,4,3,3,433,10,Potential Loyalists
2977,170,4,406975.89,Meera Sharma,2,2,1,221,5,Lost Customers
2978,55,8,931896.802,Priya Verma,4,5,4,454,13,Champions
2979,316,4,474508.43200000003,Ananya Sharma,1,2,2,122,5,Lost Customers
2980,38,8,1133240.989,Rahul Singh,5,5,5,555,15,Champions
2981,38,10,1377817.7485,Kabir Singh,5,5,5,555,15,Champions
2982,243,5,599655.818,Priya Malhotra,2,2,2,222,6,Lost Customers
2983,14,9,874387.8585000001,Vihaan Verma,5,5,4,554,14,Champions
2984,288,3,212292.8895,Karan Gupta,1,1,1,111,3,Lost Customers
2985,54,9,751429.893,Rahul Mehta,4,5,3,453,12,Loyal Customers
2986,3,8,1039604.52,Simran Gupta,5,5,5,555,15,Champions
2987,35,5,470801.08999999997,Kabir Gupta,5,2,2,522,9,New Customers
2988,134,6,897902.615,Karan Malhotra,3,3,4,334,10,Potential Loyalists
2989,207,6,456071.149,Aditya Kumar,2,3,2,232,7,Potential Loyalists
2990,50,4,662277.335,Rahul Gupta,4,2,3,423,9,New Customers
2991,114,6,538308.392,Neha Kaur,3,3,2,332,8,Potential Loyalists
2992,96,9,860315.157,Vihaan Malhotra,3,5,4,354,12,Loyal Customers
2993,528,5,626228.6465,Simran Gupta,1,2,3,123,6,Lost Customers
2994,61,7,572485.7150000001,Meera Verma,4,4,2,442,10,Loyal Customers
2995,93,12,2046851.9675,Vihaan Gupta,4,5,5,455,14,Champions
2996,10,9,712859.2245,Priya Mehta,5,5,3,553,13,Loyal Customers
2997,10,11,1391722.9494999999,Aisha Malhotra,5,5,5,555,15,Champions
2998,61,8,842328.023,Karan Kumar,4,5,4,454,13,Champions
2999,18,6,865865.4805,Aditya Gupta,5,3,4,534,12,Potential Loyalists
3000,583,3,493090.476,Arjun Verma,1,1,2,112,4,Lost Customers
3001,4,5,726286.791,Rohan Sharma,5,2,3,523,10,New Customers
3002,12,8,713284.9924999999,Simran Patel,5,5,3,553,13,Loyal Customers
3003,40,10,1137806.3155,Meera Singh,5,5,5,555,15,Champions
3004,176,4,260342.079,Rahul Sharma,2,2,1,221,5,Lost Customers
3005,47,10,1313454.666,Arjun Malhotra,4,5,5,455,14,Champions
3006,132,6,813304.3645,Meera Kumar,3,3,4,334,10,Potential Loyalists
3007,61,5,413188.29699999996,Aditya Sharma,4,2,1,421,7,New Customers
3008,87,5,528454.7755,Neha Kumar,4,2,2,422,8,New Customers
3009,69,8,995205.1545,Arjun Gupta,4,5,4,454,13,Champions
3010,167,6,415317.297,Simran Kaur,2,3,1,231,6,Potential Loyalists
3011,84,5,594614.367,Neha Patel,4,2,2,422,8,New Customers
3012,19,6,335854.0265,Neha Gill,5,3,1,531,9,Potential Loyalists
3013,273,8,714248.6615,Neha Patel,2,5,3,253,10,At Risk
3014,209,7,822430.5225,Meera Singh,2,4,4,244,10,At Risk
3015,14,6,1101353.0914999999,Kabir Kaur,5,3,5,535,13,Potential Loyalists
3016,130,5,523726.18049999996,Vihaan Kumar,3,2,2,322,7,Potential Loyalists
3017,257,4,332715.24450000003,Aarav Mehta,2,2,1,221,5,Lost Customers
3018,4,10,640712.3975,Arjun Kumar,5,5,3,553,13,Loyal Customers
3019,309,3,198168.661,Kabir Singh,1,1,1,111,3,Lost Customers
3020,222,7,904833.151,Kabir Patel,2,4,4,244,10,At Risk
3021,12,9,1290991.5605000001,Arjun Singh,5,5,5,555,15,Champions
3022,18,8,1142300.923,Rahul Singh,5,5,5,555,15,Champions
3023,96,11,1470623.1095,Meera Malhotra,3,5,5,355,13,Loyal Customers
3024,249,6,492870.0105,Karan Verma,2,3,2,232,7,Potential Loyalists
3025,24,10,1376895.0415,Rohan Gupta,5,5,5,555,15,Champions
3026,74,4,573285.0675,Rahul Gupta,4,2,2,422,8,New Customers
3027,106,7,725583.8865,Ishita Gill,3,4,3,343,10,Loyal Customers
3028,155,10,1334139.8865,Vihaan Malhotra,3,5,5,355,13,Loyal Customers
3029,360,6,647001.2609999999,Neha Gill,1,3,3,133,7,At Risk
3030,84,8,1003043.7275,Simran Kumar,4,5,4,454,13,Champions
3031,685,2,307743.848,Vihaan Malhotra,1,1,1,111,3,Lost Customers
3032,308,5,302588.995,Aditya Gupta,1,2,1,121,4,Lost Customers
3033,165,3,400630.035,Aarav Verma,2,1,1,211,4,Lost Customers
3034,261,5,861960.0755,Meera Singh,2,2,4,224,8,Lost Customers
3035,135,6,424036.491,Rahul Malhotra,3,3,1,331,7,Potential Loyalists
3036,118,7,756514.1025,Kabir Gupta,3,4,3,343,10,Loyal Customers
3037,99,8,726701.9685,Aisha Sharma,3,5,3,353,11,Loyal Customers
3038,206,4,549081.18,Rohan Kaur,2,2,2,222,6,Lost Customers
3039,22,9,967181.4739999999,Aisha Singh,5,5,4,554,14,Champions
3040,208,6,378506.8175,Aisha Gill,2,3,1,231,6,Potential Loyalists
3041,53,8,1079988.238,Rohan Verma,4,5,5,455,14,Champions
3042,148,6,823343.6105,Aditya Kaur,3,3,4,334,10,Potential Loyalists
3043,26,6,561880.247,Aditya Mehta,5,3,2,532,10,Potential Loyalists
3044,57,4,446377.085,Simran Gill,4,2,2,422,8,New Customers
3045,738,3,484071.169,Aarav Malhotra,1,1,2,112,4,Lost Customers
3046,14,6,922199.3825000001,Ananya Sharma,5,3,4,534,12,Potential Loyalists
3047,615,4,535284.862,Rahul Patel,1,2,2,122,5,Lost Customers
3048,349,9,852866.7189999999,Simran Kaur,1,5,4,154,10,At Risk
3049,280,8,974846.4305,Vihaan Verma,2,5,4,254,11,At Risk
3050,322,6,357202.54,Rohan Patel,1,3,1,131,5,Potential Loyalists
3051,7,6,625916.0179999999,Aisha Gill,5,3,3,533,11,Potential Loyalists
3052,5,6,448300.888,Priya Mehta,5,3,2,532,10,Potential Loyalists
3053,280,5,865951.398,Rahul Gill,2,2,4,224,8,Lost Customers
3054,48,4,256244.35950000002,Aisha Gill,4,2,1,421,7,New Customers
3055,31,11,1219909.7515,Aditya Sharma,5,5,5,555,15,Champions
3056,105,6,559162.811,Neha Malhotra,3,3,2,332,8,Potential Loyalists
3057,67,10,1100088.9015,Simran Mehta,4,5,5,455,14,Champions
3058,4,8,1441788.212,Rahul Kumar,5,5,5,555,15,Champions
3059,28,7,798121.5705,Kabir Singh,5,4,4,544,13,Champions
3060,34,5,343840.4765,Meera Kaur,5,2,1,521,8,New Customers
3061,98,8,658584.867,Aarav Kumar,3,5,3,353,11,Loyal Customers
3062,122,7,679062.283,Meera Malhotra,3,4,3,343,10,Loyal Customers
3063,116,11,1897337.8035,Aisha Gupta,3,5,5,355,13,Loyal Customers
3064,67,8,1197945.194,Aditya Verma,4,5,5,455,14,Champions
3065,213,6,439505.78400000004,Ishita Sharma,2,3,2,232,7,Potential Loyalists
3066,82,3,325258.92299999995,Rohan Malhotra,4,1,1,411,6,New Customers
3067,183,4,779082.1715,Priya Singh,2,2,3,223,7,Lost Customers
3068,364,5,679873.9535,Aisha Gupta,1,2,3,123,6,Lost Customers
3069,20,7,901476.447,Aisha Kumar,5,4,4,544,13,Champions
3070,4,11,1217148.824,Ishita Gupta,5,5,5,555,15,Champions
3071,43,4,507307.7525,Ananya Sharma,4,2,2,422,8,New Customers
3072,414,3,424092.073,Ishita Gupta,1,1,1,111,3,Lost Customers
3073,13,7,878194.335,Aisha Patel,5,4,4,544,13,Champions
3074,27,9,898971.1915,Neha Singh,5,5,4,554,14,Champions
3075,241,3,235879.253,Aisha Singh,2,1,1,211,4,Lost Customers
3076,31,9,922273.648,Simran Mehta,5,5,4,554,14,Champions
3077,655,3,346800.391,Vihaan Gill,1,1,1,111,3,Lost Customers
3078,360,3,475511.587,Vihaan Kaur,1,1,2,112,4,Lost Customers
3079,18,7,1175787.8355,Aarav Verma,5,4,5,545,14,Champions
3080,200,3,382939.73949999997,Neha Gill,2,1,1,211,4,Lost Customers
3081,340,5,733483.132,Karan Malhotra,1,2,3,123,6,Lost Customers
3082,17,6,832541.81,Aarav Kaur,5,3,4,534,12,Potential Loyalists
3083,15,6,772233.949,Rohan Verma,5,3,3,533,11,Potential Loyalists
3084,174,5,644432.7185,Vihaan Verma,2,2,3,223,7,Lost Customers
3085,73,8,1034761.2415,Meera Gupta,4,5,5,455,14,Champions
3086,263,8,723387.9824999999,Neha Gill,2,5,3,253,10,At Risk
3087,92,8,723085.327,Kabir Sharma,4,5,3,453,12,Loyal Customers
3088,70,5,423669.496,Aisha Singh,4,2,1,421,7,New Customers
3089,202,4,387331.0855,Vihaan Kumar,2,2,1,221,5,Lost Customers
3090,43,6,670942.011,Ishita Sharma,4,3,3,433,10,Potential Loyalists
3091,711,2,286021.8805,Ishita Kaur,1,1,1,111,3,Lost Customers
3092,7,5,458080.945,Arjun Kumar,5,2,2,522,9,New Customers
3093,46,3,549366.5505,Rahul Singh,4,1,2,412,7,New Customers
3094,5,8,486241.4705,Kabir Malhotra,5,5,2,552,12,Loyal Customers
3095,69,8,638358.896,Priya Sharma,4,5,3,453,12,Loyal Customers
3096,49,11,1405400.8695,Rahul Verma,4,5,5,455,14,Champions
3097,53,6,977304.0360000001,Meera Kaur,4,3,4,434,11,Potential Loyalists
3098,51,4,491771.082,Ishita Sharma,4,2,2,422,8,New Customers
3099,128,2,243320.6575,Neha Gill,3,1,1,311,5,Potential Loyalists
3100,725,5,461072.56200000003,Priya Mehta,1,2,2,122,5,Lost Customers
3101,254,7,734356.2965,Kabir Kumar,2,4,3,243,9,At Risk
3102,139,4,490493.554,Ishita Verma,3,2,2,322,7,Potential Loyalists
3103,104,8,682319.998,Karan Mehta,3,5,3,353,11,Loyal Customers
3104,6,6,947396.002,Simran Gupta,5,3,4,534,12,Potential Loyalists
3105,17,7,1021326.916,Vihaan Gupta,5,4,5,545,14,Champions
3106,50,3,387903.488,Rohan Gupta,4,1,1,411,6,New Customers
3107,5,4,827646.1965,Rahul Sharma,5,2,4,524,11,New Customers
3108,270,7,743203.287,Aarav Singh,2,4,3,243,9,At Risk
3109,78,11,1498705.7449999999,Simran Patel,4,5,5,455,14,Champions
3110,447,1,164005.52300000002,Neha Sharma,1,1,1,111,3,Lost Customers
3111,268,7,745295.4145,Rahul Gill,2,4,3,243,9,At Risk
3112,73,10,1027025.7324999999,Ishita Gupta,4,5,5,455,14,Champions
3113,22,3,278932.6495,Kabir Malhotra,5,1,1,511,7,New Customers
3114,48,10,1276640.816,Kabir Patel,4,5,5,455,14,Champions
3115,22,5,513995.6025,Ananya Gill,5,2,2,522,9,New Customers
3116,170,5,431461.8945,Kabir Kumar,2,2,2,222,6,Lost Customers
3117,283,9,825267.23,Ananya Malhotra,2,5,4,254,11,At Risk
3118,92,8,1060702.0015,Simran Mehta,4,5,5,455,14,Champions
3119,198,8,956184.4435,Aisha Verma,2,5,4,254,11,At Risk
3120,242,7,936164.318,Meera Kumar,2,4,4,244,10,At Risk
3121,453,7,476949.3815,Rohan Gill,1,4,2,142,7,Potential Loyalists
3122,17,4,735196.805,Priya Malhotra,5,2,3,523,10,New Customers
3123,670,5,492205.44049999997,Rahul Singh,1,2,2,122,5,Lost Customers
3124,125,6,833033.2435,Rohan Sharma,3,3,4,334,10,Potential Loyalists
3125,204,5,630740.095,Simran Kaur,2,2,3,223,7,Lost Customers
3126,58,8,1156946.6415,Aisha Malhotra,4,5,5,455,14,Champions
3127,82,5,902602.2505,Rahul Singh,4,2,4,424,10,New Customers
3128,102,6,709660.367,Aisha Verma,3,3,3,333,9,Potential Loyalists
3129,28,8,1163455.171,Aisha Malhotra,5,5,5,555,15,Champions
3130,38,4,398758.1095,Aditya Kumar,5,2,1,521,8,New Customers
3131,328,6,676241.091,Vihaan Gill,1,3,3,133,7,At Risk
3132,77,5,486667.90150000004,Ishita Sharma,4,2,2,422,8,New Customers
3133,91,7,823898.7495,Aarav Malhotra,4,4,4,444,12,Champions
3134,273,5,842959.4075,Arjun Sharma,2,2,4,224,8,Lost Customers
3135,391,5,489806.335,Arjun Singh,1,2,2,122,5,Lost Customers
3136,791,2,179853.45799999998,Aarav Singh,1,1,1,111,3,Lost Customers
3137,195,7,752921.91,Arjun Gupta,2,4,3,243,9,At Risk
3138,40,8,882972.013,Karan Verma,5,5,4,554,14,Champions
3139,467,7,788584.841,Ishita Gill,1,4,4,144,9,At Risk
3140,272,6,871182.514,Aarav Patel,2,3,4,234,9,At Risk
3141,10,8,937772.669,Aarav Mehta,5,5,4,554,14,Champions
3142,30,6,790892.103,Rahul Kaur,5,3,4,534,12,Potential Loyalists
3143,262,5,597708.075,Meera Verma,2,2,2,222,6,Lost Customers
3144,112,6,698014.487,Rohan Sharma,3,3,3,333,9,Potential Loyalists
3145,99,6,357175.182,Neha Verma,3,3,1,331,7,Potential Loyalists
3146,189,5,621414.5525,Aisha Gupta,2,2,3,223,7,Lost Customers
3147,6,9,1008767.0555,Arjun Kumar,5,5,4,554,14,Champions
3148,497,4,857677.5730000001,Arjun Kaur,1,2,4,124,7,Lost Customers
3149,171,7,797466.1915,Rohan Verma,2,4,4,244,10,At Risk
3150,141,4,386517.023,Karan Sharma,3,2,1,321,6,Potential Loyalists
3151,306,4,327122.199,Ananya Kaur,1,2,1,121,4,Lost Customers
3152,244,5,727116.585,Aisha Verma,2,2,3,223,7,Lost Customers
3153,316,5,373970.9105,Karan Mehta,1,2,1,121,4,Lost Customers
3154,37,5,482151.255,Vihaan Mehta,5,2,2,522,9,New Customers
3155,103,11,1461544.7785,Aditya Gupta,3,5,5,355,13,Loyal Customers
3156,141,3,432412.4435,Aarav Kaur,3,1,2,312,6,Potential Loyalists
3157,80,8,909877.156,Ishita Singh,4,5,4,454,13,Champions
3158,434,3,405455.7525,Vihaan Mehta,1,1,1,111,3,Lost Customers
3159,169,3,254823.109,Rahul Mehta,2,1,1,211,4,Lost Customers
3160,58,10,1507208.6835,Priya Malhotra,4,5,5,455,14,Champions
3161,50,4,501785.76599999995,Ishita Kaur,4,2,2,422,8,New Customers
3162,26,8,944206.5160000001,Arjun Kumar,5,5,4,554,14,Champions
3163,80,7,332827.626,Ananya Malhotra,4,4,1,441,9,Loyal Customers
3164,71,9,1254251.4115,Vihaan Verma,4,5,5,455,14,Champions
3165,198,7,547479.4785,Ishita Malhotra,2,4,2,242,8,Potential Loyalists
3166,267,2,374769.1765,Aarav Patel,2,1,1,211,4,Lost Customers
3167,103,4,536605.0545,Karan Gill,3,2,2,322,7,Potential Loyalists
3168,32,6,388844.3335,Karan Sharma,5,3,1,531,9,Potential Loyalists
3169,231,4,468178.0175,Simran Kaur,2,2,2,222,6,Lost Customers
3170,12,6,762699.6745000001,Simran Kaur,5,3,3,533,11,Potential Loyalists
3171,187,8,841735.8715,Vihaan Patel,2,5,4,254,11,At Risk
3172,29,5,803623.261,Rahul Patel,5,2,4,524,11,New Customers
3173,48,4,626924.039,Neha Singh,4,2,3,423,9,New Customers
3174,102,4,580372.0895,Meera Singh,3,2,2,322,7,Potential Loyalists
3175,305,10,920432.807,Rohan Gill,1,5,4,154,10,At Risk
3176,246,3,272886.9495,Simran Gill,2,1,1,211,4,Lost Customers
3177,45,2,84648.823,Aisha Malhotra,4,1,1,411,6,New Customers
3178,58,12,1573757.752,Ishita Patel,4,5,5,455,14,Champions
3179,129,5,677504.8095,Meera Gill,3,2,3,323,8,Potential Loyalists
3180,7,6,505540.20149999997,Aditya Gill,5,3,2,532,10,Potential Loyalists
3181,185,9,873670.8605,Priya Singh,2,5,4,254,11,At Risk
3182,167,6,711359.5915,Aisha Sharma,2,3,3,233,8,At Risk
3183,86,4,355453.88749999995,Vihaan Malhotra,4,2,1,421,7,New Customers
3184,515,6,782419.5865,Vihaan Malhotra,1,3,3,133,7,At Risk
3185,232,6,701167.1745,Aditya Verma,2,3,3,233,8,At Risk
3186,89,4,802232.5795,Karan Gill,4,2,4,424,10,New Customers
3187,201,8,1018568.6880000001,Ishita Gill,2,5,5,255,12,At Risk
3188,151,7,834468.3790000001,Ishita Kaur,3,4,4,344,11,Loyal Customers
3189,290,3,626667.0725,Karan Sharma,1,1,3,113,5,Lost Customers
3190,406,7,685561.5925,Rahul Kaur,1,4,3,143,8,At Risk
3191,13,7,898392.213,Neha Sharma,5,4,4,544,13,Champions
3192,145,8,1017140.8775,Priya Mehta,3,5,5,355,13,Loyal Customers
3193,236,6,793279.6105,Aditya Malhotra,2,3,4,234,9,At Risk
3194,45,6,733809.7085,Aditya Gupta,4,3,3,433,10,Potential Loyalists
3195,150,3,142689.71,Ananya Verma,3,1,1,311,5,Potential Loyalists
3196,106,7,946583.4655,Kabir Kumar,3,4,4,344,11,Loyal Customers
3197,100,10,1165413.8285,Aisha Verma,3,5,5,355,13,Loyal Customers
3198,249,9,1301398.396,Rohan Verma,2,5,5,255,12,At Risk
3199,124,9,1159147.922,Kabir Malhotra,3,5,5,355,13,Loyal Customers
3200,23,6,828242.6015,Neha Patel,5,3,4,534,12,Potential Loyalists
3201,360,9,911668.066,Rahul Gill,1,5,4,154,10,At Risk
3202,252,6,653584.466,Simran Gill,2,3,3,233,8,At Risk
3203,245,8,1177669.7825,Simran Verma,2,5,5,255,12,At Risk
3204,52,10,1000851.269,Simran Gupta,4,5,4,454,13,Champions
3205,126,8,1097495.193,Ananya Patel,3,5,5,355,13,Loyal Customers
3206,81,7,744503.372,Vihaan Sharma,4,4,3,443,11,Loyal Customers
3207,503,4,565528.4990000001,Neha Malhotra,1,2,2,122,5,Lost Customers
3208,395,9,1191647.217,Kabir Sharma,1,5,5,155,11,At Risk
3209,242,8,1537940.1775,Aditya Sharma,2,5,5,255,12,At Risk
3210,5,7,793555.2424999999,Aditya Singh,5,4,4,544,13,Champions
3211,344,5,634029.0175,Rohan Patel,1,2,3,123,6,Lost Customers
3212,798,3,615874.988,Rohan Gill,1,1,3,113,5,Lost Customers
3213,66,6,676510.408,Vihaan Verma,4,3,3,433,10,Potential Loyalists
3214,148,6,848338.137,Ananya Gupta,3,3,4,334,10,Potential Loyalists
3215,185,6,845776.27,Aisha Singh,2,3,4,234,9,At Risk
3216,244,5,684650.674,Rahul Gill,2,2,3,223,7,Lost Customers
3217,141,5,646175.9585,Simran Sharma,3,2,3,323,8,Potential Loyalists
3218,66,6,983106.419,Rohan Kaur,4,3,4,434,11,Potential Loyalists
3219,320,7,1074533.999,Rahul Kaur,1,4,5,145,10,At Risk
3220,206,6,572697.938,Rahul Sharma,2,3,2,232,7,Potential Loyalists
3221,134,6,587278.151,Aisha Mehta,3,3,2,332,8,Potential Loyalists
3222,238,5,314751.904,Kabir Mehta,2,2,1,221,5,Lost Customers
3223,384,1,156030.462,Simran Patel,1,1,1,111,3,Lost Customers
3224,241,5,495772.75549999997,Kabir Malhotra,2,2,2,222,6,Lost Customers
3225,31,5,725950.9605,Arjun Verma,5,2,3,523,10,New Customers
3226,298,6,752169.611,Neha Sharma,1,3,3,133,7,At Risk
3227,42,7,723907.3585,Priya Kumar,4,4,3,443,11,Loyal Customers
3228,138,5,994682.408,Priya Singh,3,2,4,324,9,Potential Loyalists
3229,99,6,686040.709,Aarav Patel,3,3,3,333,9,Potential Loyalists
3230,151,7,890195.5079999999,Priya Verma,3,4,4,344,11,Loyal Customers
3231,816,2,262103.05800000002,Aditya Gupta,1,1,1,111,3,Lost Customers
3232,406,3,319078.74049999996,Kabir Mehta,1,1,1,111,3,Lost Customers
3233,1,7,905507.5025000001,Meera Gupta,5,4,4,544,13,Champions
3234,0,9,906639.426,Rohan Malhotra,5,5,4,554,14,Champions
3235,202,8,688590.754,Arjun Malhotra,2,5,3,253,10,At Risk
3236,166,10,1262448.561,Meera Kaur,2,5,5,255,12,At Risk
3237,219,3,77847.578,Ananya Kaur,2,1,1,211,4,Lost Customers
3238,75,8,1286738.4845,Aarav Verma,4,5,5,455,14,Champions
3239,95,4,661324.6365,Rahul Gupta,3,2,3,323,8,Potential Loyalists
3240,248,3,505608.363,Rohan Sharma,2,1,2,212,5,Lost Customers
3241,2,9,1079585.3795,Priya Mehta,5,5,5,555,15,Champions
3242,119,5,374886.3055,Karan Patel,3,2,1,321,6,Potential Loyalists
3243,226,7,611711.7175,Karan Kaur,2,4,3,243,9,At Risk
3244,151,4,386730.873,Rohan Kaur,3,2,1,321,6,Potential Loyalists
3245,210,10,1116938.3315,Neha Malhotra,2,5,5,255,12,At Risk
3246,565,4,653363.0835,Aarav Malhotra,1,2,3,123,6,Lost Customers
3247,225,8,930500.499,Priya Mehta,2,5,4,254,11,At Risk
3248,292,5,932023.984,Vihaan Mehta,1,2,4,124,7,Lost Customers
3249,169,6,634973.0655,Ishita Sharma,2,3,3,233,8,At Risk
3250,69,7,876947.5445,Ananya Gill,4,4,4,444,12,Champions
3251,4,10,1548460.48,Arjun Verma,5,5,5,555,15,Champions
3252,78,10,1672737.2195,Priya Gupta,4,5,5,455,14,Champions
3253,27,3,347902.6365,Vihaan Kaur,5,1,1,511,7,New Customers
3254,128,7,1231242.5075,Aisha Gill,3,4,5,345,12,Loyal Customers
3255,23,11,1348728.742,Aditya Verma,5,5,5,555,15,Champions
3256,63,7,898289.4625,Vihaan Kaur,4,4,4,444,12,Champions
3257,155,6,777892.1755,Ananya Patel,3,3,3,333,9,Potential Loyalists
3258,227,6,909612.4695,Ananya Singh,2,3,4,234,9,At Risk
3259,40,5,543033.2765,Aarav Kaur,5,2,2,522,9,New Customers
3260,18,9,1092572.019,Aarav Patel,5,5,5,555,15,Champions
3261,71,8,999432.0675,Aisha Malhotra,4,5,4,454,13,Champions
3262,206,6,934487.4015,Karan Patel,2,3,4,234,9,At Risk
3263,61,2,243700.57,Kabir Kaur,4,1,1,411,6,New Customers
3264,413,5,590861.329,Aisha Patel,1,2,2,122,5,Lost Customers
3265,156,3,439671.53599999996,Kabir Sharma,3,1,2,312,6,Potential Loyalists
3266,109,8,1058760.626,Ananya Mehta,3,5,5,355,13,Loyal Customers
3267,102,6,598708.1585,Priya Malhotra,3,3,2,332,8,Potential Loyalists
3268,178,6,645592.0475,Neha Sharma,2,3,3,233,8,At Risk
3269,9,7,741672.601,Aditya Kumar,5,4,3,543,12,Loyal Customers
3270,174,2,394860.648,Arjun Mehta,2,1,1,211,4,Lost Customers
3271,54,8,954443.213,Ishita Gill,4,5,4,454,13,Champions
3272,185,7,632562.648,Aisha Gill,2,4,3,243,9,At Risk
3273,283,4,407067.94,Aditya Kumar,2,2,1,221,5,Lost Customers
3274,166,6,636892.795,Aarav Gill,2,3,3,233,8,At Risk
3275,425,4,277438.6145,Karan Singh,1,2,1,121,4,Lost Customers
3276,1020,1,153247.618,Arjun Gill,1,1,1,111,3,Lost Customers
3277,25,4,539501.838,Priya Kaur,5,2,2,522,9,New Customers
3278,270,5,392415.1805,Arjun Mehta,2,2,1,221,5,Lost Customers
3279,44,1,16029.819,Arjun Gill,4,1,1,411,6,New Customers
3280,76,7,686226.5345,Rahul Singh,4,4,3,443,11,Loyal Customers
3281,82,4,797818.03,Ananya Sharma,4,2,4,424,10,New Customers
3282,40,12,1608854.9455000001,Neha Kumar,5,5,5,555,15,Champions
3283,89,9,995560.4615,Aditya Gill,4,5,4,454,13,Champions
3284,206,10,1104393.3405,Vihaan Malhotra,2,5,5,255,12,At Risk
3285,19,5,592341.374,Priya Gupta,5,2,2,522,9,New Customers
3286,128,4,427039.172,Arjun Singh,3,2,2,322,7,Potential Loyalists
3287,380,8,915392.444,Priya Malhotra,1,5,4,154,10,At Risk
3288,89,8,947906.6135,Kabir Kaur,4,5,4,454,13,Champions
3289,395,4,549525.428,Ishita Gill,1,2,2,122,5,Lost Customers
3290,280,4,396844.884,Meera Verma,2,2,1,221,5,Lost Customers
3291,93,4,715770.9519999999,Meera Gill,4,2,3,423,9,New Customers
3292,160,7,613969.576,Ishita Sharma,3,4,3,343,10,Loyal Customers
3293,607,3,912328.047,Kabir Gupta,1,1,4,114,6,Lost Customers
3294,57,8,928117.1649999999,Simran Patel,4,5,4,454,13,Champions
3295,72,5,689980.1135,Ishita Sharma,4,2,3,423,9,New Customers
3296,111,5,694547.5190000001,Kabir Mehta,3,2,3,323,8,Potential Loyalists
3297,179,6,652092.184,Ananya Kaur,2,3,3,233,8,At Risk
3298,55,9,1002111.311,Aditya Sharma,4,5,4,454,13,Champions
3299,144,7,702397.6125,Karan Singh,3,4,3,343,10,Loyal Customers
3300,93,6,743303.775,Rahul Kumar,4,3,3,433,10,Potential Loyalists
3301,73,6,509476.3435,Rohan Patel,4,3,2,432,9,Potential Loyalists
3302,104,4,577518.8865,Meera Gupta,3,2,2,322,7,Potential Loyalists
3303,118,4,221553.0435,Aarav Gill,3,2,1,321,6,Potential Loyalists
3304,607,5,851063.8445,Rohan Verma,1,2,4,124,7,Lost Customers
3305,94,9,1265942.8235,Karan Gill,4,5,5,455,14,Champions
3306,460,2,294594.145,Ishita Kaur,1,1,1,111,3,Lost Customers
3307,193,5,465021.419,Kabir Gupta,2,2,2,222,6,Lost Customers
3308,25,7,1056568.4449999998,Aarav Malhotra,5,4,5,545,14,Champions
3309,722,1,134107.80349999998,Aarav Kumar,1,1,1,111,3,Lost Customers
3310,218,6,672336.506,Arjun Mehta,2,3,3,233,8,At Risk
3311,229,8,1035294.549,Kabir Verma,2,5,5,255,12,At Risk
3312,62,7,623895.8795,Aisha Patel,4,4,3,443,11,Loyal Customers
3313,36,7,837864.9539999999,Ishita Singh,5,4,4,544,13,Champions
3314,71,9,1044772.941,Arjun Kumar,4,5,5,455,14,Champions
3315,89,6,541581.1725,Vihaan Sharma,4,3,2,432,9,Potential Loyalists
3316,89,12,1469370.9865,Arjun Sharma,4,5,5,455,14,Champions
3317,111,4,591850.7805,Karan Gupta,3,2,2,322,7,Potential Loyalists
3318,329,7,1747480.7195,Meera Kumar,1,4,5,145,10,At Risk
3319,75,10,1242736.0255,Kabir Patel,4,5,5,455,14,Champions
3320,286,3,425559.4875,Ananya Gupta,2,1,2,212,5,Lost Customers
3321,148,4,429239.10799999995,Simran Sharma,3,2,2,322,7,Potential Loyalists
3322,324,6,440049.041,Kabir Mehta,1,3,2,132,6,Potential Loyalists
3323,99,9,1057140.2334999999,Ishita Kaur,3,5,5,355,13,Loyal Customers
3324,257,7,823691.735,Simran Kumar,2,4,4,244,10,At Risk
3325,245,3,486123.191,Aarav Sharma,2,1,2,212,5,Lost Customers
3326,16,5,551112.5745,Arjun Gupta,5,2,2,522,9,New Customers
3327,319,7,1167416.129,Aisha Singh,1,4,5,145,10,At Risk
3328,87,9,797501.713,Priya Mehta,4,5,4,454,13,Champions
3329,196,8,717119.854,Meera Gupta,2,5,3,253,10,At Risk
3330,14,8,1183658.8745,Ishita Gill,5,5,5,555,15,Champions
3331,308,8,819570.7195,Vihaan Singh,1,5,4,154,10,At Risk
3332,24,8,929795.106,Ananya Gill,5,5,4,554,14,Champions
3333,15,1,154624.309,Neha Verma,5,1,1,511,7,New Customers
3334,166,3,129265.6855,Vihaan Mehta,2,1,1,211,4,Lost Customers
3335,214,8,1043775.6535,Rahul Gill,2,5,5,255,12,At Risk
3336,8,5,424710.062,Arjun Kaur,5,2,1,521,8,New Customers
3337,102,7,1402057.8835,Karan Mehta,3,4,5,345,12,Loyal Customers
3338,3,6,744890.169,Aisha Patel,5,3,3,533,11,Potential Loyalists
3339,452,3,265114.984,Ananya Gill,1,1,1,111,3,Lost Customers
3340,226,11,1561946.27,Arjun Gupta,2,5,5,255,12,At Risk
3341,192,3,535082.418,Vihaan Mehta,2,1,2,212,5,Lost Customers
3342,82,7,801963.9445,Arjun Singh,4,4,4,444,12,Champions
3343,223,2,338759.4005,Priya Gupta,2,1,1,211,4,Lost Customers
3344,161,4,455304.322,Rohan Gill,3,2,2,322,7,Potential Loyalists
3345,21,4,419085.84300000005,Karan Sharma,5,2,1,521,8,New Customers
3346,29,6,702028.4434999999,Ishita Singh,5,3,3,533,11,Potential Loyalists
3347,60,10,1053252.791,Kabir Singh,4,5,5,455,14,Champions
3348,226,4,375333.7455,Ananya Mehta,2,2,1,221,5,Lost Customers
3349,66,5,649557.12,Aarav Sharma,4,2,3,423,9,New Customers
3350,22,6,382551.2515,Karan Patel,5,3,1,531,9,Potential Loyalists
3351,51,10,1234055.852,Ishita Kumar,4,5,5,455,14,Champions
3352,96,5,454738.0215,Ananya Verma,3,2,2,322,7,Potential Loyalists
3353,77,7,642182.5495,Simran Mehta,4,4,3,443,11,Loyal Customers
3354,216,6,523980.5565,Simran Malhotra,2,3,2,232,7,Potential Loyalists
3355,584,3,248193.86299999998,Priya Sharma,1,1,1,111,3,Lost Customers
3356,63,8,1081735.505,Vihaan Singh,4,5,5,455,14,Champions
3357,294,3,519772.92350000003,Arjun Patel,1,1,2,112,4,Lost Customers
3358,51,6,316662.7415,Kabir Mehta,4,3,1,431,8,Potential Loyalists
3359,426,4,537196.7335,Rohan Verma,1,2,2,122,5,Lost Customers
3360,45,7,859186.2324999999,Kabir Gupta,4,4,4,444,12,Champions
3361,293,4,409829.623,Ishita Gill,1,2,1,121,4,Lost Customers
3362,104,5,886534.1535,Meera Gupta,3,2,4,324,9,Potential Loyalists
3363,18,6,1150115.5415,Simran Gupta,5,3,5,535,13,Potential Loyalists
3364,28,10,1030078.3805,Kabir Malhotra,5,5,5,555,15,Champions
3365,51,3,391673.2635,Kabir Patel,4,1,1,411,6,New Customers
3366,126,5,432475.903,Simran Malhotra,3,2,2,322,7,Potential Loyalists
3367,2,6,824684.5995,Aditya Malhotra,5,3,4,534,12,Potential Loyalists
3368,2,7,728558.326,Ananya Sharma,5,4,3,543,12,Loyal Customers
3369,47,7,885341.746,Karan Kaur,4,4,4,444,12,Champions
3370,493,6,673957.5449999999,Rahul Sharma,1,3,3,133,7,At Risk
3371,127,4,331120.1875,Vihaan Singh,3,2,1,321,6,Potential Loyalists
3372,64,5,291629.526,Ishita Kumar,4,2,1,421,7,New Customers
3373,115,5,521471.5735,Karan Verma,3,2,2,322,7,Potential Loyalists
3374,131,4,257645.7375,Aarav Gupta,3,2,1,321,6,Potential Loyalists
3375,457,2,272545.307,Rahul Patel,1,1,1,111,3,Lost Customers
3376,721,4,339783.38300000003,Aisha Gupta,1,2,1,121,4,Lost Customers
3377,588,4,777169.647,Ananya Singh,1,2,3,123,6,Lost Customers
3378,325,4,587532.304,Meera Gupta,1,2,2,122,5,Lost Customers
3379,23,7,902887.8085,Rahul Singh,5,4,4,544,13,Champions
3380,39,6,702878.166,Aisha Malhotra,5,3,3,533,11,Potential Loyalists
3381,111,3,380690.9395,Simran Malhotra,3,1,1,311,5,Potential Loyalists
3382,93,5,391559.249,Arjun Gupta,4,2,1,421,7,New Customers
3383,147,5,588040.7435,Simran Singh,3,2,2,322,7,Potential Loyalists
3384,18,7,552465.758,Neha Verma,5,4,2,542,11,Loyal Customers
3385,321,1,173009.392,Ananya Malhotra,1,1,1,111,3,Lost Customers
3386,108,5,584367.526,Meera Gill,3,2,2,322,7,Potential Loyalists
3387,16,8,975514.0695,Ananya Gupta,5,5,4,554,14,Champions
3388,149,5,240423.60499999998,Rohan Sharma,3,2,1,321,6,Potential Loyalists
3389,121,10,1298746.2435,Meera Gill,3,5,5,355,13,Loyal Customers
3390,6,7,815110.677,Vihaan Verma,5,4,4,544,13,Champions
3391,9,9,1101978.1795,Karan Singh,5,5,5,555,15,Champions
3392,161,9,673260.2595,Ishita Gill,3,5,3,353,11,Loyal Customers
3393,365,4,602274.291,Vihaan Verma,1,2,2,122,5,Lost Customers
3394,109,7,935010.834,Rohan Patel,3,4,4,344,11,Loyal Customers
3395,32,13,1271575.838,Aarav Sharma,5,5,5,555,15,Champions
3396,161,6,487176.30850000004,Kabir Sharma,3,3,2,332,8,Potential Loyalists
3397,26,8,759739.7315,Aisha Malhotra,5,5,3,553,13,Loyal Customers
3398,310,10,1047949.846,Aarav Patel,1,5,5,155,11,At Risk
3399,112,8,909959.089,Ishita Gupta,3,5,4,354,12,Loyal Customers
3400,658,2,449242.076,Aisha Mehta,1,1,2,112,4,Lost Customers
3401,270,4,414497.053,Aisha Gupta,2,2,1,221,5,Lost Customers
3402,6,6,775971.662,Rahul Kaur,5,3,3,533,11,Potential Loyalists
3403,236,7,840644.232,Neha Verma,2,4,4,244,10,At Risk
3404,141,5,471426.1585,Rohan Gupta,3,2,2,322,7,Potential Loyalists
3405,217,7,1017245.685,Ananya Gill,2,4,5,245,11,At Risk
3406,413,7,909402.4905000001,Meera Verma,1,4,4,144,9,At Risk
3407,473,4,213507.4205,Kabir Gupta,1,2,1,121,4,Lost Customers
3408,28,4,772374.692,Meera Mehta,5,2,3,523,10,New Customers
3409,10,4,605218.2089999999,Ananya Singh,5,2,3,523,10,New Customers
3410,102,6,659062.5435,Kabir Gupta,3,3,3,333,9,Potential Loyalists
3411,144,4,545567.096,Simran Malhotra,3,2,2,322,7,Potential Loyalists
3412,158,5,706045.878,Arjun Mehta,3,2,3,323,8,Potential Loyalists
3413,38,11,1422259.175,Vihaan Singh,5,5,5,555,15,Champions
3414,84,8,775364.954,Karan Sharma,4,5,3,453,12,Loyal Customers
3415,134,3,693823.161,Aisha Gupta,3,1,3,313,7,Potential Loyalists
3416,8,7,718404.956,Kabir Singh,5,4,3,543,12,Loyal Customers
3417,246,2,336708.443,Vihaan Mehta,2,1,1,211,4,Lost Customers
3418,32,5,229972.111,Meera Gill,5,2,1,521,8,New Customers
3419,372,9,929340.9015,Simran Patel,1,5,4,154,10,At Risk
3420,0,8,953023.206,Aditya Kaur,5,5,4,554,14,Champions
3421,20,9,1682063.8199999998,Simran Patel,5,5,5,555,15,Champions
3422,73,7,748637.17,Aarav Verma,4,4,3,443,11,Loyal Customers
3423,291,5,350892.71,Priya Mehta,1,2,1,121,4,Lost Customers
3424,668,3,301657.206,Ishita Singh,1,1,1,111,3,Lost Customers
3425,54,5,807231.4435,Neha Mehta,4,2,4,424,10,New Customers
3426,382,5,786655.9355,Priya Gill,1,2,4,124,7,Lost Customers
3427,13,6,619730.718,Aisha Kumar,5,3,3,533,11,Potential Loyalists
3428,210,3,500628.532,Karan Kaur,2,1,2,212,5,Lost Customers
3429,79,8,1091695.579,Priya Kaur,4,5,5,455,14,Champions
3430,134,3,416877.6995,Priya Malhotra,3,1,1,311,5,Potential Loyalists
3431,15,12,955658.3085,Vihaan Sharma,5,5,4,554,14,Champions
3432,54,9,900915.4935,Rahul Gill,4,5,4,454,13,Champions
3433,639,2,154336.52,Aditya Gill,1,1,1,111,3,Lost Customers
3434,262,7,1119825.7255,Aarav Sharma,2,4,5,245,11,At Risk
3435,66,5,595552.61,Karan Mehta,4,2,2,422,8,New Customers
3436,17,9,1262289.1145,Rohan Kaur,5,5,5,555,15,Champions
3437,57,6,724570.3545,Aditya Gupta,4,3,3,433,10,Potential Loyalists
3438,202,9,805636.7895000001,Ishita Malhotra,2,5,4,254,11,At Risk
3439,38,9,1435423.1035,Ananya Gill,5,5,5,555,15,Champions
3440,0,10,1553789.7145,Aarav Patel,5,5,5,555,15,Champions
3441,29,3,268018.50549999997,Kabir Malhotra,5,1,1,511,7,New Customers
3442,164,8,834859.314,Ishita Malhotra,3,5,4,354,12,Loyal Customers
3443,160,6,867793.6505,Ananya Malhotra,3,3,4,334,10,Potential Loyalists
3444,390,5,604234.351,Aditya Patel,1,2,2,122,5,Lost Customers
3445,500,2,237017.0455,Arjun Gupta,1,1,1,111,3,Lost Customers
3446,268,2,314742.0525,Rahul Kumar,2,1,1,211,4,Lost Customers
3447,491,1,33893.365,Meera Gupta,1,1,1,111,3,Lost Customers
3448,48,7,730417.063,Ishita Malhotra,4,4,3,443,11,Loyal Customers
3449,160,6,684331.033,Simran Kumar,3,3,3,333,9,Potential Loyalists
3450,440,3,268350.75,Arjun Malhotra,1,1,1,111,3,Lost Customers
3451,1,7,612034.2660000001,Neha Gill,5,4,3,543,12,Loyal Customers
3452,243,4,631638.631,Meera Gill,2,2,3,223,7,Lost Customers
3453,148,9,1208449.281,Aarav Singh,3,5,5,355,13,Loyal Customers
3454,103,7,465518.4995,Neha Sharma,3,4,2,342,9,Loyal Customers
3455,71,7,878710.02,Karan Verma,4,4,4,444,12,Champions
3456,69,3,180925.34,Simran Gill,4,1,1,411,6,New Customers
3457,19,5,632543.9325,Aarav Malhotra,5,2,3,523,10,New Customers
3458,25,7,1014775.9325,Rahul Singh,5,4,5,545,14,Champions
3459,316,5,332012.5005,Neha Patel,1,2,1,121,4,Lost Customers
3460,522,2,301331.6405,Aisha Mehta,1,1,1,111,3,Lost Customers
3461,21,6,955593.675,Vihaan Patel,5,3,4,534,12,Potential Loyalists
3462,196,6,501284.84050000005,Ishita Singh,2,3,2,232,7,Potential Loyalists
3463,8,4,634558.097,Karan Verma,5,2,3,523,10,New Customers
3464,187,6,726492.9185,Rohan Gill,2,3,3,233,8,At Risk
3465,97,7,842828.6865,Aarav Sharma,3,4,4,344,11,Loyal Customers
3466,88,12,1501454.303,Aditya Singh,4,5,5,455,14,Champions
3467,16,4,577595.881,Aditya Singh,5,2,2,522,9,New Customers
3468,56,5,1074503.3855,Aarav Mehta,4,2,5,425,11,New Customers
3469,105,3,597381.9615,Aisha Gill,3,1,2,312,6,Potential Loyalists
3470,39,6,462198.65249999997,Rohan Malhotra,5,3,2,532,10,Potential Loyalists
3471,395,3,150864.818,Aditya Malhotra,1,1,1,111,3,Lost Customers
3472,20,4,346063.4005,Kabir Verma,5,2,1,521,8,New Customers
3473,158,6,352439.161,Simran Verma,3,3,1,331,7,Potential Loyalists
3474,29,4,287431.364,Aisha Gill,5,2,1,521,8,New Customers
3475,305,7,1028392.3315,Aisha Gill,1,4,5,145,10,At Risk
3476,108,6,450261.203,Ishita Singh,3,3,2,332,8,Potential Loyalists
3477,98,9,1108703.923,Kabir Sharma,3,5,5,355,13,Loyal Customers
3478,170,8,1237175.448,Karan Malhotra,2,5,5,255,12,At Risk
3479,358,7,753259.0395,Arjun Malhotra,1,4,3,143,8,At Risk
3480,360,2,428631.124,Arjun Mehta,1,1,2,112,4,Lost Customers
3481,283,6,648290.3825,Arjun Mehta,2,3,3,233,8,At Risk
3482,11,9,795415.1045,Priya Kaur,5,5,4,554,14,Champions
3483,129,8,1118370.739,Aisha Singh,3,5,5,355,13,Loyal Customers
3484,57,3,403884.588,Aditya Singh,4,1,1,411,6,New Customers
3485,202,6,246420.1785,Kabir Kaur,2,3,1,231,6,Potential Loyalists
3486,279,7,933518.0295000001,Simran Gill,2,4,4,244,10,At Risk
3487,207,5,337468.01,Meera Patel,2,2,1,221,5,Lost Customers
3488,53,10,835894.81,Priya Gupta,4,5,4,454,13,Champions
3489,34,4,384478.8945,Rahul Malhotra,5,2,1,521,8,New Customers
3490,311,4,457490.747,Kabir Patel,1,2,2,122,5,Lost Customers
3491,84,8,834790.9915,Meera Sharma,4,5,4,454,13,Champions
3492,61,11,1112772.456,Neha Patel,4,5,5,455,14,Champions
3493,150,8,783843.3415,Kabir Kumar,3,5,3,353,11,Loyal Customers
3494,121,4,505481.7545,Simran Kaur,3,2,2,322,7,Potential Loyalists
3495,159,9,1071261.504,Aarav Singh,3,5,5,355,13,Loyal Customers
3496,113,3,152659.66300000003,Kabir Gupta,3,1,1,311,5,Potential Loyalists
3497,119,6,832005.7045,Rahul Singh,3,3,4,334,10,Potential Loyalists
3498,175,8,1180853.1955,Karan Singh,2,5,5,255,12,At Risk
3499,196,4,546222.71,Arjun Singh,2,2,2,222,6,Lost Customers
3500,14,12,1619143.7589999998,Ishita Mehta,5,5,5,555,15,Champions
3501,882,2,71603.9645,Kabir Verma,1,1,1,111,3,Lost Customers
3502,18,7,514062.7955,Vihaan Mehta,5,4,2,542,11,Loyal Customers
3503,22,5,545090.8345,Aarav Sharma,5,2,2,522,9,New Customers
3504,87,6,513468.9175,Priya Sharma,4,3,2,432,9,Potential Loyalists
3505,77,7,1087946.542,Neha Malhotra,4,4,5,445,13,Champions
3506,62,9,968152.6200000001,Vihaan Kaur,4,5,4,454,13,Champions
3507,127,7,859717.2805,Ishita Verma,3,4,4,344,11,Loyal Customers
3508,42,7,1031982.287,Aditya Mehta,4,4,5,445,13,Champions
3509,19,11,1275122.303,Karan Kumar,5,5,5,555,15,Champions
3510,80,7,1046439.0635,Neha Singh,4,4,5,445,13,Champions
3511,49,12,1796167.071,Kabir Patel,4,5,5,455,14,Champions
3512,43,9,939015.5175,Karan Gupta,4,5,4,454,13,Champions
3513,123,7,1186069.3095,Aditya Malhotra,3,4,5,345,12,Loyal Customers
3514,636,2,138676.353,Simran Sharma,1,1,1,111,3,Lost Customers
3515,64,8,787277.7045,Aarav Verma,4,5,4,454,13,Champions
3516,215,6,291272.4735,Meera Gupta,2,3,1,231,6,Potential Loyalists
3517,2,9,932377.313,Simran Gupta,5,5,4,554,14,Champions
3518,553,3,348180.32999999996,Neha Gupta,1,1,1,111,3,Lost Customers
3519,2,8,1200329.061,Rohan Patel,5,5,5,555,15,Champions
3520,322,11,1608034.4965,Meera Sharma,1,5,5,155,11,At Risk
3521,75,3,331883.265,Rohan Singh,4,1,1,411,6,New Customers
3522,174,11,1091359.373,Ananya Kaur,2,5,5,255,12,At Risk
3523,7,5,725792.1995,Neha Patel,5,2,3,523,10,New Customers
3524,399,4,341257.9735,Meera Sharma,1,2,1,121,4,Lost Customers
3525,69,7,906639.6065,Arjun Mehta,4,4,4,444,12,Champions
3526,856,1,190307.73599999998,Kabir Patel,1,1,1,111,3,Lost Customers
3527,70,4,377709.724,Aarav Kaur,4,2,1,421,7,New Customers
3528,31,8,969113.698,Meera Gill,5,5,4,554,14,Champions
3529,636,1,146129.688,Meera Singh,1,1,1,111,3,Lost Customers
3530,157,10,1345657.2575,Kabir Mehta,3,5,5,355,13,Loyal Customers
3531,452,3,349473.404,Aarav Kaur,1,1,1,111,3,Lost Customers
3532,105,14,1550714.0505,Rohan Singh,3,5,5,355,13,Loyal Customers
3533,163,6,562152.126,Aisha Gill,3,3,2,332,8,Potential Loyalists
3534,605,4,299906.939,Aarav Mehta,1,2,1,121,4,Lost Customers
3535,368,7,646162.0025,Aisha Mehta,1,4,3,143,8,At Risk
3536,83,6,697775.7345,Neha Patel,4,3,3,433,10,Potential Loyalists
3537,48,7,1085079.0374999999,Priya Singh,4,4,5,445,13,Champions
3538,145,6,696152.4115,Priya Gill,3,3,3,333,9,Potential Loyalists
3539,37,6,704234.691,Meera Gill,5,3,3,533,11,Potential Loyalists
3540,228,11,1051815.1035,Kabir Sharma,2,5,5,255,12,At Risk
3541,4,9,868807.0539999999,Arjun Singh,5,5,4,554,14,Champions
3542,78,11,1783558.725,Vihaan Patel,4,5,5,455,14,Champions
3543,26,8,789443.228,Aisha Kumar,5,5,4,554,14,Champions
3544,216,9,855271.172,Kabir Sharma,2,5,4,254,11,At Risk
3545,47,5,633211.037,Aarav Verma,4,2,3,423,9,New Customers
3546,4,7,1025848.3555000001,Priya Sharma,5,4,5,545,14,Champions
3547,254,6,1209166.073,Arjun Malhotra,2,3,5,235,10,At Risk
3548,173,7,670147.4695,Aditya Sharma,2,4,3,243,9,At Risk
3549,423,7,1053989.297,Meera Kaur,1,4,5,145,10,At Risk
3550,21,5,525825.745,Aditya Gill,5,2,2,522,9,New Customers
3551,9,10,1799645.239,Rahul Mehta,5,5,5,555,15,Champions
3552,58,7,839767.017,Rohan Sharma,4,4,4,444,12,Champions
3553,468,6,705894.6384999999,Arjun Mehta,1,3,3,133,7,At Risk
3554,291,2,329380.876,Kabir Verma,1,1,1,111,3,Lost Customers
3555,44,7,832833.4795,Simran Gupta,4,4,4,444,12,Champions
3556,332,11,1316084.8625,Priya Gill,1,5,5,155,11,At Risk
3557,110,5,281564.2,Rohan Singh,3,2,1,321,6,Potential Loyalists
3558,48,8,920219.6815,Priya Verma,4,5,4,454,13,Champions
3559,116,6,609587.684,Priya Malhotra,3,3,3,333,9,Potential Loyalists
3560,172,5,512828.556,Aarav Kaur,2,2,2,222,6,Lost Customers
3561,53,3,555239.462,Karan Kumar,4,1,2,412,7,New Customers
3562,110,7,1267853.282,Neha Patel,3,4,5,345,12,Loyal Customers
3563,166,5,865614.9275,Rohan Gill,2,2,4,224,8,Lost Customers
3564,54,6,653288.0935,Aditya Kaur,4,3,3,433,10,Potential Loyalists
3565,15,9,1808265.1285,Rahul Kaur,5,5,5,555,15,Champions
3566,98,5,314045.0175,Rohan Patel,3,2,1,321,6,Potential Loyalists
3567,123,4,259154.0855,Karan Sharma,3,2,1,321,6,Potential Loyalists
3568,52,7,647235.428,Arjun Patel,4,4,3,443,11,Loyal Customers
3569,188,7,967927.4575,Kabir Kumar,2,4,4,244,10,At Risk
3570,328,4,421340.0765,Priya Gill,1,2,1,121,4,Lost Customers
3571,170,6,622638.7275,Simran Gill,2,3,3,233,8,At Risk
3572,212,6,561827.7864999999,Ananya Singh,2,3,2,232,7,Potential Loyalists
3573,186,6,700214.0055,Vihaan Malhotra,2,3,3,233,8,At Risk
3574,132,3,77777.583,Meera Gill,3,1,1,311,5,Potential Loyalists
3575,266,9,1126376.6615,Kabir Singh,2,5,5,255,12,At Risk
3576,8,6,546026.301,Meera Sharma,5,3,2,532,10,Potential Loyalists
3577,135,7,747303.2485,Arjun Malhotra,3,4,3,343,10,Loyal Customers
3578,15,8,976981.098,Neha Kaur,5,5,4,554,14,Champions
3579,97,5,434835.31799999997,Priya Singh,3,2,2,322,7,Potential Loyalists
3580,59,3,391072.4805,Aarav Sharma,4,1,1,411,6,New Customers
3581,250,5,831580.5445,Simran Kaur,2,2,4,224,8,Lost Customers
3582,50,5,631356.248,Aditya Singh,4,2,3,423,9,New Customers
3583,27,3,160761.5105,Priya Kumar,5,1,1,511,7,New Customers
3584,101,4,405055.779,Arjun Verma,3,2,1,321,6,Potential Loyalists
3585,62,3,436636.06500000006,Meera Sharma,4,1,2,412,7,New Customers
3586,156,11,1661722.505,Aarav Kumar,3,5,5,355,13,Loyal Customers
3587,26,7,729595.9105,Ishita Kaur,5,4,3,543,12,Loyal Customers
3588,253,3,306202.369,Rohan Kaur,2,1,1,211,4,Lost Customers
3589,69,8,1123744.244,Aarav Kaur,4,5,5,455,14,Champions
3590,237,3,461641.9595,Rahul Gupta,2,1,2,212,5,Lost Customers
3591,186,4,284625.093,Rohan Gill,2,2,1,221,5,Lost Customers
3592,310,5,660621.944,Rohan Verma,1,2,3,123,6,Lost Customers
3593,238,3,506801.59349999996,Kabir Singh,2,1,2,212,5,Lost Customers
3594,26,5,412946.0035,Rahul Singh,5,2,1,521,8,New Customers
3595,231,5,672696.3165,Ishita Kaur,2,2,3,223,7,Lost Customers
3596,81,5,474389.2565,Vihaan Malhotra,4,2,2,422,8,New Customers
3597,485,5,581692.9565,Rahul Kaur,1,2,2,122,5,Lost Customers
3598,147,6,587411.012,Arjun Verma,3,3,2,332,8,Potential Loyalists
3599,158,5,493564.484,Rohan Verma,3,2,2,322,7,Potential Loyalists
3600,69,8,1072683.0,Aisha Sharma,4,5,5,455,14,Champions
3601,237,1,108135.764,Arjun Gill,2,1,1,211,4,Lost Customers
3602,67,8,945508.9785,Aditya Gill,4,5,4,454,13,Champions
3603,663,1,234274.77300000002,Karan Verma,1,1,1,111,3,Lost Customers
3604,138,10,1188776.338,Meera Kumar,3,5,5,355,13,Loyal Customers
3605,7,7,794862.2145,Priya Gill,5,4,4,544,13,Champions
3606,245,11,1312099.138,Kabir Kaur,2,5,5,255,12,At Risk
3607,16,5,359591.16099999996,Arjun Gupta,5,2,1,521,8,New Customers
3608,282,3,596821.6240000001,Priya Kaur,2,1,2,212,5,Lost Customers
3609,30,7,1023912.335,Aditya Kaur,5,4,5,545,14,Champions
3610,67,4,367150.0185,Simran Mehta,4,2,1,421,7,New Customers
3611,222,10,1331716.916,Kabir Kumar,2,5,5,255,12,At Risk
3612,174,8,523044.639,Aditya Kumar,2,5,2,252,9,Potential Loyalists
3613,253,5,624556.1429999999,Neha Kaur,2,2,3,223,7,Lost Customers
3614,265,2,54922.328,Priya Sharma,2,1,1,211,4,Lost Customers
3615,235,6,679255.9475,Vihaan Gupta,2,3,3,233,8,At Risk
3616,283,6,1006678.492,Arjun Patel,2,3,4,234,9,At Risk
3617,95,3,198676.4195,Meera Gupta,3,1,1,311,5,Potential Loyalists
3618,4,6,977993.2735,Karan Patel,5,3,4,534,12,Potential Loyalists
3619,167,8,660106.995,Meera Patel,2,5,3,253,10,At Risk
3620,622,4,597573.7085,Rohan Gill,1,2,2,122,5,Lost Customers
3621,34,8,743643.2295,Neha Gill,5,5,3,553,13,Loyal Customers
3622,81,7,780709.2575,Neha Gupta,4,4,3,443,11,Loyal Customers
3623,309,6,828750.673,Aditya Patel,1,3,4,134,8,At Risk
3624,128,11,1144932.44,Neha Gill,3,5,5,355,13,Loyal Customers
3625,60,9,953831.899,Kabir Verma,4,5,4,454,13,Champions
3626,562,4,494308.441,Rahul Gupta,1,2,2,122,5,Lost Customers
3627,197,3,362973.675,Aarav Mehta,2,1,1,211,4,Lost Customers
3628,3,9,978111.4295,Aisha Gill,5,5,4,554,14,Champions
3629,83,6,451274.00049999997,Arjun Gupta,4,3,2,432,9,Potential Loyalists
3630,317,7,1003388.8515,Vihaan Kaur,1,4,4,144,9,At Risk
3631,2,4,384417.263,Neha Gupta,5,2,1,521,8,New Customers
3632,243,4,640111.8135,Ananya Verma,2,2,3,223,7,Lost Customers
3633,188,4,664937.3465,Arjun Sharma,2,2,3,223,7,Lost Customers
3634,19,12,1972434.334,Simran Patel,5,5,5,555,15,Champions
3635,441,4,263895.0195,Rohan Malhotra,1,2,1,121,4,Lost Customers
3636,21,5,481374.3455,Rohan Kaur,5,2,2,522,9,New Customers
3637,163,9,911617.129,Rahul Malhotra,3,5,4,354,12,Loyal Customers
3638,5,6,630715.7365,Aarav Singh,5,3,3,533,11,Potential Loyalists
3639,209,6,873528.8450000001,Meera Malhotra,2,3,4,234,9,At Risk
3640,96,6,554461.461,Neha Mehta,3,3,2,332,8,Potential Loyalists
3641,592,5,1021132.519,Rahul Patel,1,2,5,125,8,Lost Customers
3642,102,10,878034.3400000001,Aarav Singh,3,5,4,354,12,Loyal Customers
3643,607,2,360413.896,Ishita Kaur,1,1,1,111,3,Lost Customers
3644,703,2,484763.2305,Neha Patel,1,1,2,112,4,Lost Customers
3645,115,6,598440.758,Aarav Sharma,3,3,2,332,8,Potential Loyalists
3646,22,10,1144496.411,Arjun Gupta,5,5,5,555,15,Champions
3647,17,6,544968.9535000001,Arjun Verma,5,3,2,532,10,Potential Loyalists
3648,313,3,286900.3145,Ananya Singh,1,1,1,111,3,Lost Customers
3649,242,8,954014.726,Karan Kaur,2,5,4,254,11,At Risk
3650,170,6,812488.3404999999,Rahul Gill,2,3,4,234,9,At Risk
3651,4,5,548721.824,Kabir Sharma,5,2,2,522,9,New Customers
3652,28,8,831811.578,Rohan Kaur,5,5,4,554,14,Champions
3653,237,4,446760.622,Neha Kumar,2,2,2,222,6,Lost Customers
3654,233,2,154530.3335,Vihaan Gill,2,1,1,211,4,Lost Customers
3655,30,11,1435781.8365,Aarav Gupta,5,5,5,555,15,Champions
3656,194,4,309549.607,Vihaan Kaur,2,2,1,221,5,Lost Customers
3657,306,4,400337.7385,Simran Patel,1,2,1,121,4,Lost Customers
3658,22,7,973858.529,Neha Sharma,5,4,4,544,13,Champions
3659,315,6,726258.5885000001,Rahul Gill,1,3,3,133,7,At Risk
3660,106,6,1320347.684,Ishita Kumar,3,3,5,335,11,Potential Loyalists
3661,160,3,331249.22250000003,Karan Singh,3,1,1,311,5,Potential Loyalists
3662,217,5,844478.6005,Priya Malhotra,2,2,4,224,8,Lost Customers
3663,25,7,1021076.8224999999,Meera Singh,5,4,5,545,14,Champions
3664,241,7,896546.238,Simran Gupta,2,4,4,244,10,At Risk
3665,148,8,1069247.6315,Karan Gupta,3,5,5,355,13,Loyal Customers
3666,662,3,95077.0725,Meera Kaur,1,1,1,111,3,Lost Customers
3667,458,7,1188533.379,Priya Singh,1,4,5,145,10,At Risk
3668,667,4,804599.0859999999,Simran Gill,1,2,4,124,7,Lost Customers
3669,91,10,1279523.936,Meera Patel,4,5,5,455,14,Champions
3670,80,5,660593.2355,Ishita Gill,4,2,3,423,9,New Customers
3671,282,6,788339.206,Neha Verma,2,3,4,234,9,At Risk
3672,139,2,103621.9925,Arjun Singh,3,1,1,311,5,Potential Loyalists
3673,109,7,1044656.382,Aditya Singh,3,4,5,345,12,Loyal Customers
3674,35,4,357498.112,Vihaan Malhotra,5,2,1,521,8,New Customers
3675,154,6,916559.2555,Kabir Sharma,3,3,4,334,10,Potential Loyalists
3676,37,5,234726.196,Rahul Sharma,5,2,1,521,8,New Customers
3677,107,4,408262.00399999996,Ananya Mehta,3,2,1,321,6,Potential Loyalists
3678,151,2,253083.136,Meera Gupta,3,1,1,311,5,Potential Loyalists
3679,222,5,548126.1545000001,Aditya Gill,2,2,2,222,6,Lost Customers
3680,215,7,839468.4655,Arjun Verma,2,4,4,244,10,At Risk
3681,76,9,1110112.2895,Rohan Verma,4,5,5,455,14,Champions
3682,239,8,1094136.5125,Ananya Verma,2,5,5,255,12,At Risk
3683,7,6,1099918.9165,Simran Mehta,5,3,5,535,13,Potential Loyalists
3684,18,8,1363262.9015,Aisha Sharma,5,5,5,555,15,Champions
3685,31,7,954136.821,Rahul Kaur,5,4,4,544,13,Champions
3686,90,9,1163090.1955,Arjun Kaur,4,5,5,455,14,Champions
3687,57,11,1715821.4005,Vihaan Gill,4,5,5,455,14,Champions
3688,95,4,376888.9445,Karan Malhotra,3,2,1,321,6,Potential Loyalists
3689,313,2,235650.412,Vihaan Singh,1,1,1,111,3,Lost Customers
3690,60,6,942999.2365,Vihaan Singh,4,3,4,434,11,Potential Loyalists
3691,118,9,1191670.522,Priya Sharma,3,5,5,355,13,Loyal Customers
3692,13,8,1367883.8900000001,Priya Malhotra,5,5,5,555,15,Champions
3693,1,7,1054535.132,Priya Gill,5,4,5,545,14,Champions
3694,597,7,693485.9955,Priya Verma,1,4,3,143,8,At Risk
3695,325,8,1400029.482,Simran Gill,1,5,5,155,11,At Risk
3696,266,6,931730.6155000001,Kabir Sharma,2,3,4,234,9,At Risk
3697,17,6,681980.2875,Rohan Sharma,5,3,3,533,11,Potential Loyalists
3698,11,5,465525.414,Aditya Gill,5,2,2,522,9,New Customers
3699,31,4,440766.51550000004,Meera Sharma,5,2,2,522,9,New Customers
3700,283,9,915690.445,Rahul Gupta,2,5,4,254,11,At Risk
3701,159,8,874333.297,Rahul Gupta,3,5,4,354,12,Loyal Customers
3702,44,9,1018051.6440000001,Neha Singh,4,5,5,455,14,Champions
3703,104,6,1158000.4605,Rahul Sharma,3,3,5,335,11,Potential Loyalists
3704,161,4,928359.239,Rahul Kumar,3,2,4,324,9,Potential Loyalists
3705,416,5,570251.1635,Vihaan Sharma,1,2,2,122,5,Lost Customers
3706,520,2,262998.3495,Ananya Kaur,1,1,1,111,3,Lost Customers
3707,46,12,1100644.707,Neha Gill,4,5,5,455,14,Champions
3708,40,10,1195985.977,Vihaan Patel,5,5,5,555,15,Champions
3709,272,7,690771.219,Meera Sharma,2,4,3,243,9,At Risk
3710,280,5,525632.174,Kabir Malhotra,2,3,2,232,7,Potential Loyalists
3711,42,8,805177.7795,Rahul Gupta,4,5,4,454,13,Champions
3712,304,8,1035719.576,Neha Malhotra,1,5,5,155,11,At Risk
3713,11,8,957711.9825,Neha Gupta,5,5,4,554,14,Champions
3714,160,3,376520.3165,Aditya Patel,3,1,1,311,5,Potential Loyalists
3715,54,4,477107.6805,Meera Gupta,4,2,2,422,8,New Customers
3716,412,4,424292.6105,Rahul Gill,1,2,1,121,4,Lost Customers
3717,338,3,341889.865,Aditya Gill,1,1,1,111,3,Lost Customers
3718,259,4,408437.528,Neha Verma,2,2,1,221,5,Lost Customers
3719,4,6,1090801.6525,Kabir Kumar,5,3,5,535,13,Potential Loyalists
3720,302,3,483351.945,Kabir Gill,1,1,2,112,4,Lost Customers
3721,87,6,526895.99,Arjun Kumar,4,3,2,432,9,Potential Loyalists
3722,2,5,679360.071,Kabir Sharma,5,3,3,533,11,Potential Loyalists
3723,114,1,65043.16200000001,Karan Patel,3,1,1,311,5,Potential Loyalists
3724,349,2,352240.23750000005,Aditya Verma,1,1,1,111,3,Lost Customers
3725,148,3,757483.7385,Ishita Kaur,3,1,3,313,7,Potential Loyalists
3726,128,6,292455.6015,Aditya Gupta,3,3,1,331,7,Potential Loyalists
3727,86,7,659906.336,Kabir Gill,4,4,3,443,11,Loyal Customers
3728,114,6,833410.038,Kabir Patel,3,3,4,334,10,Potential Loyalists
3729,181,8,702677.3685,Meera Mehta,2,5,3,253,10,At Risk
3730,165,4,441894.664,Vihaan Patel,2,2,2,222,6,Lost Customers
3731,279,5,429521.1395,Simran Verma,2,3,2,232,7,Potential Loyalists
3732,47,8,1126702.177,Arjun Gupta,4,5,5,455,14,Champions
3733,268,8,426593.406,Aditya Patel,2,5,2,252,9,Potential Loyalists
3734,100,6,814463.2995,Arjun Kumar,3,3,4,334,10,Potential Loyalists
3735,268,4,494067.2745,Neha Kaur,2,2,2,222,6,Lost Customers
3736,136,6,658731.7675000001,Aarav Kumar,3,3,3,333,9,Potential Loyalists
3737,133,5,567165.746,Kabir Gupta,3,3,2,332,8,Potential Loyalists
3738,277,5,770828.12,Aditya Kumar,2,3,3,233,8,At Risk
3739,123,7,683575.232,Simran Verma,3,4,3,343,10,Loyal Customers
3740,227,8,704483.1155,Meera Kaur,2,5,3,253,10,At Risk
3741,325,2,303576.717,Kabir Singh,1,1,1,111,3,Lost Customers
3742,154,3,419347.11950000003,Karan Gupta,3,1,1,311,5,Potential Loyalists
3743,38,5,556593.3670000001,Ishita Patel,5,3,2,532,10,Potential Loyalists
3744,494,5,858559.7104999999,Aarav Kaur,1,3,4,134,8,At Risk
3745,280,6,903246.9925,Rahul Verma,2,3,4,234,9,At Risk
3746,373,3,548413.517,Meera Kaur,1,1,2,112,4,Lost Customers
3747,286,4,340676.9375,Ananya Kumar,2,2,1,221,5,Lost Customers
3748,87,10,1350975.776,Rohan Verma,4,5,5,455,14,Champions
3749,7,10,994999.5895,Vihaan Sharma,5,5,4,554,14,Champions
3750,111,4,703484.1935,Karan Mehta,3,2,3,323,8,Potential Loyalists
3751,42,2,156182.34350000002,Aisha Mehta,4,1,1,411,6,New Customers
3752,21,5,658702.309,Kabir Mehta,5,3,3,533,11,Potential Loyalists
3753,27,7,942626.4125000001,Kabir Gupta,5,4,4,544,13,Champions
3754,8,6,769993.019,Neha Kaur,5,3,3,533,11,Potential Loyalists
3755,15,5,643160.678,Ishita Mehta,5,3,3,533,11,Potential Loyalists
3756,134,9,1035272.7885,Aditya Kaur,3,5,5,355,13,Loyal Customers
3757,103,4,412123.73199999996,Karan Singh,3,2,1,321,6,Potential Loyalists
3758,330,8,1012341.4795,Kabir Kaur,1,5,5,155,11,At Risk
3759,156,3,379929.2845,Karan Verma,3,1,1,311,5,Potential Loyalists
3760,147,5,470581.6765,Meera Singh,3,3,2,332,8,Potential Loyalists
3761,15,6,560619.571,Ishita Gupta,5,3,2,532,10,Potential Loyalists
3762,638,3,308896.598,Neha Gupta,1,1,1,111,3,Lost Customers
3763,33,9,1088938.3765,Simran Mehta,5,5,5,555,15,Champions
3764,18,6,540852.2835,Rohan Malhotra,5,3,2,532,10,Potential Loyalists
3765,55,5,557494.791,Ananya Sharma,4,3,2,432,9,Potential Loyalists
3766,114,8,1554094.5215,Meera Gupta,3,5,5,355,13,Loyal Customers
3767,126,7,959689.623,Priya Kumar,3,4,4,344,11,Loyal Customers
3768,293,8,1016612.2315,Arjun Kaur,1,5,5,155,11,At Risk
3769,341,7,819669.335,Simran Mehta,1,4,4,144,9,At Risk
3770,134,5,671437.1225,Aisha Gill,3,3,3,333,9,Potential Loyalists
3771,65,9,941026.816,Ishita Sharma,4,5,4,454,13,Champions
3772,120,6,585274.3005,Ananya Kaur,3,3,2,332,8,Potential Loyalists
3773,13,6,473379.44899999996,Meera Patel,5,3,2,532,10,Potential Loyalists
3774,18,6,709773.011,Karan Singh,5,3,3,533,11,Potential Loyalists
3775,111,9,1266398.657,Rahul Gupta,3,5,5,355,13,Loyal Customers
3776,133,6,394914.2325,Kabir Kaur,3,3,1,331,7,Potential Loyalists
3777,65,11,1457485.226,Kabir Singh,4,5,5,455,14,Champions
3778,112,7,811441.6865,Priya Gupta,3,4,4,344,11,Loyal Customers
3779,227,3,444164.29,Meera Malhotra,2,1,2,212,5,Lost Customers
3780,123,5,501671.11699999997,Aditya Mehta,3,3,2,332,8,Potential Loyalists
3781,92,9,965461.3175,Simran Gill,4,5,4,454,13,Champions
3782,448,4,442035.986,Aarav Kaur,1,2,2,122,5,Lost Customers
3783,102,6,878167.3445,Aisha Malhotra,3,3,4,334,10,Potential Loyalists
3784,233,5,498269.622,Vihaan Mehta,2,3,2,232,7,Potential Loyalists
3785,301,2,151410.014,Rahul Kumar,1,1,1,111,3,Lost Customers
3786,103,8,1100055.7685,Vihaan Gupta,3,5,5,355,13,Loyal Customers
3787,411,7,708329.225,Rohan Kaur,1,4,3,143,8,At Risk
3788,8,6,563098.824,Aarav Verma,5,3,2,532,10,Potential Loyalists
3789,33,4,523636.551,Kabir Gill,5,2,2,522,9,New Customers
3790,85,11,1546459.731,Kabir Gill,4,5,5,455,14,Champions
3791,127,5,563744.441,Neha Verma,3,3,2,332,8,Potential Loyalists
3792,344,4,432072.478,Rohan Gill,1,2,2,122,5,Lost Customers
3793,160,9,1268884.028,Karan Kaur,3,5,5,355,13,Loyal Customers
3794,283,5,536877.8795,Priya Kaur,2,3,2,232,7,Potential Loyalists
3795,35,3,300310.319,Rohan Gupta,5,1,1,511,7,New Customers
3796,339,7,979459.63,Arjun Kumar,1,4,4,144,9,At Risk
3797,181,7,678144.205,Priya Malhotra,2,4,3,243,9,At Risk
3798,688,4,242003.55000000002,Meera Kaur,1,2,1,121,4,Lost Customers
3799,343,8,1378063.6875,Ishita Kaur,1,5,5,155,11,At Risk
3800,22,8,779061.96,Meera Gupta,5,5,3,553,13,Loyal Customers
3801,93,7,1243012.45,Ishita Verma,4,4,5,445,13,Champions
3802,21,7,752147.329,Aditya Sharma,5,4,3,543,12,Loyal Customers
3803,72,9,1181589.445,Aditya Malhotra,4,5,5,455,14,Champions
3804,107,5,587934.365,Aisha Kaur,3,3,2,332,8,Potential Loyalists
3805,180,3,329470.21,Ananya Malhotra,2,1,1,211,4,Lost Customers
3806,426,3,299010.88800000004,Vihaan Patel,1,1,1,111,3,Lost Customers
3807,48,5,473018.516,Aditya Verma,4,3,2,432,9,Potential Loyalists
3808,47,7,1053046.6725,Meera Kaur,4,4,5,445,13,Champions
3809,134,7,657122.7315,Ananya Kaur,3,4,3,343,10,Loyal Customers
3810,348,5,477308.77499999997,Vihaan Kaur,1,3,2,132,6,Potential Loyalists
3811,92,5,625342.083,Aditya Kaur,4,3,3,433,10,Potential Loyalists
3812,72,5,677326.0685,Aditya Mehta,4,3,3,433,10,Potential Loyalists
3813,53,3,261218.171,Kabir Verma,4,1,1,411,6,New Customers
3814,93,7,729887.7685,Priya Kaur,4,4,3,443,11,Loyal Customers
3815,403,6,332705.63450000004,Aarav Kumar,1,3,1,131,5,Potential Loyalists
3816,84,4,479778.0315,Meera Kaur,4,2,2,422,8,New Customers
3817,27,6,1047370.1735,Neha Kumar,5,3,5,535,13,Potential Loyalists
3818,66,7,724352.2849999999,Simran Verma,4,4,3,443,11,Loyal Customers
3819,71,2,199291.348,Priya Sharma,4,1,1,411,6,New Customers
3820,190,9,981216.944,Neha Malhotra,2,5,4,254,11,At Risk
3821,21,8,951461.5345000001,Simran Kaur,5,5,4,554,14,Champions
3822,21,5,617279.877,Aarav Mehta,5,3,3,533,11,Potential Loyalists
3823,96,11,1319603.0765,Ishita Mehta,3,5,5,355,13,Loyal Customers
3824,213,3,367384.4815,Ishita Malhotra,2,1,1,211,4,Lost Customers
3825,141,8,1122554.05,Priya Kumar,3,5,5,355,13,Loyal Customers
3826,18,7,698609.6415,Simran Patel,5,4,3,543,12,Loyal Customers
3827,58,7,798121.712,Kabir Verma,4,4,4,444,12,Champions
3828,50,9,1410871.6345,Simran Gupta,4,5,5,455,14,Champions
3829,114,9,1391628.07,Kabir Malhotra,3,5,5,355,13,Loyal Customers
3830,258,7,549761.2435,Arjun Malhotra,2,4,2,242,8,Potential Loyalists
3831,108,14,1554976.356,Meera Gill,3,5,5,355,13,Loyal Customers
3832,678,3,480372.033,Meera Sharma,1,1,2,112,4,Lost Customers
3833,526,6,927057.1805,Arjun Sharma,1,3,4,134,8,At Risk
3834,47,3,265004.9035,Aarav Malhotra,4,1,1,411,6,New Customers
3835,34,5,731723.7949999999,Aisha Singh,5,3,3,533,11,Potential Loyalists
3836,316,9,958092.2645,Rahul Singh,1,5,4,154,10,At Risk
3837,308,5,339841.571,Ananya Verma,1,3,1,131,5,Potential Loyalists
3838,103,8,1066684.743,Priya Mehta,3,5,5,355,13,Loyal Customers
3839,478,1,252081.677,Meera Verma,1,1,1,111,3,Lost Customers
3840,73,5,777442.587,Aisha Kaur,4,3,3,433,10,Potential Loyalists
3841,131,4,533719.068,Rohan Mehta,3,2,2,322,7,Potential Loyalists
3842,73,4,533527.685,Rohan Patel,4,2,2,422,8,New Customers
3843,528,4,371974.924,Priya Sharma,1,2,1,121,4,Lost Customers
3844,97,2,369021.878,Ananya Gill,3,1,1,311,5,Potential Loyalists
3845,204,6,808670.2325,Kabir Gill,2,3,4,234,9,At Risk
3846,53,11,2083214.1675,Arjun Mehta,4,5,5,455,14,Champions
3847,86,12,1475083.6555,Simran Gill,4,5,5,455,14,Champions
3848,134,5,518857.1175,Simran Patel,3,3,2,332,8,Potential Loyalists
3849,66,9,862488.8225,Simran Kumar,4,5,4,454,13,Champions
3850,219,3,649491.878,Vihaan Gupta,2,1,3,213,6,Lost Customers
3851,402,7,1123612.199,Rahul Gill,1,4,5,145,10,At Risk
3852,0,7,1086221.9135,Aditya Gupta,5,4,5,545,14,Champions
3853,84,3,250183.907,Priya Malhotra,4,1,1,411,6,New Customers
3854,52,1,148409.814,Arjun Sharma,4,1,1,411,6,New Customers
3855,200,5,529392.6675,Aarav Verma,2,3,2,232,7,Potential Loyalists
3856,206,7,913684.295,Aarav Malhotra,2,4,4,244,10,At Risk
3857,84,10,1616256.7725,Rohan Malhotra,4,5,5,455,14,Champions
3858,59,9,996029.1415,Ishita Sharma,4,5,4,454,13,Champions
3859,44,4,456381.411,Ananya Gill,4,2,2,422,8,New Customers
3860,52,4,609195.1125,Rahul Kumar,4,2,3,423,9,New Customers
3861,386,7,970849.4035,Neha Sharma,1,4,4,144,9,At Risk
3862,68,6,648752.5955,Priya Patel,4,3,3,433,10,Potential Loyalists
3863,325,2,203092.85199999998,Ananya Gill,1,1,1,111,3,Lost Customers
3864,328,4,282969.532,Neha Patel,1,2,1,121,4,Lost Customers
3865,312,3,464340.881,Aisha Gill,1,1,2,112,4,Lost Customers
3866,281,3,592570.4820000001,Rahul Mehta,2,1,2,212,5,Lost Customers
3867,342,6,429614.3025,Priya Singh,1,3,2,132,6,Potential Loyalists
3868,726,3,437715.8885,Aarav Singh,1,1,2,112,4,Lost Customers
3869,75,4,516857.3425,Aarav Kumar,4,2,2,422,8,New Customers
3870,130,6,550010.3005,Kabir Gill,3,3,2,332,8,Potential Loyalists
3871,233,5,730849.903,Priya Patel,2,3,3,233,8,At Risk
3872,215,4,363452.4585,Kabir Gupta,2,2,1,221,5,Lost Customers
3873,140,4,844440.584,Arjun Patel,3,2,4,324,9,Potential Loyalists
3874,285,4,431783.485,Ishita Mehta,2,2,2,222,6,Lost Customers
3875,183,8,832826.1375,Kabir Kaur,2,5,4,254,11,At Risk
3876,34,3,419485.2295,Vihaan Kumar,5,1,1,511,7,New Customers
3877,0,6,355229.283,Karan Gupta,5,3,1,531,9,Potential Loyalists
3878,49,8,1279495.743,Priya Patel,4,5,5,455,14,Champions
3879,479,6,323849.5895,Rohan Kaur,1,3,1,131,5,Potential Loyalists
3880,27,9,1383820.636,Rohan Sharma,5,5,5,555,15,Champions
3881,220,7,898837.23,Rohan Patel,2,4,4,244,10,At Risk
3882,192,5,458237.355,Aarav Kumar,2,3,2,232,7,Potential Loyalists
3883,279,6,450059.9925,Neha Singh,2,3,2,232,7,Potential Loyalists
3884,161,7,531082.912,Karan Kaur,3,4,2,342,9,Loyal Customers
3885,9,6,995125.2185,Ananya Patel,5,3,4,534,12,Potential Loyalists
3886,42,8,1482748.7645,Kabir Kaur,4,5,5,455,14,Champions
3887,14,11,1514553.3855,Meera Patel,5,5,5,555,15,Champions
3888,602,3,377552.95999999996,Karan Patel,1,1,1,111,3,Lost Customers
3889,551,4,242952.4595,Rohan Sharma,1,2,1,121,4,Lost Customers
3890,82,9,748676.4525,Aditya Mehta,4,5,3,453,12,Loyal Customers
3891,4,13,1879071.3385,Vihaan Patel,5,5,5,555,15,Champions
3892,21,7,851326.995,Karan Malhotra,5,4,4,544,13,Champions
3893,18,6,937047.9425,Rohan Gill,5,3,4,534,12,Potential Loyalists
3894,242,5,572343.8085,Vihaan Gupta,2,3,2,232,7,Potential Loyalists
3895,46,3,438109.2535,Rohan Kumar,4,1,2,412,7,New Customers
3896,140,7,721297.2025,Vihaan Kumar,3,4,3,343,10,Loyal Customers
3897,163,6,771917.881,Arjun Singh,3,3,3,333,9,Potential Loyalists
3898,130,8,1064663.9885,Rahul Sharma,3,5,5,355,13,Loyal Customers
3899,769,3,416120.226,Aisha Malhotra,1,1,1,111,3,Lost Customers
3900,532,2,220186.66499999998,Simran Mehta,1,1,1,111,3,Lost Customers
3901,54,3,161783.5515,Kabir Patel,4,1,1,411,6,New Customers
3902,11,8,988520.706,Karan Gupta,5,5,4,554,14,Champions
3903,512,5,573426.4535,Meera Kumar,1,3,2,132,6,Potential Loyalists
3905,663,6,553913.9955,Vihaan Gupta,1,3,2,132,6,Potential Loyalists
3906,168,3,491881.9595,Meera Mehta,2,1,2,212,5,Lost Customers
3907,364,5,977118.464,Ananya Verma,1,3,4,134,8,At Risk
3908,32,3,288965.149,Ishita Verma,5,1,1,511,7,New Customers
3909,267,4,497334.6015,Neha Verma,2,2,2,222,6,Lost Customers
3910,278,4,248706.76,Ananya Gill,2,2,1,221,5,Lost Customers
3911,102,9,572259.482,Aarav Malhotra,3,5,2,352,10,Loyal Customers
3912,11,9,840029.1505,Simran Kumar,5,5,4,554,14,Champions
3913,15,7,894255.7775000001,Simran Gill,5,4,4,544,13,Champions
3914,47,7,643283.3465,Neha Gupta,4,4,3,443,11,Loyal Customers
3915,161,7,810776.8615,Aditya Malhotra,3,4,4,344,11,Loyal Customers
3916,89,6,638922.3495,Ananya Patel,4,3,3,433,10,Potential Loyalists
3917,108,9,1325452.5415,Ishita Mehta,3,5,5,355,13,Loyal Customers
3918,132,6,523256.88450000004,Aisha Malhotra,3,3,2,332,8,Potential Loyalists
3919,35,11,1175756.6595,Kabir Kaur,5,5,5,555,15,Champions
3920,0,5,533468.5865,Meera Malhotra,5,3,2,532,10,Potential Loyalists
3921,68,7,730044.957,Priya Gill,4,4,3,443,11,Loyal Customers
3922,136,5,428421.22000000003,Neha Patel,3,3,2,332,8,Potential Loyalists
3923,406,8,935716.584,Aisha Gupta,1,5,4,154,10,At Risk
3924,226,6,602409.808,Simran Verma,2,3,2,232,7,Potential Loyalists
3925,65,3,390915.958,Priya Sharma,4,1,1,411,6,New Customers
3926,20,6,601866.047,Aisha Verma,5,3,2,532,10,Potential Loyalists
3927,314,6,847440.896,Ananya Mehta,1,3,4,134,8,At Risk
3928,76,3,403767.24,Neha Sharma,4,1,1,411,6,New Customers
3929,47,10,1278118.3705,Ananya Sharma,4,5,5,455,14,Champions
3930,227,4,401837.2635,Neha Verma,2,2,1,221,5,Lost Customers
3931,34,4,349192.29600000003,Priya Patel,5,2,1,521,8,New Customers
3932,296,8,849812.293,Aisha Patel,1,5,4,154,10,At Risk
3933,241,3,391449.51,Meera Singh,2,1,1,211,4,Lost Customers
3934,99,5,742584.397,Aarav Kumar,3,3,3,333,9,Potential Loyalists
3935,322,4,572285.263,Kabir Patel,1,2,2,122,5,Lost Customers
3936,2,7,1048371.5385,Aarav Gill,5,4,5,545,14,Champions
3937,57,6,989226.3910000001,Ishita Malhotra,4,3,4,434,11,Potential Loyalists
3938,44,8,636190.4945,Aditya Patel,4,5,3,453,12,Loyal Customers
3939,145,7,1022827.1125,Meera Mehta,3,4,5,345,12,Loyal Customers
3940,61,6,836713.9389999999,Neha Malhotra,4,3,4,434,11,Potential Loyalists
3941,90,5,670828.659,Kabir Mehta,4,3,3,433,10,Potential Loyalists
3942,78,9,589837.8115,Ananya Kumar,4,5,2,452,11,Loyal Customers
3943,24,7,1002310.5634999999,Meera Sharma,5,4,4,544,13,Champions
3944,196,7,1151944.3705,Arjun Patel,2,4,5,245,11,At Risk
3945,85,8,900918.5015,Priya Patel,4,5,4,454,13,Champions
3946,63,8,1218919.9755,Ananya Kaur,4,5,5,455,14,Champions
3947,37,6,601165.3844999999,Rahul Gupta,5,3,2,532,10,Potential Loyalists
3948,886,1,275754.854,Priya Kaur,1,1,1,111,3,Lost Customers
3949,3,6,731710.918,Karan Sharma,5,3,3,533,11,Potential Loyalists
3950,80,4,657218.1655,Aisha Verma,4,2,3,423,9,New Customers
3951,247,7,767661.5785,Aditya Kaur,2,4,3,243,9,At Risk
3952,32,3,526319.5499999999,Arjun Verma,5,1,2,512,8,New Customers
3953,114,6,423250.9225,Rohan Kumar,3,3,1,331,7,Potential Loyalists
3954,17,6,718669.592,Ishita Gupta,5,3,3,533,11,Potential Loyalists
3955,14,8,955293.218,Vihaan Malhotra,5,5,4,554,14,Champions
3956,86,4,287835.9155,Aarav Gupta,4,2,1,421,7,New Customers
3957,15,11,1153311.8755,Rahul Kaur,5,5,5,555,15,Champions
3958,15,3,484691.7665,Karan Singh,5,1,2,512,8,New Customers
3959,140,6,683544.555,Neha Sharma,3,3,3,333,9,Potential Loyalists
3960,403,3,550912.3945,Karan Verma,1,1,2,112,4,Lost Customers
3961,369,3,183566.296,Ananya Kaur,1,1,1,111,3,Lost Customers
3962,144,8,935668.1995000001,Ananya Malhotra,3,5,4,354,12,Loyal Customers
3963,104,6,1467222.6645,Arjun Kumar,3,3,5,335,11,Potential Loyalists
3964,132,4,588088.0645000001,Ishita Mehta,3,2,2,322,7,Potential Loyalists
3965,114,7,604780.419,Aarav Verma,3,4,2,342,9,Loyal Customers
3966,275,7,809566.175,Aisha Sharma,2,4,4,244,10,At Risk
3967,53,4,614414.0085,Simran Mehta,4,2,3,423,9,New Customers
3968,361,9,988272.581,Priya Patel,1,5,4,154,10,At Risk
3969,471,6,634159.278,Rahul Gupta,1,3,3,133,7,At Risk
3970,377,7,826256.4400000001,Arjun Kumar,1,4,4,144,9,At Risk
3971,141,4,511982.6635,Rohan Kumar,3,2,2,322,7,Potential Loyalists
3972,69,5,976249.0229999999,Rahul Kaur,4,3,4,434,11,Potential Loyalists
3973,425,4,303897.7925,Neha Gupta,1,2,1,121,4,Lost Customers
3974,292,7,866007.6075,Neha Singh,1,4,4,144,9,At Risk
3975,2,4,439957.9765,Karan Kaur,5,2,2,522,9,New Customers
3976,601,3,284242.06000000006,Aarav Sharma,1,1,1,111,3,Lost Customers
3977,69,11,1968647.2125,Arjun Gill,4,5,5,455,14,Champions
3978,182,4,642989.8245,Aisha Kumar,2,2,3,223,7,Lost Customers
3979,367,5,619821.8775,Meera Gill,1,3,3,133,7,At Risk
3980,280,3,336300.03500000003,Aisha Gupta,2,1,1,211,4,Lost Customers
3981,92,6,710546.944,Kabir Verma,4,3,3,433,10,Potential Loyalists
3982,38,13,1018218.623,Kabir Kaur,5,5,5,555,15,Champions
3983,30,6,744457.7625,Aisha Kaur,5,3,3,533,11,Potential Loyalists
3984,228,7,1184269.3635,Ishita Kumar,2,4,5,245,11,At Risk
3985,301,4,590175.232,Simran Gill,1,2,2,122,5,Lost Customers
3986,86,11,1720593.12,Rahul Malhotra,4,5,5,455,14,Champions
3987,179,7,499857.928,Aarav Mehta,2,4,2,242,8,Potential Loyalists
3988,139,6,750897.877,Karan Kaur,3,3,3,333,9,Potential Loyalists
3989,143,6,1066808.825,Ananya Patel,3,3,5,335,11,Potential Loyalists
3990,19,6,878537.169,Arjun Gill,5,3,4,534,12,Potential Loyalists
3991,70,10,1359758.684,Aarav Patel,4,5,5,455,14,Champions
3992,799,4,446278.1985,Aarav Sharma,1,2,2,122,5,Lost Customers
3993,21,9,846818.4415,Rohan Gill,5,5,4,554,14,Champions
3994,71,4,502624.4185,Ananya Mehta,4,2,2,422,8,New Customers
3995,248,5,532412.3215,Kabir Kaur,2,3,2,232,7,Potential Loyalists
3996,316,3,199019.676,Ananya Sharma,1,1,1,111,3,Lost Customers
3997,70,8,758909.8775,Kabir Kaur,4,5,3,453,12,Loyal Customers
3998,169,7,753877.1085,Ishita Gupta,2,4,3,243,9,At Risk
3999,66,6,352733.308,Ananya Kaur,4,3,1,431,8,Potential Loyalists
4000,34,11,1128041.576,Aditya Gupta,5,5,5,555,15,Champions
4001,22,6,733039.406,Ishita Kumar,5,3,3,533,11,Potential Loyalists
4002,141,7,739474.0905,Rohan Kaur,3,4,3,343,10,Loyal Customers
4003,50,10,1654281.0175,Kabir Patel,4,5,5,455,14,Champions
4004,520,5,1257547.1005,Aisha Singh,1,3,5,135,9,At Risk
4005,50,10,1075135.5595,Aditya Mehta,4,5,5,455,14,Champions
4006,139,4,214427.70249999998,Vihaan Kaur,3,2,1,321,6,Potential Loyalists
4007,179,4,626334.2015000001,Arjun Kumar,2,2,3,223,7,Lost Customers
4008,60,5,567479.007,Priya Mehta,4,3,2,432,9,Potential Loyalists
4009,71,7,855985.7505,Priya Kaur,4,4,4,444,12,Champions
4010,107,5,438733.0135,Arjun Verma,3,3,2,332,8,Potential Loyalists
4011,163,8,931257.6025,Ananya Singh,3,5,4,354,12,Loyal Customers
4012,140,9,1200629.7705,Kabir Verma,3,5,5,355,13,Loyal Customers
4013,171,5,336449.102,Aditya Mehta,2,3,1,231,6,Potential Loyalists
4014,184,4,407162.498,Vihaan Mehta,2,2,1,221,5,Lost Customers
4015,18,7,581606.826,Aditya Mehta,5,4,2,542,11,Loyal Customers
4016,327,5,732838.31,Karan Malhotra,1,3,3,133,7,At Risk
4017,60,4,669806.277,Karan Gupta,4,2,3,423,9,New Customers
4018,47,9,900169.5525,Aarav Sharma,4,5,4,454,13,Champions
4019,80,11,942876.389,Rahul Gill,4,5,4,454,13,Champions
4020,175,6,519899.9875,Aditya Malhotra,2,3,2,232,7,Potential Loyalists
4021,81,8,786132.923,Karan Sharma,4,5,4,454,13,Champions
4022,80,8,798231.0395,Rohan Gupta,4,5,4,454,13,Champions
4023,74,5,594039.767,Kabir Singh,4,3,2,432,9,Potential Loyalists
4024,373,4,438530.59,Ishita Sharma,1,2,2,122,5,Lost Customers
4025,173,4,280623.1205,Aisha Kumar,2,2,1,221,5,Lost Customers
4026,79,5,617579.3295,Simran Malhotra,4,3,3,433,10,Potential Loyalists
4027,24,7,862668.3060000001,Karan Kumar,5,4,4,544,13,Champions
4028,368,3,651720.1394999999,Simran Malhotra,1,1,3,113,5,Lost Customers
4029,43,6,905301.4545,Rahul Sharma,4,3,4,434,11,Potential Loyalists
4030,139,5,674789.004,Ananya Kaur,3,3,3,333,9,Potential Loyalists
4031,129,4,451413.77550000005,Neha Mehta,3,2,2,322,7,Potential Loyalists
4032,163,6,521808.741,Rahul Sharma,3,3,2,332,8,Potential Loyalists
4033,4,9,911294.7905,Ishita Malhotra,5,5,4,554,14,Champions
4034,169,10,1219681.4535,Vihaan Sharma,2,5,5,255,12,At Risk
4035,141,5,426646.111,Priya Kumar,3,3,2,332,8,Potential Loyalists
4036,169,7,637668.9450000001,Meera Kumar,2,4,3,243,9,At Risk
4037,629,5,611307.5839999999,Rohan Singh,1,3,3,133,7,At Risk
4038,42,6,583941.057,Simran Kaur,4,3,2,432,9,Potential Loyalists
4039,6,7,631120.254,Priya Gupta,5,4,3,543,12,Loyal Customers
4040,42,7,847556.333,Rohan Kumar,4,4,4,444,12,Champions
4041,7,9,1271349.054,Karan Patel,5,5,5,555,15,Champions
4042,3,4,678555.895,Aditya Gill,5,2,3,523,10,New Customers
4043,971,2,204693.0455,Kabir Sharma,1,1,1,111,3,Lost Customers
4044,95,4,720091.699,Aditya Sharma,3,2,3,323,8,Potential Loyalists
4045,250,8,1163853.451,Meera Malhotra,2,5,5,255,12,At Risk
4046,110,7,977143.571,Ananya Gupta,3,4,4,344,11,Loyal Customers
4047,23,6,1351856.517,Aarav Malhotra,5,3,5,535,13,Potential Loyalists
4048,48,4,447479.4875,Aditya Patel,4,2,2,422,8,New Customers
4049,7,11,1218027.9445,Priya Kumar,5,5,5,555,15,Champions
4050,123,6,595747.634,Rohan Mehta,3,3,2,332,8,Potential Loyalists
4051,840,2,315953.519,Kabir Gill,1,1,1,111,3,Lost Customers
4052,255,11,1732444.341,Arjun Malhotra,2,5,5,255,12,At Risk
4053,58,5,793356.393,Priya Kaur,4,3,4,434,11,Potential Loyalists
4054,37,4,185107.0005,Aditya Verma,5,2,1,521,8,New Customers
4055,43,5,949689.415,Ananya Kaur,4,3,4,434,11,Potential Loyalists
4056,47,8,619237.4280000001,Rahul Sharma,4,5,3,453,12,Loyal Customers
4057,110,6,605488.8225,Simran Kaur,3,3,3,333,9,Potential Loyalists
4058,54,12,1223420.6355,Meera Kaur,4,5,5,455,14,Champions
4059,67,13,1319200.6855,Arjun Patel,4,5,5,455,14,Champions
4060,426,9,1192956.646,Simran Patel,1,5,5,155,11,At Risk
4061,179,5,572903.024,Aisha Patel,2,3,2,232,7,Potential Loyalists
4062,120,8,992709.2420000001,Rahul Sharma,3,5,4,354,12,Loyal Customers
4063,69,8,1134906.0615,Karan Verma,4,5,5,455,14,Champions
4064,102,8,1025764.127,Ishita Sharma,3,5,5,355,13,Loyal Customers
4065,259,6,750690.618,Vihaan Sharma,2,3,3,233,8,At Risk
4066,38,10,826819.428,Karan Kaur,5,5,4,554,14,Champions
4067,7,7,507203.1845,Arjun Mehta,5,4,2,542,11,Loyal Customers
4068,23,2,116785.53,Rohan Singh,5,1,1,511,7,New Customers
4069,129,8,1165767.919,Karan Sharma,3,5,5,355,13,Loyal Customers
4070,473,4,816465.3985,Neha Verma,1,2,4,124,7,Lost Customers
4071,88,6,843022.5904999999,Neha Gill,4,3,4,434,11,Potential Loyalists
4072,79,11,1056165.1725,Simran Gupta,4,5,5,455,14,Champions
4073,54,4,369149.275,Priya Kaur,4,2,1,421,7,New Customers
4074,99,4,725045.797,Aarav Sharma,3,2,3,323,8,Potential Loyalists
4075,82,4,728303.6745,Simran Gill,4,2,3,423,9,New Customers
4076,86,7,697839.0765,Vihaan Patel,4,4,3,443,11,Loyal Customers
4077,163,5,419223.322,Aditya Verma,3,3,1,331,7,Potential Loyalists
4078,458,7,1022273.0449999999,Kabir Singh,1,4,5,145,10,At Risk
4079,11,10,1334746.72,Ananya Patel,5,5,5,555,15,Champions
4080,264,8,1157688.8795,Aarav Verma,2,5,5,255,12,At Risk
4081,309,3,564601.7760000001,Arjun Gill,1,1,2,112,4,Lost Customers
4082,193,10,1078099.1515,Simran Kaur,2,5,5,255,12,At Risk
4083,194,6,989465.1444999999,Vihaan Gupta,2,3,4,234,9,At Risk
4084,77,7,1395694.095,Simran Malhotra,4,4,5,445,13,Champions
4085,233,4,336002.7045,Ananya Verma,2,2,1,221,5,Lost Customers
4086,129,3,648730.7325,Ishita Sharma,3,1,3,313,7,Potential Loyalists
4087,42,7,977646.5,Kabir Singh,4,4,4,444,12,Champions
4088,169,6,519752.8765,Priya Gupta,2,3,2,232,7,Potential Loyalists
4089,17,5,832564.9130000001,Ishita Sharma,5,3,4,534,12,Potential Loyalists
4090,113,6,888288.6515,Aditya Gill,3,3,4,334,10,Potential Loyalists
4091,58,5,644146.071,Kabir Singh,4,3,3,433,10,Potential Loyalists
4092,185,5,758810.3715,Kabir Sharma,2,3,3,233,8,At Risk
4093,106,4,461641.5035,Simran Gill,3,2,2,322,7,Potential Loyalists
4094,370,3,311401.129,Aarav Sharma,1,1,1,111,3,Lost Customers
4095,170,8,1157725.3295,Vihaan Singh,2,5,5,255,12,At Risk
4096,177,7,802634.753,Aisha Malhotra,2,4,4,244,10,At Risk
4097,42,7,582364.8745,Neha Kaur,4,4,2,442,10,Loyal Customers
4098,865,1,174294.11750000002,Meera Malhotra,1,1,1,111,3,Lost Customers
4099,100,9,698804.822,Ishita Mehta,3,5,3,353,11,Loyal Customers
4100,22,7,957771.677,Arjun Kumar,5,4,4,544,13,Champions
4101,169,6,773230.1630000001,Simran Kaur,2,3,3,233,8,At Risk
4102,325,4,462595.522,Simran Malhotra,1,2,2,122,5,Lost Customers
4103,119,2,443939.472,Kabir Mehta,3,1,2,312,6,Potential Loyalists
4104,54,6,512680.67100000003,Arjun Verma,4,3,2,432,9,Potential Loyalists
4105,128,4,656681.9569999999,Aisha Gill,3,2,3,323,8,Potential Loyalists
4106,233,5,408013.3495,Priya Gill,2,3,1,231,6,Potential Loyalists
4107,179,7,1534097.362,Aisha Singh,2,4,5,245,11,At Risk
4108,667,2,131330.3605,Aarav Mehta,1,1,1,111,3,Lost Customers
4109,337,5,774004.1815,Kabir Gupta,1,3,3,133,7,At Risk
4110,209,8,1059956.884,Aisha Patel,2,5,5,255,12,At Risk
4111,232,9,816910.846,Kabir Gupta,2,5,4,254,11,At Risk
4112,267,9,925068.061,Neha Verma,2,5,4,254,11,At Risk
4113,119,6,996023.7880000001,Ananya Sharma,3,3,4,334,10,Potential Loyalists
4114,11,8,633314.2515,Ishita Mehta,5,5,3,553,13,Loyal Customers
4115,133,7,498450.1665,Rahul Mehta,3,4,2,342,9,Loyal Customers
4116,29,10,1033440.4325,Vihaan Gill,5,5,5,555,15,Champions
4117,311,3,471991.594,Rohan Sharma,1,1,2,112,4,Lost Customers
4118,94,4,445477.6315,Rahul Singh,4,2,2,422,8,New Customers
4119,606,5,207001.7725,Vihaan Patel,1,3,1,131,5,Potential Loyalists
4120,766,5,762446.8815,Neha Kaur,1,3,3,133,7,At Risk
4121,187,7,1032341.1605,Ananya Kaur,2,4,5,245,11,At Risk
4122,143,7,1093173.7385,Vihaan Sharma,3,4,5,345,12,Loyal Customers
4123,168,6,1010132.233,Ananya Singh,2,3,5,235,10,At Risk
4124,0,5,626174.6765000001,Kabir Singh,5,3,3,533,11,Potential Loyalists
4125,104,9,1325935.999,Meera Patel,3,5,5,355,13,Loyal Customers
4126,192,9,770596.2135,Meera Kumar,2,5,3,253,10,At Risk
4127,96,6,695293.0235,Vihaan Gupta,3,3,3,333,9,Potential Loyalists
4128,0,7,1387647.3105,Aarav Singh,5,4,5,545,14,Champions
4129,33,7,925051.787,Aisha Kaur,5,4,4,544,13,Champions
4130,111,5,620726.6345,Ishita Singh,3,3,3,333,9,Potential Loyalists
4131,349,6,827156.4010000001,Rohan Singh,1,3,4,134,8,At Risk
4132,60,5,456628.85750000004,Neha Mehta,4,3,2,432,9,Potential Loyalists
4133,64,5,616709.888,Ananya Patel,4,3,3,433,10,Potential Loyalists
4134,111,11,1240084.4475,Rohan Gupta,3,5,5,355,13,Loyal Customers
4135,219,4,329751.6085,Kabir Kumar,2,2,1,221,5,Lost Customers
4136,13,8,815356.48,Aisha Gupta,5,5,4,554,14,Champions
4137,218,7,821154.782,Rahul Mehta,2,4,4,244,10,At Risk
4138,17,11,1458792.3815000001,Arjun Mehta,5,5,5,555,15,Champions
4139,104,5,516095.32499999995,Aarav Malhotra,3,3,2,332,8,Potential Loyalists
4140,129,8,649782.885,Aisha Gupta,3,5,3,353,11,Loyal Customers
4141,408,4,625798.048,Priya Sharma,1,2,3,123,6,Lost Customers
4142,34,7,532667.4145,Aditya Kumar,5,4,2,542,11,Loyal Customers
4143,80,4,306795.3395,Ishita Singh,4,2,1,421,7,New Customers
4144,7,6,1089476.147,Priya Kaur,5,3,5,535,13,Potential Loyalists
4145,386,3,827101.711,Rohan Gupta,1,1,4,114,6,Lost Customers
4146,70,5,768377.3685,Kabir Mehta,4,3,3,433,10,Potential Loyalists
4147,208,8,838376.3765,Aarav Mehta,2,5,4,254,11,At Risk
4148,96,9,1011291.6705,Aarav Mehta,3,5,5,355,13,Loyal Customers
4149,97,8,1244471.1375,Karan Singh,3,5,5,355,13,Loyal Customers
4150,98,5,455401.855,Karan Verma,3,3,2,332,8,Potential Loyalists
4151,111,6,777099.783,Vihaan Malhotra,3,3,3,333,9,Potential Loyalists
4152,160,4,763759.3300000001,Ananya Sharma,3,2,3,323,8,Potential Loyalists
4153,67,9,1180486.725,Simran Malhotra,4,5,5,455,14,Champions
4154,323,5,351175.8905,Aarav Patel,1,3,1,131,5,Potential Loyalists
4155,75,5,561957.779,Rohan Sharma,4,3,2,432,9,Potential Loyalists
4156,124,5,987621.12,Meera Singh,3,3,4,334,10,Potential Loyalists
4157,116,5,749132.102,Aditya Sharma,3,3,3,333,9,Potential Loyalists
4158,290,2,175308.1145,Karan Sharma,1,1,1,111,3,Lost Customers
4159,73,7,636631.566,Karan Patel,4,4,3,443,11,Loyal Customers
4160,205,7,690243.975,Ishita Singh,2,4,3,243,9,At Risk
4161,329,5,350242.212,Kabir Kaur,1,3,1,131,5,Potential Loyalists
4162,244,5,467702.0905,Karan Kumar,2,3,2,232,7,Potential Loyalists
4163,36,8,1052091.0905,Priya Kaur,5,5,5,555,15,Champions
4164,316,5,514911.2905,Ishita Mehta,1,3,2,132,6,Potential Loyalists
4165,23,5,551376.7945,Ananya Singh,5,3,2,532,10,Potential Loyalists
4166,133,5,905783.004,Aarav Gupta,3,3,4,334,10,Potential Loyalists
4167,54,6,522767.669,Arjun Gupta,4,3,2,432,9,Potential Loyalists
4168,291,9,598365.764,Aarav Patel,1,5,2,152,8,Potential Loyalists
4169,106,5,429534.0395,Vihaan Gill,3,3,2,332,8,Potential Loyalists
4170,204,5,388222.234,Meera Verma,2,3,1,231,6,Potential Loyalists
4171,49,7,636488.791,Priya Verma,4,4,3,443,11,Loyal Customers
4172,0,7,617439.651,Rahul Malhotra,5,4,3,543,12,Loyal Customers
4173,5,8,1091234.071,Neha Sharma,5,5,5,555,15,Champions
4174,258,5,751735.369,Karan Sharma,2,3,3,233,8,At Risk
4175,60,7,827024.9415,Aditya Gill,4,4,4,444,12,Champions
4176,232,6,1034617.8555,Ishita Mehta,2,3,5,235,10,At Risk
4177,2,9,1568314.6455,Ananya Kumar,5,5,5,555,15,Champions
4178,281,4,459849.9855,Aisha Mehta,2,2,2,222,6,Lost Customers
4179,11,7,1238444.465,Simran Kumar,5,4,5,545,14,Champions
4180,126,9,920853.1005000001,Aditya Sharma,3,5,4,354,12,Loyal Customers
4181,50,7,906175.5755,Arjun Gill,4,4,4,444,12,Champions
4182,244,4,999197.1935,Kabir Mehta,2,2,4,224,8,Lost Customers
4183,163,8,653334.376,Kabir Gill,3,5,3,353,11,Loyal Customers
4184,126,10,747675.1980000001,Priya Sharma,3,5,3,353,11,Loyal Customers
4185,358,4,593840.9575,Kabir Verma,1,2,2,122,5,Lost Customers
4186,86,4,434263.42100000003,Ishita Kaur,4,2,2,422,8,New Customers
4187,251,6,759833.645,Rohan Kumar,2,3,3,233,8,At Risk
4188,99,9,1009244.0795,Aarav Mehta,3,5,5,355,13,Loyal Customers
4189,273,5,724987.035,Aditya Sharma,2,3,3,233,8,At Risk
4190,195,5,628464.8150000001,Aisha Verma,2,3,3,233,8,At Risk
4191,118,7,676138.006,Priya Singh,3,4,3,343,10,Loyal Customers
4192,259,6,628410.042,Kabir Singh,2,3,3,233,8,At Risk
4193,405,8,1152816.4485,Aditya Gupta,1,5,5,155,11,At Risk
4194,631,6,557445.3255,Neha Kaur,1,3,2,132,6,Potential Loyalists
4195,480,4,637702.8505,Kabir Sharma,1,2,3,123,6,Lost Customers
4196,10,11,1283217.8865,Aarav Kaur,5,5,5,555,15,Champions
4197,140,7,784699.1285,Ishita Sharma,3,4,4,344,11,Loyal Customers
4198,631,4,661683.717,Aditya Patel,1,2,3,123,6,Lost Customers
4199,545,1,70041.144,Meera Kumar,1,1,1,111,3,Lost Customers
4200,914,1,85319.4725,Aditya Kumar,1,1,1,111,3,Lost Customers
4201,152,9,1340438.5485,Kabir Sharma,3,5,5,355,13,Loyal Customers
4202,36,15,1610319.3365,Arjun Kaur,5,5,5,555,15,Champions
4203,123,6,478262.937,Neha Gill,3,3,2,332,8,Potential Loyalists
4204,225,7,1039465.087,Rohan Gill,2,4,5,245,11,At Risk
4205,28,7,631595.089,Vihaan Mehta,5,4,3,543,12,Loyal Customers
4206,109,4,614731.487,Karan Gupta,3,2,3,323,8,Potential Loyalists
4207,21,8,1132185.094,Neha Sharma,5,5,5,555,15,Champions
4208,137,10,1308881.6085,Priya Singh,3,5,5,355,13,Loyal Customers
4209,106,6,570987.8724999999,Ananya Kaur,3,3,2,332,8,Potential Loyalists
4210,135,5,363962.32649999997,Meera Kumar,3,3,1,331,7,Potential Loyalists
4211,346,7,687362.529,Meera Verma,1,4,3,143,8,At Risk
4212,104,8,1015613.2814999999,Rohan Kaur,3,5,5,355,13,Loyal Customers
4213,257,4,321372.038,Neha Kaur,2,2,1,221,5,Lost Customers
4214,99,8,1165873.1655,Karan Kumar,3,5,5,355,13,Loyal Customers
4215,33,6,1296882.8260000001,Priya Malhotra,5,3,5,535,13,Potential Loyalists
4216,44,5,987810.1025,Aarav Kumar,4,3,4,434,11,Potential Loyalists
4217,214,5,493581.067,Rohan Kumar,2,3,2,232,7,Potential Loyalists
4218,485,5,521932.49399999995,Arjun Gupta,1,3,2,132,6,Potential Loyalists
4219,157,9,668311.796,Ananya Singh,3,5,3,353,11,Loyal Customers
4220,64,7,1152487.774,Karan Gill,4,4,5,445,13,Champions
4221,134,8,1064028.749,Karan Gill,3,5,5,355,13,Loyal Customers
4222,680,3,259742.476,Kabir Singh,1,1,1,111,3,Lost Customers
4223,234,11,1599559.7355,Meera Malhotra,2,5,5,255,12,At Risk
4224,104,4,528134.559,Aditya Malhotra,3,2,2,322,7,Potential Loyalists
4225,201,8,927963.8595,Karan Verma,2,5,4,254,11,At Risk
4226,253,5,1000473.4815,Ananya Gill,2,3,4,234,9,At Risk
4227,164,8,958606.892,Ishita Gill,3,5,4,354,12,Loyal Customers
4228,51,7,670926.1095,Meera Malhotra,4,4,3,443,11,Loyal Customers
4229,47,3,296576.97500000003,Neha Malhotra,4,1,1,411,6,New Customers
4230,68,6,691459.312,Meera Malhotra,4,3,3,433,10,Potential Loyalists
4231,140,6,645815.452,Aisha Patel,3,3,3,333,9,Potential Loyalists
4232,373,8,1072222.5355,Rahul Kaur,1,5,5,155,11,At Risk
4233,93,7,721497.1900000001,Rahul Mehta,4,4,3,443,11,Loyal Customers
4234,306,9,1097798.6084999999,Rohan Gupta,1,5,5,155,11,At Risk
4235,13,3,177170.201,Arjun Gill,5,1,1,511,7,New Customers
4236,278,7,1088623.5585,Kabir Kaur,2,4,5,245,11,At Risk
4237,212,6,280188.59199999995,Rohan Verma,2,3,1,231,6,Potential Loyalists
4238,296,4,644730.093,Simran Verma,1,2,3,123,6,Lost Customers
4239,202,7,745572.7455,Priya Sharma,2,4,3,243,9,At Risk
4240,103,11,1394703.1765,Neha Gupta,3,5,5,355,13,Loyal Customers
4241,264,7,563392.691,Ananya Sharma,2,4,2,242,8,Potential Loyalists
4242,12,1,140095.883,Kabir Mehta,5,1,1,511,7,New Customers
4243,5,9,1117409.8225,Aarav Gupta,5,5,5,555,15,Champions
4244,83,8,1106867.998,Rahul Kumar,4,5,5,455,14,Champions
4245,30,3,605749.1225,Priya Sharma,5,1,3,513,9,New Customers
4246,257,4,830590.6950000001,Aarav Singh,2,2,4,224,8,Lost Customers
4247,140,7,913467.0405,Simran Gill,3,4,4,344,11,Loyal Customers
4248,31,8,1253929.3295,Ishita Mehta,5,5,5,555,15,Champions
4249,68,4,394288.20200000005,Rahul Sharma,4,2,1,421,7,New Customers
4251,8,5,667124.5555,Rahul Singh,5,3,3,533,11,Potential Loyalists
4252,475,1,211174.6635,Ishita Kaur,1,1,1,111,3,Lost Customers
4253,25,8,1125011.3105,Aarav Sharma,5,5,5,555,15,Champions
4254,16,5,588088.9280000001,Vihaan Gupta,5,3,2,532,10,Potential Loyalists
4255,329,5,666675.168,Priya Kaur,1,3,3,133,7,At Risk
4256,169,8,748419.115,Ishita Kumar,2,5,3,253,10,At Risk
4257,247,5,438503.872,Aditya Singh,2,3,2,232,7,Potential Loyalists
4258,2,4,555691.831,Meera Singh,5,2,2,522,9,New Customers
4259,416,4,392172.38100000005,Arjun Kumar,1,2,1,121,4,Lost Customers
4260,124,6,1065532.7,Priya Verma,3,3,5,335,11,Potential Loyalists
4261,221,7,660385.6675,Rahul Kumar,2,4,3,243,9,At Risk
4262,112,6,645846.1325,Ananya Sharma,3,3,3,333,9,Potential Loyalists
4263,289,8,1050247.163,Rohan Patel,1,5,5,155,11,At Risk
4264,93,7,934731.2744999999,Aarav Singh,4,4,4,444,12,Champions
4265,141,7,844948.2585,Kabir Gupta,3,4,4,344,11,Loyal Customers
4266,363,4,828780.7455,Simran Kumar,1,2,4,124,7,Lost Customers
4267,18,6,401761.676,Arjun Mehta,5,3,1,531,9,Potential Loyalists
4268,809,1,57503.2,Rahul Patel,1,1,1,111,3,Lost Customers
4269,20,9,556781.299,Karan Gill,5,5,2,552,12,Loyal Customers
4270,99,5,504652.414,Aisha Malhotra,3,3,2,332,8,Potential Loyalists
4271,10,8,1285457.909,Ishita Kaur,5,5,5,555,15,Champions
4272,103,6,800718.8485,Aditya Mehta,3,3,4,334,10,Potential Loyalists
4273,314,4,354870.503,Meera Gupta,1,2,1,121,4,Lost Customers
4274,390,7,1299258.6945,Ananya Patel,1,4,5,145,10,At Risk
4275,387,10,1073338.2619999999,Karan Gupta,1,5,5,155,11,At Risk
4276,375,6,338830.1015,Vihaan Patel,1,3,1,131,5,Potential Loyalists
4277,22,13,1650668.3045,Karan Malhotra,5,5,5,555,15,Champions
4278,12,9,1097231.371,Aditya Mehta,5,5,5,555,15,Champions
4279,87,12,1392009.7825,Vihaan Mehta,4,5,5,455,14,Champions
4280,260,4,450510.69,Aarav Verma,2,2,2,222,6,Lost Customers
4281,283,6,516922.8145,Ishita Patel,2,3,2,232,7,Potential Loyalists
4282,74,3,274540.69800000003,Kabir Verma,4,1,1,411,6,New Customers
4283,44,7,887220.323,Rohan Gupta,4,4,4,444,12,Champions
4284,613,2,283490.39900000003,Aarav Kaur,1,1,1,111,3,Lost Customers
4285,103,4,807567.9654999999,Aarav Malhotra,3,2,4,324,9,Potential Loyalists
4286,140,8,691658.4990000001,Priya Malhotra,3,5,3,353,11,Loyal Customers
4287,246,4,900664.0210000001,Rohan Verma,2,2,4,224,8,Lost Customers
4288,110,6,910462.291,Vihaan Kumar,3,3,4,334,10,Potential Loyalists
4289,318,5,844120.529,Vihaan Sharma,1,3,4,134,8,At Risk
4290,225,9,621805.348,Aarav Verma,2,5,3,253,10,At Risk
4291,437,3,438990.3395,Kabir Kaur,1,1,2,112,4,Lost Customers
4292,163,3,576935.846,Aisha Singh,3,1,2,312,6,Potential Loyalists
4293,177,11,1592771.4635,Rohan Kumar,2,5,5,255,12,At Risk
4294,997,1,209422.88199999998,Rahul Mehta,1,1,1,111,3,Lost Customers
4295,27,8,776349.34,Aditya Kaur,5,5,3,553,13,Loyal Customers
4296,158,7,887949.2085000001,Aisha Patel,3,4,4,344,11,Loyal Customers
4297,128,9,1062962.25,Kabir Singh,3,5,5,355,13,Loyal Customers
4298,1066,1,48489.004,Aisha Singh,1,1,1,111,3,Lost Customers
4299,68,6,594002.4180000001,Rahul Verma,4,3,2,432,9,Potential Loyalists
4300,551,6,723179.702,Rahul Kaur,1,3,3,133,7,At Risk
4301,47,4,598347.182,Aisha Malhotra,4,2,2,422,8,New Customers
4302,35,10,1561725.0905,Karan Singh,5,5,5,555,15,Champions
4303,45,8,1162689.8665,Aisha Kumar,4,5,5,455,14,Champions
4304,145,6,1063619.287,Simran Verma,3,3,5,335,11,Potential Loyalists
4305,174,6,803600.015,Rahul Gill,2,3,4,234,9,At Risk
4306,241,5,532913.0185,Meera Gill,2,3,2,232,7,Potential Loyalists
4307,396,11,1234395.3855,Aditya Gill,1,5,5,155,11,At Risk
4308,59,7,886330.4525,Aisha Gill,4,4,4,444,12,Champions
4309,388,5,565771.2875,Ananya Kaur,1,3,2,132,6,Potential Loyalists
4310,152,8,685036.0755,Vihaan Sharma,3,5,3,353,11,Loyal Customers
4311,160,7,780699.8040000001,Aditya Kumar,3,4,3,343,10,Loyal Customers
4312,9,5,507881.155,Meera Kaur,5,3,2,532,10,Potential Loyalists
4313,23,4,479794.3915,Rahul Mehta,5,2,2,522,9,New Customers
4314,103,4,426799.629,Priya Kumar,3,2,2,322,7,Potential Loyalists
4315,45,3,517393.966,Arjun Verma,4,1,2,412,7,New Customers
4316,781,1,119998.3935,Rohan Sharma,1,1,1,111,3,Lost Customers
4317,219,3,155403.587,Karan Sharma,2,1,1,211,4,Lost Customers
4318,60,7,564554.2815,Karan Sharma,4,4,2,442,10,Loyal Customers
4319,489,8,949479.86,Simran Singh,1,5,4,154,10,At Risk
4320,2,4,391821.5735,Simran Kaur,5,2,1,521,8,New Customers
4321,65,9,878831.4045000001,Ishita Gupta,4,5,4,454,13,Champions
4322,75,13,1554139.903,Kabir Malhotra,4,5,5,455,14,Champions
4323,40,5,555275.5485,Priya Gupta,5,3,2,532,10,Potential Loyalists
4324,107,8,1061949.0019999999,Rahul Gill,3,5,5,355,13,Loyal Customers
4325,13,6,1101834.762,Ishita Singh,5,3,5,535,13,Potential Loyalists
4326,14,8,1170930.5085,Kabir Sharma,5,5,5,555,15,Champions
4327,388,8,1445335.545,Vihaan Gill,1,5,5,155,11,At Risk
4328,0,7,1466121.0,Neha Verma,5,4,5,545,14,Champions
4329,7,7,677265.129,Aditya Kumar,5,4,3,543,12,Loyal Customers
4330,13,5,440200.764,Priya Gupta,5,3,2,532,10,Potential Loyalists
4331,34,5,755733.495,Arjun Kaur,5,3,3,533,11,Potential Loyalists
4332,212,6,1209865.1554999999,Aditya Kaur,2,3,5,235,10,At Risk
4333,192,5,322316.5305,Ananya Singh,2,3,1,231,6,Potential Loyalists
4334,533,4,312152.8795,Vihaan Sharma,1,2,1,121,4,Lost Customers
4335,102,4,217733.6545,Rahul Sharma,3,2,1,321,6,Potential Loyalists
4336,342,3,335182.036,Aarav Kaur,1,1,1,111,3,Lost Customers
4337,176,8,889113.7635,Kabir Gupta,2,5,4,254,11,At Risk
4338,217,9,1335033.32,Meera Verma,2,5,5,255,12,At Risk
4339,161,7,462650.634,Aisha Patel,3,4,2,342,9,Loyal Customers
4340,248,7,897620.284,Ishita Verma,2,4,4,244,10,At Risk
4341,392,4,438413.8285,Arjun Patel,1,2,2,122,5,Lost Customers
4342,195,10,1557038.642,Aditya Verma,2,5,5,255,12,At Risk
4343,317,6,1176672.9995,Vihaan Verma,1,3,5,135,9,At Risk
4344,274,6,610044.801,Ananya Gill,2,3,3,233,8,At Risk
4345,38,5,503754.47099999996,Kabir Patel,5,3,2,532,10,Potential Loyalists
4346,59,4,483614.348,Kabir Sharma,4,2,2,422,8,New Customers
4347,77,9,1820156.423,Kabir Kaur,4,5,5,455,14,Champions
4348,432,6,486335.73500000004,Aarav Verma,1,3,2,132,6,Potential Loyalists
4349,99,7,818173.157,Neha Gill,3,4,4,344,11,Loyal Customers
4350,86,5,486111.365,Rahul Gill,4,3,2,432,9,Potential Loyalists
4351,193,2,257211.12900000002,Vihaan Patel,2,1,1,211,4,Lost Customers
4352,350,6,850922.485,Meera Mehta,1,3,4,134,8,At Risk
4353,150,4,354002.543,Neha Verma,3,2,1,321,6,Potential Loyalists
4354,6,7,991184.726,Aditya Malhotra,5,4,4,544,13,Champions
4355,41,5,583820.029,Neha Gill,4,3,2,432,9,Potential Loyalists
4356,560,3,147154.7805,Ananya Malhotra,1,1,1,111,3,Lost Customers
4357,774,2,294376.851,Kabir Verma,1,1,1,111,3,Lost Customers
4358,543,2,187021.1315,Aditya Gupta,1,1,1,111,3,Lost Customers
4359,43,9,1145408.369,Kabir Gill,4,5,5,455,14,Champions
4360,268,5,467535.8825,Ishita Gupta,2,3,2,232,7,Potential Loyalists
4361,294,2,280712.244,Aarav Kumar,1,1,1,111,3,Lost Customers
4362,22,4,462116.113,Kabir Sharma,5,2,2,522,9,New Customers
4363,208,6,900594.384,Aditya Kaur,2,3,4,234,9,At Risk
4364,23,11,1423427.107,Ananya Kaur,5,5,5,555,15,Champions
4365,142,6,868221.879,Rohan Kumar,3,3,4,334,10,Potential Loyalists
4366,65,7,1111302.7875,Rahul Gill,4,4,5,445,13,Champions
4367,139,5,719311.0385,Kabir Gill,3,3,3,333,9,Potential Loyalists
4368,100,4,545262.107,Simran Kaur,3,2,2,322,7,Potential Loyalists
4369,33,8,1223563.293,Vihaan Sharma,5,5,5,555,15,Champions
4370,594,4,493981.697,Arjun Malhotra,1,2,2,122,5,Lost Customers
4371,166,11,1147361.4875,Kabir Gupta,2,5,5,255,12,At Risk
4372,71,4,246486.19900000002,Karan Gupta,4,2,1,421,7,New Customers
4373,208,9,1241504.895,Vihaan Singh,2,5,5,255,12,At Risk
4374,21,6,530056.3195,Ishita Verma,5,3,2,532,10,Potential Loyalists
4375,53,4,614529.502,Karan Mehta,4,2,3,423,9,New Customers
4376,75,7,1001397.943,Karan Patel,4,4,4,444,12,Champions
4377,151,4,502718.7395,Aisha Gill,3,2,2,322,7,Potential Loyalists
4378,166,2,204113.657,Ishita Gill,2,1,1,211,4,Lost Customers
4379,29,5,547004.3245,Vihaan Kumar,5,3,2,532,10,Potential Loyalists
4380,375,2,146725.978,Meera Kaur,1,1,1,111,3,Lost Customers
4381,114,5,443721.911,Aditya Malhotra,3,3,2,332,8,Potential Loyalists
4382,339,5,520794.20499999996,Aarav Mehta,1,3,2,132,6,Potential Loyalists
4383,44,6,1055789.8939999999,Arjun Sharma,4,3,5,435,12,Potential Loyalists
4384,247,6,552718.72,Aisha Gill,2,3,2,232,7,Potential Loyalists
4385,413,5,627433.9995,Arjun Mehta,1,3,3,133,7,At Risk
4386,1,4,528910.165,Arjun Gupta,5,2,2,522,9,New Customers
4387,275,6,927657.382,Aarav Gill,2,3,4,234,9,At Risk
4388,170,3,312791.64749999996,Rohan Patel,2,1,1,211,4,Lost Customers
4389,11,13,942712.1115,Neha Mehta,5,5,4,554,14,Champions
4390,473,5,451945.41349999997,Priya Patel,1,3,2,132,6,Potential Loyalists
4391,1,5,484891.67449999996,Aarav Mehta,5,3,2,532,10,Potential Loyalists
4392,413,4,882059.642,Aarav Gill,1,2,4,124,7,Lost Customers
4393,142,5,399198.465,Neha Gupta,3,3,1,331,7,Potential Loyalists
4394,503,8,821869.4775,Aisha Kumar,1,5,4,154,10,At Risk
4395,75,8,1418744.2349999999,Priya Kumar,4,5,5,455,14,Champions
4396,258,5,567869.892,Vihaan Malhotra,2,3,2,232,7,Potential Loyalists
4397,176,5,537134.298,Priya Gupta,2,3,2,232,7,Potential Loyalists
4398,288,1,92198.47,Kabir Verma,1,1,1,111,3,Lost Customers
4399,81,4,415778.7125,Arjun Verma,4,2,1,421,7,New Customers
4400,240,6,466675.619,Ishita Kumar,2,3,2,232,7,Potential Loyalists
4401,134,10,1511047.7480000001,Vihaan Sharma,3,5,5,355,13,Loyal Customers
4402,597,5,562488.685,Aditya Sharma,1,3,2,132,6,Potential Loyalists
4403,152,5,592327.3415,Simran Gill,3,3,2,332,8,Potential Loyalists
4404,9,7,691615.707,Aarav Singh,5,4,3,543,12,Loyal Customers
4405,198,7,710002.423,Arjun Singh,2,4,3,243,9,At Risk
4406,345,7,696283.616,Rahul Singh,1,4,3,143,8,At Risk
4407,103,5,1008957.232,Simran Patel,3,3,4,334,10,Potential Loyalists
4408,141,3,350606.36,Vihaan Kaur,3,1,1,311,5,Potential Loyalists
4409,429,5,877337.8005,Aarav Gupta,1,3,4,134,8,At Risk
4410,131,6,762079.6205,Aarav Patel,3,3,3,333,9,Potential Loyalists
4411,99,8,708678.8855,Karan Mehta,3,5,3,353,11,Loyal Customers
4412,218,9,1182015.368,Karan Sharma,2,5,5,255,12,At Risk
4413,17,4,326120.135,Karan Singh,5,2,1,521,8,New Customers
4414,13,7,962325.8929999999,Meera Kumar,5,4,4,544,13,Champions
4415,128,7,725993.5499999999,Rahul Kaur,3,4,3,343,10,Loyal Customers
4416,54,8,1164978.1415,Meera Gill,4,5,5,455,14,Champions
4417,54,12,1725522.3295,Aarav Kaur,4,5,5,455,14,Champions
4418,337,2,246910.137,Aarav Kaur,1,1,1,111,3,Lost Customers
4419,37,7,1049535.517,Aarav Kumar,5,4,5,545,14,Champions
4420,14,7,1088134.22,Rohan Sharma,5,4,5,545,14,Champions
4421,260,6,393183.3075,Rahul Kumar,2,3,1,231,6,Potential Loyalists
4422,20,2,204159.69,Kabir Malhotra,5,1,1,511,7,New Customers
4423,77,9,1038343.6105,Ishita Sharma,4,5,5,455,14,Champions
4424,25,4,682331.235,Ananya Singh,5,2,3,523,10,New Customers
4425,312,7,1312687.6724999999,Kabir Patel,1,4,5,145,10,At Risk
4426,4,5,713528.2474999999,Rohan Kaur,5,3,3,533,11,Potential Loyalists
4427,119,9,1634710.3205,Meera Gill,3,5,5,355,13,Loyal Customers
4428,166,6,795339.0995,Rahul Sharma,2,3,4,234,9,At Risk
4429,84,4,465577.5825,Aarav Kaur,4,2,2,422,8,New Customers
4430,203,12,1398052.7015,Priya Patel,2,5,5,255,12,At Risk
4431,194,6,898457.13,Aarav Patel,2,3,4,234,9,At Risk
4432,169,4,309242.2695,Meera Gupta,2,2,1,221,5,Lost Customers
4433,52,9,943921.293,Arjun Malhotra,4,5,4,454,13,Champions
4434,98,3,231494.676,Meera Malhotra,3,1,1,311,5,Potential Loyalists
4435,162,6,572233.3735,Aditya Gupta,3,3,2,332,8,Potential Loyalists
4436,179,7,818164.6089999999,Ishita Kaur,2,4,4,244,10,At Risk
4437,73,6,486988.499,Ananya Mehta,4,3,2,432,9,Potential Loyalists
4438,152,6,889258.703,Aarav Kumar,3,3,4,334,10,Potential Loyalists
4439,608,4,396841.96400000004,Aditya Malhotra,1,2,1,121,4,Lost Customers
4440,65,6,530814.6015,Aditya Mehta,4,3,2,432,9,Potential Loyalists
4441,176,6,577211.9495,Kabir Kumar,2,3,2,232,7,Potential Loyalists
4442,262,7,693567.1195,Aarav Singh,2,4,3,243,9,At Risk
4443,197,7,1033373.631,Karan Kumar,2,4,5,245,11,At Risk
4444,633,2,114341.944,Rohan Verma,1,1,1,111,3,Lost Customers
4445,253,3,438821.73,Ananya Sharma,2,1,2,212,5,Lost Customers
4446,154,5,603990.1145,Aditya Singh,3,3,2,332,8,Potential Loyalists
4447,116,4,535712.6140000001,Aditya Mehta,3,2,2,322,7,Potential Loyalists
4448,78,2,315973.8775,Meera Patel,4,1,1,411,6,New Customers
4449,363,6,1145665.8665,Ananya Sharma,1,3,5,135,9,At Risk
4450,1,5,935325.099,Ananya Singh,5,3,4,534,12,Potential Loyalists
4451,856,3,159976.4265,Ananya Kumar,1,1,1,111,3,Lost Customers
4452,64,6,587583.825,Simran Kumar,4,3,2,432,9,Potential Loyalists
4453,27,10,925337.1425,Aditya Malhotra,5,5,4,554,14,Champions
4454,28,5,422191.95399999997,Rohan Mehta,5,3,1,531,9,Potential Loyalists
4455,175,5,523274.4855,Ishita Mehta,2,3,2,232,7,Potential Loyalists
4456,46,9,731588.523,Ishita Sharma,4,5,3,453,12,Loyal Customers
4457,315,5,455048.0395,Aarav Gill,1,3,2,132,6,Potential Loyalists
4458,76,9,849280.9115,Vihaan Kumar,4,5,4,454,13,Champions
4459,600,3,318776.8975,Vihaan Kaur,1,1,1,111,3,Lost Customers
4460,153,5,471442.8565,Aditya Sharma,3,3,2,332,8,Potential Loyalists
4461,131,8,1346976.4155000001,Vihaan Kaur,3,5,5,355,13,Loyal Customers
4462,42,9,1314546.3305,Aditya Kaur,4,5,5,455,14,Champions
4463,341,8,1419264.203,Vihaan Malhotra,1,5,5,155,11,At Risk
4464,19,7,876507.865,Kabir Kumar,5,4,4,544,13,Champions
4465,167,9,1142147.7595,Aditya Sharma,2,5,5,255,12,At Risk
4466,365,6,511759.8285,Vihaan Kaur,1,3,2,132,6,Potential Loyalists
4467,45,10,940755.215,Aditya Mehta,4,5,4,454,13,Champions
4468,165,6,577515.311,Neha Gill,2,3,2,232,7,Potential Loyalists
4469,244,6,728088.9335,Ishita Patel,2,3,3,233,8,At Risk
4470,25,5,443114.7565,Kabir Verma,5,3,2,532,10,Potential Loyalists
4471,30,10,1217153.6225,Ananya Gill,5,5,5,555,15,Champions
4472,219,7,908841.171,Arjun Sharma,2,4,4,244,10,At Risk
4473,59,5,852402.476,Vihaan Kumar,4,3,4,434,11,Potential Loyalists
4474,3,7,706110.9305,Neha Kaur,5,4,3,543,12,Loyal Customers
4475,61,3,365342.1985,Vihaan Kumar,4,1,1,411,6,New Customers
4476,107,8,874993.9195,Rahul Verma,3,5,4,354,12,Loyal Customers
4477,83,5,421449.5005,Neha Mehta,4,3,1,431,8,Potential Loyalists
4478,106,5,367403.08300000004,Aarav Kumar,3,3,1,331,7,Potential Loyalists
4479,268,5,425553.308,Kabir Gill,2,3,2,232,7,Potential Loyalists
4480,814,2,95324.0,Meera Sharma,1,1,1,111,3,Lost Customers
4481,449,8,818531.786,Kabir Mehta,1,5,4,154,10,At Risk
4482,106,2,258246.06149999998,Aisha Patel,3,1,1,311,5,Potential Loyalists
4483,339,9,774266.414,Kabir Patel,1,5,3,153,9,At Risk
4484,278,4,454538.1945,Ishita Sharma,2,2,2,222,6,Lost Customers
4485,9,8,983245.6830000001,Aisha Malhotra,5,5,4,554,14,Champions
4486,24,10,776196.2255,Rahul Singh,5,5,3,553,13,Loyal Customers
4487,124,5,1045306.3345,Rohan Gill,3,3,5,335,11,Potential Loyalists
4488,301,8,1120050.1205,Arjun Malhotra,1,5,5,155,11,At Risk
4489,919,2,314623.33150000003,Meera Gill,1,1,1,111,3,Lost Customers
4490,314,6,847907.976,Ananya Malhotra,1,3,4,134,8,At Risk
4491,11,7,1041786.0875,Ishita Patel,5,4,5,545,14,Champions
4492,372,6,547239.5665,Kabir Verma,1,3,2,132,6,Potential Loyalists
4493,202,3,508454.549,Kabir Kumar,2,1,2,212,5,Lost Customers
4494,156,6,756478.899,Arjun Kaur,3,3,3,333,9,Potential Loyalists
4495,39,6,946179.0329999999,Ananya Gupta,5,3,4,534,12,Potential Loyalists
4496,525,3,240531.837,Aarav Singh,1,1,1,111,3,Lost Customers
4497,128,4,676560.7855,Meera Kaur,3,2,3,323,8,Potential Loyalists
4498,347,2,231530.795,Karan Gupta,1,1,1,111,3,Lost Customers
4499,133,5,626696.6765000001,Rahul Mehta,3,3,3,333,9,Potential Loyalists
4500,531,4,212307.0325,Neha Kaur,1,2,1,121,4,Lost Customers
4501,45,6,442801.32,Aarav Patel,4,3,2,432,9,Potential Loyalists
4502,24,8,1204214.9,Rahul Singh,5,5,5,555,15,Champions
4503,39,6,915063.3495,Rahul Gupta,5,3,4,534,12,Potential Loyalists
4504,162,4,510466.543,Rahul Sharma,3,2,2,322,7,Potential Loyalists
4505,504,4,471306.966,Ananya Gupta,1,2,2,122,5,Lost Customers
4506,269,3,434040.35900000005,Aarav Gill,2,1,2,212,5,Lost Customers
4507,470,5,595272.667,Aisha Singh,1,3,2,132,6,Potential Loyalists
4508,273,4,579167.9285,Rahul Singh,2,2,2,222,6,Lost Customers
4509,84,7,1108346.896,Arjun Verma,4,4,5,445,13,Champions
4510,179,5,818372.5210000001,Priya Malhotra,2,3,4,234,9,At Risk
4511,121,8,1030547.931,Priya Malhotra,3,5,5,355,13,Loyal Customers
4512,10,7,600755.13,Neha Mehta,5,4,2,542,11,Loyal Customers
4513,179,2,255972.16749999998,Karan Verma,2,1,1,211,4,Lost Customers
4514,250,5,884495.4855000001,Rahul Malhotra,2,3,4,234,9,At Risk
4515,51,11,1205164.203,Aisha Malhotra,4,5,5,455,14,Champions
4516,127,5,751184.064,Arjun Verma,3,3,3,333,9,Potential Loyalists
4517,73,8,824400.7835,Arjun Kaur,4,5,4,454,13,Champions
4518,137,9,1500682.5605,Arjun Malhotra,3,5,5,355,13,Loyal Customers
4519,55,4,251762.4025,Aisha Kumar,4,2,1,421,7,New Customers
4520,41,9,997534.209,Aarav Malhotra,4,5,4,454,13,Champions
4521,91,6,726872.658,Meera Singh,4,3,3,433,10,Potential Loyalists
4522,186,6,858203.0215,Vihaan Sharma,2,3,4,234,9,At Risk
4523,56,6,823799.88,Simran Verma,4,3,4,434,11,Potential Loyalists
4524,49,6,573939.6765000001,Meera Sharma,4,3,2,432,9,Potential Loyalists
4525,10,7,1074397.1014999999,Meera Singh,5,4,5,545,14,Champions
4526,169,5,592868.8815,Ananya Verma,2,3,2,232,7,Potential Loyalists
4527,15,5,765974.4855,Ishita Gill,5,3,3,533,11,Potential Loyalists
4528,41,4,292003.92,Kabir Malhotra,4,2,1,421,7,New Customers
4529,175,5,593653.1915,Rahul Gill,2,3,2,232,7,Potential Loyalists
4530,97,5,400304.83150000003,Rohan Sharma,3,3,1,331,7,Potential Loyalists
4531,170,4,443791.0195,Aisha Mehta,2,2,2,222,6,Lost Customers
4532,140,10,1012876.5484999999,Karan Kumar,3,5,5,355,13,Loyal Customers
4533,36,6,451607.9465,Ananya Malhotra,5,3,2,532,10,Potential Loyalists
4534,714,2,255151.25300000003,Kabir Gill,1,1,1,111,3,Lost Customers
4535,195,6,362063.296,Aisha Kumar,2,3,1,231,6,Potential Loyalists
4536,30,5,353634.586,Rohan Malhotra,5,3,1,531,9,Potential Loyalists
4537,21,9,1328059.2515,Vihaan Gupta,5,5,5,555,15,Champions
4538,48,7,717257.211,Ananya Mehta,4,4,3,443,11,Loyal Customers
4539,75,6,745671.0345000001,Karan Patel,4,3,3,433,10,Potential Loyalists
4540,78,6,801873.708,Simran Verma,4,3,4,434,11,Potential Loyalists
4541,14,5,485665.579,Vihaan Sharma,5,3,2,532,10,Potential Loyalists
4542,434,1,199430.915,Meera Malhotra,1,1,1,111,3,Lost Customers
4543,29,12,1190276.653,Kabir Kumar,5,5,5,555,15,Champions
4544,305,5,609692.7215,Meera Patel,1,3,3,133,7,At Risk
4545,28,5,562297.8025,Kabir Mehta,5,3,2,532,10,Potential Loyalists
4546,330,7,966889.423,Arjun Mehta,1,4,4,144,9,At Risk
4547,245,4,250187.013,Rahul Kaur,2,2,1,221,5,Lost Customers
4548,51,2,555470.265,Arjun Malhotra,4,1,2,412,7,New Customers
4549,281,4,382424.23250000004,Aditya Kaur,2,2,1,221,5,Lost Customers
4550,798,2,383430.6195,Rahul Gill,1,1,1,111,3,Lost Customers
4551,116,2,257968.8625,Kabir Mehta,3,1,1,311,5,Potential Loyalists
4552,51,8,1577929.973,Karan Gill,4,5,5,455,14,Champions
4553,16,6,591006.612,Karan Gill,5,3,2,532,10,Potential Loyalists
4554,22,7,835889.399,Ishita Gupta,5,4,4,544,13,Champions
4555,81,6,590737.789,Aisha Mehta,4,3,2,432,9,Potential Loyalists
4556,7,12,1474362.918,Arjun Mehta,5,5,5,555,15,Champions
4557,25,6,557341.909,Vihaan Gill,5,3,2,532,10,Potential Loyalists
4558,58,9,1101368.4975,Ishita Mehta,4,5,5,455,14,Champions
4559,43,8,967492.7775,Rohan Gill,4,5,4,454,13,Champions
4560,137,9,1547550.514,Simran Gill,3,5,5,355,13,Loyal Customers
4561,343,8,1179831.086,Kabir Verma,1,5,5,155,11,At Risk
4562,314,3,540776.7685,Rahul Kumar,1,1,2,112,4,Lost Customers
4563,96,5,821012.3875000001,Rahul Singh,3,3,4,334,10,Potential Loyalists
4564,335,6,876485.0595,Priya Singh,1,3,4,134,8,At Risk
4565,128,4,500764.5515,Priya Patel,3,2,2,322,7,Potential Loyalists
4566,387,3,155274.191,Kabir Gill,1,1,1,111,3,Lost Customers
4567,21,5,191848.844,Ishita Sharma,5,3,1,531,9,Potential Loyalists
4568,203,2,340804.056,Meera Gill,2,1,1,211,4,Lost Customers
4569,82,8,986235.676,Ananya Kaur,4,5,4,454,13,Champions
4570,179,5,774808.1165,Rahul Malhotra,2,3,3,233,8,At Risk
4571,98,9,1520858.3535,Priya Gupta,3,5,5,355,13,Loyal Customers
4572,524,5,500803.616,Aarav Verma,1,3,2,132,6,Potential Loyalists
4573,307,7,572363.129,Ishita Malhotra,1,4,2,142,7,Potential Loyalists
4574,69,6,608019.9035,Meera Mehta,4,3,3,433,10,Potential Loyalists
4575,135,3,442389.417,Meera Singh,3,1,2,312,6,Potential Loyalists
4576,482,4,501973.202,Rohan Patel,1,2,2,122,5,Lost Customers
4577,138,6,985567.525,Karan Sharma,3,3,4,334,10,Potential Loyalists
4578,179,5,319365.63049999997,Ananya Gill,2,3,1,231,6,Potential Loyalists
4579,452,5,544550.923,Aditya Sharma,1,3,2,132,6,Potential Loyalists
4580,95,6,834087.0939999999,Arjun Singh,3,3,4,334,10,Potential Loyalists
4581,442,3,216921.883,Aarav Singh,1,1,1,111,3,Lost Customers
4582,613,3,366139.8615,Vihaan Verma,1,1,1,111,3,Lost Customers
4583,46,7,601193.2045,Ishita Malhotra,4,4,2,442,10,Loyal Customers
4584,66,6,580924.005,Neha Mehta,4,3,2,432,9,Potential Loyalists
4585,250,6,739956.97,Vihaan Gupta,2,3,3,233,8,At Risk
4586,116,4,668398.029,Aditya Verma,3,2,3,323,8,Potential Loyalists
4587,333,4,445881.034,Neha Kumar,1,2,2,122,5,Lost Customers
4588,20,4,533341.498,Ishita Sharma,5,2,2,522,9,New Customers
4589,21,4,351854.9915,Ananya Patel,5,2,1,521,8,New Customers
4590,141,7,760710.187,Ishita Singh,3,4,3,343,10,Loyal Customers
4591,9,7,652147.3395,Karan Kaur,5,4,3,543,12,Loyal Customers
4592,69,6,647554.2325,Arjun Malhotra,4,3,3,433,10,Potential Loyalists
4593,73,9,958973.1245,Kabir Gill,4,5,4,454,13,Champions
4594,31,11,1533045.4695000001,Neha Gupta,5,5,5,555,15,Champions
4595,29,5,306112.10599999997,Aditya Singh,5,3,1,531,9,Potential Loyalists
4596,46,7,807581.851,Simran Patel,4,4,4,444,12,Champions
4597,302,7,978829.6245,Aisha Verma,1,4,4,144,9,At Risk
4598,317,2,317750.6405,Aditya Verma,1,1,1,111,3,Lost Customers
4599,270,4,544104.313,Kabir Singh,2,2,2,222,6,Lost Customers
4600,93,7,1021253.893,Simran Gupta,4,4,5,445,13,Champions
4601,80,7,913191.4105,Meera Gill,4,4,4,444,12,Champions
4602,310,3,339628.02050000004,Aarav Patel,1,1,1,111,3,Lost Customers
4603,101,5,451307.1665,Simran Singh,3,3,2,332,8,Potential Loyalists
4604,821,3,351878.837,Priya Gupta,1,1,1,111,3,Lost Customers
4605,109,8,886448.655,Priya Mehta,3,5,4,354,12,Loyal Customers
4606,135,6,605377.015,Ishita Malhotra,3,3,3,333,9,Potential Loyalists
4607,8,8,655721.3355,Aditya Sharma,5,5,3,553,13,Loyal Customers
4608,23,7,683311.6835,Aditya Kumar,5,4,3,543,12,Loyal Customers
4609,650,5,630948.673,Ishita Patel,1,3,3,133,7,At Risk
4610,247,4,700610.3369999999,Meera Kaur,2,2,3,223,7,Lost Customers
4611,335,3,272159.883,Rahul Mehta,1,1,1,111,3,Lost Customers
4612,90,7,618128.6610000001,Rahul Verma,4,4,3,443,11,Loyal Customers
4613,68,10,982749.8195,Rohan Verma,4,5,4,454,13,Champions
4614,96,9,1074568.6115,Kabir Kaur,3,5,5,355,13,Loyal Customers
4615,444,6,960221.6305,Ananya Gill,1,3,4,134,8,At Risk
4616,548,5,738872.6255,Rahul Malhotra,1,3,3,133,7,At Risk
4617,318,2,222877.972,Ananya Sharma,1,1,1,111,3,Lost Customers
4618,65,9,1314484.694,Rohan Kaur,4,5,5,455,14,Champions
4619,262,4,96040.31,Aditya Gupta,2,2,1,221,5,Lost Customers
4620,30,6,759027.3809999999,Vihaan Patel,5,3,3,533,11,Potential Loyalists
4621,122,8,1051501.251,Neha Patel,3,5,5,355,13,Loyal Customers
4622,54,9,954903.347,Ishita Sharma,4,5,4,454,13,Champions
4623,153,2,122083.706,Karan Kaur,3,1,1,311,5,Potential Loyalists
4624,194,4,415117.2195,Meera Verma,2,2,1,221,5,Lost Customers
4625,55,7,917605.674,Priya Kaur,4,4,4,444,12,Champions
4626,11,8,940954.7745,Ishita Gupta,5,5,4,554,14,Champions
4627,264,7,1058355.763,Aarav Kumar,2,4,5,245,11,At Risk
4628,62,7,599577.2154999999,Rohan Singh,4,4,2,442,10,Loyal Customers
4629,353,5,382879.92799999996,Neha Malhotra,1,3,1,131,5,Potential Loyalists
4630,119,6,589362.2815,Simran Malhotra,3,3,2,332,8,Potential Loyalists
4631,196,4,569969.1685,Karan Kumar,2,2,2,222,6,Lost Customers
4632,153,7,658733.8285,Aditya Verma,3,4,3,343,10,Loyal Customers
4633,128,7,903619.9505,Ananya Kumar,3,4,4,344,11,Loyal Customers
4634,238,3,618949.0675,Aditya Gill,2,1,3,213,6,Lost Customers
4635,127,6,537875.4755,Ananya Patel,3,3,2,332,8,Potential Loyalists
4636,95,8,809688.7535,Aditya Sharma,3,5,4,354,12,Loyal Customers
4637,110,7,675009.1815,Karan Verma,3,4,3,343,10,Loyal Customers
4638,104,4,428798.402,Aarav Malhotra,3,2,2,322,7,Potential Loyalists
4639,53,10,1458459.391,Arjun Malhotra,4,5,5,455,14,Champions
4640,209,3,360589.581,Vihaan Gill,2,1,1,211,4,Lost Customers
4641,570,4,590337.616,Aditya Kumar,1,2,2,122,5,Lost Customers
4642,2,6,504867.465,Kabir Singh,5,3,2,532,10,Potential Loyalists
4643,189,3,559885.97,Simran Mehta,2,1,2,212,5,Lost Customers
4644,131,6,716626.7515,Priya Malhotra,3,3,3,333,9,Potential Loyalists
4645,112,5,697256.4465,Rohan Mehta,3,3,3,333,9,Potential Loyalists
4646,48,12,901354.361,Kabir Verma,4,5,4,454,13,Champions
4647,38,14,1614120.077,Aditya Kaur,5,5,5,555,15,Champions
4648,245,7,772732.395,Aarav Kaur,2,4,3,243,9,At Risk
4649,177,8,1045327.6325,Ishita Patel,2,5,5,255,12,At Risk
4650,26,9,779390.7115,Neha Kaur,5,5,3,553,13,Loyal Customers
4651,474,2,243866.144,Aditya Kaur,1,1,1,111,3,Lost Customers
4652,32,7,838722.5305,Aarav Singh,5,4,4,544,13,Champions
4653,242,5,644170.955,Meera Gill,2,3,3,233,8,At Risk
4654,108,6,1167296.17,Rahul Kumar,3,3,5,335,11,Potential Loyalists
4655,82,2,14475.760000000002,Kabir Kaur,4,1,1,411,6,New Customers
4656,0,8,885122.2934999999,Rohan Kumar,5,5,4,554,14,Champions
4657,283,9,814873.561,Rohan Verma,2,5,4,254,11,At Risk
4658,692,4,492491.52799999993,Priya Gill,1,2,2,122,5,Lost Customers
4659,31,3,323987.84,Aditya Malhotra,5,1,1,511,7,New Customers
4660,504,3,451369.245,Vihaan Kumar,1,1,2,112,4,Lost Customers
4661,304,5,775021.1340000001,Arjun Kumar,1,3,3,133,7,At Risk
4662,70,7,748076.2645,Rohan Verma,4,4,3,443,11,Loyal Customers
4663,143,5,1102021.33,Aditya Kaur,3,3,5,335,11,Potential Loyalists
4664,133,4,287093.46400000004,Rahul Sharma,3,2,1,321,6,Potential Loyalists
4665,235,4,760086.6715,Rahul Kumar,2,2,3,223,7,Lost Customers
4666,70,3,569446.115,Vihaan Verma,4,1,2,412,7,New Customers
4667,27,7,1180405.275,Aditya Gill,5,4,5,545,14,Champions
4668,240,5,552050.228,Ishita Kumar,2,3,2,232,7,Potential Loyalists
4669,354,3,320598.306,Meera Kaur,1,1,1,111,3,Lost Customers
4670,184,10,1387822.947,Ananya Singh,2,5,5,255,12,At Risk
4671,212,7,669597.5335,Rohan Kumar,2,4,3,243,9,At Risk
4672,250,9,948498.3485000001,Aditya Singh,2,5,4,254,11,At Risk
4673,41,8,779118.3905,Vihaan Verma,4,5,3,453,12,Loyal Customers
4674,144,6,492900.0175,Aisha Gupta,3,3,2,332,8,Potential Loyalists
4675,58,11,1873202.725,Rohan Kumar,4,5,5,455,14,Champions
4676,186,10,1307325.4505,Meera Kumar,2,5,5,255,12,At Risk
4677,148,7,847485.5865,Karan Gill,3,4,4,344,11,Loyal Customers
4678,63,7,989466.443,Karan Singh,4,4,4,444,12,Champions
4679,137,10,1554524.4605,Vihaan Malhotra,3,5,5,355,13,Loyal Customers
4680,13,5,514326.0385,Priya Gupta,5,3,2,532,10,Potential Loyalists
4681,269,3,499218.5595,Vihaan Gill,2,1,2,212,5,Lost Customers
4682,5,7,1046762.9455,Meera Malhotra,5,4,5,545,14,Champions
4683,223,8,1304851.5015,Ananya Kumar,2,5,5,255,12,At Risk
4684,113,8,1234478.9395,Ishita Kumar,3,5,5,355,13,Loyal Customers
4685,25,8,997146.949,Meera Mehta,5,5,4,554,14,Champions
4686,94,9,642956.9770000001,Karan Kumar,4,5,3,453,12,Loyal Customers
4687,60,11,1462043.338,Karan Kaur,4,5,5,455,14,Champions
4688,109,7,661254.9924999999,Ishita Mehta,3,4,3,343,10,Loyal Customers
4689,179,7,1009198.7495,Meera Gupta,2,4,4,244,10,At Risk
4690,267,2,224785.646,Aditya Verma,2,1,1,211,4,Lost Customers
4691,383,6,399496.23099999997,Rahul Kaur,1,3,1,131,5,Potential Loyalists
4692,520,7,1188463.0304999999,Meera Gill,1,4,5,145,10,At Risk
4693,183,5,448352.195,Aisha Verma,2,3,2,232,7,Potential Loyalists
4694,63,8,1150556.7805,Karan Kaur,4,5,5,455,14,Champions
4695,71,6,1132953.0245,Ishita Gill,4,3,5,435,12,Potential Loyalists
4696,21,4,278177.6655,Kabir Verma,5,2,1,521,8,New Customers
4697,129,6,523437.0715,Arjun Gill,3,3,2,332,8,Potential Loyalists
4698,45,7,883027.942,Priya Malhotra,4,4,4,444,12,Champions
4699,15,6,775262.8975,Ananya Singh,5,3,3,533,11,Potential Loyalists
4700,114,2,167492.66449999998,Kabir Patel,3,1,1,311,5,Potential Loyalists
4701,111,7,950140.7885,Ananya Gill,3,4,4,344,11,Loyal Customers
4702,15,10,1111290.987,Aisha Singh,5,5,5,555,15,Champions
4703,31,4,394250.101,Aditya Kumar,5,2,1,521,8,New Customers
4704,97,3,399717.002,Priya Kumar,3,1,1,311,5,Potential Loyalists
4705,29,8,1207877.6195,Aarav Gill,5,5,5,555,15,Champions
4706,142,4,351988.073,Ishita Verma,3,2,1,321,6,Potential Loyalists
4707,144,9,1325677.0225,Arjun Gupta,3,5,5,355,13,Loyal Customers
4708,162,8,1087916.4880000001,Aditya Gill,3,5,5,355,13,Loyal Customers
4709,135,4,206855.69,Priya Kaur,3,2,1,321,6,Potential Loyalists
4710,196,4,348150.2725,Ishita Verma,2,2,1,221,5,Lost Customers
4711,461,3,451872.5275,Meera Singh,1,1,2,112,4,Lost Customers
4712,23,6,864139.5875,Arjun Kumar,5,3,4,534,12,Potential Loyalists
4713,355,8,1055605.0805,Simran Gupta,1,5,5,155,11,At Risk
4714,73,6,735392.077,Vihaan Singh,4,3,3,433,10,Potential Loyalists
4715,162,5,421747.294,Karan Gill,3,3,1,331,7,Potential Loyalists
4716,180,7,932125.483,Aarav Singh,2,4,4,244,10,At Risk
4717,221,8,799202.377,Aisha Mehta,2,5,4,254,11,At Risk
4718,325,3,671649.866,Ananya Gupta,1,1,3,113,5,Lost Customers
4719,224,4,626245.684,Priya Sharma,2,2,3,223,7,Lost Customers
4720,45,7,593815.5355,Aditya Singh,4,4,2,442,10,Loyal Customers
4721,154,11,1537671.2015,Ishita Gupta,3,5,5,355,13,Loyal Customers
4722,158,8,824545.867,Aisha Gill,3,5,4,354,12,Loyal Customers
4723,618,2,262124.659,Karan Verma,1,1,1,111,3,Lost Customers
4724,0,7,517080.0405,Vihaan Malhotra,5,4,2,542,11,Loyal Customers
4725,118,6,720788.987,Ananya Singh,3,3,3,333,9,Potential Loyalists
4726,203,5,506139.46449999994,Kabir Kumar,2,3,2,232,7,Potential Loyalists
4727,563,5,562226.7875000001,Neha Sharma,1,3,2,132,6,Potential Loyalists
4728,134,5,670434.7435,Neha Patel,3,3,3,333,9,Potential Loyalists
4729,167,10,1194416.629,Ananya Verma,2,5,5,255,12,At Risk
4730,95,10,980954.8605,Simran Gupta,3,5,4,354,12,Loyal Customers
4731,23,8,1083621.8225,Kabir Mehta,5,5,5,555,15,Champions
4732,1,8,940090.758,Priya Patel,5,5,4,554,14,Champions
4733,1050,2,254101.088,Ananya Malhotra,1,1,1,111,3,Lost Customers
4734,118,6,785623.2355,Rahul Verma,3,3,4,334,10,Potential Loyalists
4735,111,7,367642.669,Aarav Sharma,3,4,1,341,8,Loyal Customers
4736,107,9,1223541.502,Rahul Mehta,3,5,5,355,13,Loyal Customers
4737,220,6,622541.694,Rohan Patel,2,3,3,233,8,At Risk
4738,86,4,766735.1,Priya Singh,4,2,3,423,9,New Customers
4739,106,10,1277191.982,Kabir Patel,3,5,5,355,13,Loyal Customers
4740,66,8,1091659.2349999999,Rahul Sharma,4,5,5,455,14,Champions
4741,6,11,1025299.432,Aditya Gupta,5,5,5,555,15,Champions
4742,1,6,990358.9484999999,Simran Verma,5,3,4,534,12,Potential Loyalists
4743,49,6,314894.4395,Aisha Singh,4,3,1,431,8,Potential Loyalists
4744,356,3,286809.759,Simran Gill,1,1,1,111,3,Lost Customers
4745,1,7,908540.1485,Karan Kaur,5,4,4,544,13,Champions
4746,106,9,1220445.798,Kabir Kumar,3,5,5,355,13,Loyal Customers
4747,68,5,439911.4645,Kabir Kumar,4,3,2,432,9,Potential Loyalists
4748,68,3,564897.64,Kabir Malhotra,4,1,2,412,7,New Customers
4749,102,3,327448.497,Karan Patel,3,1,1,311,5,Potential Loyalists
4750,34,6,936235.5925,Ananya Gill,5,3,4,534,12,Potential Loyalists
4751,17,7,928443.3015,Arjun Sharma,5,4,4,544,13,Champions
4752,69,8,1141382.7235,Vihaan Patel,4,5,5,455,14,Champions
4753,150,7,1103920.4525000001,Rohan Sharma,3,4,5,345,12,Loyal Customers
4754,411,11,1132765.357,Neha Kaur,1,5,5,155,11,At Risk
4755,219,7,895776.5265,Neha Sharma,2,4,4,244,10,At Risk
4756,333,5,906331.4685000001,Karan Malhotra,1,3,4,134,8,At Risk
4757,49,6,897594.634,Aarav Kaur,4,3,4,434,11,Potential Loyalists
4758,280,5,432317.436,Arjun Gill,2,3,2,232,7,Potential Loyalists
4759,349,4,465465.203,Aditya Singh,1,2,2,122,5,Lost Customers
4760,320,5,478543.624,Neha Gupta,1,3,2,132,6,Potential Loyalists
4761,88,5,639955.7355,Aisha Mehta,4,3,3,433,10,Potential Loyalists
4762,132,4,348758.81350000005,Kabir Singh,3,2,1,321,6,Potential Loyalists
4763,468,4,355039.0875,Aisha Patel,1,2,1,121,4,Lost Customers
4764,86,12,685249.4445,Karan Malhotra,4,5,3,453,12,Loyal Customers
4765,77,9,1328432.542,Vihaan Gill,4,5,5,455,14,Champions
4766,311,8,887877.8555,Ananya Gill,1,5,4,154,10,At Risk
4767,120,5,946210.2509999999,Rohan Mehta,3,3,4,334,10,Potential Loyalists
4768,4,7,718004.117,Meera Sharma,5,4,3,543,12,Loyal Customers
4769,124,9,853191.1115,Ishita Verma,3,5,4,354,12,Loyal Customers
4770,20,7,662895.0275,Rohan Kaur,5,4,3,543,12,Loyal Customers
4771,11,5,488258.0975,Meera Sharma,5,3,2,532,10,Potential Loyalists
4772,475,5,413729.86100000003,Vihaan Kumar,1,3,1,131,5,Potential Loyalists
4773,69,6,948104.7445,Neha Sharma,4,3,4,434,11,Potential Loyalists
4774,95,7,658365.459,Karan Verma,3,4,3,343,10,Loyal Customers
4775,189,5,458170.4765,Aditya Gill,2,3,2,232,7,Potential Loyalists
4776,136,5,690794.723,Priya Sharma,3,3,3,333,9,Potential Loyalists
4777,532,3,232897.682,Ananya Gill,1,1,1,111,3,Lost Customers
4778,43,10,849506.4605,Aditya Gupta,4,5,4,454,13,Champions
4779,80,7,801737.002,Rohan Sharma,4,4,4,444,12,Champions
4780,497,5,660823.282,Meera Kaur,1,3,3,133,7,At Risk
4781,478,3,716731.017,Simran Sharma,1,1,3,113,5,Lost Customers
4782,26,11,1044594.0215,Meera Kaur,5,5,5,555,15,Champions
4783,529,3,247385.19,Vihaan Verma,1,1,1,111,3,Lost Customers
4784,211,4,275512.2295,Rohan Mehta,2,2,1,221,5,Lost Customers
4785,93,5,759568.8095,Kabir Mehta,4,3,3,433,10,Potential Loyalists
4786,164,5,280198.0375,Kabir Patel,3,3,1,331,7,Potential Loyalists
4787,3,3,278171.0385,Vihaan Kaur,5,1,1,511,7,New Customers
4788,115,9,1111063.8365,Rohan Kaur,3,5,5,355,13,Loyal Customers
4789,82,7,812373.425,Simran Verma,4,4,4,444,12,Champions
4790,83,2,248175.31199999998,Neha Kaur,4,1,1,411,6,New Customers
4791,511,2,173301.62550000002,Karan Kaur,1,1,1,111,3,Lost Customers
4792,40,10,1631085.8545,Ananya Kaur,5,5,5,555,15,Champions
4793,255,4,504901.74199999997,Rahul Mehta,2,2,2,222,6,Lost Customers
4794,3,12,958453.983,Ananya Kaur,5,5,4,554,14,Champions
4795,217,7,814885.7405,Karan Sharma,2,4,4,244,10,At Risk
4796,95,11,1423350.5005,Aisha Sharma,3,5,5,355,13,Loyal Customers
4797,113,2,502703.743,Simran Sharma,3,1,2,312,6,Potential Loyalists
4798,94,8,830539.0335,Kabir Kaur,4,5,4,454,13,Champions
4799,215,8,672891.6855,Arjun Gill,2,5,3,253,10,At Risk
4800,146,9,818627.6385,Rohan Gill,3,5,4,354,12,Loyal Customers
4801,146,5,835296.4824999999,Arjun Gill,3,3,4,334,10,Potential Loyalists
4802,211,3,363732.44649999996,Kabir Gill,2,1,1,211,4,Lost Customers
4803,726,6,678531.9375,Kabir Kaur,1,3,3,133,7,At Risk
4804,310,4,250455.538,Arjun Malhotra,1,2,1,121,4,Lost Customers
4805,352,7,843191.3775000001,Aarav Mehta,1,4,4,144,9,At Risk
4806,300,6,395153.3025,Aisha Patel,1,3,1,131,5,Potential Loyalists
4807,92,7,789881.4325,Rahul Mehta,4,4,4,444,12,Champions
4808,495,3,445761.51999999996,Rohan Verma,1,1,2,112,4,Lost Customers
4809,130,7,850983.213,Karan Sharma,3,4,4,344,11,Loyal Customers
4810,412,3,563282.4965,Vihaan Gill,1,1,2,112,4,Lost Customers
4811,11,9,1325083.8815000001,Rahul Verma,5,5,5,555,15,Champions
4812,296,3,433649.829,Kabir Mehta,1,1,2,112,4,Lost Customers
4813,87,4,260745.4545,Aisha Gill,4,2,1,421,7,New Customers
4814,69,5,303622.1325,Karan Malhotra,4,3,1,431,8,Potential Loyalists
4815,325,5,491798.422,Kabir Kaur,1,3,2,132,6,Potential Loyalists
4816,59,6,486182.9835,Karan Malhotra,4,3,2,432,9,Potential Loyalists
4817,197,13,1510761.536,Priya Verma,2,5,5,255,12,At Risk
4818,542,7,904145.7964999999,Kabir Kumar,1,4,4,144,9,At Risk
4819,867,2,285757.23449999996,Ananya Kaur,1,1,1,111,3,Lost Customers
4820,482,4,329412.3365,Priya Malhotra,1,2,1,121,4,Lost Customers
4821,12,10,1031314.8525,Arjun Singh,5,5,5,555,15,Champions
4822,584,6,550418.745,Vihaan Sharma,1,3,2,132,6,Potential Loyalists
4823,213,6,725213.875,Ishita Patel,2,3,3,233,8,At Risk
4824,49,8,868715.3975,Ishita Kumar,4,5,4,454,13,Champions
4825,194,10,1001686.756,Rahul Patel,2,5,4,254,11,At Risk
4826,43,9,1068924.088,Kabir Mehta,4,5,5,455,14,Champions
4827,176,3,337270.57999999996,Aisha Mehta,2,1,1,211,4,Lost Customers
4828,18,9,1004242.2829999999,Neha Patel,5,5,4,554,14,Champions
4829,13,9,1179038.082,Arjun Singh,5,5,5,555,15,Champions
4830,121,9,1412445.329,Aisha Patel,3,5,5,355,13,Loyal Customers
4831,297,2,199191.03850000002,Aditya Kaur,1,1,1,111,3,Lost Customers
4832,187,6,508398.389,Arjun Kaur,2,3,2,232,7,Potential Loyalists
4833,313,6,712883.9455,Rohan Kumar,1,3,3,133,7,At Risk
4834,49,7,514240.699,Rohan Verma,4,4,2,442,10,Loyal Customers
4835,130,5,653415.6395,Simran Gupta,3,3,3,333,9,Potential Loyalists
4836,391,4,528204.228,Ishita Gill,1,2,2,122,5,Lost Customers
4837,370,7,767383.8574999999,Aarav Gupta,1,4,3,143,8,At Risk
4838,141,5,466825.983,Aarav Verma,3,3,2,332,8,Potential Loyalists
4839,410,3,545894.7895,Rahul Malhotra,1,1,2,112,4,Lost Customers
4840,138,6,607171.831,Ishita Verma,3,3,3,333,9,Potential Loyalists
4841,3,11,1849100.9385,Kabir Gill,5,5,5,555,15,Champions
4842,238,5,463897.1935,Ananya Mehta,2,3,2,232,7,Potential Loyalists
4843,90,5,363333.72650000005,Arjun Kaur,4,3,1,431,8,Potential Loyalists
4844,107,4,587149.301,Neha Sharma,3,2,2,322,7,Potential Loyalists
4845,25,8,714373.616,Neha Mehta,5,5,3,553,13,Loyal Customers
4846,20,5,590804.865,Neha Patel,5,3,2,532,10,Potential Loyalists
4847,436,3,317027.76050000003,Ishita Kaur,1,1,1,111,3,Lost Customers
4848,226,2,351714.749,Meera Sharma,2,1,1,211,4,Lost Customers
4849,269,6,673110.92,Priya Gill,2,3,3,233,8,At Risk
4850,27,3,268170.718,Simran Kaur,5,1,1,511,7,New Customers
4851,383,6,520498.18,Meera Sharma,1,3,2,132,6,Potential Loyalists
4852,72,5,576780.0165,Karan Verma,4,3,2,432,9,Potential Loyalists
4853,43,10,1021614.8425,Rahul Kumar,4,5,5,455,14,Champions
4854,92,11,1252290.7265,Aarav Singh,4,5,5,455,14,Champions
4855,447,3,296758.5875,Ishita Sharma,1,1,1,111,3,Lost Customers
4856,20,9,1224005.4755,Rahul Gupta,5,5,5,555,15,Champions
4857,199,9,1238050.984,Ishita Mehta,2,5,5,255,12,At Risk
4858,38,8,939248.228,Meera Malhotra,5,5,4,554,14,Champions
4859,276,4,422438.146,Rahul Sharma,2,2,1,221,5,Lost Customers
4860,263,6,1029535.7905,Neha Verma,2,3,5,235,10,At Risk
4861,174,5,456175.539,Neha Verma,2,3,2,232,7,Potential Loyalists
4862,419,2,138514.631,Ishita Kumar,1,1,1,111,3,Lost Customers
4863,447,2,38176.9605,Aisha Singh,1,1,1,111,3,Lost Customers
4864,756,4,405310.089,Arjun Singh,1,2,1,121,4,Lost Customers
4865,51,5,892364.2665,Karan Patel,4,3,4,434,11,Potential Loyalists
4866,151,5,612983.9985,Simran Malhotra,3,3,3,333,9,Potential Loyalists
4867,428,8,1025635.9775,Aarav Gupta,1,5,5,155,11,At Risk
4868,43,8,966188.7625000001,Rohan Verma,4,5,4,454,13,Champions
4869,157,5,857837.7590000001,Priya Kumar,3,3,4,334,10,Potential Loyalists
4870,150,5,499773.5745,Aditya Malhotra,3,3,2,332,8,Potential Loyalists
4871,253,4,546105.2875,Rohan Patel,2,2,2,222,6,Lost Customers
4872,21,10,1184660.309,Arjun Verma,5,5,5,555,15,Champions
4873,25,6,767545.28,Arjun Mehta,5,3,3,533,11,Potential Loyalists
4874,97,7,1307127.8755,Arjun Gill,3,4,5,345,12,Loyal Customers
4875,22,7,830918.588,Rahul Gill,5,4,4,544,13,Champions
4876,135,2,426804.08499999996,Arjun Singh,3,1,2,312,6,Potential Loyalists
4877,496,4,597498.736,Aisha Malhotra,1,2,2,122,5,Lost Customers
4878,32,6,864351.4435,Ishita Verma,5,3,4,534,12,Potential Loyalists
4879,193,4,464008.87600000005,Priya Kumar,2,2,2,222,6,Lost Customers
4880,44,5,530070.6075,Ishita Sharma,4,3,2,432,9,Potential Loyalists
4881,93,4,418535.5475,Rohan Kumar,4,2,1,421,7,New Customers
4882,77,8,713127.8275,Ananya Patel,4,5,3,453,12,Loyal Customers
4883,114,7,692635.7815,Simran Patel,3,4,3,343,10,Loyal Customers
4884,173,9,1049503.068,Ananya Gill,2,5,5,255,12,At Risk
4885,727,5,434728.1075,Rahul Kaur,1,3,2,132,6,Potential Loyalists
4886,252,7,787033.4775,Simran Sharma,2,4,4,244,10,At Risk
4887,59,8,1290393.9275,Neha Verma,4,5,5,455,14,Champions
4888,35,10,1118476.5815,Aarav Kumar,5,5,5,555,15,Champions
4889,118,10,2064473.2545,Vihaan Kaur,3,5,5,355,13,Loyal Customers
4890,16,12,1212375.044,Rahul Gill,5,5,5,555,15,Champions
4891,53,2,217252.01,Priya Patel,4,1,1,411,6,New Customers
4892,220,4,535344.952,Ishita Malhotra,2,2,2,222,6,Lost Customers
4893,100,9,1414166.1845,Vihaan Sharma,3,5,5,355,13,Loyal Customers
4894,575,3,83060.35,Kabir Sharma,1,1,1,111,3,Lost Customers
4895,204,5,466852.8045,Karan Mehta,2,3,2,232,7,Potential Loyalists
4896,101,11,800918.4375,Neha Malhotra,3,5,4,354,12,Loyal Customers
4897,7,6,872880.351,Meera Mehta,5,3,4,534,12,Potential Loyalists
4898,13,7,934303.604,Aarav Mehta,5,4,4,544,13,Champions
4899,138,5,479741.57649999997,Ishita Kaur,3,3,2,332,8,Potential Loyalists
4900,498,5,852304.7764999999,Priya Gupta,1,3,4,134,8,At Risk
4901,387,6,748329.2475,Meera Mehta,1,3,3,133,7,At Risk
4902,168,7,1057946.522,Neha Singh,2,4,5,245,11,At Risk
4903,32,5,629093.255,Meera Gill,5,3,3,533,11,Potential Loyalists
4904,102,6,991174.7564999999,Aisha Mehta,3,3,4,334,10,Potential Loyalists
4905,560,4,319086.679,Simran Kumar,1,2,1,121,4,Lost Customers
4906,28,9,901665.529,Aarav Gill,5,5,4,554,14,Champions
4907,20,5,742611.283,Kabir Verma,5,3,3,533,11,Potential Loyalists
4908,64,8,1211824.704,Meera Kaur,4,5,5,455,14,Champions
4909,658,6,1264182.7475,Aisha Gupta,1,3,5,135,9,At Risk
4910,139,7,713256.8605,Aarav Patel,3,4,3,343,10,Loyal Customers
4911,81,11,1607235.2820000001,Aarav Singh,4,5,5,455,14,Champions
4912,266,4,606053.953,Arjun Patel,2,2,3,223,7,Lost Customers
4913,179,12,1764793.4275,Arjun Verma,2,5,5,255,12,At Risk
4914,318,9,1098153.1665,Simran Sharma,1,5,5,155,11,At Risk
4915,69,6,1113541.9810000001,Priya Gupta,4,3,5,435,12,Potential Loyalists
4916,131,4,411637.56200000003,Ishita Malhotra,3,2,1,321,6,Potential Loyalists
4917,183,6,595434.4765,Simran Malhotra,2,3,2,232,7,Potential Loyalists
4918,35,4,568873.9155,Ananya Kaur,5,2,2,522,9,New Customers
4919,502,4,787254.2715,Karan Gill,1,2,4,124,7,Lost Customers
4920,305,5,696885.4845,Neha Malhotra,1,3,3,133,7,At Risk
4921,149,6,905800.8835,Priya Kumar,3,3,4,334,10,Potential Loyalists
4922,24,8,1114666.9545,Karan Kaur,5,5,5,555,15,Champions
4923,166,4,962862.8345,Aisha Malhotra,2,2,4,224,8,Lost Customers
4924,105,5,915803.714,Aditya Gill,3,3,4,334,10,Potential Loyalists
4925,112,8,599033.532,Aditya Sharma,3,5,2,352,10,Loyal Customers
4926,536,5,628197.3445,Simran Verma,1,3,3,133,7,At Risk
4927,140,5,293639.427,Aisha Sharma,3,3,1,331,7,Potential Loyalists
4928,362,3,186065.186,Simran Patel,1,1,1,111,3,Lost Customers
4929,11,7,489070.586,Neha Singh,5,4,2,542,11,Loyal Customers
4930,109,8,844107.101,Neha Kumar,3,5,4,354,12,Loyal Customers
4931,165,8,1250791.698,Rahul Gill,2,5,5,255,12,At Risk
4932,529,7,892504.2344999999,Aarav Sharma,1,4,4,144,9,At Risk
4933,823,1,280734.02999999997,Arjun Malhotra,1,1,1,111,3,Lost Customers
4934,181,2,181775.419,Aisha Gupta,2,1,1,211,4,Lost Customers
4935,325,3,204465.0515,Rohan Gupta,1,1,1,111,3,Lost Customers
4936,87,6,628356.848,Ananya Sharma,4,3,3,433,10,Potential Loyalists
4937,112,5,801584.01,Priya Mehta,3,3,4,334,10,Potential Loyalists
4938,87,3,544810.246,Aisha Verma,4,1,2,412,7,New Customers
4939,57,8,898172.8275,Simran Singh,4,5,4,454,13,Champions
4940,23,6,913990.9905,Rohan Gill,5,3,4,534,12,Potential Loyalists
4941,498,5,505877.39149999997,Ishita Sharma,1,3,2,132,6,Potential Loyalists
4942,851,3,381716.854,Ishita Singh,1,1,1,111,3,Lost Customers
4943,76,10,1170028.8725,Priya Kumar,4,5,5,455,14,Champions
4944,48,6,765835.129,Neha Kumar,4,4,3,443,11,Loyal Customers
4945,173,6,758319.4970000001,Kabir Singh,2,4,3,243,9,At Risk
4946,10,3,193901.318,Priya Verma,5,1,1,511,7,New Customers
4947,22,2,111964.99200000001,Priya Sharma,5,1,1,511,7,New Customers
4948,272,4,209452.2525,Karan Singh,2,2,1,221,5,Lost Customers
4949,226,7,882820.2975,Priya Malhotra,2,4,4,244,10,At Risk
4950,80,5,548198.465,Simran Malhotra,4,3,2,432,9,Potential Loyalists
4951,187,5,379840.391,Neha Kaur,2,3,1,231,6,Potential Loyalists
4952,43,6,698369.7,Kabir Verma,4,4,3,443,11,Loyal Customers
4953,37,7,612391.4765,Ananya Kumar,5,4,3,543,12,Loyal Customers
4954,1,3,101685.85,Rahul Patel,5,1,1,511,7,New Customers
4955,26,8,923428.502,Karan Gupta,5,5,4,554,14,Champions
4956,106,6,419187.291,Kabir Patel,3,4,1,341,8,Loyal Customers
4957,103,4,634068.193,Karan Kaur,3,2,3,323,8,Potential Loyalists
4958,208,7,573973.5025000001,Rahul Gupta,2,4,2,242,8,Potential Loyalists
4959,196,2,483530.5465,Meera Malhotra,2,1,2,212,5,Lost Customers
4960,202,5,1018060.6195,Neha Gupta,2,3,5,235,10,At Risk
4961,162,9,842536.5719999999,Rohan Mehta,3,5,4,354,12,Loyal Customers
4962,52,5,855876.2930000001,Ananya Patel,4,3,4,434,11,Potential Loyalists
4963,9,10,1396677.6824999999,Arjun Singh,5,5,5,555,15,Champions
4964,412,3,420150.2135,Aarav Patel,1,1,1,111,3,Lost Customers
4965,81,7,825319.2375,Aditya Gupta,4,4,4,444,12,Champions
4966,385,4,445529.08550000004,Rohan Mehta,1,2,2,122,5,Lost Customers
4967,558,3,330511.9525,Aisha Kaur,1,1,1,111,3,Lost Customers
4968,4,7,406229.9255,Meera Kaur,5,4,1,541,10,Loyal Customers
4969,53,10,1175137.568,Priya Malhotra,4,5,5,455,14,Champions
4970,478,4,569080.6984999999,Aditya Kaur,1,2,2,122,5,Lost Customers
4971,339,7,817199.0775,Kabir Kaur,1,4,4,144,9,At Risk
4972,190,8,1176206.8575,Ananya Kumar,2,5,5,255,12,At Risk
4973,197,11,1546214.3785,Rahul Kaur,2,5,5,255,12,At Risk
4974,7,7,525784.733,Aarav Kaur,5,4,2,542,11,Loyal Customers
4975,136,8,765415.3099999999,Kabir Gupta,3,5,3,353,11,Loyal Customers
4976,514,4,882212.171,Aisha Gupta,1,2,4,124,7,Lost Customers
4977,143,9,874590.463,Neha Singh,3,5,4,354,12,Loyal Customers
4978,17,6,829530.77,Neha Verma,5,4,4,544,13,Champions
4979,706,2,319404.7885,Simran Mehta,1,1,1,111,3,Lost Customers
4980,38,6,461581.922,Rohan Kumar,5,4,2,542,11,Loyal Customers
4981,106,7,950525.4735,Rahul Verma,3,4,4,344,11,Loyal Customers
4982,196,6,913676.188,Priya Gupta,2,4,4,244,10,At Risk
4983,153,4,525563.8169999999,Priya Patel,3,2,2,322,7,Potential Loyalists
4984,209,2,407079.2275,Ishita Mehta,2,1,1,211,4,Lost Customers
4985,210,8,1207697.3165,Simran Patel,2,5,5,255,12,At Risk
4986,159,6,792858.1565,Karan Patel,3,4,4,344,11,Loyal Customers
4987,304,2,68771.835,Vihaan Kaur,1,1,1,111,3,Lost Customers
4988,226,3,448851.857,Priya Gupta,2,1,2,212,5,Lost Customers
4989,428,5,850853.037,Ishita Malhotra,1,3,4,134,8,At Risk
4990,146,9,1643404.8885000001,Rohan Sharma,3,5,5,355,13,Loyal Customers
4991,307,10,925150.8735,Simran Gupta,1,5,4,154,10,At Risk
4992,83,8,854195.1664999999,Aarav Mehta,4,5,4,454,13,Champions
4993,103,7,979497.919,Ananya Sharma,3,4,4,344,11,Loyal Customers
4994,778,3,297614.14,Neha Kaur,1,1,1,111,3,Lost Customers
4995,36,9,980936.313,Vihaan Malhotra,5,5,4,554,14,Champions
4996,13,9,1053741.448,Rohan Malhotra,5,5,5,555,15,Champions
4997,109,4,591517.909,Priya Kaur,3,2,2,322,7,Potential Loyalists
4998,157,7,632633.0855,Priya Kaur,3,4,3,343,10,Loyal Customers
4999,87,12,1226113.9065,Vihaan Singh,4,5,5,455,14,Champions
5000,25,10,1477311.351,Aisha Kumar,5,5,5,555,15,Champions
