customer_id,churn,total_orders_x,total_spending_x,average_order_value_x,average_discount_x,total_quantity_x,unique_products_x,unique_categories_x,historical_recency_x,average_profit_x,total_orders_y,total_spending_y,average_order_value_y,average_discount_y,total_quantity_y,unique_products_y,unique_categories_y,historical_recency_y,average_profit_y
762,0,6,850537.488,141756.248,0.10555555555555556,44,18,5,19,8886.453222222219,6,850537.488,141756.248,0.10555555555555556,44,18,5,19,8886.453222222219
3923,1,8,935716.584,116964.573,0.12222222222222223,49,18,5,187,8653.86188888889,8,935716.584,116964.573,0.12222222222222223,49,18,5,187,8653.86188888889
3374,0,2,162502.3995,81251.19975,0.06666666666666667,12,6,5,373,7084.011583333333,2,162502.3995,81251.19975,0.06666666666666667,12,6,5,373,7084.011583333333
2378,0,5,344799.27499999997,68959.855,0.10625000000000001,14,8,5,327,9238.739374999997,5,344799.27499999997,68959.855,0.10625000000000001,14,8,5,327,9238.739374999997
3014,0,6,613128.0785,102188.01308333332,0.1,36,15,5,296,10127.9119,6,613128.0785,102188.01308333332,0.1,36,15,5,296,10127.9119
2245,1,2,331804.1885,165902.09425,0.12142857142857143,19,7,4,387,12882.649785714282,2,331804.1885,165902.09425,0.12142857142857143,19,7,4,387,12882.649785714282
1100,1,5,567645.7899999999,113529.15800000001,0.096875,26,14,5,82,9045.605,5,567645.7899999999,113529.15800000001,0.096875,26,14,5,82,9045.605
2618,0,10,1073024.84,107302.48400000001,0.09545454545454546,53,20,4,7,11745.09090909091,10,1073024.84,107302.48400000001,0.09545454545454546,53,20,4,7,11745.09090909091
3546,0,6,874478.7475,145746.45791666667,0.08750000000000001,46,15,5,9,13654.69484375,6,874478.7475,145746.45791666667,0.08750000000000001,46,15,5,9,13654.69484375
4659,0,1,42347.696,42347.696,0.2,2,1,1,364,-2946.443999999996,1,42347.696,42347.696,0.2,2,1,1,364,-2946.443999999996
134,0,4,388403.528,97100.88200000001,0.11666666666666667,21,9,5,126,9947.550888888889,4,388403.528,97100.88200000001,0.11666666666666667,21,9,5,126,9947.550888888889
3360,0,5,684886.3155,136977.26309999998,0.1142857142857143,40,14,5,250,8903.287535714282,5,684886.3155,136977.26309999998,0.1142857142857143,40,14,5,250,8903.287535714282
3872,0,3,356515.821,118838.607,0.08333333333333333,16,6,4,117,16361.636833333338,3,356515.821,118838.607,0.08333333333333333,16,6,4,117,16361.636833333338
68,1,5,757676.3045,151535.2609,0.08461538461538462,32,13,5,135,13500.231884615383,5,757676.3045,151535.2609,0.08461538461538462,32,13,5,135,13500.231884615383
3687,0,6,1187218.525,197869.75416666665,0.1411764705882353,49,15,4,40,17009.664411764705,6,1187218.525,197869.75416666665,0.1411764705882353,49,15,4,40,17009.664411764705
662,1,7,1220874.3225,174410.6175,0.07272727272727274,59,21,5,53,16229.235568181817,7,1220874.3225,174410.6175,0.07272727272727274,59,21,5,53,16229.235568181817
2937,0,3,384157.6285,128052.54283333333,0.09444444444444446,21,8,4,10,6288.907611111112,3,384157.6285,128052.54283333333,0.09444444444444446,21,8,4,10,6288.907611111112
1481,0,6,954671.557,159111.92616666667,0.10666666666666667,40,14,5,101,12733.081133333337,6,954671.557,159111.92616666667,0.10666666666666667,40,14,5,101,12733.081133333337
3351,0,6,854280.0965,142380.01608333332,0.1323529411764706,48,17,5,40,11007.313911764706,6,854280.0965,142380.01608333332,0.1323529411764706,48,17,5,40,11007.313911764706
3561,0,2,335471.56700000004,167735.78350000002,0.10714285714285714,15,7,5,477,12629.708142857146,2,335471.56700000004,167735.78350000002,0.10714285714285714,15,7,5,477,12629.708142857146
3505,0,6,1002747.556,167124.59266666666,0.12631578947368421,52,18,5,208,9410.230315789473,6,1002747.556,167124.59266666666,0.12631578947368421,52,18,5,208,9410.230315789473
4196,0,10,1089267.3965,108926.73965,0.11086956521739132,54,23,5,23,8363.016804347828,10,1089267.3965,108926.73965,0.11086956521739132,54,23,5,23,8363.016804347828
2732,0,5,684943.287,136988.6574,0.12083333333333333,32,12,5,313,13915.953916666664,5,684943.287,136988.6574,0.12083333333333333,32,12,5,313,13915.953916666664
1731,1,4,473633.64,118408.41,0.09285714285714286,32,14,5,175,7928.644285714285,4,473633.64,118408.41,0.09285714285714286,32,14,5,175,7928.644285714285
3906,0,2,371463.488,185731.744,0.075,25,8,5,775,9203.697249999997,2,371463.488,185731.744,0.075,25,8,5,775,9203.697249999997
1962,0,3,444864.7215,148288.24049999999,0.09444444444444444,24,9,5,234,8764.696833333335,3,444864.7215,148288.24049999999,0.09444444444444444,24,9,5,234,8764.696833333335
3647,0,4,365751.73,91437.93250000001,0.08750000000000001,18,8,5,25,10143.7575,4,365751.73,91437.93250000001,0.08750000000000001,18,8,5,25,10143.7575
4820,1,4,329412.3365,82353.08412500001,0.1,20,9,4,263,6956.380722222222,4,329412.3365,82353.08412500001,0.1,20,9,4,263,6956.380722222222
3053,1,5,865951.398,173190.2796,0.11000000000000001,37,14,5,61,13727.635866666667,5,865951.398,173190.2796,0.11000000000000001,37,14,5,61,13727.635866666667
2994,0,6,529004.24,88167.37333333334,0.1,26,10,5,155,14924.868000000002,6,529004.24,88167.37333333334,0.1,26,10,5,155,14924.868000000002
4675,0,9,1507130.899,167458.98877777776,0.1037037037037037,70,27,5,259,12199.468481481481,9,1507130.899,167458.98877777776,0.1037037037037037,70,27,5,259,12199.468481481481
2963,1,5,828986.6495,165797.3299,0.08636363636363636,35,11,4,13,21492.927227272725,5,828986.6495,165797.3299,0.08636363636363636,35,11,4,13,21492.927227272725
659,0,6,733083.0125,122180.50208333334,0.06785714285714287,43,14,4,49,12701.170892857144,6,733083.0125,122180.50208333334,0.06785714285714287,43,14,4,49,12701.170892857144
3292,0,6,423309.798,70551.633,0.10500000000000001,24,10,5,3,9193.6398,6,423309.798,70551.633,0.10500000000000001,24,10,5,3,9193.6398
3483,0,6,738900.4079999999,123150.06799999998,0.09333333333333334,39,15,5,26,12888.2692,6,738900.4079999999,123150.06799999998,0.09333333333333334,39,15,5,26,12888.2692
1091,1,5,593674.031,118734.80619999999,0.11785714285714287,31,14,5,121,7558.2057857142845,5,593674.031,118734.80619999999,0.11785714285714287,31,14,5,121,7558.2057857142845
1772,1,2,234188.201,117094.1005,0.1,15,7,5,52,7534.295857142859,2,234188.201,117094.1005,0.1,15,7,5,52,7534.295857142859
2478,0,7,560770.1685,80110.02407142856,0.09642857142857143,31,14,5,179,8795.307035714284,7,560770.1685,80110.02407142856,0.09642857142857143,31,14,5,179,8795.307035714284
4212,0,6,701711.02,116951.83666666667,0.10625,33,15,5,74,12028.871874999997,6,701711.02,116951.83666666667,0.10625,33,15,5,74,12028.871874999997
4320,0,3,365484.8285,121828.27616666665,0.08333333333333333,24,9,4,118,11052.057611111108,3,365484.8285,121828.27616666665,0.08333333333333333,24,9,4,118,11052.057611111108
4281,1,6,516922.8145,86153.80241666666,0.07307692307692307,30,12,5,64,6107.398038461538,6,516922.8145,86153.80241666666,0.07307692307692307,30,12,5,64,6107.398038461538
4251,0,4,467674.78750000003,116918.696875,0.125,26,12,5,32,8294.411458333334,4,467674.78750000003,116918.696875,0.125,26,12,5,32,8294.411458333334
4971,1,7,817199.0775,116742.72535714286,0.11000000000000001,51,19,5,120,8458.014375,7,817199.0775,116742.72535714286,0.11000000000000001,51,19,5,120,8458.014375
2576,0,2,121419.5735,60709.78675,0.08,12,5,4,356,4156.9207000000015,2,121419.5735,60709.78675,0.08,12,5,4,356,4156.9207000000015
443,0,8,1428651.6085,178581.4510625,0.08043478260869566,62,23,5,185,14963.229499999998,8,1428651.6085,178581.4510625,0.08043478260869566,62,23,5,185,14963.229499999998
389,1,8,778554.1915,97319.2739375,0.11428571428571428,50,21,5,42,6407.736738095237,8,778554.1915,97319.2739375,0.11428571428571428,50,21,5,42,6407.736738095237
981,0,5,776251.823,155250.3646,0.12000000000000001,38,14,5,123,12190.1442,5,776251.823,155250.3646,0.12000000000000001,38,14,5,123,12190.1442
1251,0,9,1220788.5929999999,135643.177,0.08409090909090909,52,22,5,9,13701.544227272725,9,1220788.5929999999,135643.177,0.08409090909090909,52,22,5,9,13701.544227272725
2049,0,8,713329.492,89166.1865,0.1366666666666667,47,15,4,74,10826.276133333333,8,713329.492,89166.1865,0.1366666666666667,47,15,4,74,10826.276133333333
1032,0,3,323020.203,107673.40100000001,0.09999999999999999,16,6,3,21,10262.9105,3,323020.203,107673.40100000001,0.09999999999999999,16,6,3,21,10262.9105
4657,1,9,814873.561,90541.50677777777,0.10714285714285714,42,14,4,64,14915.378642857144,9,814873.561,90541.50677777777,0.10714285714285714,42,14,4,64,14915.378642857144
92,1,8,1001920.0825,125240.0103125,0.10789473684210528,42,19,5,4,16305.911710526316,8,1001920.0825,125240.0103125,0.10789473684210528,42,19,5,4,16305.911710526316
1649,0,5,734711.2220000001,146942.24440000003,0.10625000000000001,25,8,3,2,25549.8065,5,734711.2220000001,146942.24440000003,0.10625000000000001,25,8,3,2,25549.8065
4042,0,3,549259.478,183086.49266666666,0.09444444444444446,22,9,3,450,12769.598666666667,3,549259.478,183086.49266666666,0.09444444444444446,22,9,3,450,12769.598666666667
3114,0,7,1152867.134,164695.30485714288,0.10882352941176471,42,16,5,59,16411.71905882353,7,1152867.134,164695.30485714288,0.10882352941176471,42,16,5,59,16411.71905882353
3696,1,6,931730.6155000001,155288.43591666667,0.08888888888888889,43,16,5,47,10576.336416666665,6,931730.6155000001,155288.43591666667,0.08888888888888889,43,16,5,47,10576.336416666665
769,1,3,460698.116,153566.03866666666,0.075,23,10,4,80,9168.528600000001,3,460698.116,153566.03866666666,0.075,23,10,4,80,9168.528600000001
1947,1,11,1516618.088,137874.37163636365,0.12096774193548387,72,30,5,6,12222.128967741935,11,1516618.088,137874.37163636365,0.12096774193548387,72,30,5,6,12222.128967741935
801,0,6,627118.6555,104519.77591666667,0.096875,33,15,5,2,8983.399718749999,6,627118.6555,104519.77591666667,0.096875,33,15,5,2,8983.399718749999
3766,0,5,1044659.781,208931.9562,0.09722222222222222,47,17,5,49,12983.753944444445,5,1044659.781,208931.9562,0.09722222222222222,47,17,5,49,12983.753944444445
1762,0,1,224660.01200000002,224660.01200000002,0.16666666666666666,11,3,3,761,18591.987333333334,1,224660.01200000002,224660.01200000002,0.16666666666666666,11,3,3,761,18591.987333333334
3113,0,2,139789.81650000002,69894.90825000001,0.18333333333333335,7,3,2,245,3146.9688333333374,2,139789.81650000002,69894.90825000001,0.18333333333333335,7,3,2,245,3146.9688333333374
14,0,5,574441.601,114888.3202,0.1111111111111111,23,9,4,158,19723.386777777774,5,574441.601,114888.3202,0.1111111111111111,23,9,4,158,19723.386777777774
4385,1,5,627433.9995,125486.79990000001,0.12333333333333334,35,15,5,194,9026.607966666668,5,627433.9995,125486.79990000001,0.12333333333333334,35,15,5,194,9026.607966666668
4707,0,7,1194851.7835,170693.11192857142,0.10500000000000001,56,20,5,86,12908.328174999999,7,1194851.7835,170693.11192857142,0.10500000000000001,56,20,5,86,12908.328174999999
4003,0,7,1255320.2249999999,179331.4607142857,0.07592592592592592,79,25,5,20,12135.104259259257,7,1255320.2249999999,179331.4607142857,0.07592592592592592,79,25,5,20,12135.104259259257
2107,1,5,494261.403,98852.2806,0.05500000000000001,22,10,4,191,10709.671299999998,5,494261.403,98852.2806,0.05500000000000001,22,10,4,191,10709.671299999998
915,0,4,567733.4735,141933.36837500002,0.07142857142857142,36,14,5,51,10441.86025,4,567733.4735,141933.36837500002,0.07142857142857142,36,14,5,51,10441.86025
704,0,3,355484.239,118494.74633333333,0.1388888888888889,20,9,4,206,7931.669888888891,3,355484.239,118494.74633333333,0.1388888888888889,20,9,4,206,7931.669888888891
4533,0,5,372211.3145,74442.2629,0.08846153846153847,27,13,5,222,7726.594192307692,5,372211.3145,74442.2629,0.08846153846153847,27,13,5,222,7726.594192307692
4535,0,5,172761.7575,34552.351500000004,0.07857142857142858,13,7,4,456,6560.7196428571415,5,172761.7575,34552.351500000004,0.07857142857142858,13,7,4,456,6560.7196428571415
4318,0,6,487118.9305,81186.48841666667,0.08750000000000001,26,12,4,59,9938.548375,6,487118.9305,81186.48841666667,0.08750000000000001,26,12,4,59,9938.548375
4910,0,6,667989.6515,111331.60858333333,0.07272727272727274,28,11,4,146,14092.430136363635,6,667989.6515,111331.60858333333,0.07272727272727274,28,11,4,146,14092.430136363635
4564,1,6,876485.0595,146080.84325,0.11333333333333334,41,15,4,116,13098.462633333333,6,876485.0595,146080.84325,0.11333333333333334,41,15,4,116,13098.462633333333
1137,1,5,348499.473,69699.8946,0.1346153846153846,31,12,5,543,5700.828692307692,5,348499.473,69699.8946,0.1346153846153846,31,12,5,543,5700.828692307692
4136,0,4,513808.27400000003,128452.0685,0.09,27,10,5,326,13138.988399999998,4,513808.27400000003,128452.0685,0.09,27,10,5,326,13138.988399999998
3519,0,5,836571.91,167314.382,0.07272727272727274,35,11,4,269,22083.757272727275,5,836571.91,167314.382,0.07272727272727274,35,11,4,269,22083.757272727275
3559,0,4,376879.443,94219.86074999999,0.1409090909090909,27,11,5,27,7053.731181818181,4,376879.443,94219.86074999999,0.1409090909090909,27,11,5,27,7053.731181818181
22,0,3,480083.899,160027.96633333332,0.1125,25,8,4,231,9685.309874999997,3,480083.899,160027.96633333332,0.1125,25,8,4,231,9685.309874999997
2833,0,3,597841.1975,199280.39916666667,0.09,26,10,5,56,15777.26875,3,597841.1975,199280.39916666667,0.09,26,10,5,56,15777.26875
1874,0,3,214951.918,71650.63933333334,0.09,15,5,3,212,8903.725600000002,3,214951.918,71650.63933333334,0.09,15,5,3,212,8903.725600000002
4100,0,6,745117.1245,124186.18741666665,0.10555555555555557,51,18,5,187,7106.678583333332,6,745117.1245,124186.18741666665,0.10555555555555557,51,18,5,187,7106.678583333332
2573,0,6,748474.869,124745.8115,0.11875000000000001,39,16,4,44,9541.7093125,6,748474.869,124745.8115,0.11875000000000001,39,16,4,44,9541.7093125
1585,1,8,666540.9180000001,83317.61475000001,0.1,47,17,5,36,7675.740444444445,8,666540.9180000001,83317.61475000001,0.1,47,17,5,36,7675.740444444445
3810,1,5,477308.77499999997,95461.75499999999,0.05909090909090909,19,11,4,129,10877.493181818181,5,477308.77499999997,95461.75499999999,0.05909090909090909,19,11,4,129,10877.493181818181
4686,0,5,226872.22950000002,45374.4459,0.125,17,6,5,117,7754.246583333334,5,226872.22950000002,45374.4459,0.125,17,6,5,117,7754.246583333334
3055,0,7,993642.8315,141948.97592857145,0.10294117647058823,46,17,5,8,17054.99773529412,7,993642.8315,141948.97592857145,0.10294117647058823,46,17,5,8,17054.99773529412
3181,0,7,674308.3895,96329.76992857143,0.09705882352941175,40,17,5,161,9304.701147058824,7,674308.3895,96329.76992857143,0.09705882352941175,40,17,5,161,9304.701147058824
2892,1,3,421023.066,140341.022,0.09375,22,8,4,380,11103.922,3,421023.066,140341.022,0.09375,22,8,4,380,11103.922
4411,0,6,571361.3205,95226.88675,0.09666666666666666,38,13,4,264,8992.034033333332,6,571361.3205,95226.88675,0.09666666666666666,38,13,4,264,8992.034033333332
1427,0,7,882368.18,126052.59714285714,0.1236842105263158,47,19,5,92,11383.990526315789,7,882368.18,126052.59714285714,0.1236842105263158,47,19,5,92,11383.990526315789
4286,0,7,647224.9770000001,92460.711,0.0875,40,20,5,14,7215.421850000001,7,647224.9770000001,92460.711,0.0875,40,20,5,14,7215.421850000001
3050,1,6,357202.54,59533.75666666666,0.1,26,10,5,103,8131.951818181818,6,357202.54,59533.75666666666,0.1,26,10,5,103,8131.951818181818
2807,1,6,674097.702,112349.61700000001,0.096875,34,16,5,51,10407.328875000003,6,674097.702,112349.61700000001,0.096875,34,16,5,51,10407.328875000003
1689,0,5,825346.2345,165069.2469,0.125,32,14,5,248,11409.511750000001,5,825346.2345,165069.2469,0.125,32,14,5,248,11409.511750000001
658,1,9,1506433.5895,167381.50994444443,0.09807692307692309,60,24,5,344,14063.964596153848,9,1506433.5895,167381.50994444443,0.09807692307692309,60,24,5,344,14063.964596153848
3959,0,5,673222.995,134644.599,0.125,38,16,5,14,9423.999062500001,5,673222.995,134644.599,0.125,38,16,5,14,9423.999062500001
3195,0,2,43591.244000000006,21795.622000000003,0.125,6,2,2,383,5301.892000000001,2,43591.244000000006,21795.622000000003,0.125,6,2,2,383,5301.892000000001
2692,0,6,610369.1485,101728.19141666667,0.11470588235294119,38,17,5,56,8481.291088235295,6,610369.1485,101728.19141666667,0.11470588235294119,38,17,5,56,8481.291088235295
168,0,4,484129.4765,121032.369125,0.075,29,12,5,84,9619.580541666664,4,484129.4765,121032.369125,0.075,29,12,5,84,9619.580541666664
4702,0,7,715717.417,102245.34528571428,0.09999999999999999,32,12,5,255,14454.98975,7,715717.417,102245.34528571428,0.09999999999999999,32,12,5,255,14454.98975
2272,0,6,452448.35300000006,75408.05883333333,0.11153846153846153,29,13,5,77,8464.967153846157,6,452448.35300000006,75408.05883333333,0.11153846153846153,29,13,5,77,8464.967153846157
1135,0,9,917346.8205,101927.42450000001,0.1323529411764706,41,17,5,62,11247.886500000002,9,917346.8205,101927.42450000001,0.1323529411764706,41,17,5,62,11247.886500000002
2442,1,5,517405.24,103481.048,0.0625,35,11,5,163,11456.069166666668,5,517405.24,103481.048,0.0625,35,11,5,163,11456.069166666668
2673,0,8,964782.5105,120597.81381250001,0.0825,49,19,5,24,11942.336025,8,964782.5105,120597.81381250001,0.0825,49,19,5,24,11942.336025
1234,1,4,421905.924,105476.481,0.08,23,10,5,121,9984.982399999999,4,421905.924,105476.481,0.08,23,10,5,121,9984.982399999999
1575,0,4,633600.994,158400.24850000002,0.07916666666666666,27,11,5,279,18121.728666666666,4,633600.994,158400.24850000002,0.07916666666666666,27,11,5,279,18121.728666666666
2704,0,8,800308.7995,100038.5999375,0.1323529411764706,45,17,4,42,8284.935852941175,8,800308.7995,100038.5999375,0.1323529411764706,45,17,4,42,8284.935852941175
1865,0,9,814839.5615,90537.72905555555,0.09444444444444446,50,18,5,7,11503.105083333332,9,814839.5615,90537.72905555555,0.09444444444444446,50,18,5,7,11503.105083333332
953,0,8,1283634.934,160454.36675,0.09285714285714286,57,21,5,32,15828.888285714287,8,1283634.934,160454.36675,0.09285714285714286,57,21,5,32,15828.888285714287
3171,0,6,488820.2215,81470.03691666666,0.08928571428571429,28,14,5,168,8587.277964285715,6,488820.2215,81470.03691666666,0.08928571428571429,28,14,5,168,8587.277964285715
862,0,10,900870.027,90087.0027,0.09090909090909091,51,20,5,147,10708.703500000001,10,900870.027,90087.0027,0.09090909090909091,51,20,5,147,10708.703500000001
3683,0,5,904354.491,180870.8982,0.12333333333333334,38,15,4,49,14220.8094,5,904354.491,180870.8982,0.12333333333333334,38,15,4,49,14220.8094
4153,0,8,1119782.125,139972.765625,0.10652173913043479,56,23,5,0,12116.56760869565,8,1119782.125,139972.765625,0.10652173913043479,56,23,5,0,12116.56760869565
3105,0,5,705205.7459999999,141041.14919999999,0.09333333333333332,41,15,5,249,12017.326399999998,5,705205.7459999999,141041.14919999999,0.09333333333333332,41,15,5,249,12017.326399999998
335,0,5,559753.233,111950.64660000001,0.09166666666666667,26,11,5,41,12494.751916666666,5,559753.233,111950.64660000001,0.09166666666666667,26,11,5,41,12494.751916666666
1010,0,5,829965.2955,165993.0591,0.08214285714285716,39,14,5,75,14819.072535714286,5,829965.2955,165993.0591,0.08214285714285716,39,14,5,75,14819.072535714286
1767,0,6,1042124.8445000001,173687.47408333333,0.09666666666666668,45,15,5,406,18999.65896666667,6,1042124.8445000001,173687.47408333333,0.09666666666666668,45,15,5,406,18999.65896666667
2817,0,8,997716.403,124714.55037499999,0.11388888888888887,47,17,5,138,8575.620722222222,8,997716.403,124714.55037499999,0.11388888888888887,47,17,5,138,8575.620722222222
2011,0,7,981997.6735,140285.38192857144,0.0911764705882353,48,16,5,14,17041.051382352944,7,981997.6735,140285.38192857144,0.0911764705882353,48,16,5,14,17041.051382352944
2868,0,11,834627.8979999999,75875.26345454546,0.10681818181818183,50,19,4,42,9938.085363636363,11,834627.8979999999,75875.26345454546,0.10681818181818183,50,19,4,42,9938.085363636363
2992,0,7,460539.238,65791.31971428571,0.13333333333333336,28,9,4,178,8810.724222222225,7,460539.238,65791.31971428571,0.13333333333333336,28,9,4,178,8810.724222222225
3252,0,6,947593.3945,157932.23241666667,0.121875,44,16,5,28,11750.676531250001,6,947593.3945,157932.23241666667,0.121875,44,16,5,28,11750.676531250001
1711,0,9,1005144.5525,111682.72805555555,0.07777777777777778,48,17,5,15,14627.19458333333,9,1005144.5525,111682.72805555555,0.07777777777777778,48,17,5,15,14627.19458333333
1423,0,2,326439.765,163219.8825,0.09999999999999999,14,7,3,512,11972.439285714283,2,326439.765,163219.8825,0.09999999999999999,14,7,3,512,11972.439285714283
2656,1,6,855706.2880000001,142617.71466666667,0.11071428571428572,36,13,5,134,13124.637714285715,6,855706.2880000001,142617.71466666667,0.11071428571428572,36,13,5,134,13124.637714285715
650,0,11,1228199.2925,111654.48113636364,0.1,73,30,5,20,10256.199435483872,11,1228199.2925,111654.48113636364,0.1,73,30,5,20,10256.199435483872
4007,0,3,558455.2445,186151.7481666667,0.12,27,10,5,137,17146.592450000004,3,558455.2445,186151.7481666667,0.12,27,10,5,137,17146.592450000004
3325,1,3,486123.191,162041.06366666668,0.11875000000000001,19,8,5,26,11999.816375,3,486123.191,162041.06366666668,0.11875000000000001,19,8,5,26,11999.816375
110,1,3,380379.286,126793.09533333335,0.061111111111111116,19,9,4,101,9458.83177777778,3,380379.286,126793.09533333335,0.061111111111111116,19,9,4,101,9458.83177777778
1258,1,4,419350.377,104837.59425,0.12,23,10,5,72,11130.2457,4,419350.377,104837.59425,0.12,23,10,5,72,11130.2457
3771,0,6,815736.978,135956.163,0.12692307692307694,36,13,5,72,15440.299076923073,6,815736.978,135956.163,0.12692307692307694,36,13,5,72,15440.299076923073
1268,0,6,1000565.7075,166760.95125,0.09444444444444446,52,17,5,8,14688.838194444443,6,1000565.7075,166760.95125,0.09444444444444446,52,17,5,8,14688.838194444443
2834,1,7,597970.095,85424.29928571428,0.103125,42,15,3,68,10544.1340625,7,597970.095,85424.29928571428,0.103125,42,15,3,68,10544.1340625
3431,0,9,825521.478,91724.60866666667,0.103125,39,16,5,213,12020.418,9,825521.478,91724.60866666667,0.103125,39,16,5,213,12020.418
540,0,3,164235.714,54745.238000000005,0.10625,15,8,3,18,4329.422999999999,3,164235.714,54745.238000000005,0.10625,15,8,3,18,4329.422999999999
2999,0,3,365569.45300000004,121856.48433333333,0.1375,17,8,5,96,10332.032875000003,3,365569.45300000004,121856.48433333333,0.1375,17,8,5,96,10332.032875000003
481,1,3,158456.701,52818.90033333333,0.05,12,5,4,185,4262.688199999999,3,158456.701,52818.90033333333,0.05,12,5,4,185,4262.688199999999
4322,0,6,950038.4395,158339.73991666667,0.07941176470588236,43,16,5,187,13548.88055882353,6,950038.4395,158339.73991666667,0.07941176470588236,43,16,5,187,13548.88055882353
2042,1,7,978733.447,139819.06385714287,0.09473684210526316,45,18,5,124,12589.261421052632,7,978733.447,139819.06385714287,0.09473684210526316,45,18,5,124,12589.261421052632
87,0,6,658308.873,109718.1455,0.11666666666666668,31,11,5,307,13097.688583333329,6,658308.873,109718.1455,0.11666666666666668,31,11,5,307,13097.688583333329
3714,0,2,250048.21600000001,125024.10800000001,0.14,14,5,4,44,9750.285200000002,2,250048.21600000001,125024.10800000001,0.14,14,5,4,44,9750.285200000002
4005,0,9,1002185.245,111353.91611111112,0.09772727272727272,56,21,5,0,11159.783863636361,9,1002185.245,111353.91611111112,0.09772727272727272,56,21,5,0,11159.783863636361
1177,0,6,766481.411,127746.90183333332,0.1,42,19,5,61,8259.560578947368,6,766481.411,127746.90183333332,0.1,42,19,5,61,8259.560578947368
1250,1,4,773059.4280000001,193264.85700000002,0.1,33,13,5,67,9934.317538461539,4,773059.4280000001,193264.85700000002,0.1,33,13,5,67,9934.317538461539
595,1,4,496757.2245,124189.306125,0.10555555555555556,23,8,4,58,11907.327166666666,4,496757.2245,124189.306125,0.10555555555555556,23,8,4,58,11907.327166666666
4815,1,5,491798.422,98359.6844,0.13333333333333333,26,9,4,106,15677.750222222227,5,491798.422,98359.6844,0.13333333333333333,26,9,4,106,15677.750222222227
3222,1,5,314751.904,62950.3808,0.12777777777777777,25,9,4,19,6038.600444444445,5,314751.904,62950.3808,0.12777777777777777,25,9,4,19,6038.600444444445
747,1,5,643123.838,128624.76759999999,0.1,33,11,5,151,13670.324363636364,5,643123.838,128624.76759999999,0.1,33,11,5,151,13670.324363636364
1099,0,3,373412.959,124470.98633333335,0.09999999999999999,19,7,5,413,16022.498428571429,3,373412.959,124470.98633333335,0.09999999999999999,19,7,5,413,16022.498428571429
2369,0,3,272566.7685,90855.5895,0.15,17,5,4,484,9358.361700000003,3,272566.7685,90855.5895,0.15,17,5,4,484,9358.361700000003
2331,0,8,678045.09,84755.63625,0.08666666666666667,35,15,5,4,11289.832666666665,8,678045.09,84755.63625,0.08666666666666667,35,15,5,4,11289.832666666665
3201,1,9,911668.066,101296.45177777778,0.1159090909090909,50,22,5,141,7861.588,9,911668.066,101296.45177777778,0.1159090909090909,50,22,5,141,7861.588
289,1,6,894081.994,149013.66566666667,0.10333333333333333,42,15,3,95,14757.626933333335,6,894081.994,149013.66566666667,0.10333333333333333,42,15,3,95,14757.626933333335
4000,0,9,1091594.714,121288.30155555555,0.09736842105263159,48,18,5,26,15849.373894736842,9,1091594.714,121288.30155555555,0.09736842105263159,48,18,5,26,15849.373894736842
4371,0,10,1052818.6375,105281.86374999999,0.10500000000000001,47,19,5,40,14893.727374999999,10,1052818.6375,105281.86374999999,0.10500000000000001,47,19,5,40,14893.727374999999
2092,0,7,608669.1175,86952.73107142858,0.07,32,15,5,167,9597.413166666667,7,608669.1175,86952.73107142858,0.07,32,15,5,167,9597.413166666667
4978,0,4,451760.497,112940.12425000001,0.0625,20,8,5,128,17143.548375,4,451760.497,112940.12425000001,0.0625,20,8,5,128,17143.548375
2761,1,6,864202.638,144033.77300000002,0.12142857142857144,37,13,4,219,17169.577714285715,6,864202.638,144033.77300000002,0.12142857142857144,37,13,4,219,17169.577714285715
299,0,6,527243.8715,87873.97858333333,0.0642857142857143,30,14,5,22,10060.210107142859,6,527243.8715,87873.97858333333,0.0642857142857143,30,14,5,22,10060.210107142859
2311,1,6,697821.1305,116303.52175,0.10357142857142856,35,14,5,188,12038.371464285714,6,697821.1305,116303.52175,0.10357142857142856,35,14,5,188,12038.371464285714
1290,1,5,550200.284,110040.05679999999,0.11785714285714287,29,13,5,56,9900.20314285714,5,550200.284,110040.05679999999,0.11785714285714287,29,13,5,56,9900.20314285714
2224,0,3,391513.4055,130504.4685,0.08888888888888889,24,9,4,30,8245.269500000002,3,391513.4055,130504.4685,0.08888888888888889,24,9,4,30,8245.269500000002
457,1,5,293009.635,58601.927,0.1,21,10,4,30,6240.267499999998,5,293009.635,58601.927,0.1,21,10,4,30,6240.267499999998
569,0,8,750464.253,93808.031625,0.1131578947368421,47,18,5,28,8821.589631578949,8,750464.253,93808.031625,0.1131578947368421,47,18,5,28,8821.589631578949
4562,1,3,540776.7685,180258.92283333334,0.12,31,10,5,95,14474.350849999999,3,540776.7685,180258.92283333334,0.12,31,10,5,95,14474.350849999999
2309,0,6,920840.0235,153473.33725,0.12105263157894738,46,19,5,203,12618.06702631579,6,920840.0235,153473.33725,0.12105263157894738,46,19,5,203,12618.06702631579
3781,0,7,826333.7295,118047.67564285714,0.07777777777777778,44,18,5,56,10221.366638888889,7,826333.7295,118047.67564285714,0.07777777777777778,44,18,5,56,10221.366638888889
996,0,3,623763.5719999999,207921.1906666667,0.07727272727272728,31,11,4,186,16111.216545454545,3,623763.5719999999,207921.1906666667,0.07727272727272728,31,11,4,186,16111.216545454545
1172,0,3,309713.545,103237.84833333333,0.06875,15,8,4,254,11723.911874999998,3,309713.545,103237.84833333333,0.06875,15,8,4,254,11723.911874999998
4225,0,6,613801.8155,102300.30258333334,0.08125,39,15,4,113,9095.294093750003,6,613801.8155,102300.30258333334,0.08125,39,15,4,113,9095.294093750003
2801,1,4,341774.2,85443.55,0.0875,18,8,3,128,9311.388750000002,4,341774.2,85443.55,0.0875,18,8,3,128,9311.388750000002
2252,0,11,1370346.669,124576.96990909091,0.10740740740740741,74,26,5,41,11155.566259259258,11,1370346.669,124576.96990909091,0.10740740740740741,74,26,5,41,11155.566259259258
2227,0,8,1085074.1135,135634.2641875,0.08181818181818182,58,22,5,85,10513.930613636361,8,1085074.1135,135634.2641875,0.08181818181818182,58,22,5,85,10513.930613636361
2176,0,4,436319.914,109079.97850000001,0.1125,24,8,5,11,14587.078000000003,4,436319.914,109079.97850000001,0.1125,24,8,5,11,14587.078000000003
36,0,6,806131.003,134355.16716666668,0.08928571428571429,41,13,5,87,10387.633071428572,6,806131.003,134355.16716666668,0.08928571428571429,41,13,5,87,10387.633071428572
1915,0,7,788512.027,112644.57528571428,0.05625,37,16,4,182,13751.9979375,7,788512.027,112644.57528571428,0.05625,37,16,4,182,13751.9979375
297,0,3,247208.8035,82402.9345,0.037500000000000006,9,4,3,433,21028.208375000002,3,247208.8035,82402.9345,0.037500000000000006,9,4,3,433,21028.208375000002
3335,0,7,898727.1475,128389.5925,0.07894736842105263,50,19,5,291,12175.393552631578,7,898727.1475,128389.5925,0.07894736842105263,50,19,5,291,12175.393552631578
2566,0,4,407821.822,101955.4555,0.09999999999999999,25,12,5,124,5052.893499999997,4,407821.822,101955.4555,0.09999999999999999,25,12,5,124,5052.893499999997
874,1,3,271920.2155,90640.07183333334,0.04,13,5,3,10,16691.8131,3,271920.2155,90640.07183333334,0.04,13,5,3,10,16691.8131
761,0,5,692327.9605,138465.59209999998,0.05,39,15,4,159,11754.737531249999,5,692327.9605,138465.59209999998,0.05,39,15,4,159,11754.737531249999
4252,1,1,211174.6635,211174.6635,0.025,10,4,3,256,12571.380874999995,1,211174.6635,211174.6635,0.025,10,4,3,256,12571.380874999995
2549,0,8,944599.252,118074.9065,0.10416666666666667,62,23,5,26,6834.640499999999,8,944599.252,118074.9065,0.10416666666666667,62,23,5,26,6834.640499999999
2137,0,5,632477.313,126495.46260000001,0.10909090909090909,27,11,4,355,13853.180272727273,5,632477.313,126495.46260000001,0.10909090909090909,27,11,4,355,13853.180272727273
49,1,8,781661.0445,97707.6305625,0.08333333333333333,38,15,4,114,14408.432966666664,8,781661.0445,97707.6305625,0.08333333333333333,38,15,4,114,14408.432966666664
1117,0,6,418554.0635,69759.01058333334,0.11363636363636363,20,11,4,182,8270.878499999999,6,418554.0635,69759.01058333334,0.11363636363636363,20,11,4,182,8270.878499999999
2155,0,3,544074.0155,181358.00516666667,0.1,25,9,5,71,12682.617549999997,3,544074.0155,181358.00516666667,0.1,25,9,5,71,12682.617549999997
3982,0,10,769444.21,76944.421,0.12105263157894736,53,19,5,348,7570.7057894736845,10,769444.21,76944.421,0.12105263157894736,53,19,5,348,7570.7057894736845
4778,0,8,754687.7605,94335.97006250001,0.09411764705882353,41,17,4,80,8486.712970588236,8,754687.7605,94335.97006250001,0.09411764705882353,41,17,4,80,8486.712970588236
911,0,7,876202.482,125171.78314285714,0.06764705882352941,43,15,4,88,14131.91011764706,7,876202.482,125171.78314285714,0.06764705882352941,43,15,4,88,14131.91011764706
10,0,7,1005162.9015,143594.70021428572,0.12250000000000001,55,19,5,19,9923.886075000002,7,1005162.9015,143594.70021428572,0.12250000000000001,55,19,5,19,9923.886075000002
1048,1,7,994484.4755,142069.21078571427,0.12894736842105264,55,19,5,139,9146.576605263157,7,994484.4755,142069.21078571427,0.12894736842105264,55,19,5,139,9146.576605263157
3381,0,2,281277.6915,140638.84574999998,0.09,11,5,3,133,13578.086299999999,2,281277.6915,140638.84574999998,0.09,11,5,3,133,13578.086299999999
4312,0,4,468323.907,117080.97675,0.10555555555555556,19,9,5,62,10000.828555555556,4,468323.907,117080.97675,0.10555555555555556,19,9,5,62,10000.828555555556
3575,1,9,1126376.6615,125152.96238888887,0.07500000000000001,54,22,5,47,11126.203704545454,9,1126376.6615,125152.96238888887,0.07500000000000001,54,22,5,47,11126.203704545454
1869,1,6,1022005.4705,170334.24508333334,0.1131578947368421,50,19,4,201,8903.031078947368,6,1022005.4705,170334.24508333334,0.1131578947368421,50,19,4,201,8903.031078947368
380,1,1,138595.21200000003,138595.21200000003,0.10000000000000002,10,3,3,4,9657.74733333334,1,138595.21200000003,138595.21200000003,0.10000000000000002,10,3,3,4,9657.74733333334
458,0,4,317193.678,79298.4195,0.10555555555555557,15,9,5,81,8061.718666666668,4,317193.678,79298.4195,0.10555555555555557,15,9,5,81,8061.718666666668
803,1,6,601559.056,100259.84266666666,0.10454545454545455,31,11,5,495,12785.585090909093,6,601559.056,100259.84266666666,0.10454545454545455,31,11,5,495,12785.585090909093
4168,1,9,598365.764,66485.08488888889,0.096875,41,16,5,72,5942.0758749999995,9,598365.764,66485.08488888889,0.096875,41,16,5,72,5942.0758749999995
3699,0,3,207269.1755,69089.72516666666,0.1,13,5,3,35,9319.641099999999,3,207269.1755,69089.72516666666,0.1,13,5,3,35,9319.641099999999
3736,0,4,582037.8420000001,145509.46050000002,0.1,31,10,4,70,11606.387454545458,4,582037.8420000001,145509.46050000002,0.1,31,10,4,70,11606.387454545458
848,1,6,820136.285,136689.38083333333,0.109375,37,16,5,192,10589.9765625,6,820136.285,136689.38083333333,0.109375,37,16,5,192,10589.9765625
1404,0,6,602936.0085,100489.33475,0.08333333333333333,31,11,5,75,12585.410708333335,6,602936.0085,100489.33475,0.08333333333333333,31,11,5,75,12585.410708333335
3867,1,6,429614.3025,71602.38375,0.0923076923076923,21,13,5,123,7942.874807692308,6,429614.3025,71602.38375,0.0923076923076923,21,13,5,123,7942.874807692308
2417,0,8,1133702.113,141712.764125,0.10869565217391304,66,21,5,85,10915.928826086956,8,1133702.113,141712.764125,0.10869565217391304,66,21,5,85,10915.928826086956
2720,0,7,768064.215,109723.4592857143,0.09722222222222222,43,18,5,57,8920.916944444445,7,768064.215,109723.4592857143,0.09722222222222222,43,18,5,57,8920.916944444445
941,0,13,1870552.9985,143888.6921923077,0.08571428571428572,94,32,5,7,14435.02252857143,13,1870552.9985,143888.6921923077,0.08571428571428572,94,32,5,7,14435.02252857143
1057,1,4,517598.20249999996,129399.55062499999,0.11500000000000002,26,9,5,221,14582.440249999996,4,517598.20249999996,129399.55062499999,0.11500000000000002,26,9,5,221,14582.440249999996
2711,0,6,240329.95500000002,40054.9925,0.10625,13,7,3,179,9113.344375,6,240329.95500000002,40054.9925,0.10625,13,7,3,179,9113.344375
917,0,5,755178.245,151035.649,0.08125,35,16,5,25,11883.7659375,5,755178.245,151035.649,0.08125,35,16,5,25,11883.7659375
2282,0,5,759366.367,151873.2734,0.0923076923076923,39,13,5,75,11979.873615384617,5,759366.367,151873.2734,0.0923076923076923,39,13,5,75,11979.873615384617
2714,0,5,521932.7225,104386.5445,0.10909090909090909,34,11,5,38,12504.7475,5,521932.7225,104386.5445,0.10909090909090909,34,11,5,38,12504.7475
2453,0,8,1139142.0195,142392.7524375,0.106,63,24,5,22,9890.047579999999,8,1139142.0195,142392.7524375,0.106,63,24,5,22,9890.047579999999
4696,0,3,181858.90350000001,60619.63450000001,0.08571428571428572,16,7,4,25,4481.964785714286,3,181858.90350000001,60619.63450000001,0.08571428571428572,16,7,4,25,4481.964785714286
3052,0,4,190731.21899999998,47682.80475,0.10833333333333334,13,6,3,128,6243.118166666664,4,190731.21899999998,47682.80475,0.10833333333333334,13,6,3,128,6243.118166666664
3646,0,8,968786.386,121098.29825,0.10789473684210525,53,19,5,106,13516.741894736842,8,968786.386,121098.29825,0.10789473684210525,53,19,5,106,13516.741894736842
2785,1,5,550940.7605000001,110188.15210000002,0.10909090909090909,27,11,3,150,12744.850045454545,5,550940.7605000001,110188.15210000002,0.10909090909090909,27,11,3,150,12744.850045454545
163,0,12,1610690.0945,134224.17454166667,0.08833333333333333,79,29,5,58,14174.231816666666,12,1610690.0945,134224.17454166667,0.08833333333333333,79,29,5,58,14174.231816666666
1459,1,7,936319.3605,133759.90864285713,0.08499999999999999,45,20,5,215,13598.331024999998,7,936319.3605,133759.90864285713,0.08499999999999999,45,20,5,215,13598.331024999998
1681,0,3,433923.82300000003,144641.27433333333,0.08333333333333333,21,9,5,344,11339.792555555558,3,433923.82300000003,144641.27433333333,0.08333333333333333,21,9,5,344,11339.792555555558
4062,0,7,871588.131,124512.59014285715,0.1125,42,16,5,263,10361.418812500002,7,871588.131,124512.59014285715,0.1125,42,16,5,263,10361.418812500002
2813,0,3,146594.134,48864.71133333333,0.13,7,5,3,293,7712.2088,3,146594.134,48864.71133333333,0.13,7,5,3,293,7712.2088
2044,0,5,528705.7665,105741.1533,0.12307692307692308,36,13,5,15,9061.776653846155,5,528705.7665,105741.1533,0.12307692307692308,36,13,5,15,9061.776653846155
4148,0,6,597422.9865,99570.49775,0.11470588235294117,38,16,5,126,8631.143323529412,6,597422.9865,99570.49775,0.11470588235294117,38,16,5,126,8631.143323529412
3178,0,10,1356578.167,135657.8167,0.11304347826086956,64,23,5,23,16184.058999999997,10,1356578.167,135657.8167,0.11304347826086956,64,23,5,23,16184.058999999997
4784,0,3,153457.9155,51152.6385,0.075,12,6,4,183,4177.234250000002,3,153457.9155,51152.6385,0.075,12,6,4,183,4177.234250000002
1550,1,7,614604.741,87800.67728571428,0.10333333333333333,34,15,5,39,11383.066733333335,7,614604.741,87800.67728571428,0.10333333333333333,34,15,5,39,11383.066733333335
1603,0,12,1309687.8329999999,109140.65275000001,0.12272727272727273,81,31,5,101,9550.753727272724,12,1309687.8329999999,109140.65275000001,0.12272727272727273,81,31,5,101,9550.753727272724
2013,1,7,589873.7025,84267.6717857143,0.090625,38,16,5,106,7903.08828125,7,589873.7025,84267.6717857143,0.090625,38,16,5,106,7903.08828125
344,1,3,354243.984,118081.32800000002,0.10833333333333334,20,6,3,237,16161.16066666667,3,354243.984,118081.32800000002,0.10833333333333334,20,6,3,237,16161.16066666667
604,0,3,340463.2585,113487.75283333333,0.125,20,7,4,478,11910.334812500001,3,340463.2585,113487.75283333333,0.125,20,7,4,478,11910.334812500001
3913,0,5,597254.6115,119450.9223,0.09090909090909091,26,11,5,190,13741.13740909091,5,597254.6115,119450.9223,0.09090909090909091,26,11,5,190,13741.13740909091
3435,0,3,343504.514,114501.50466666667,0.05833333333333334,14,6,3,54,14291.604,3,343504.514,114501.50466666667,0.05833333333333334,14,6,3,54,14291.604
1033,0,7,672148.861,96021.26585714286,0.08888888888888889,42,18,5,41,9039.515055555554,7,672148.861,96021.26585714286,0.08888888888888889,42,18,5,41,9039.515055555554
1902,0,4,900700.196,225175.049,0.0923076923076923,40,13,4,70,17393.93969230769,4,900700.196,225175.049,0.0923076923076923,40,13,4,70,17393.93969230769
3475,1,7,1028392.3315,146913.1902142857,0.09444444444444446,46,18,5,86,13832.977861111114,7,1028392.3315,146913.1902142857,0.09444444444444446,46,18,5,86,13832.977861111114
3281,0,2,504337.727,252168.8635,0.05714285714285715,18,7,4,152,26700.33528571428,2,504337.727,252168.8635,0.05714285714285715,18,7,4,152,26700.33528571428
2535,0,5,305830.188,61166.037599999996,0.13076923076923078,22,13,5,137,3724.008307692308,5,305830.188,61166.037599999996,0.13076923076923078,22,13,5,137,3724.008307692308
1291,1,4,245616.199,61404.04975,0.05625,17,8,5,103,6133.132375,4,245616.199,61404.04975,0.05625,17,8,5,103,6133.132375
1420,0,7,778778.818,111254.11685714286,0.09999999999999999,45,17,5,21,11566.458117647058,7,778778.818,111254.11685714286,0.09999999999999999,45,17,5,21,11566.458117647058
1235,0,6,347079.83400000003,57846.639,0.13214285714285715,30,14,4,8,4126.0445714285715,6,347079.83400000003,57846.639,0.13214285714285715,30,14,4,8,4126.0445714285715
2120,0,7,922640.603,131805.80042857144,0.1138888888888889,49,18,5,25,11471.14072222222,7,922640.603,131805.80042857144,0.1138888888888889,49,18,5,25,11471.14072222222
3605,0,4,478825.12250000006,119706.280625,0.15555555555555556,29,9,5,340,3487.493611111113,4,478825.12250000006,119706.280625,0.15555555555555556,29,9,5,340,3487.493611111113
4485,0,6,860613.9135,143435.65225,0.09736842105263159,45,19,5,89,10511.052289473686,6,860613.9135,143435.65225,0.09736842105263159,45,19,5,89,10511.052289473686
11,0,7,898340.596,128334.37085714286,0.0875,44,16,5,17,12801.814749999998,7,898340.596,128334.37085714286,0.0875,44,16,5,17,12801.814749999998
1428,1,3,304370.6295,101456.8765,0.03333333333333333,16,6,4,339,15362.674916666665,3,304370.6295,101456.8765,0.03333333333333333,16,6,4,339,15362.674916666665
695,0,7,1233571.1824999999,176224.45464285716,0.11470588235294119,46,16,5,10,18407.09544117647,7,1233571.1824999999,176224.45464285716,0.11470588235294119,46,16,5,10,18407.09544117647
842,1,7,706446.9249999999,100920.9892857143,0.08928571428571429,39,14,5,50,11152.064642857144,7,706446.9249999999,100920.9892857143,0.08928571428571429,39,14,5,50,11152.064642857144
2335,0,7,817587.9745,116798.28207142858,0.125,47,17,5,281,11526.551361111113,7,817587.9745,116798.28207142858,0.125,47,17,5,281,11526.551361111113
1243,0,5,676773.3485,135354.6697,0.09333333333333334,35,15,5,275,9045.391233333334,5,676773.3485,135354.6697,0.09333333333333334,35,15,5,275,9045.391233333334
1447,0,7,1088534.788,155504.96971428572,0.07941176470588236,49,15,5,46,18788.06282352941,7,1088534.788,155504.96971428572,0.07941176470588236,49,15,5,46,18788.06282352941
671,0,5,972249.0755,194449.81509999998,0.12000000000000001,40,15,4,80,16568.908366666663,5,972249.0755,194449.81509999998,0.12000000000000001,40,15,4,80,16568.908366666663
1885,1,6,846400.0105,141066.66841666665,0.12142857142857143,34,14,5,12,11225.017178571428,6,846400.0105,141066.66841666665,0.12142857142857143,34,14,5,12,11225.017178571428
684,0,7,921153.626,131593.37514285714,0.090625,35,16,5,48,14752.711,7,921153.626,131593.37514285714,0.090625,35,16,5,48,14752.711
4905,1,4,319086.679,79771.66975,0.15,15,7,4,341,9523.762714285718,4,319086.679,79771.66975,0.15,15,7,4,341,9523.762714285718
478,1,9,1183465.8985000001,131496.21094444446,0.10909090909090909,60,21,5,18,12974.087204545456,9,1183465.8985000001,131496.21094444446,0.10909090909090909,60,21,5,18,12974.087204545456
896,0,3,43781.048,14593.682666666668,0.03333333333333333,11,3,3,3,4500.5993333333345,3,43781.048,14593.682666666668,0.03333333333333333,11,3,3,3,4500.5993333333345
4377,0,3,436338.71050000004,145446.23683333336,0.07142857142857142,19,7,4,364,16031.321500000004,3,436338.71050000004,145446.23683333336,0.07142857142857142,19,7,4,364,16031.321500000004
3719,0,4,896675.7655,224168.941375,0.1125,40,12,4,90,19689.230458333335,4,896675.7655,224168.941375,0.1125,40,12,4,90,19689.230458333335
71,0,2,100553.484,50276.742,0.10000000000000002,13,6,4,179,2371.4623333333343,2,100553.484,50276.742,0.10000000000000002,13,6,4,179,2371.4623333333343
2284,1,6,800661.073,133443.51216666665,0.07894736842105263,36,18,5,22,8356.455421052631,6,800661.073,133443.51216666665,0.07894736842105263,36,18,5,22,8356.455421052631
27,0,7,1191576.039,170225.14842857144,0.09090909090909091,53,21,5,106,12019.1995,7,1191576.039,170225.14842857144,0.09090909090909091,53,21,5,106,12019.1995
4326,0,5,879202.5705,175840.5141,0.125,46,15,5,272,9594.03065625,5,879202.5705,175840.5141,0.125,46,15,5,272,9594.03065625
3294,0,7,830352.0399999999,118621.71999999999,0.1,30,11,5,7,20900.35636363636,7,830352.0399999999,118621.71999999999,0.1,30,11,5,7,20900.35636363636
248,0,4,494907.39050000004,123726.84762500001,0.1,22,10,5,229,11645.56305,4,494907.39050000004,123726.84762500001,0.1,22,10,5,229,11645.56305
2033,0,6,675070.5585,112511.75975000001,0.13333333333333333,34,15,5,354,7794.375233333335,6,675070.5585,112511.75975000001,0.13333333333333333,34,15,5,354,7794.375233333335
2329,0,5,666912.9720000001,133382.5944,0.11071428571428572,38,11,5,1,10835.112285714285,5,666912.9720000001,133382.5944,0.11071428571428572,38,11,5,1,10835.112285714285
390,0,2,406281.667,203140.8335,0.1125,21,8,5,41,8921.723375000001,2,406281.667,203140.8335,0.1125,21,8,5,41,8921.723375000001
2429,0,4,490095.523,122523.88075,0.08571428571428572,19,7,4,190,19172.291857142856,4,490095.523,122523.88075,0.08571428571428572,19,7,4,190,19172.291857142856
1143,0,3,507492.686,169164.22866666666,0.12142857142857144,18,7,4,635,18064.269428571428,3,507492.686,169164.22866666666,0.12142857142857144,18,7,4,635,18064.269428571428
1987,0,6,360064.82649999997,60010.80441666666,0.07916666666666668,23,12,5,248,7543.1788750000005,6,360064.82649999997,60010.80441666666,0.07916666666666668,23,12,5,248,7543.1788750000005
138,0,3,503665.98600000003,167888.66199999998,0.09375,24,8,4,152,15034.774500000003,3,503665.98600000003,167888.66199999998,0.09375,24,8,4,152,15034.774500000003
3861,1,7,970849.4035,138692.77192857143,0.1,54,20,5,167,9715.064928571428,7,970849.4035,138692.77192857143,0.1,54,20,5,167,9715.064928571428
1491,0,8,1011054.088,126381.761,0.10526315789473684,50,19,5,289,13218.70884210526,8,1011054.088,126381.761,0.10526315789473684,50,19,5,289,13218.70884210526
1422,0,3,314740.69,104913.56333333334,0.08571428571428572,19,7,4,236,11844.66,3,314740.69,104913.56333333334,0.08571428571428572,19,7,4,236,11844.66
186,0,7,887828.936,126832.70514285714,0.11176470588235295,50,17,5,237,8431.360352941178,7,887828.936,126832.70514285714,0.11176470588235295,50,17,5,237,8431.360352941178
3905,1,6,553913.9955,92318.99925,0.12941176470588237,45,17,5,444,5696.302676470588,6,553913.9955,92318.99925,0.12941176470588237,45,17,5,444,5696.302676470588
84,1,7,631849.7065,90264.24378571428,0.09583333333333333,28,11,5,25,11976.903041666665,7,631849.7065,90264.24378571428,0.09583333333333333,28,11,5,25,11976.903041666665
2322,0,5,966358.7945,193271.7589,0.10294117647058823,42,17,4,31,14939.690852941174,5,966358.7945,193271.7589,0.10294117647058823,42,17,4,31,14939.690852941174
4774,0,6,634961.1610000001,105826.86016666667,0.09642857142857143,33,14,4,38,12187.285071428572,6,634961.1610000001,105826.86016666667,0.09642857142857143,33,14,4,38,12187.285071428572
485,0,8,606588.9935,75823.6241875,0.059375000000000004,33,16,5,339,9515.111468749998,8,606588.9935,75823.6241875,0.059375000000000004,33,16,5,339,9515.111468749998
4087,0,6,797990.4125,132998.40208333332,0.10882352941176471,43,16,5,51,11284.041323529413,6,797990.4125,132998.40208333332,0.10882352941176471,43,16,5,51,11284.041323529413
2612,1,12,1549699.1235,129141.593625,0.10483870967741936,81,31,5,96,10389.869467741935,12,1549699.1235,129141.593625,0.10483870967741936,81,31,5,96,10389.869467741935
4670,0,9,1215063.204,135007.02266666666,0.07884615384615386,55,26,5,33,10874.291692307692,9,1215063.204,135007.02266666666,0.07884615384615386,55,26,5,33,10874.291692307692
4211,1,7,687362.529,98194.647,0.07857142857142858,43,21,5,127,7849.602333333333,7,687362.529,98194.647,0.07857142857142858,43,21,5,127,7849.602333333333
4202,0,11,1091533.7515,99230.34104545455,0.08333333333333333,59,24,5,67,10541.960479166666,11,1091533.7515,99230.34104545455,0.08333333333333333,59,24,5,67,10541.960479166666
1417,0,8,1115576.5355,139447.0669375,0.11590909090909092,63,22,5,270,11370.558886363637,8,1115576.5355,139447.0669375,0.11590909090909092,63,22,5,270,11370.558886363637
2597,1,9,1063038.963,118115.44033333333,0.10909090909090909,58,21,5,20,12194.437863636367,9,1063038.963,118115.44033333333,0.10909090909090909,58,21,5,20,12194.437863636367
1671,0,6,495079.014,82513.16900000001,0.075,32,11,4,257,6927.3144999999995,6,495079.014,82513.16900000001,0.075,32,11,4,257,6927.3144999999995
2379,1,4,573732.703,143433.17575,0.1388888888888889,28,9,5,498,10277.271444444445,4,573732.703,143433.17575,0.1388888888888889,28,9,5,498,10277.271444444445
708,0,10,944831.0634999999,94483.10634999999,0.09600000000000002,65,25,5,130,9138.90174,10,944831.0634999999,94483.10634999999,0.09600000000000002,65,25,5,130,9138.90174
2502,0,5,484173.456,96834.6912,0.11818181818181818,24,11,5,251,10098.695090909092,5,484173.456,96834.6912,0.11818181818181818,24,11,5,251,10098.695090909092
2475,1,3,143360.204,47786.73466666666,0.1,8,5,5,138,8420.508800000003,3,143360.204,47786.73466666666,0.1,8,5,5,138,8420.508800000003
1778,0,8,894522.246,111815.28075,0.10312500000000001,41,16,5,54,13228.9435,8,894522.246,111815.28075,0.10312500000000001,41,16,5,54,13228.9435
2461,1,8,970084.9805,121260.6225625,0.0911764705882353,37,17,5,206,15760.893558823527,8,970084.9805,121260.6225625,0.0911764705882353,37,17,5,206,15760.893558823527
1960,0,5,598872.0264999999,119774.40529999998,0.10833333333333334,28,12,5,29,11505.04970833333,5,598872.0264999999,119774.40529999998,0.10833333333333334,28,12,5,29,11505.04970833333
628,0,3,394223.698,131407.89933333333,0.07222222222222223,23,9,5,158,11775.899777777777,3,394223.698,131407.89933333333,0.07222222222222223,23,9,5,158,11775.899777777777
964,0,9,1048431.2150000001,116492.35722222221,0.10384615384615385,58,23,5,62,7303.252500000001,9,1048431.2150000001,116492.35722222221,0.10384615384615385,58,23,5,62,7303.252500000001
450,1,6,440702.3945,73450.39908333334,0.10714285714285714,35,14,5,230,9094.836749999999,6,440702.3945,73450.39908333334,0.10714285714285714,35,14,5,230,9094.836749999999
4893,0,8,1263672.2585,157959.0323125,0.07608695652173914,57,23,5,64,15889.124282608695,8,1263672.2585,157959.0323125,0.07608695652173914,57,23,5,64,15889.124282608695
2046,0,7,1074310.4915,153472.92735714285,0.1,49,17,5,253,14717.422710526318,7,1074310.4915,153472.92735714285,0.1,49,17,5,253,14717.422710526318
937,0,10,1349503.8295,134950.38295,0.094,62,25,5,15,12693.80678,10,1349503.8295,134950.38295,0.094,62,25,5,15,12693.80678
140,0,9,1023812.13,113756.90333333334,0.12142857142857141,55,19,5,135,8771.534285714284,9,1023812.13,113756.90333333334,0.12142857142857141,55,19,5,135,8771.534285714284
2178,0,5,925914.87,185182.974,0.10555555555555557,48,18,5,123,11665.93111111111,5,925914.87,185182.974,0.10555555555555557,48,18,5,123,11665.93111111111
3274,0,5,403623.93,80724.78600000001,0.13333333333333336,24,9,4,68,8569.79111111111,5,403623.93,80724.78600000001,0.13333333333333336,24,9,4,68,8569.79111111111
1461,0,5,840709.137,168141.8274,0.08750000000000001,42,16,5,96,12365.216687500002,5,840709.137,168141.8274,0.08750000000000001,42,16,5,96,12365.216687500002
1625,1,4,455137.10349999997,113784.275875,0.11499999999999999,26,9,4,108,10465.08435,4,455137.10349999997,113784.275875,0.11499999999999999,26,9,4,108,10465.08435
182,0,7,694801.4045,99257.34349999999,0.095,39,19,5,69,8014.8467249999985,7,694801.4045,99257.34349999999,0.095,39,19,5,69,8014.8467249999985
2579,1,6,898853.0244999999,149808.83741666665,0.08409090909090909,48,20,5,236,9319.285204545451,6,898853.0244999999,149808.83741666665,0.08409090909090909,48,20,5,236,9319.285204545451
3389,0,9,1149777.9195,127753.10216666668,0.07600000000000001,65,24,5,84,9492.98878,9,1149777.9195,127753.10216666668,0.07600000000000001,65,24,5,84,9492.98878
1030,0,9,821255.1039999999,91250.5671111111,0.10952380952380951,52,20,5,28,10031.441619047619,9,821255.1039999999,91250.5671111111,0.10952380952380951,52,20,5,28,10031.441619047619
241,0,3,404542.9575,134847.6525,0.1125,23,8,4,1,10429.059687499997,3,404542.9575,134847.6525,0.1125,23,8,4,1,10429.059687499997
2229,1,9,1068738.1835,118748.68705555557,0.08684210526315789,55,19,5,75,11898.47702631579,9,1068738.1835,118748.68705555557,0.08684210526315789,55,19,5,75,11898.47702631579
2336,0,9,1288314.1245,143146.01383333336,0.09200000000000001,64,24,5,84,12787.40858,9,1288314.1245,143146.01383333336,0.09200000000000001,64,24,5,84,12787.40858
920,1,6,430562.2025,71760.36708333333,0.13076923076923078,29,13,5,7,8291.117884615385,6,430562.2025,71760.36708333333,0.13076923076923078,29,13,5,7,8291.117884615385
4752,0,6,761630.333,126938.38883333333,0.0923076923076923,33,12,4,89,14302.95253846154,6,761630.333,126938.38883333333,0.0923076923076923,33,12,4,89,14302.95253846154
3811,0,4,493385.251,123346.31275,0.11363636363636363,23,11,5,6,9198.686454545452,4,493385.251,123346.31275,0.11363636363636363,23,11,5,6,9198.686454545452
4639,0,9,1430060.413,158895.60144444444,0.10185185185185185,74,26,5,42,13255.987888888889,9,1430060.413,158895.60144444444,0.10185185185185185,74,26,5,42,13255.987888888889
3960,1,3,550912.3945,183637.4648333333,0.1,27,10,4,184,17001.440450000002,3,550912.3945,183637.4648333333,0.1,27,10,4,184,17001.440450000002
3870,0,4,392410.7265,98102.681625,0.10625000000000001,19,8,5,385,7271.560812500002,4,392410.7265,98102.681625,0.10625000000000001,19,8,5,385,7271.560812500002
3995,1,5,532412.3215,106482.46430000002,0.11818181818181818,27,10,5,29,9777.900136363636,5,532412.3215,106482.46430000002,0.11818181818181818,27,10,5,29,9777.900136363636
2112,1,4,622721.3255,155680.331375,0.1125,34,12,4,355,8227.815458333334,4,622721.3255,155680.331375,0.1125,34,12,4,355,8227.815458333334
4478,0,3,228313.468,76104.48933333333,0.08333333333333333,15,6,4,187,7013.8613333333315,3,228313.468,76104.48933333333,0.08333333333333333,15,6,4,187,7013.8613333333315
39,1,4,465323.126,116330.7815,0.06923076923076923,28,13,5,178,9101.189692307693,4,465323.126,116330.7815,0.06923076923076923,28,13,5,178,9101.189692307693
1095,1,10,805067.021,80506.7021,0.10434782608695652,53,23,5,9,6010.68743478261,10,805067.021,80506.7021,0.10434782608695652,53,23,5,9,6010.68743478261
3238,0,6,872455.8960000001,145409.31600000002,0.1125,39,15,5,43,13995.964750000001,6,872455.8960000001,145409.31600000002,0.1125,39,15,5,43,13995.964750000001
500,0,6,890281.1965000001,148380.19941666667,0.08157894736842106,47,19,5,7,10994.266657894737,6,890281.1965000001,148380.19941666667,0.08157894736842106,47,19,5,7,10994.266657894737
83,0,5,639241.095,127848.219,0.08928571428571429,38,14,5,8,10995.89892857143,5,639241.095,127848.219,0.08928571428571429,38,14,5,8,10995.89892857143
3921,0,5,624247.193,124849.4386,0.065,28,10,5,65,11758.149300000001,5,624247.193,124849.4386,0.065,28,10,5,65,11758.149300000001
4709,0,3,139335.90000000002,46445.30000000001,0.08333333333333333,14,6,4,391,4134.765000000003,3,139335.90000000002,46445.30000000001,0.08333333333333333,14,6,4,391,4134.765000000003
1712,0,4,518012.642,129503.1605,0.1125,28,12,5,300,9200.747666666668,4,518012.642,129503.1605,0.1125,28,12,5,300,9200.747666666668
2908,0,8,676815.9525,84601.9940625,0.08611111111111111,36,18,5,21,8017.408472222222,8,676815.9525,84601.9940625,0.08611111111111111,36,18,5,21,8017.408472222222
57,1,9,1355789.763,150643.307,0.09791666666666667,63,24,5,49,13714.529291666668,9,1355789.763,150643.307,0.09791666666666667,63,24,5,49,13714.529291666668
1566,0,7,837248.807,119606.97242857143,0.09666666666666666,42,15,5,37,12005.855133333334,7,837248.807,119606.97242857143,0.09666666666666666,42,15,5,37,12005.855133333334
136,0,4,559802.045,139950.51125,0.09999999999999999,27,12,5,25,9896.33625,4,559802.045,139950.51125,0.09999999999999999,27,12,5,25,9896.33625
1673,1,5,351692.253,70338.45060000001,0.09999999999999999,18,7,5,330,9887.091857142857,5,351692.253,70338.45060000001,0.09999999999999999,18,7,5,330,9887.091857142857
4293,0,10,1388849.1014999999,138884.91014999998,0.0851851851851852,62,25,5,47,15384.474870370368,10,1388849.1014999999,138884.91014999998,0.0851851851851852,62,25,5,47,15384.474870370368
4049,0,7,818288.7075,116898.38678571429,0.11578947368421054,46,17,5,21,10764.015657894735,7,818288.7075,116898.38678571429,0.11578947368421054,46,17,5,21,10764.015657894735
2744,0,4,368737.081,92184.27025,0.07777777777777778,23,9,4,208,11063.105666666663,4,368737.081,92184.27025,0.07777777777777778,23,9,4,208,11063.105666666663
3619,0,7,621700.8225,88814.40321428572,0.10588235294117647,39,16,5,157,7525.424264705882,7,621700.8225,88814.40321428572,0.10588235294117647,39,16,5,157,7525.424264705882
2368,0,7,987174.206,141024.88657142856,0.1075,50,20,5,122,11253.4293,7,987174.206,141024.88657142856,0.1075,50,20,5,122,11253.4293
3015,0,4,749714.7025,187428.675625,0.09,30,10,5,425,13842.283249999997,4,749714.7025,187428.675625,0.09,30,10,5,425,13842.283249999997
257,0,5,494896.0035,98979.2007,0.10833333333333334,32,12,4,263,6219.495291666665,5,494896.0035,98979.2007,0.10833333333333334,32,12,4,263,6219.495291666665
1815,1,4,507444.5765,126861.144125,0.07272727272727274,29,11,5,254,16101.039681818183,4,507444.5765,126861.144125,0.07272727272727274,29,11,5,254,16101.039681818183
4623,0,1,42659.75,42659.75,0.0,1,1,1,439,17020.46,1,42659.75,42659.75,0.0,1,1,1,439,17020.46
4754,1,11,1132765.357,102978.66881818183,0.10652173913043479,56,22,5,192,10816.483347826086,11,1132765.357,102978.66881818183,0.10652173913043479,56,22,5,192,10816.483347826086
2398,0,11,1651416.0085,150128.72804545454,0.08214285714285714,75,26,5,122,15979.82851785714,11,1651416.0085,150128.72804545454,0.08214285714285714,75,26,5,122,15979.82851785714
2228,0,4,530661.0434999999,132665.26087499998,0.10384615384615385,31,13,5,19,10376.541807692305,4,530661.0434999999,132665.26087499998,0.10384615384615385,31,13,5,19,10376.541807692305
2241,1,4,295922.8415,73980.71037500001,0.08888888888888889,23,9,5,56,6505.814611111113,4,295922.8415,73980.71037500001,0.08888888888888889,23,9,5,56,6505.814611111113
474,1,2,411329.076,205664.538,0.11666666666666668,21,6,3,570,9867.394333333337,2,411329.076,205664.538,0.11666666666666668,21,6,3,570,9867.394333333337
1355,1,5,991015.8805,198203.17609999998,0.10555555555555557,50,18,5,333,12915.155027777777,5,991015.8805,198203.17609999998,0.10555555555555557,50,18,5,333,12915.155027777777
919,0,6,459176.4055,76529.40091666667,0.10833333333333334,26,12,5,146,9297.747958333333,6,459176.4055,76529.40091666667,0.10833333333333334,26,12,5,146,9297.747958333333
3702,0,8,950654.4240000001,118831.80300000001,0.12173913043478261,51,23,5,86,9322.128434782611,8,950654.4240000001,118831.80300000001,0.12173913043478261,51,23,5,86,9322.128434782611
2543,0,10,1450967.0744999999,145096.70745000002,0.09259259259259259,68,26,5,17,12967.35572222222,10,1450967.0744999999,145096.70745000002,0.09259259259259259,68,26,5,17,12967.35572222222
1005,1,5,705032.2715,141006.4543,0.09615384615384616,36,13,5,136,9687.1755,5,705032.2715,141006.4543,0.09615384615384616,36,13,5,136,9687.1755
256,0,3,238390.027,79463.34233333333,0.07857142857142858,16,7,4,141,4481.243857142856,3,238390.027,79463.34233333333,0.07857142857142858,16,7,4,141,4481.243857142856
743,0,5,695331.5775,139066.31549999997,0.10454545454545455,30,10,5,272,16295.364318181817,5,695331.5775,139066.31549999997,0.10454545454545455,30,10,5,272,16295.364318181817
2753,0,5,867322.1365,173464.4273,0.08571428571428573,44,14,5,60,13046.074750000003,5,867322.1365,173464.4273,0.08571428571428573,44,14,5,60,13046.074750000003
4917,0,4,268095.7425,67023.935625,0.125,19,8,4,11,4781.2403125,4,268095.7425,67023.935625,0.125,19,8,4,11,4781.2403125
609,1,4,332359.8305,83089.957625,0.08125,21,8,5,1,14236.878812500001,4,332359.8305,83089.957625,0.08125,21,8,5,1,14236.878812500001
560,0,5,983375.657,196675.1314,0.08823529411764706,50,17,5,165,14729.831588235296,5,983375.657,196675.1314,0.08823529411764706,50,17,5,165,14729.831588235296
3516,0,5,285695.4895,57139.09789999999,0.09,22,10,4,200,7882.856949999999,5,285695.4895,57139.09789999999,0.09,22,10,4,200,7882.856949999999
2944,0,5,408124.3855,81624.87710000001,0.12692307692307692,28,12,5,103,6588.1535,5,408124.3855,81624.87710000001,0.12692307692307692,28,12,5,103,6588.1535
2246,0,5,431129.905,86225.981,0.16,27,10,4,240,8912.6745,5,431129.905,86225.981,0.16,27,10,4,240,8912.6745
3481,1,6,648290.3825,108048.39708333334,0.125,39,16,5,64,7876.11453125,6,648290.3825,108048.39708333334,0.125,39,16,5,64,7876.11453125
2113,0,4,384289.82649999997,96072.456625,0.1388888888888889,21,9,5,50,9216.734055555557,4,384289.82649999997,96072.456625,0.1388888888888889,21,9,5,50,9216.734055555557
1468,0,5,861142.417,172228.4834,0.12666666666666668,36,15,5,69,10251.035133333333,5,861142.417,172228.4834,0.12666666666666668,36,15,5,69,10251.035133333333
2830,1,3,320554.36449999997,106851.45483333334,0.08750000000000001,11,4,3,227,23088.943625,3,320554.36449999997,106851.45483333334,0.08750000000000001,11,4,3,227,23088.943625
4297,0,7,820139.4015,117162.77164285714,0.13055555555555556,44,18,5,56,8918.446750000003,7,820139.4015,117162.77164285714,0.13055555555555556,44,18,5,56,8918.446750000003
118,0,2,203865.44400000002,101932.722,0.10833333333333334,17,6,3,336,5254.642333333336,2,203865.44400000002,101932.722,0.10833333333333334,17,6,3,336,5254.642333333336
4277,0,10,1426360.8815,142636.08815000003,0.11166666666666666,72,30,5,3,11377.178383333334,10,1426360.8815,142636.08815000003,0.11166666666666666,72,30,5,3,11377.178383333334
4023,0,3,350993.06200000003,116997.68733333335,0.11000000000000001,14,5,2,272,8381.640400000004,3,350993.06200000003,116997.68733333335,0.11000000000000001,14,5,2,272,8381.640400000004
1690,0,8,954870.5455,119358.8181875,0.1,44,19,5,5,12450.012394736843,8,954870.5455,119358.8181875,0.1,44,19,5,5,12450.012394736843
3198,1,9,1301398.396,144599.82177777778,0.09761904761904763,63,21,5,30,14986.884095238094,9,1301398.396,144599.82177777778,0.09761904761904763,63,21,5,30,14986.884095238094
3199,0,7,855750.328,122250.04685714285,0.07857142857142858,37,19,5,174,7815.535142857143,7,855750.328,122250.04685714285,0.07857142857142858,37,19,5,174,7815.535142857143
4220,0,5,838619.4635,167723.89270000003,0.08928571428571429,38,14,5,47,14994.315250000001,5,838619.4635,167723.89270000003,0.08928571428571429,38,14,5,47,14994.315250000001
1013,0,6,429717.79850000003,71619.63308333333,0.13749999999999998,28,12,3,43,6856.600708333335,6,429717.79850000003,71619.63308333333,0.13749999999999998,28,12,3,43,6856.600708333335
893,0,6,494036.103,82339.35050000002,0.11000000000000001,33,13,5,206,8372.925533333335,6,494036.103,82339.35050000002,0.11000000000000001,33,13,5,206,8372.925533333335
1823,0,3,511242.9605,170414.32016666664,0.08333333333333333,15,6,3,275,25210.123416666665,3,511242.9605,170414.32016666664,0.08333333333333333,15,6,3,275,25210.123416666665
792,1,3,422037.11799999996,140679.03933333332,0.1125,25,12,4,448,8070.111499999996,3,422037.11799999996,140679.03933333332,0.1125,25,12,4,448,8070.111499999996
2546,0,8,1432510.3895,179063.7986875,0.11200000000000002,62,25,5,225,13240.542379999999,8,1432510.3895,179063.7986875,0.11200000000000002,62,25,5,225,13240.542379999999
1747,1,5,469114.935,93822.987,0.08636363636363636,34,11,4,134,9893.475909090908,5,469114.935,93822.987,0.08636363636363636,34,11,4,134,9893.475909090908
1051,0,5,537332.586,107466.5172,0.14166666666666666,27,12,5,217,7056.103,5,537332.586,107466.5172,0.14166666666666666,27,12,5,217,7056.103
378,1,8,1049024.0274999999,131128.00343749998,0.09772727272727272,61,22,5,158,12070.116704545451,8,1049024.0274999999,131128.00343749998,0.09772727272727272,61,22,5,158,12070.116704545451
3616,1,6,1006678.492,167779.74866666665,0.0925,50,20,5,64,14695.939600000002,6,1006678.492,167779.74866666665,0.0925,50,20,5,64,14695.939600000002
3043,0,4,245682.1705,61420.542625,0.05714285714285715,16,7,4,9,8786.324357142856,4,245682.1705,61420.542625,0.05714285714285715,16,7,4,9,8786.324357142856
2273,0,9,880700.9245,97855.65827777778,0.12173913043478261,58,23,5,250,8606.051934782608,9,880700.9245,97855.65827777778,0.12173913043478261,58,23,5,250,8606.051934782608
1854,0,7,826238.4385,118034.06264285716,0.08571428571428572,35,14,5,32,16734.653464285715,7,826238.4385,118034.06264285716,0.08571428571428572,35,14,5,32,16734.653464285715
1072,0,5,596427.986,119285.5972,0.12272727272727274,30,11,5,122,13515.863272727276,5,596427.986,119285.5972,0.12272727272727274,30,11,5,122,13515.863272727276
2364,0,8,779250.0635,97406.25793750002,0.1,44,19,5,45,7893.502289473686,8,779250.0635,97406.25793750002,0.1,44,19,5,45,7893.502289473686
4561,1,8,1179831.086,147478.88575,0.11363636363636363,61,20,5,124,12581.836181818182,8,1179831.086,147478.88575,0.11363636363636363,61,20,5,124,12581.836181818182
4067,0,6,477005.957,79500.99283333334,0.08214285714285714,31,14,5,96,8011.142642857144,6,477005.957,79500.99283333334,0.08214285714285714,31,14,5,96,8011.142642857144
3368,0,5,577134.656,115426.93119999999,0.08214285714285714,30,13,5,8,10402.710428571427,5,577134.656,115426.93119999999,0.08214285714285714,30,13,5,8,10402.710428571427
4760,1,5,478543.624,95708.7248,0.1,28,14,5,101,4882.848142857141,5,478543.624,95708.7248,0.1,28,14,5,101,4882.848142857141
775,1,3,283102.3025,94367.43416666666,0.06875,16,7,2,444,10615.767812500002,3,283102.3025,94367.43416666666,0.06875,16,7,2,444,10615.767812500002
4267,0,3,162868.69,54289.56333333333,0.15,9,6,5,243,4633.956666666666,3,162868.69,54289.56333333333,0.15,9,6,5,243,4633.956666666666
4581,1,3,216921.883,72307.29433333334,0.09166666666666667,16,6,4,223,8474.725500000002,3,216921.883,72307.29433333334,0.09166666666666667,16,6,4,223,8474.725500000002
601,0,6,1057267.852,176211.30866666665,0.09333333333333332,45,15,4,96,17341.664799999995,6,1057267.852,176211.30866666665,0.09333333333333332,45,15,4,96,17341.664799999995
598,1,4,498660.57149999996,124665.14287499999,0.09375,22,8,4,146,12986.822687499996,4,498660.57149999996,124665.14287499999,0.09375,22,8,4,146,12986.822687499996
1068,0,8,729473.524,91184.1905,0.090625,47,15,5,26,11541.458375,8,729473.524,91184.1905,0.090625,47,15,5,26,11541.458375
615,1,3,149586.243,49862.081,0.08,11,5,4,76,6215.016599999998,3,149586.243,49862.081,0.08,11,5,4,76,6215.016599999998
1629,0,4,459582.344,114895.586,0.1111111111111111,22,8,4,31,9875.78488888889,4,459582.344,114895.586,0.1111111111111111,22,8,4,31,9875.78488888889
3150,0,3,338401.309,112800.43633333333,0.14375000000000002,21,8,4,109,10639.948625,3,338401.309,112800.43633333333,0.14375000000000002,21,8,4,109,10639.948625
1894,1,5,711836.2779999999,142367.25559999997,0.11666666666666667,34,15,5,84,9144.121866666665,5,711836.2779999999,142367.25559999997,0.11666666666666667,34,15,5,84,9144.121866666665
3886,0,5,1116627.4989999998,223325.49979999996,0.06785714285714285,41,12,4,148,22349.434928571427,5,1116627.4989999998,223325.49979999996,0.06785714285714285,41,12,4,148,22349.434928571427
419,1,7,1222801.0535,174685.86478571428,0.11590909090909092,62,20,5,62,11844.536068181818,7,1222801.0535,174685.86478571428,0.11590909090909092,62,20,5,62,11844.536068181818
3155,0,10,1263474.509,126347.45090000001,0.11041666666666666,61,22,5,138,9402.864125000002,10,1263474.509,126347.45090000001,0.11041666666666666,61,22,5,138,9402.864125000002
2075,1,7,775265.61,110752.23,0.09736842105263159,51,19,5,2,11260.29947368421,7,775265.61,110752.23,0.09736842105263159,51,19,5,2,11260.29947368421
1860,0,9,652070.7835,72452.30927777778,0.10555555555555557,40,18,5,76,7387.382416666666,9,652070.7835,72452.30927777778,0.10555555555555557,40,18,5,76,7387.382416666666
1769,1,6,922205.6145,153700.93575,0.08,45,15,5,124,17293.3403,6,922205.6145,153700.93575,0.08,45,15,5,124,17293.3403
4300,1,6,723179.702,120529.95033333334,0.08235294117647059,31,17,5,332,9387.07188235294,6,723179.702,120529.95033333334,0.08235294117647059,31,17,5,332,9387.07188235294
1790,0,5,600395.3895,120079.0779,0.08333333333333333,32,12,4,35,13925.35829166667,5,600395.3895,120079.0779,0.08333333333333333,32,12,4,35,13925.35829166667
3538,0,4,370489.3675,92622.341875,0.08750000000000001,20,8,4,144,11704.9309375,4,370489.3675,92622.341875,0.08750000000000001,20,8,4,144,11704.9309375
306,0,7,913415.4335,130487.91907142858,0.1025,51,20,4,251,9690.058175000002,7,913415.4335,130487.91907142858,0.1025,51,20,4,251,9690.058175000002
4872,0,8,990765.1935,123845.6491875,0.096875,41,16,5,136,13991.231468750002,8,990765.1935,123845.6491875,0.096875,41,16,5,136,13991.231468750002
1761,0,6,1156273.1535,192712.19225,0.10333333333333333,44,15,5,30,19782.8309,6,1156273.1535,192712.19225,0.10333333333333333,44,15,5,30,19782.8309
238,0,6,583661.7964999999,97276.96608333332,0.08636363636363636,26,11,5,10,14575.096045454546,6,583661.7964999999,97276.96608333332,0.08636363636363636,26,11,5,10,14575.096045454546
900,0,5,825390.9315,165078.1863,0.07307692307692308,30,12,5,415,15716.143961538462,5,825390.9315,165078.1863,0.07307692307692308,30,12,5,415,15716.143961538462
4082,0,8,947538.472,118442.309,0.08571428571428572,49,20,5,34,11924.463428571427,8,947538.472,118442.309,0.08571428571428572,49,20,5,34,11924.463428571427
4350,0,4,423769.3895,105942.347375,0.13333333333333333,17,6,4,326,18670.854916666667,4,423769.3895,105942.347375,0.13333333333333333,17,6,4,326,18670.854916666667
4146,0,3,512206.0445,170735.34816666666,0.14500000000000002,26,10,5,126,9496.340450000003,3,512206.0445,170735.34816666666,0.14500000000000002,26,10,5,126,9496.340450000003
3468,0,3,545912.1575,181970.71916666665,0.125,24,8,3,152,17658.452187499995,3,545912.1575,181970.71916666665,0.125,24,8,3,152,17658.452187499995
4973,0,10,1382152.037,138215.2037,0.08703703703703704,73,26,5,45,12923.303962962962,10,1382152.037,138215.2037,0.08703703703703704,73,26,5,45,12923.303962962962
4860,1,6,1029535.7905,171589.29841666666,0.09000000000000001,41,15,5,44,15733.233366666665,6,1029535.7905,171589.29841666666,0.09000000000000001,41,15,5,44,15733.233366666665
2927,0,8,639937.4305,79992.1788125,0.10714285714285714,28,14,5,24,9485.920750000003,8,639937.4305,79992.1788125,0.10714285714285714,28,14,5,24,9485.920750000003
1049,1,3,383803.65650000004,127934.55216666668,0.15000000000000002,13,4,2,121,28346.926625000004,3,383803.65650000004,127934.55216666668,0.15000000000000002,13,4,2,121,28346.926625000004
1035,0,5,664115.241,132823.04820000002,0.121875,37,16,5,254,9407.1750625,5,664115.241,132823.04820000002,0.121875,37,16,5,254,9407.1750625
860,0,7,1038635.2525,148376.46464285714,0.09411764705882353,45,17,5,109,13993.184852941175,7,1038635.2525,148376.46464285714,0.09411764705882353,45,17,5,109,13993.184852941175
4221,0,7,1058303.003,151186.1432857143,0.12954545454545455,48,21,5,49,10386.27240909091,7,1058303.003,151186.1432857143,0.12954545454545455,48,21,5,49,10386.27240909091
2773,1,4,584844.939,146211.23475,0.08,25,9,4,59,10550.8049,4,584844.939,146211.23475,0.08,25,9,4,59,10550.8049
2361,0,5,768307.787,153661.5574,0.1346153846153846,43,12,5,43,9343.831307692311,5,768307.787,153661.5574,0.1346153846153846,43,12,5,43,9343.831307692311
1724,1,4,582946.774,145736.6935,0.1125,32,12,4,122,10951.052833333335,4,582946.774,145736.6935,0.1125,32,12,4,122,10951.052833333335
2173,1,3,694036.6089999999,231345.53633333332,0.1,24,9,4,599,21077.854333333336,3,694036.6089999999,231345.53633333332,0.1,24,9,4,599,21077.854333333336
245,1,4,470454.15,117613.5375,0.11818181818181818,28,10,3,149,6920.895454545455,4,470454.15,117613.5375,0.11818181818181818,28,10,3,149,6920.895454545455
1617,0,3,511849.1575,170616.38583333333,0.09285714285714286,20,7,3,292,17882.991071428572,3,511849.1575,170616.38583333333,0.09285714285714286,20,7,3,292,17882.991071428572
2756,0,3,366122.623,122040.87433333334,0.09375,22,8,4,384,8913.086625,3,366122.623,122040.87433333334,0.09375,22,8,4,384,8913.086625
3443,0,5,801470.574,160294.1148,0.10357142857142856,35,14,5,148,16137.368857142856,5,801470.574,160294.1148,0.10357142857142856,35,14,5,148,16137.368857142856
1677,1,6,534021.285,89003.5475,0.11785714285714287,28,14,5,224,5500.985357142858,6,534021.285,89003.5475,0.11785714285714287,28,14,5,224,5500.985357142858
1556,0,6,1069005.7355,178167.62258333332,0.09705882352941177,41,17,5,390,16028.755617647055,6,1069005.7355,178167.62258333332,0.09705882352941177,41,17,5,390,16028.755617647055
2237,1,2,109503.2015,54751.60075,0.0625,9,4,4,600,8946.882875,2,109503.2015,54751.60075,0.0625,9,4,4,600,8946.882875
2409,0,5,654146.4195,130829.28390000001,0.09545454545454546,31,11,4,65,16978.818136363636,5,654146.4195,130829.28390000001,0.09545454545454546,31,11,4,65,16978.818136363636
3653,1,4,446760.622,111690.1555,0.09444444444444446,24,9,5,18,9167.027999999998,4,446760.622,111690.1555,0.09444444444444446,24,9,5,18,9167.027999999998
3305,0,6,1093613.2675,182268.87791666668,0.134375,43,15,5,32,18544.29359375,6,1093613.2675,182268.87791666668,0.134375,43,15,5,32,18544.29359375
4632,0,5,407368.47949999996,81473.6959,0.10454545454545455,31,11,4,75,9041.467227272726,5,407368.47949999996,81473.6959,0.10454545454545455,31,11,4,75,9041.467227272726
1118,1,5,688046.863,137609.3726,0.10384615384615385,42,13,5,69,11948.202538461539,5,688046.863,137609.3726,0.10384615384615385,42,13,5,69,11948.202538461539
3682,1,8,1094136.5125,136767.0640625,0.1,53,19,5,20,13940.164342105263,8,1094136.5125,136767.0640625,0.1,53,19,5,20,13940.164342105263
3924,1,6,602409.808,100401.63466666666,0.1,33,15,5,7,8698.363000000001,6,602409.808,100401.63466666666,0.1,33,15,5,7,8698.363000000001
679,0,3,263992.892,87997.63066666666,0.06666666666666667,13,6,5,178,12861.395333333334,3,263992.892,87997.63066666666,0.06666666666666667,13,6,5,178,12861.395333333334
4452,0,3,373233.7615,124411.25383333334,0.10555555555555557,25,9,3,217,10516.676833333333,3,373233.7615,124411.25383333334,0.10555555555555557,25,9,3,217,10516.676833333333
391,1,4,249600.834,62400.20849999999,0.1,17,9,4,305,5778.364888888888,4,249600.834,62400.20849999999,0.1,17,9,4,305,5778.364888888888
156,0,6,726399.1315,121066.52191666666,0.11071428571428572,39,13,5,57,9049.024392857147,6,726399.1315,121066.52191666666,0.11071428571428572,39,13,5,57,9049.024392857147
678,1,4,845913.6745,211478.418625,0.08928571428571429,40,14,5,100,14465.471035714287,4,845913.6745,211478.418625,0.08928571428571429,40,14,5,100,14465.471035714287
709,0,6,578187.8365,96364.63941666666,0.10454545454545455,28,11,5,29,11546.192409090909,6,578187.8365,96364.63941666666,0.10454545454545455,28,11,5,29,11546.192409090909
924,0,8,950316.0395,118789.50493750001,0.11428571428571428,59,21,5,72,12203.8695,8,950316.0395,118789.50493750001,0.11428571428571428,59,21,5,72,12203.8695
3492,0,10,1069836.941,106983.69410000001,0.10400000000000001,69,25,5,220,9364.20084,10,1069836.941,106983.69410000001,0.10400000000000001,69,25,5,220,9364.20084
1974,1,5,635978.2289999999,127195.64579999998,0.11153846153846153,33,13,5,12,11471.889923076922,5,635978.2289999999,127195.64579999998,0.11153846153846153,33,13,5,12,11471.889923076922
2619,0,8,1374925.099,171865.637375,0.09761904761904763,55,20,5,130,17835.189000000002,8,1374925.099,171865.637375,0.09761904761904763,55,20,5,130,17835.189000000002
1448,0,6,508540.3015,84756.71691666667,0.07777777777777778,18,9,5,66,15722.370166666668,6,508540.3015,84756.71691666667,0.07777777777777778,18,9,5,66,15722.370166666668
564,0,6,640180.489,106696.74816666667,0.075,33,14,5,50,9601.48707142857,6,640180.489,106696.74816666667,0.075,33,14,5,50,9601.48707142857
2991,0,5,526584.886,105316.97720000001,0.14166666666666666,28,12,5,4,7333.039666666667,5,526584.886,105316.97720000001,0.14166666666666666,28,12,5,4,7333.039666666667
3323,0,7,661859.8404999999,94551.40578571429,0.096875,39,15,5,52,9764.62128125,7,661859.8404999999,94551.40578571429,0.096875,39,15,5,52,9764.62128125
3612,0,6,259256.6645,43209.444083333336,0.095,16,10,4,118,5136.078450000001,6,259256.6645,43209.444083333336,0.095,16,10,4,118,5136.078450000001
1835,0,5,757819.8835,151563.9767,0.1,38,18,5,44,8471.69186111111,5,757819.8835,151563.9767,0.1,38,18,5,44,8471.69186111111
4951,0,4,369332.99700000003,92333.24925000001,0.1125,14,8,4,222,13297.758375000001,4,369332.99700000003,92333.24925000001,0.1125,14,8,4,222,13297.758375000001
354,0,5,652038.6475,130407.72949999999,0.1,28,9,5,12,14289.627500000002,5,652038.6475,130407.72949999999,0.1,28,9,5,12,14289.627500000002
3021,0,7,1007289.578,143898.51114285714,0.10263157894736843,45,19,5,58,12118.93357894737,7,1007289.578,143898.51114285714,0.10263157894736843,45,19,5,58,12118.93357894737
3556,1,11,1316084.8625,119644.07840909091,0.07962962962962962,67,25,5,113,12185.33601851852,11,1316084.8625,119644.07840909091,0.07962962962962962,67,25,5,113,12185.33601851852
3018,0,7,390527.491,55789.641571428576,0.11071428571428572,26,13,5,25,5729.3315,7,390527.491,55789.641571428576,0.11071428571428572,26,13,5,25,5729.3315
4064,0,7,830922.9890000001,118703.28414285716,0.0880952380952381,50,20,5,146,9770.717095238095,7,830922.9890000001,118703.28414285716,0.0880952380952381,50,20,5,146,9770.717095238095
1640,0,4,561558.1115,140389.527875,0.11818181818181818,29,11,4,272,10034.335590909095,4,561558.1115,140389.527875,0.11818181818181818,29,11,4,272,10034.335590909095
3028,0,8,1142509.134,142813.64175,0.09761904761904763,56,21,5,17,14142.337333333335,8,1142509.134,142813.64175,0.09761904761904763,56,21,5,17,14142.337333333335
3919,0,8,994073.2995,124259.1624375,0.09999999999999999,44,18,5,122,11564.6105,8,994073.2995,124259.1624375,0.09999999999999999,44,18,5,122,11564.6105
3912,0,7,724892.2875,103556.04107142857,0.07647058823529412,42,17,5,37,9596.386911764706,7,724892.2875,103556.04107142857,0.07647058823529412,42,17,5,37,9596.386911764706
4901,1,6,748329.2475,124721.54125,0.12142857142857143,40,14,4,168,13963.108392857142,6,748329.2475,124721.54125,0.12142857142857143,40,14,4,168,13963.108392857142
67,0,5,587548.076,117509.6152,0.10833333333333334,31,12,4,115,8763.2855,5,587548.076,117509.6152,0.10833333333333334,31,12,4,115,8763.2855
2463,1,5,190654.5565,38130.9113,0.08333333333333333,17,6,2,7,3956.7627499999994,5,190654.5565,38130.9113,0.08333333333333333,17,6,2,7,3956.7627499999994
2616,0,5,467969.601,93593.92020000001,0.155,27,10,4,232,8167.884100000003,5,467969.601,93593.92020000001,0.155,27,10,4,232,8167.884100000003
1294,1,2,335908.5755,167954.28775000002,0.10714285714285714,18,7,4,225,10388.432214285713,2,335908.5755,167954.28775000002,0.10714285714285714,18,7,4,225,10388.432214285713
2102,0,5,962871.3435000001,192574.26870000002,0.09615384615384616,36,13,5,308,19580.988730769233,5,962871.3435000001,192574.26870000002,0.09615384615384616,36,13,5,308,19580.988730769233
3883,1,6,450059.9925,75009.99875,0.08333333333333333,26,12,4,60,8620.307708333332,6,450059.9925,75009.99875,0.08333333333333333,26,12,4,60,8620.307708333332
4092,0,4,598574.5865,149643.646625,0.12777777777777777,23,9,5,408,16837.770722222223,4,598574.5865,149643.646625,0.12777777777777777,23,9,5,408,16837.770722222223
1322,0,6,873633.1455,145605.52425,0.075,40,16,4,55,15935.934718749999,6,873633.1455,145605.52425,0.075,40,16,4,55,15935.934718749999
1012,0,2,265276.6435,132638.32175,0.06999999999999999,18,5,4,255,9608.214699999997,2,265276.6435,132638.32175,0.06999999999999999,18,5,4,255,9608.214699999997
2418,1,4,740011.7885,185002.947125,0.04583333333333334,32,12,4,255,18065.56570833333,4,740011.7885,185002.947125,0.04583333333333334,32,12,4,255,18065.56570833333
3205,0,7,1019866.579,145695.22557142857,0.07777777777777778,43,18,5,109,14175.361611111111,7,1019866.579,145695.22557142857,0.07777777777777778,43,18,5,109,14175.361611111111
1789,1,7,641509.1405,91644.16292857143,0.11538461538461539,31,13,5,226,11464.07619230769,7,641509.1405,91644.16292857143,0.11538461538461539,31,13,5,226,11464.07619230769
3879,1,6,323849.5895,53974.93158333333,0.09,21,10,5,260,7194.0539499999995,6,323849.5895,53974.93158333333,0.09,21,10,5,260,7194.0539499999995
702,0,6,519684.85949999996,86614.14325,0.09444444444444444,22,9,4,119,16004.87994444444,6,519684.85949999996,86614.14325,0.09444444444444444,22,9,4,119,16004.87994444444
925,1,5,798921.872,159784.3744,0.12692307692307694,33,13,5,55,16176.736307692307,5,798921.872,159784.3744,0.12692307692307694,33,13,5,55,16176.736307692307
2965,1,4,572462.255,143115.56375,0.125,31,11,4,64,11754.115416666666,4,572462.255,143115.56375,0.125,31,11,4,64,11754.115416666666
1330,0,4,298882.674,74720.6685,0.11875000000000001,21,8,4,231,7800.814250000001,4,298882.674,74720.6685,0.11875000000000001,21,8,4,231,7800.814250000001
2558,0,8,678718.401,84839.80012500001,0.08260869565217391,45,22,5,79,7803.654826086956,8,678718.401,84839.80012500001,0.08260869565217391,45,22,5,79,7803.654826086956
209,0,8,1062326.221,132790.777625,0.10454545454545455,56,21,5,260,8551.505954545455,8,1062326.221,132790.777625,0.10454545454545455,56,21,5,260,8551.505954545455
1784,0,3,482586.73600000003,160862.24533333335,0.125,20,8,4,123,11943.48825,3,482586.73600000003,160862.24533333335,0.125,20,8,4,123,11943.48825
2063,0,4,499993.65300000005,124998.41325000001,0.085,22,10,4,68,13177.377300000002,4,499993.65300000005,124998.41325000001,0.085,22,10,4,68,13177.377300000002
2023,0,7,486949.9585,69564.27978571429,0.12333333333333334,32,13,5,9,7019.7779,7,486949.9585,69564.27978571429,0.12333333333333334,32,13,5,9,7019.7779
243,0,4,458089.056,114522.264,0.08636363636363636,30,11,4,90,7321.767818181819,4,458089.056,114522.264,0.08636363636363636,30,11,4,90,7321.767818181819
599,0,2,273745.135,136872.5675,0.15,14,7,4,104,10203.210714285713,2,273745.135,136872.5675,0.15,14,7,4,104,10203.210714285713
3764,0,5,409098.257,81819.6514,0.06923076923076923,31,13,5,3,8202.196692307693,5,409098.257,81819.6514,0.06923076923076923,31,13,5,3,8202.196692307693
1903,0,5,664249.6115,132849.9223,0.10416666666666667,25,12,5,89,11752.055124999999,5,664249.6115,132849.9223,0.10416666666666667,25,12,5,89,11752.055124999999
4993,0,6,896668.309,149444.71816666666,0.09999999999999999,44,17,5,58,10619.80288235294,6,896668.309,149444.71816666666,0.09999999999999999,44,17,5,58,10619.80288235294
1948,0,5,331133.201,66226.6402,0.10555555555555557,19,9,5,0,5744.9923333333345,5,331133.201,66226.6402,0.10555555555555557,19,9,5,0,5744.9923333333345
2727,1,4,346263.68799999997,86565.922,0.1285714285714286,20,7,5,166,9737.115428571427,4,346263.68799999997,86565.922,0.1285714285714286,20,7,5,166,9737.115428571427
552,1,8,1144941.2085,143117.6510625,0.09600000000000002,58,25,5,158,10784.387139999999,8,1144941.2085,143117.6510625,0.09600000000000002,58,25,5,158,10784.387139999999
2529,0,9,864143.6225,96015.95805555554,0.0891304347826087,63,22,5,57,8051.734891304348,9,864143.6225,96015.95805555554,0.0891304347826087,63,22,5,57,8051.734891304348
4960,0,4,791806.4535000001,197951.61337500002,0.09615384615384616,33,13,5,387,13496.864884615385,4,791806.4535000001,197951.61337500002,0.09615384615384616,33,13,5,387,13496.864884615385
577,0,7,969161.5015,138451.64307142858,0.06818181818181818,53,22,5,150,10904.46825,7,969161.5015,138451.64307142858,0.06818181818181818,53,22,5,150,10904.46825
4764,0,11,670438.2705,60948.933681818184,0.10909090909090909,43,22,5,148,4930.439568181818,11,670438.2705,60948.933681818184,0.10909090909090909,43,22,5,148,4930.439568181818
154,0,3,289586.578,96528.85933333333,0.095,22,10,5,378,7529.7228000000005,3,289586.578,96528.85933333333,0.095,22,10,5,378,7529.7228000000005
195,0,5,757731.875,151546.375,0.10277777777777779,46,17,4,241,8433.3475,5,757731.875,151546.375,0.10277777777777779,46,17,4,241,8433.3475
1538,0,9,1266631.508,140736.8342222222,0.08076923076923077,67,24,5,154,10759.425307692309,9,1266631.508,140736.8342222222,0.08076923076923077,67,24,5,154,10759.425307692309
3237,1,3,77847.578,25949.19266666667,0.12,7,5,3,0,2444.8776000000003,3,77847.578,25949.19266666667,0.12,7,5,3,0,2444.8776000000003
1000,1,2,142004.9565,71002.47825,0.05833333333333334,16,6,3,236,5165.28275,2,142004.9565,71002.47825,0.05833333333333334,16,6,3,236,5165.28275
4889,0,7,1552861.061,221837.29442857145,0.1125,75,23,5,145,15156.931708333332,7,1552861.061,221837.29442857145,0.1125,75,23,5,145,15156.931708333332
521,0,4,475144.6165,118786.154125,0.08928571428571429,28,13,4,431,5934.356892857141,4,475144.6165,118786.154125,0.08928571428571429,28,13,4,431,5934.356892857141
4412,0,8,987542.1470000001,123442.76837500001,0.11666666666666667,50,21,5,122,9359.00604761905,8,987542.1470000001,123442.76837500001,0.11666666666666667,50,21,5,122,9359.00604761905
869,0,5,390269.2795,78053.8559,0.09375,17,8,5,196,8585.733687499998,5,390269.2795,78053.8559,0.09375,17,8,5,196,8585.733687499998
4781,1,3,716731.017,238910.339,0.10454545454545455,28,10,4,259,17389.99972727273,3,716731.017,238910.339,0.10454545454545455,28,10,4,259,17389.99972727273
3836,1,9,958092.2645,106454.69605555556,0.08478260869565218,57,20,5,97,9926.204108695652,9,958092.2645,106454.69605555556,0.08478260869565218,57,20,5,97,9926.204108695652
1795,1,5,673958.196,134791.6392,0.12333333333333334,36,15,5,222,8788.140399999997,5,673958.196,134791.6392,0.12333333333333334,36,15,5,222,8788.140399999997
868,0,6,753588.909,125598.15149999999,0.10714285714285714,35,13,5,27,11748.98421428571,6,753588.909,125598.15149999999,0.10714285714285714,35,13,5,27,11748.98421428571
3634,0,10,1743483.528,174348.3528,0.09310344827586207,74,28,5,6,15758.408551724138,10,1743483.528,174348.3528,0.09310344827586207,74,28,5,6,15758.408551724138
3551,0,5,830998.4305,166199.6861,0.049999999999999996,32,12,5,183,17284.825041666667,5,830998.4305,166199.6861,0.049999999999999996,32,12,5,183,17284.825041666667
2523,0,3,644933.012,214977.67066666667,0.065,31,10,4,106,18271.0402,3,644933.012,214977.67066666667,0.065,31,10,4,106,18271.0402
4321,0,8,784352.8785,98044.1098125,0.10416666666666667,37,11,5,194,10281.967375000002,8,784352.8785,98044.1098125,0.10416666666666667,37,11,5,194,10281.967375000002
2008,0,4,604441.0645,151110.266125,0.06363636363636364,27,11,5,68,13153.21859090909,4,604441.0645,151110.266125,0.06363636363636364,27,11,5,68,13153.21859090909
3799,1,8,1378063.6875,172257.9609375,0.0775,56,20,5,124,16338.645874999998,8,1378063.6875,172257.9609375,0.0775,56,20,5,124,16338.645874999998
2583,0,8,688352.04,86044.005,0.05333333333333334,36,14,5,185,10298.268666666667,8,688352.04,86044.005,0.05333333333333334,36,14,5,185,10298.268666666667
4849,1,6,673110.92,112185.15333333332,0.096875,37,15,5,50,8675.756875,6,673110.92,112185.15333333332,0.096875,37,15,5,50,8675.756875
2170,1,5,661104.1440000001,132220.82880000002,0.12916666666666668,24,12,5,107,14746.863666666666,5,661104.1440000001,132220.82880000002,0.12916666666666668,24,12,5,107,14746.863666666666
4677,0,6,813821.4384999999,135636.90641666666,0.07894736842105263,43,19,4,106,10090.48044736842,6,813821.4384999999,135636.90641666666,0.07894736842105263,43,19,4,106,10090.48044736842
1264,0,8,946888.8709999999,118361.10887499999,0.09210526315789473,40,16,5,54,13239.404263157892,8,946888.8709999999,118361.10887499999,0.09210526315789473,40,16,5,54,13239.404263157892
1499,0,2,131332.818,65666.409,0.12000000000000002,6,5,4,484,5527.969600000002,2,131332.818,65666.409,0.12000000000000002,6,5,4,484,5527.969600000002
2731,0,4,620095.8985,155023.974625,0.10909090909090909,29,11,5,325,16642.13713636364,4,620095.8985,155023.974625,0.10909090909090909,29,11,5,325,16642.13713636364
1078,0,6,947530.464,157921.744,0.09285714285714286,41,14,5,84,18511.806,6,947530.464,157921.744,0.09285714285714286,41,14,5,84,18511.806
4633,0,5,780441.085,156088.217,0.075,42,15,4,77,13662.4409375,5,780441.085,156088.217,0.075,42,15,4,77,13662.4409375
3833,1,6,927057.1805,154509.53008333335,0.0875,40,16,5,307,12317.570031250001,6,927057.1805,154509.53008333335,0.0875,40,16,5,307,12317.570031250001
2954,1,7,864305.183,123472.169,0.07222222222222223,40,18,5,122,13506.585166666664,7,864305.183,123472.169,0.07222222222222223,40,18,5,122,13506.585166666664
4953,0,5,432554.993,86510.9986,0.09,23,10,4,151,10212.1643,5,432554.993,86510.9986,0.09,23,10,4,151,10212.1643
1710,1,4,495819.224,123954.80600000001,0.1125,20,8,5,69,17248.90925,4,495819.224,123954.80600000001,0.1125,20,8,5,69,17248.90925
332,0,5,571272.1745,114254.4349,0.1125,36,16,5,26,8236.74465625,5,571272.1745,114254.4349,0.1125,36,16,5,26,8236.74465625
4309,1,5,565771.2875,113154.25749999999,0.10769230769230768,34,13,4,169,9777.820576923075,5,565771.2875,113154.25749999999,0.10769230769230768,34,13,4,169,9777.820576923075
3108,1,7,743203.287,106171.89814285714,0.0911764705882353,48,16,5,51,11074.526294117646,7,743203.287,106171.89814285714,0.0911764705882353,48,16,5,51,11074.526294117646
4237,0,5,210891.292,42178.2584,0.13125,18,8,3,125,2978.9064999999982,5,210891.292,42178.2584,0.13125,18,8,3,125,2978.9064999999982
25,1,4,722903.9595,180725.98987499997,0.07,31,10,4,33,16395.61895,4,722903.9595,180725.98987499997,0.07,31,10,4,33,16395.61895
998,1,8,874607.8765,109325.9845625,0.1,45,15,5,14,15740.120433333332,8,874607.8765,109325.9845625,0.1,45,15,5,14,15740.120433333332
3586,0,10,1590261.163,159026.1163,0.08750000000000001,73,27,5,24,14400.705107142858,10,1590261.163,159026.1163,0.08750000000000001,73,27,5,24,14400.705107142858
377,1,4,667531.07,166882.7675,0.09999999999999999,31,13,5,293,12182.335714285713,4,667531.07,166882.7675,0.09999999999999999,31,13,5,293,12182.335714285713
3680,0,6,567515.9525,94585.99208333333,0.14642857142857144,33,12,5,43,6142.119464285716,6,567515.9525,94585.99208333333,0.14642857142857144,33,12,5,43,6142.119464285716
4185,1,4,593840.9575,148460.23937499998,0.11818181818181818,35,11,4,139,11789.679772727271,4,593840.9575,148460.23937499998,0.11818181818181818,35,11,4,139,11789.679772727271
3533,0,4,354043.33999999997,88510.835,0.075,22,8,5,322,9551.6675,4,354043.33999999997,88510.835,0.075,22,8,5,322,9551.6675
3953,0,4,411664.13049999997,102916.03262499999,0.1076923076923077,29,13,5,194,6477.373115384615,4,411664.13049999997,102916.03262499999,0.1076923076923077,29,13,5,194,6477.373115384615
593,1,5,528332.9255,105666.5851,0.14166666666666666,27,11,4,107,6094.3137916666665,5,528332.9255,105666.5851,0.14166666666666666,27,11,4,107,6094.3137916666665
944,1,4,636739.765,159184.94125,0.09285714285714286,39,14,5,124,9565.970357142856,4,636739.765,159184.94125,0.09285714285714286,39,14,5,124,9565.970357142856
4755,1,7,895776.5265,127968.07521428572,0.11176470588235293,41,16,4,0,12908.102147058824,7,895776.5265,127968.07521428572,0.11176470588235293,41,16,4,0,12908.102147058824
2015,0,5,782011.382,156402.2764,0.125,36,13,5,46,14493.876571428573,5,782011.382,156402.2764,0.125,36,13,5,46,14493.876571428573
357,0,3,339297.115,113099.03833333333,0.09999999999999999,13,6,4,4,13675.005833333335,3,339297.115,113099.03833333333,0.09999999999999999,13,6,4,4,13675.005833333335
2278,0,3,355384.11950000003,118461.37316666667,0.15,11,3,2,40,13396.792375,3,355384.11950000003,118461.37316666667,0.15,11,3,2,40,13396.792375
1614,0,6,798956.255,133159.37583333332,0.08888888888888889,49,18,5,83,10423.577500000001,6,798956.255,133159.37583333332,0.08888888888888889,49,18,5,83,10423.577500000001
2663,0,5,624273.3765,124854.6753,0.1125,27,12,4,229,13532.681375000002,5,624273.3765,124854.6753,0.1125,27,12,4,229,13532.681375000002
1410,1,6,381991.00899999996,63665.16816666666,0.10416666666666667,31,12,4,4,6840.628249999998,6,381991.00899999996,63665.16816666666,0.10416666666666667,31,12,4,4,6840.628249999998
196,1,6,553343.603,92223.93383333333,0.10384615384615385,30,13,5,52,10903.424846153845,6,553343.603,92223.93383333333,0.10384615384615385,30,13,5,52,10903.424846153845
2802,1,2,193750.44800000003,96875.22400000002,0.12000000000000002,14,5,2,468,8539.665600000002,2,193750.44800000003,96875.22400000002,0.12000000000000002,14,5,2,468,8539.665600000002
3393,1,4,602274.291,150568.57275,0.125,35,13,5,146,10196.077928571429,4,602274.291,150568.57275,0.125,35,13,5,146,10196.077928571429
307,0,5,603883.9825,120776.79650000001,0.10000000000000002,28,12,5,69,9820.735208333334,5,603883.9825,120776.79650000001,0.10000000000000002,28,12,5,69,9820.735208333334
1959,1,9,659807.7955,73311.97727777778,0.07631578947368421,36,16,4,108,8886.989236842106,9,659807.7955,73311.97727777778,0.07631578947368421,36,16,4,108,8886.989236842106
1979,0,4,368197.5735,92049.393375,0.10555555555555557,24,9,4,204,6451.272611111111,4,368197.5735,92049.393375,0.10555555555555557,24,9,4,204,6451.272611111111
4374,0,4,516510.1075,129127.52687500001,0.09375,20,8,5,42,14382.597187500001,4,516510.1075,129127.52687500001,0.09375,20,8,5,42,14382.597187500001
4687,0,9,1218917.725,135435.30277777778,0.08703703703703704,60,24,5,45,10945.711296296296,9,1218917.725,135435.30277777778,0.08703703703703704,60,24,5,45,10945.711296296296
2758,0,5,919474.264,183894.8528,0.07777777777777778,42,18,4,6,12878.245777777778,5,919474.264,183894.8528,0.07777777777777778,42,18,4,6,12878.245777777778
503,0,7,758526.6065,108360.94378571429,0.1,46,19,5,306,9028.908825,7,758526.6065,108360.94378571429,0.1,46,19,5,306,9028.908825
2171,1,10,1131784.851,113178.4851,0.10250000000000001,53,19,4,68,13778.970049999998,10,1131784.851,113178.4851,0.10250000000000001,53,19,4,68,13778.970049999998
2812,0,11,1395298.002,126845.2729090909,0.11833333333333335,83,29,5,151,8658.567733333333,11,1395298.002,126845.2729090909,0.11833333333333335,83,29,5,151,8658.567733333333
1045,1,7,750982.6725,107283.23892857143,0.10294117647058823,41,17,5,186,10851.92132352941,7,750982.6725,107283.23892857143,0.10294117647058823,41,17,5,186,10851.92132352941
2087,0,6,822335.8855000001,137055.98091666665,0.09999999999999999,40,12,3,60,18030.600458333338,6,822335.8855000001,137055.98091666665,0.09999999999999999,40,12,3,60,18030.600458333338
1483,0,7,893846.41,127692.3442857143,0.0825,49,20,5,53,12152.776,7,893846.41,127692.3442857143,0.0825,49,20,5,53,12152.776
4911,0,9,1455861.3625,161762.3736111111,0.09814814814814815,66,27,5,25,11493.816759259262,9,1455861.3625,161762.3736111111,0.09814814814814815,66,27,5,25,11493.816759259262
3208,1,9,1191647.217,132405.2463333333,0.08636363636363636,54,21,5,176,12883.968954545453,9,1191647.217,132405.2463333333,0.08636363636363636,54,21,5,176,12883.968954545453
3227,0,5,626055.6375000001,125211.12749999999,0.12916666666666668,35,12,5,178,9181.858958333332,5,626055.6375000001,125211.12749999999,0.12916666666666668,35,12,5,178,9181.858958333332
3049,1,8,974846.4305,121855.8038125,0.08421052631578947,43,19,5,61,10748.155289473685,8,974846.4305,121855.8038125,0.08421052631578947,43,19,5,61,10748.155289473685
3466,0,10,1328859.7475,132885.97475,0.1125,62,24,5,181,12085.317395833334,10,1328859.7475,132885.97475,0.1125,62,24,5,181,12085.317395833334
3298,0,8,943866.923,117983.365375,0.07894736842105263,43,18,5,119,12258.472263157895,8,943866.923,117983.365375,0.07894736842105263,43,18,5,119,12258.472263157895
1506,0,2,311509.0885,155754.54425,0.15,14,6,4,245,10383.849750000003,2,311509.0885,155754.54425,0.15,14,6,4,245,10383.849750000003
1672,0,7,1073176.6985,153310.95692857142,0.084375,44,16,5,59,18550.04678125,7,1073176.6985,153310.95692857142,0.084375,44,16,5,59,18550.04678125
4661,1,5,775021.1340000001,155004.2268,0.08846153846153845,35,13,5,85,13130.594153846152,5,775021.1340000001,155004.2268,0.08846153846153845,35,13,5,85,13130.594153846152
3932,1,8,849812.293,106226.53662500001,0.10555555555555556,45,18,5,77,9720.618499999999,8,849812.293,106226.53662500001,0.10555555555555556,45,18,5,77,9720.618499999999
575,1,7,707342.319,101048.90271428572,0.0875,38,16,4,58,9542.738687500001,7,707342.319,101048.90271428572,0.0875,38,16,4,58,9542.738687500001
4466,1,6,511759.8285,85293.30475,0.1,26,10,4,146,9715.602590909091,6,511759.8285,85293.30475,0.1,26,10,4,146,9715.602590909091
1641,0,4,256644.173,64161.04325,0.10714285714285714,14,7,4,136,6672.783285714287,4,256644.173,64161.04325,0.10714285714285714,14,7,4,136,6672.783285714287
713,1,3,417810.4105,139270.13683333332,0.09444444444444446,22,8,4,251,11267.3445,3,417810.4105,139270.13683333332,0.09444444444444446,22,8,4,251,11267.3445
3500,0,8,1211379.183,151422.397875,0.07916666666666668,70,23,5,95,11459.645541666665,8,1211379.183,151422.397875,0.07916666666666668,70,23,5,95,11459.645541666665
4427,0,8,1602850.8005,200356.3500625,0.09615384615384616,72,25,5,195,14345.542326923074,8,1602850.8005,200356.3500625,0.09615384615384616,72,25,5,195,14345.542326923074
821,0,8,956017.991,119502.248875,0.1138888888888889,55,18,5,191,12029.163388888888,8,956017.991,119502.248875,0.1138888888888889,55,18,5,191,12029.163388888888
2053,1,6,707910.9595,117985.15991666667,0.06538461538461539,32,13,5,138,13905.877653846155,6,707910.9595,117985.15991666667,0.06538461538461539,32,13,5,138,13905.877653846155
4261,1,7,660385.6675,94340.80964285714,0.109375,36,15,5,2,10834.85109375,7,660385.6675,94340.80964285714,0.109375,36,15,5,2,10834.85109375
2029,0,4,577816.668,144454.167,0.09444444444444444,24,9,4,28,14036.984222222221,4,577816.668,144454.167,0.09444444444444444,24,9,4,28,14036.984222222221
3448,0,5,648426.4269999999,129685.28539999998,0.06363636363636364,30,11,4,4,15452.193363636361,5,648426.4269999999,129685.28539999998,0.06363636363636364,30,11,4,4,15452.193363636361
1293,1,3,120270.34000000001,40090.113333333335,0.15,9,4,2,352,1576.0300000000004,3,120270.34000000001,40090.113333333335,0.15,9,4,2,352,1576.0300000000004
3007,0,3,167395.12549999997,55798.37516666666,0.125,8,4,2,30,7575.516374999996,3,167395.12549999997,55798.37516666666,0.125,8,4,2,30,7575.516374999996
815,0,4,371857.242,92964.31049999999,0.1357142857142857,19,7,4,131,11627.264571428575,4,371857.242,92964.31049999999,0.1357142857142857,19,7,4,131,11627.264571428575
40,0,2,59635.592000000004,29817.796000000002,0.1,4,2,2,513,4476.226,2,59635.592000000004,29817.796000000002,0.1,4,2,2,513,4476.226
1002,1,5,867616.828,173523.3656,0.103125,44,16,5,3,10805.264874999999,5,867616.828,173523.3656,0.103125,44,16,5,3,10805.264874999999
113,0,7,858918.329,122702.61842857143,0.09473684210526316,50,18,4,13,10311.136263157894,7,858918.329,122702.61842857143,0.09473684210526316,50,18,4,13,10311.136263157894
3082,0,3,457892.199,152630.733,0.12142857142857144,20,7,4,175,13275.65985714286,3,457892.199,152630.733,0.12142857142857144,20,7,4,175,13275.65985714286
3941,0,4,661869.629,165467.40725,0.09166666666666667,24,12,5,316,15263.164916666667,4,661869.629,165467.40725,0.09166666666666667,24,12,5,316,15263.164916666667
2085,1,6,519840.978,86640.163,0.1272727272727273,26,11,5,45,10147.750727272727,6,519840.978,86640.163,0.1272727272727273,26,11,5,45,10147.750727272727
1656,1,4,575496.9155,143874.228875,0.1,26,9,5,268,14846.92172222222,4,575496.9155,143874.228875,0.1,26,9,5,268,14846.92172222222
104,1,7,526480.6335,75211.51907142857,0.11153846153846153,31,13,4,52,10626.813346153842,7,526480.6335,75211.51907142857,0.11153846153846153,31,13,4,52,10626.813346153842
1313,0,9,583773.914,64863.76822222222,0.08611111111111111,47,18,5,24,7529.805777777777,9,583773.914,64863.76822222222,0.08611111111111111,47,18,5,24,7529.805777777777
4621,0,7,786037.787,112291.11242857143,0.09761904761904763,44,20,5,167,8141.553666666667,7,786037.787,112291.11242857143,0.09761904761904763,44,20,5,167,8141.553666666667
4142,0,5,374707.3405,74941.4681,0.09,24,10,4,417,5571.384050000001,5,374707.3405,74941.4681,0.09,24,10,4,417,5571.384050000001
4898,0,4,368372.273,92093.06825,0.10625,22,8,5,129,10522.450374999999,4,368372.273,92093.06825,0.10625,22,8,5,129,10522.450374999999
3625,0,7,678304.818,96900.68828571428,0.09666666666666666,34,15,5,37,11014.435866666667,7,678304.818,96900.68828571428,0.09666666666666666,34,15,5,37,11014.435866666667
4276,1,6,338830.1015,56471.683583333324,0.13,25,10,4,156,5965.3281499999985,6,338830.1015,56471.683583333324,0.13,25,10,4,156,5965.3281499999985
2641,0,7,688906.2475,98415.17821428571,0.09333333333333334,37,15,5,46,8626.225166666667,7,688906.2475,98415.17821428571,0.09333333333333334,37,15,5,46,8626.225166666667
4488,1,8,1120050.1205,140006.2650625,0.11666666666666668,68,22,5,82,9533.03585416667,8,1120050.1205,140006.2650625,0.11666666666666668,68,22,5,82,9533.03585416667
1862,0,7,1356825.6035,193832.22907142856,0.09285714285714286,56,20,5,73,20914.489214285713,7,1356825.6035,193832.22907142856,0.09285714285714286,56,20,5,73,20914.489214285713
1292,1,5,590788.955,118157.791,0.075,30,14,4,141,8896.177500000002,5,590788.955,118157.791,0.075,30,14,4,141,8896.177500000002
4887,0,7,1173330.2635000001,167618.6090714286,0.10500000000000001,50,20,5,96,12848.973675,7,1173330.2635000001,167618.6090714286,0.10500000000000001,50,20,5,96,12848.973675
637,1,7,838601.119,119800.15985714286,0.09333333333333334,38,14,5,267,13867.2966,7,838601.119,119800.15985714286,0.09333333333333334,38,14,5,267,13867.2966
3669,0,9,1164620.16,129402.23999999999,0.11590909090909092,63,22,5,179,11327.187727272727,9,1164620.16,129402.23999999999,0.11590909090909092,63,22,5,179,11327.187727272727
2747,1,5,785620.053,157124.01059999998,0.07916666666666666,34,11,4,43,15860.634416666666,5,785620.053,157124.01059999998,0.07916666666666666,34,11,4,43,15860.634416666666
320,0,9,1093445.8135,121493.97927777778,0.1108695652173913,63,22,5,97,11912.396673913043,9,1093445.8135,121493.97927777778,0.1108695652173913,63,22,5,97,11912.396673913043
2895,1,9,1402135.386,155792.82066666667,0.08846153846153847,65,26,5,176,12092.726384615382,9,1402135.386,155792.82066666667,0.08846153846153847,65,26,5,176,12092.726384615382
4979,1,2,319404.7885,159702.39424999998,0.125,13,6,5,487,10928.073083333336,2,319404.7885,159702.39424999998,0.125,13,6,5,487,10928.073083333336
3219,1,7,1074533.999,153504.85700000002,0.115625,44,16,4,101,16322.134312500002,7,1074533.999,153504.85700000002,0.115625,44,16,4,101,16322.134312500002
855,1,4,1068000.4125,267000.103125,0.08666666666666667,41,15,5,35,19967.413500000002,4,1068000.4125,267000.103125,0.08666666666666667,41,15,5,35,19967.413500000002
3405,0,6,925918.751,154319.79183333335,0.10294117647058823,41,17,5,381,12254.836529411767,6,925918.751,154319.79183333335,0.10294117647058823,41,17,5,381,12254.836529411767
2975,0,8,1046214.548,130776.8185,0.11190476190476191,53,19,5,134,12080.498000000001,8,1046214.548,130776.8185,0.11190476190476191,53,19,5,134,12080.498000000001
899,0,7,873316.9014999999,124759.55735714287,0.06666666666666667,39,15,5,62,14207.272766666665,7,873316.9014999999,124759.55735714287,0.06666666666666667,39,15,5,62,14207.272766666665
1674,0,5,317456.54000000004,63491.308,0.06666666666666668,20,8,5,146,7615.293333333333,5,317456.54000000004,63491.308,0.06666666666666668,20,8,5,146,7615.293333333333
400,1,7,707727.0835,101103.86907142856,0.1025,47,20,5,181,8134.593174999999,7,707727.0835,101103.86907142856,0.1025,47,20,5,181,8134.593174999999
217,0,6,800219.0455,133369.84091666667,0.075,47,16,5,103,11913.256593749999,6,800219.0455,133369.84091666667,0.075,47,16,5,103,11913.256593749999
1350,0,1,2715.886,2715.886,0.15,1,1,1,224,-3.894000000000233,1,2715.886,2715.886,0.15,1,1,1,224,-3.894000000000233
362,1,4,547635.6135,136908.903375,0.11538461538461539,28,12,5,588,8003.104115384616,4,547635.6135,136908.903375,0.11538461538461539,28,12,5,588,8003.104115384616
493,0,8,988382.328,123547.791,0.09210526315789473,52,19,5,76,13020.388315789472,8,988382.328,123547.791,0.09210526315789473,52,19,5,76,13020.388315789472
3047,1,4,535284.862,133821.2155,0.07272727272727274,21,11,5,396,12997.842909090909,4,535284.862,133821.2155,0.07272727272727274,21,11,5,396,12997.842909090909
2109,0,7,794122.0144999999,113446.00207142858,0.10333333333333333,41,15,5,19,13777.0883,7,794122.0144999999,113446.00207142858,0.10333333333333333,41,15,5,19,13777.0883
4369,0,7,1027547.6295,146792.5185,0.09722222222222222,52,18,5,0,15282.696638888887,7,1027547.6295,146792.5185,0.09722222222222222,52,18,5,0,15282.696638888887
2639,0,5,845088.3125,169017.6625,0.08333333333333333,41,15,5,215,15644.126833333336,5,845088.3125,169017.6625,0.08333333333333333,41,15,5,215,15644.126833333336
3023,0,9,1335077.4415,148341.93794444445,0.10909090909090909,57,21,5,28,16585.173704545454,9,1335077.4415,148341.93794444445,0.10909090909090909,57,21,5,28,16585.173704545454
2547,0,4,512374.3295,128093.58237500001,0.11499999999999999,26,9,5,277,6350.031950000001,4,512374.3295,128093.58237500001,0.11499999999999999,26,9,5,277,6350.031950000001
4772,1,5,413729.86100000003,82745.9722,0.1,16,8,5,256,9077.835125,5,413729.86100000003,82745.9722,0.1,16,8,5,256,9077.835125
3321,0,2,163271.8325,81635.91625,0.09999999999999999,8,3,3,112,10923.7675,2,163271.8325,81635.91625,0.09999999999999999,8,3,3,112,10923.7675
3664,1,7,896546.238,128078.034,0.078125,43,15,5,22,14332.641125000002,7,896546.238,128078.034,0.078125,43,15,5,22,14332.641125000002
2712,0,5,792388.6340000001,158477.7268,0.1142857142857143,34,14,5,222,15344.138857142858,5,792388.6340000001,158477.7268,0.1142857142857143,34,14,5,222,15344.138857142858
1328,0,3,399834.61699999997,133278.20566666665,0.11666666666666667,19,9,5,299,10039.567444444443,3,399834.61699999997,133278.20566666665,0.11666666666666667,19,9,5,299,10039.567444444443
4590,0,6,657878.71,109646.45166666666,0.08750000000000001,31,12,5,154,13063.335,6,657878.71,109646.45166666666,0.08750000000000001,31,12,5,154,13063.335
1176,0,6,842709.5515000001,140451.5919166667,0.075,42,16,4,27,13917.274468750002,6,842709.5515000001,140451.5919166667,0.075,42,16,4,27,13917.274468750002
2222,0,4,411545.283,102886.32075,0.1125,22,8,4,163,8383.559125,4,411545.283,102886.32075,0.1125,22,8,4,163,8383.559125
697,1,4,484645.719,121161.42975,0.1111111111111111,26,9,4,89,12089.871,4,484645.719,121161.42975,0.1111111111111111,26,9,4,89,12089.871
3062,0,6,560885.027,93480.83783333334,0.08333333333333333,33,15,5,172,8419.116466666668,6,560885.027,93480.83783333334,0.08333333333333333,33,15,5,172,8419.116466666668
1969,0,10,1648744.8355,164874.48355,0.105,76,29,5,26,13349.985183333332,10,1648744.8355,164874.48355,0.105,76,29,5,26,13349.985183333332
910,0,2,33066.376000000004,16533.188000000002,0.13333333333333333,5,3,3,383,2706.8486666666668,2,33066.376000000004,16533.188000000002,0.13333333333333333,5,3,3,383,2706.8486666666668
2582,0,4,291789.765,72947.44125,0.07857142857142858,15,7,4,46,10414.944999999996,4,291789.765,72947.44125,0.07857142857142858,15,7,4,46,10414.944999999996
674,1,6,853259.5380000001,142209.92299999998,0.12222222222222223,38,17,5,319,10383.668222222223,6,853259.5380000001,142209.92299999998,0.12222222222222223,38,17,5,319,10383.668222222223
2433,0,7,962141.4400000001,137448.77714285714,0.08499999999999999,51,16,4,88,12875.771000000002,7,962141.4400000001,137448.77714285714,0.08499999999999999,51,16,4,88,12875.771000000002
2826,0,7,584289.0555,83469.86507142858,0.10357142857142856,30,14,5,102,7267.001821428571,7,584289.0555,83469.86507142858,0.10357142857142856,30,14,5,102,7267.001821428571
3786,0,7,966509.7634999999,138072.82335714283,0.07894736842105263,45,18,5,32,14667.129657894735,7,966509.7634999999,138072.82335714283,0.07894736842105263,45,18,5,32,14667.129657894735
4829,0,5,667563.9940000001,133512.79880000002,0.08571428571428573,32,14,5,262,7933.109571428575,5,667563.9940000001,133512.79880000002,0.08571428571428573,32,14,5,262,7933.109571428575
365,0,3,181514.1275,60504.70916666667,0.09,12,5,4,413,9984.505500000001,3,181514.1275,60504.70916666667,0.09,12,5,4,413,9984.505500000001
3962,0,7,857558.4605,122508.3515,0.10882352941176471,43,14,5,81,6744.740029411765,7,857558.4605,122508.3515,0.10882352941176471,43,14,5,81,6744.740029411765
4114,0,5,434001.2875,86800.25749999999,0.11363636363636363,24,10,5,146,7551.343409090909,5,434001.2875,86800.25749999999,0.11363636363636363,24,10,5,146,7551.343409090909
2989,0,5,326536.1845,65307.236899999996,0.12272727272727274,25,9,3,3,7043.514954545453,5,326536.1845,65307.236899999996,0.12272727272727274,25,9,3,3,7043.514954545453
116,0,5,454141.6585,90828.3317,0.06818181818181818,24,11,4,87,13210.127136363635,5,454141.6585,90828.3317,0.06818181818181818,24,11,4,87,13210.127136363635
1079,0,6,908967.583,151494.59716666667,0.08125,45,16,5,185,13759.524562500003,6,908967.583,151494.59716666667,0.08125,45,16,5,185,13759.524562500003
1679,0,7,821607.196,117372.45657142857,0.07352941176470588,45,17,5,80,11175.560352941176,7,821607.196,117372.45657142857,0.07352941176470588,45,17,5,80,11175.560352941176
1670,0,3,272088.757,90696.25233333332,0.09285714285714286,15,7,5,325,11480.361,3,272088.757,90696.25233333332,0.09285714285714286,15,7,5,325,11480.361
2854,1,5,807431.542,161486.3084,0.1,40,15,5,3,15963.883875000001,5,807431.542,161486.3084,0.1,40,15,5,3,15963.883875000001
1779,1,8,565536.1375,70692.0171875,0.11944444444444444,42,18,5,61,6498.874861111111,8,565536.1375,70692.0171875,0.11944444444444444,42,18,5,61,6498.874861111111
2798,1,5,677721.5065,135544.3013,0.11666666666666665,34,12,4,30,13980.789708333332,5,677721.5065,135544.3013,0.11666666666666665,34,12,4,30,13980.789708333332
1990,0,7,973221.277,139031.611,0.09999999999999999,47,19,5,226,11992.517210526317,7,973221.277,139031.611,0.09999999999999999,47,19,5,226,11992.517210526317
3969,1,6,634159.278,105693.21299999999,0.10909090909090909,34,11,4,252,10866.195272727275,6,634159.278,105693.21299999999,0.10909090909090909,34,11,4,252,10866.195272727275
4223,1,11,1599559.7355,145414.5214090909,0.10370370370370371,63,27,5,15,13203.739833333333,11,1599559.7355,145414.5214090909,0.10370370370370371,63,27,5,15,13203.739833333333
2960,0,2,408639.7335,204319.86675,0.0875,13,3,2,200,31213.888374999995,2,408639.7335,204319.86675,0.0875,13,3,2,200,31213.888374999995
804,0,8,803583.8034999999,100447.97543749999,0.09000000000000001,51,15,5,175,13804.171566666666,8,803583.8034999999,100447.97543749999,0.09000000000000001,51,15,5,175,13804.171566666666
3726,0,5,280581.66150000005,56116.33230000001,0.11666666666666668,25,12,5,312,4756.723458333335,5,280581.66150000005,56116.33230000001,0.11666666666666668,25,12,5,312,4756.723458333335
4119,1,5,207001.7725,41400.3545,0.1142857142857143,15,7,4,387,4527.851785714286,5,207001.7725,41400.3545,0.1142857142857143,15,7,4,387,4527.851785714286
3169,1,4,468178.0175,117044.504375,0.10500000000000001,23,10,5,12,14153.885750000001,4,468178.0175,117044.504375,0.10500000000000001,23,10,5,12,14153.885750000001
2098,0,4,406981.58,101745.395,0.12,22,10,4,31,9890.217,4,406981.58,101745.395,0.12,22,10,4,31,9890.217
4869,0,4,700240.493,175060.12325,0.11153846153846153,36,12,4,162,14636.22023076923,4,700240.493,175060.12325,0.11153846153846153,36,12,4,162,14636.22023076923
3357,1,3,519772.92350000003,173257.64116666667,0.1,21,9,5,75,11822.589277777775,3,519772.92350000003,173257.64116666667,0.1,21,9,5,75,11822.589277777775
4734,0,4,597220.2085,149305.052125,0.09090909090909091,25,11,4,2,9914.418954545454,4,597220.2085,149305.052125,0.09090909090909091,25,11,4,2,9914.418954545454
2603,1,3,582044.4435,194014.8145,0.11363636363636363,32,11,5,343,14866.24759090909,3,582044.4435,194014.8145,0.11363636363636363,32,11,5,343,14866.24759090909
411,0,4,490480.11,122620.0275,0.085,26,10,5,85,13260.859999999997,4,490480.11,122620.0275,0.085,26,10,5,85,13260.859999999997
3693,0,4,685211.7665,171302.941625,0.12692307692307694,37,13,5,447,9647.106653846153,4,685211.7665,171302.941625,0.12692307692307694,37,13,5,447,9647.106653846153
1901,0,4,629346.9845,157336.746125,0.1416666666666667,30,11,5,552,11740.765375000003,4,629346.9845,157336.746125,0.1416666666666667,30,11,5,552,11740.765375000003
4437,0,4,324305.661,81076.41525,0.095,21,10,4,175,6461.140100000002,4,324305.661,81076.41525,0.095,21,10,4,175,6461.140100000002
2460,0,7,855908.35,122272.62142857144,0.1236842105263158,43,19,5,45,7926.349999999999,7,855908.35,122272.62142857144,0.1236842105263158,43,19,5,45,7926.349999999999
1611,1,3,177726.601,59242.20033333332,0.0875,10,4,3,42,11543.907749999998,3,177726.601,59242.20033333332,0.0875,10,4,3,42,11543.907749999998
3129,0,5,709171.595,141834.319,0.11071428571428572,39,14,5,67,9665.316785714287,5,709171.595,141834.319,0.11071428571428572,39,14,5,67,9665.316785714287
2669,1,7,566853.4940000001,80979.07057142856,0.0923076923076923,32,13,5,140,7203.849538461538,7,566853.4940000001,80979.07057142856,0.0923076923076923,32,13,5,140,7203.849538461538
3679,1,5,548126.1545000001,109625.2309,0.08333333333333333,30,12,4,3,12197.792875000001,5,548126.1545000001,109625.2309,0.08333333333333333,30,12,4,3,12197.792875000001
3587,0,6,721703.253,120283.87550000001,0.08,29,10,5,7,18451.8443,6,721703.253,120283.87550000001,0.08,29,10,5,7,18451.8443
106,0,8,1113700.357,139212.544625,0.09523809523809523,56,21,5,246,14609.886999999999,8,1113700.357,139212.544625,0.09523809523809523,56,21,5,246,14609.886999999999
1456,1,3,168858.92799999999,56286.30933333333,0.03571428571428571,13,7,3,149,7571.545428571429,3,168858.92799999999,56286.30933333333,0.03571428571428571,13,7,3,149,7571.545428571429
4776,0,3,470421.8265,156807.27550000002,0.1285714285714286,22,7,4,276,19559.476642857142,3,470421.8265,156807.27550000002,0.1285714285714286,22,7,4,276,19559.476642857142
2819,0,3,209324.178,69774.72600000001,0.11666666666666665,16,6,2,16,6122.436333333334,3,209324.178,69774.72600000001,0.11666666666666665,16,6,2,16,6122.436333333334
2946,0,5,754625.4735,150925.0947,0.1423076923076923,38,13,5,232,13052.776423076923,5,754625.4735,150925.0947,0.1423076923076923,38,13,5,232,13052.776423076923
1576,0,7,826585.1015,118083.58592857144,0.07058823529411765,38,14,4,133,12500.675382352943,7,826585.1015,118083.58592857144,0.07058823529411765,38,14,4,133,12500.675382352943
4304,0,4,777294.856,194323.714,0.09444444444444446,26,9,4,78,26845.646222222225,4,777294.856,194323.714,0.09444444444444446,26,9,4,78,26845.646222222225
8,0,12,1627658.7719999999,135638.231,0.09821428571428571,76,27,5,74,12053.71257142857,12,1627658.7719999999,135638.231,0.09821428571428571,76,27,5,74,12053.71257142857
2800,0,6,450673.3405,75112.22341666666,0.06071428571428572,29,13,4,4,7754.355750000001,6,450673.3405,75112.22341666666,0.06071428571428572,29,13,4,4,7754.355750000001
2844,0,5,595576.713,119115.3426,0.061111111111111116,25,9,5,30,15918.436999999998,5,595576.713,119115.3426,0.061111111111111116,25,9,5,30,15918.436999999998
2674,1,8,930871.3935,116358.9241875,0.08947368421052633,47,19,5,31,12164.5065,8,930871.3935,116358.9241875,0.08947368421052633,47,19,5,31,12164.5065
3630,1,7,1003388.8515,143341.26450000002,0.106,56,24,5,98,9532.16886,7,1003388.8515,143341.26450000002,0.106,56,24,5,98,9532.16886
2394,1,5,686256.235,137251.24700000003,0.09615384615384616,32,13,5,271,12588.371153846154,5,686256.235,137251.24700000003,0.09615384615384616,32,13,5,271,12588.371153846154
3250,0,5,785421.3975,157084.2795,0.07666666666666666,40,14,5,66,11768.692499999997,5,785421.3975,157084.2795,0.07666666666666666,40,14,5,66,11768.692499999997
3229,0,4,433112.301,108278.07525,0.08636363636363636,23,11,4,174,9446.694636363634,4,433112.301,108278.07525,0.08636363636363636,23,11,4,174,9446.694636363634
779,0,5,742592.1395,148518.4279,0.1,35,13,5,134,13599.86073076923,5,742592.1395,148518.4279,0.1,35,13,5,134,13599.86073076923
1466,0,2,112593.57449999999,56296.787249999994,0.09,10,5,2,582,4066.7348999999995,2,112593.57449999999,56296.787249999994,0.09,10,5,2,582,4066.7348999999995
1334,0,4,326100.414,81525.1035,0.09375,21,8,5,156,5226.750500000001,4,326100.414,81525.1035,0.09375,21,8,5,156,5226.750500000001
3498,0,6,705247.2015,117541.20025,0.12692307692307694,29,13,4,55,10270.479346153847,6,705247.2015,117541.20025,0.12692307692307694,29,13,4,55,10270.479346153847
1497,0,4,423932.252,105983.063,0.06999999999999999,22,10,5,79,13673.6832,4,423932.252,105983.063,0.06999999999999999,22,10,5,79,13673.6832
3623,1,6,828750.673,138125.11216666666,0.10294117647058823,36,17,5,90,12809.640764705882,6,828750.673,138125.11216666666,0.10294117647058823,36,17,5,90,12809.640764705882
2093,1,5,705106.7935,141021.3587,0.08928571428571429,33,13,5,271,13380.229535714287,5,705106.7935,141021.3587,0.08928571428571429,33,13,5,271,13380.229535714287
48,0,9,1083957.358,120439.70644444444,0.10434782608695652,44,22,5,24,11205.095130434782,9,1083957.358,120439.70644444444,0.10434782608695652,44,22,5,24,11205.095130434782
4805,1,7,843191.3775000001,120455.91107142856,0.09473684210526316,47,19,5,133,9491.119342105263,7,843191.3775000001,120455.91107142856,0.09473684210526316,47,19,5,133,9491.119342105263
3985,1,4,590175.232,147543.80800000002,0.09,31,10,4,82,12425.2922,4,590175.232,147543.80800000002,0.09,31,10,4,82,12425.2922
4884,0,7,883030.02,126147.14571428571,0.08,53,19,5,78,11666.815,7,883030.02,126147.14571428571,0.08,53,19,5,78,11666.815
4283,0,4,644480.699,161120.17475,0.10666666666666667,31,15,5,35,9041.393266666668,4,644480.699,161120.17475,0.10666666666666667,31,15,5,35,9041.393266666668
2726,0,7,779318.82,111331.26,0.12187500000000001,41,16,5,7,13399.731874999998,7,779318.82,111331.26,0.12187500000000001,41,16,5,7,13399.731874999998
3855,0,4,451591.11549999996,112897.77887499999,0.09375,22,8,4,130,13480.756937499998,4,451591.11549999996,112897.77887499999,0.09375,22,8,4,130,13480.756937499998
81,1,4,832126.2135000001,208031.55337500002,0.1,29,9,3,124,21671.250350000006,4,832126.2135000001,208031.55337500002,0.1,29,9,3,124,21671.250350000006
3988,0,4,497196.314,124299.0785,0.07222222222222223,23,9,4,75,14683.201555555554,4,497196.314,124299.0785,0.07222222222222223,23,9,4,75,14683.201555555554
2158,0,8,816805.806,102100.72575,0.11428571428571428,48,21,5,104,9036.431714285714,8,816805.806,102100.72575,0.11428571428571428,48,21,5,104,9036.431714285714
4868,0,7,857696.0645,122528.00921428573,0.075,35,16,5,131,11978.22903125,7,857696.0645,122528.00921428573,0.075,35,16,5,131,11978.22903125
4759,1,4,465465.203,116366.30075,0.10416666666666667,29,12,4,130,9313.991916666666,4,465465.203,116366.30075,0.10416666666666667,29,12,4,130,9313.991916666666
550,0,4,434658.34099999996,108664.58524999999,0.08125,22,8,4,299,12029.067625,4,434658.34099999996,108664.58524999999,0.08125,22,8,4,299,12029.067625
2932,1,6,654776.9915,109129.49858333333,0.09999999999999999,32,12,4,165,14012.633458333332,6,654776.9915,109129.49858333333,0.09999999999999999,32,12,4,165,14012.633458333332
3730,0,3,300372.1325,100124.04416666667,0.13999999999999999,27,10,4,203,7274.3322499999995,3,300372.1325,100124.04416666667,0.13999999999999999,27,10,4,203,7274.3322499999995
4375,0,3,544265.35,181421.78333333333,0.10714285714285714,22,7,3,453,18142.982857142855,3,544265.35,181421.78333333333,0.10714285714285714,22,7,3,453,18142.982857142855
2055,0,6,404851.52749999997,67475.25458333333,0.08928571428571429,28,13,5,140,8142.4719642857135,6,404851.52749999997,67475.25458333333,0.08928571428571429,28,13,5,140,8142.4719642857135
4721,0,8,1089958.2715,136244.7839375,0.124,60,25,5,84,10045.050060000001,8,1089958.2715,136244.7839375,0.124,60,25,5,84,10045.050060000001
4555,0,5,435174.757,87034.95139999999,0.1318181818181818,22,11,5,17,7021.756999999999,5,435174.757,87034.95139999999,0.1318181818181818,22,11,5,17,7021.756999999999
2743,0,3,326966.06200000003,108988.68733333335,0.1,22,8,3,123,4666.163555555558,3,326966.06200000003,108988.68733333335,0.1,22,8,3,123,4666.163555555558
1954,0,7,988900.5260000001,141271.50371428573,0.08636363636363636,56,21,5,279,7285.9130000000005,7,988900.5260000001,141271.50371428573,0.08636363636363636,56,21,5,279,7285.9130000000005
3984,1,7,1184269.3635,169181.33764285714,0.09375,69,24,5,9,12343.976395833333,7,1184269.3635,169181.33764285714,0.09375,69,24,5,9,12343.976395833333
4909,1,6,1264182.7475,210697.12458333335,0.11764705882352941,49,17,5,439,18304.525735294115,6,1264182.7475,210697.12458333335,0.11764705882352941,49,17,5,439,18304.525735294115
1171,0,4,355655.821,88913.95525,0.13125,20,8,4,150,9963.241375000003,4,355655.821,88913.95525,0.13125,20,8,4,150,9963.241375000003
4574,0,4,358381.1885,89595.297125,0.09285714285714286,17,7,3,213,9795.198357142857,4,358381.1885,89595.297125,0.09285714285714286,17,7,3,213,9795.198357142857
1745,0,2,105637.52799999999,52818.763999999996,0.07500000000000001,6,2,1,190,13571.803999999993,2,105637.52799999999,52818.763999999996,0.07500000000000001,6,2,1,190,13571.803999999993
4666,0,2,437459.587,218729.7935,0.10714285714285714,22,7,4,657,16062.34814285714,2,437459.587,218729.7935,0.10714285714285714,22,7,4,657,16062.34814285714
3592,1,5,660621.944,132124.38880000002,0.1142857142857143,40,13,5,91,12178.361714285713,5,660621.944,132124.38880000002,0.1142857142857143,40,13,5,91,12178.361714285713
4181,0,6,770320.4245,128386.73741666666,0.07105263157894737,46,18,5,65,9046.631289473682,6,770320.4245,128386.73741666666,0.07105263157894737,46,18,5,65,9046.631289473682
176,0,8,601369.4575,75171.1821875,0.07500000000000001,53,19,5,1,5999.808977272726,8,601369.4575,75171.1821875,0.07500000000000001,53,19,5,1,5999.808977272726
4631,0,2,116171.28,58085.64,0.06666666666666667,12,3,3,308,8473.0,2,116171.28,58085.64,0.06666666666666667,12,3,3,308,8473.0
99,0,3,260376.876,86792.292,0.1375,11,4,2,128,9181.114000000003,3,260376.876,86792.292,0.1375,11,4,2,128,9181.114000000003
1838,0,2,28918.96,14459.48,0.05,8,2,2,494,3526.76,2,28918.96,14459.48,0.05,8,2,2,494,3526.76
2924,0,5,323580.7975,64716.159499999994,0.08333333333333333,19,9,3,196,7270.899722222222,5,323580.7975,64716.159499999994,0.08333333333333333,19,9,3,196,7270.899722222222
69,0,6,1367636.105,227939.35083333333,0.07857142857142858,51,21,5,60,16772.431666666664,6,1367636.105,227939.35083333333,0.07857142857142858,51,21,5,60,16772.431666666664
1038,1,5,626085.7814999999,125217.15629999999,0.09999999999999999,31,12,5,365,12845.840124999997,5,626085.7814999999,125217.15629999999,0.09999999999999999,31,12,5,365,12845.840124999997
3530,0,9,1300390.0485,144487.78316666666,0.07500000000000001,58,21,5,125,12716.509022727272,9,1300390.0485,144487.78316666666,0.07500000000000001,58,21,5,125,12716.509022727272
516,1,5,443248.20100000006,88649.64020000001,0.11818181818181818,24,11,5,26,11442.745545454547,5,443248.20100000006,88649.64020000001,0.11818181818181818,24,11,5,26,11442.745545454547
4793,1,4,504901.74199999997,126225.43549999999,0.0642857142857143,33,12,5,36,8508.918714285714,4,504901.74199999997,126225.43549999999,0.0642857142857143,33,12,5,36,8508.918714285714
4035,0,3,361877.381,120625.79366666665,0.09285714285714286,15,7,4,10,12278.678714285712,3,361877.381,120625.79366666665,0.09285714285714286,15,7,4,10,12278.678714285712
631,1,10,1117349.3215,111734.93215000001,0.12,68,25,5,4,10698.70446,10,1117349.3215,111734.93215000001,0.12,68,25,5,4,10698.70446
4925,0,6,585879.171,97646.52850000001,0.10833333333333334,43,18,5,227,6616.710055555555,6,585879.171,97646.52850000001,0.10833333333333334,43,18,5,227,6616.710055555555
4928,1,3,186065.186,62021.72866666667,0.125,13,6,4,143,7257.151000000001,3,186065.186,62021.72866666667,0.125,13,6,4,143,7257.151000000001
4439,1,4,396841.96400000004,99210.49100000001,0.1142857142857143,19,7,4,389,14233.527714285714,4,396841.96400000004,99210.49100000001,0.1142857142857143,19,7,4,389,14233.527714285714
274,0,9,1432353.0085,159150.3342777778,0.09423076923076924,71,25,5,54,14153.694942307691,9,1432353.0085,159150.3342777778,0.09423076923076924,71,25,5,54,14153.694942307691
3540,1,11,1051815.1035,95619.55486363637,0.10200000000000001,69,24,5,9,9127.424539999998,11,1051815.1035,95619.55486363637,0.10200000000000001,69,24,5,9,9127.424539999998
181,0,5,363111.507,72622.3014,0.12222222222222223,22,9,5,226,10420.08188888889,5,363111.507,72622.3014,0.12222222222222223,22,9,5,226,10420.08188888889
2116,0,5,525902.7635,105180.5527,0.11538461538461539,32,12,4,23,5996.803346153845,5,525902.7635,105180.5527,0.11538461538461539,32,12,4,23,5996.803346153845
1301,1,6,1112302.523,185383.75383333335,0.1138888888888889,51,18,5,45,12899.804055555556,6,1112302.523,185383.75383333335,0.1138888888888889,51,18,5,45,12899.804055555556
648,1,7,1023882.6035,146268.94335714285,0.10869565217391304,60,23,5,202,9916.345369565215,7,1023882.6035,146268.94335714285,0.10869565217391304,60,23,5,202,9916.345369565215
4708,0,7,973996.136,139142.30514285713,0.103125,49,16,4,17,14633.961000000001,7,973996.136,139142.30514285713,0.103125,49,16,4,17,14633.961000000001
823,0,3,400717.5115,133572.50383333335,0.061111111111111116,18,9,5,62,11175.86127777778,3,400717.5115,133572.50383333335,0.061111111111111116,18,9,5,62,11175.86127777778
3865,1,3,464340.881,154780.29366666666,0.10555555555555556,22,9,4,93,10462.343444444443,3,464340.881,154780.29366666666,0.10555555555555556,22,9,4,93,10462.343444444443
4015,0,6,479366.7425,79894.45708333334,0.125,25,12,5,32,6369.546041666667,6,479366.7425,79894.45708333334,0.125,25,12,5,32,6369.546041666667
3121,1,7,476949.3815,68135.62592857143,0.10454545454545455,29,11,3,234,11884.032863636363,7,476949.3815,68135.62592857143,0.10454545454545455,29,11,3,234,11884.032863636363
3395,0,12,1255379.8955,104614.99129166668,0.12083333333333333,63,23,5,4,12171.223562500001,12,1255379.8955,104614.99129166668,0.12083333333333333,63,23,5,4,12171.223562500001
146,0,8,937015.7564999999,117126.96956249999,0.10882352941176471,47,17,5,78,10970.159205882352,8,937015.7564999999,117126.96956249999,0.10882352941176471,47,17,5,78,10970.159205882352
1953,0,3,784340.895,261446.965,0.065,30,10,4,71,21356.9175,3,784340.895,261446.965,0.065,30,10,4,71,21356.9175
504,0,4,664938.8905,166234.722625,0.10384615384615385,29,13,5,181,11548.476192307691,4,664938.8905,166234.722625,0.10384615384615385,29,13,5,181,11548.476192307691
3837,1,5,339841.571,67968.3142,0.08636363636363636,28,11,4,89,7017.521,5,339841.571,67968.3142,0.08636363636363636,28,11,4,89,7017.521
4846,0,4,552785.181,138196.29525,0.1125,26,8,4,216,12923.037625,4,552785.181,138196.29525,0.1125,26,8,4,216,12923.037625
3141,0,7,889656.955,127093.85071428571,0.10909090909090909,53,21,5,96,9552.416136363636,7,889656.955,127093.85071428571,0.10909090909090909,53,21,5,96,9552.416136363636
3337,0,4,840066.689,210016.67225,0.09583333333333334,33,12,5,66,19359.68408333333,4,840066.689,210016.67225,0.09583333333333334,33,12,5,66,19359.68408333333
2668,1,4,341025.071,85256.26775,0.08125,22,7,3,4,11663.395125,4,341025.071,85256.26775,0.08125,22,7,3,4,11663.395125
716,0,5,613185.748,122637.1496,0.11785714285714287,37,14,5,175,8752.137000000002,5,613185.748,122637.1496,0.11785714285714287,37,14,5,175,8752.137000000002
4672,1,9,948498.3485000001,105388.70538888889,0.1131578947368421,49,18,5,31,11728.40255263158,9,948498.3485000001,105388.70538888889,0.1131578947368421,49,18,5,31,11728.40255263158
805,1,9,1047007.4484999999,116334.16094444443,0.07857142857142858,43,13,5,92,19945.099892857143,9,1047007.4484999999,116334.16094444443,0.07857142857142858,43,13,5,92,19945.099892857143
3963,0,3,375670.288,125223.42933333333,0.14,22,10,4,501,6892.0707999999995,3,375670.288,125223.42933333333,0.14,22,10,4,501,6892.0707999999995
1626,0,4,319282.6125,79820.653125,0.08888888888888889,25,9,4,266,8327.706944444444,4,319282.6125,79820.653125,0.08888888888888889,25,9,4,266,8327.706944444444
1685,1,3,618751.1425,206250.38083333333,0.05555555555555555,28,9,4,395,18846.546944444442,3,618751.1425,206250.38083333333,0.05555555555555555,28,9,4,395,18846.546944444442
3179,0,4,603936.4195000001,150984.10487500002,0.09090909090909091,25,11,4,159,16452.573590909094,4,603936.4195000001,150984.10487500002,0.09090909090909091,25,11,4,159,16452.573590909094
2165,0,10,1565986.4405,156598.64405,0.10192307692307692,72,25,5,69,16545.430403846152,10,1565986.4405,156598.64405,0.10192307692307692,72,25,5,69,16545.430403846152
4693,0,4,436135.907,109033.97675,0.1357142857142857,17,7,4,88,16315.222428571427,4,436135.907,109033.97675,0.1357142857142857,17,7,4,88,16315.222428571427
886,1,2,298467.97400000005,149233.98700000002,0.1375,10,4,2,691,13626.743500000004,2,298467.97400000005,149233.98700000002,0.1375,10,4,2,691,13626.743500000004
4927,0,4,231758.24099999998,57939.560249999995,0.07272727272727274,25,11,5,301,3862.799181818181,4,231758.24099999998,57939.560249999995,0.07272727272727274,25,11,5,301,3862.799181818181
1055,1,2,196302.262,98151.13100000001,0.06999999999999999,11,5,4,76,10900.738399999998,2,196302.262,98151.13100000001,0.06999999999999999,11,5,4,76,10900.738399999998
4465,0,8,1033881.702,129235.21275,0.1111111111111111,42,17,5,38,14594.005666666668,8,1033881.702,129235.21275,0.1111111111111111,42,17,5,38,14594.005666666668
4977,0,8,781902.991,97737.873875,0.10909090909090909,53,22,5,101,7558.882318181818,8,781902.991,97737.873875,0.10909090909090909,53,22,5,101,7558.882318181818
3582,0,4,451437.15,112859.2875,0.1388888888888889,23,9,3,179,11996.351111111111,4,451437.15,112859.2875,0.1388888888888889,23,9,3,179,11996.351111111111
1826,0,2,393412.663,196706.33149999997,0.06666666666666667,17,6,4,394,17528.227166666667,2,393412.663,196706.33149999997,0.06666666666666667,17,6,4,394,17528.227166666667
3359,1,4,537196.7335,134299.183375,0.10416666666666667,34,12,5,207,8942.591958333333,4,537196.7335,134299.183375,0.10416666666666667,34,12,5,207,8942.591958333333
4260,0,4,652916.161,163229.04025000002,0.11875000000000001,24,8,4,36,17424.030125,4,652916.161,163229.04025000002,0.11875000000000001,24,8,4,36,17424.030125
4556,0,7,747097.752,106728.25028571428,0.11428571428571428,43,21,5,15,9567.00819047619,7,747097.752,106728.25028571428,0.11428571428571428,43,21,5,15,9567.00819047619
2708,0,8,818139.8885,102267.4860625,0.11000000000000001,47,20,4,28,9385.358425000002,8,818139.8885,102267.4860625,0.11000000000000001,47,20,4,28,9385.358425000002
5,0,4,413196.54349999997,103299.13587499999,0.12,31,10,4,328,7992.220349999999,4,413196.54349999997,103299.13587499999,0.12,31,10,4,328,7992.220349999999
412,1,5,457868.4585,91573.6917,0.09545454545454546,28,11,3,14,10636.199863636364,5,457868.4585,91573.6917,0.09545454545454546,28,11,3,14,10636.199863636364
3414,0,7,762104.64,108872.09142857142,0.1025,51,19,5,173,9052.4375,7,762104.64,108872.09142857142,0.1025,51,19,5,173,9052.4375
4145,1,3,827101.711,275700.57033333334,0.12,31,10,5,167,21607.4641,3,827101.711,275700.57033333334,0.12,31,10,5,167,21607.4641
3565,0,5,1032841.4055000001,206568.2811,0.09705882352941177,51,17,5,379,13147.04679411765,5,1032841.4055000001,206568.2811,0.09705882352941177,51,17,5,379,13147.04679411765
651,0,5,577802.8275,115560.5655,0.08636363636363636,23,9,3,38,15471.48431818182,5,577802.8275,115560.5655,0.08636363636363636,23,9,3,38,15471.48431818182
2349,0,8,624332.629,78041.578625,0.09333333333333334,32,15,5,158,10396.683266666667,8,624332.629,78041.578625,0.09333333333333334,32,15,5,158,10396.683266666667
2985,0,7,484543.418,69220.48828571428,0.09375,35,16,5,2,5377.029875,7,484543.418,69220.48828571428,0.09375,35,16,5,2,5377.029875
1836,0,4,363140.18299999996,90785.04574999999,0.12222222222222223,15,9,5,309,10133.854777777777,4,363140.18299999996,90785.04574999999,0.12222222222222223,15,9,5,309,10133.854777777777
454,0,4,338397.2115,84599.302875,0.08888888888888889,21,9,4,44,10882.649055555554,4,338397.2115,84599.302875,0.08888888888888889,21,9,4,44,10882.649055555554
4127,0,4,454853.531,113713.38275,0.14500000000000002,27,10,5,496,9734.8651,4,454853.531,113713.38275,0.14500000000000002,27,10,5,496,9734.8651
2981,0,7,763339.3865,109048.48378571428,0.10333333333333333,39,14,5,34,14399.269766666665,7,763339.3865,109048.48378571428,0.10333333333333333,39,14,5,34,14399.269766666665
2878,1,4,589496.259,147374.06475,0.1125,32,12,5,2,10299.551583333334,4,589496.259,147374.06475,0.1125,32,12,5,2,10299.551583333334
2861,1,7,1298150.3059999999,185450.04371428568,0.10416666666666667,62,23,5,32,12876.18233333333,7,1298150.3059999999,185450.04371428568,0.10416666666666667,62,23,5,32,12876.18233333333
4381,0,4,305264.649,76316.16225,0.13333333333333333,25,9,4,34,5532.201,4,305264.649,76316.16225,0.13333333333333333,25,9,4,34,5532.201
3685,0,6,807729.737,134621.62283333336,0.10454545454545455,28,11,4,331,19679.429727272727,6,807729.737,134621.62283333336,0.10454545454545455,28,11,4,331,19679.429727272727
692,1,2,198629.804,99314.902,0.14285714285714285,14,7,5,420,6366.257714285714,2,198629.804,99314.902,0.14285714285714285,14,7,5,420,6366.257714285714
3234,0,6,435322.6675,72553.77791666666,0.07272727272727274,25,11,5,5,11383.0225,6,435322.6675,72553.77791666666,0.07272727272727274,25,11,5,5,11383.0225
2381,1,6,835295.6695000001,139215.9449166667,0.103125,40,15,5,69,10868.698093750001,6,835295.6695000001,139215.9449166667,0.103125,40,15,5,69,10868.698093750001
2899,1,8,950811.7725,118851.4715625,0.075,56,24,5,134,10779.9534375,8,950811.7725,118851.4715625,0.075,56,24,5,134,10779.9534375
3327,1,7,1167416.129,166773.7327142857,0.11842105263157894,52,17,5,100,12951.585736842108,7,1167416.129,166773.7327142857,0.11842105263157894,52,17,5,100,12951.585736842108
705,1,3,337021.3225,112340.44083333334,0.07857142857142858,17,7,2,173,10224.437499999998,3,337021.3225,112340.44083333334,0.07857142857142858,17,7,2,173,10224.437499999998
340,0,6,850752.8645,141792.14408333332,0.10526315789473684,45,18,5,208,9818.289184210525,6,850752.8645,141792.14408333332,0.10526315789473684,45,18,5,208,9818.289184210525
305,0,6,713294.278,118882.37966666666,0.10312500000000001,46,16,5,26,7664.359875,6,713294.278,118882.37966666666,0.10312500000000001,46,16,5,26,7664.359875
1810,1,3,544073.542,181357.84733333337,0.1111111111111111,27,9,5,304,12142.98244444445,3,544073.542,181357.84733333337,0.1111111111111111,27,9,5,304,12142.98244444445
286,0,8,1329839.8235,166229.97793750002,0.08,51,20,5,36,16629.517175,8,1329839.8235,166229.97793750002,0.08,51,20,5,36,16629.517175
4596,0,5,514375.481,102875.0962,0.10909090909090909,26,11,4,64,12604.495545454549,5,514375.481,102875.0962,0.10909090909090909,26,11,4,64,12604.495545454549
4502,0,4,814664.2715,203666.067875,0.11818181818181818,35,10,5,0,12865.243772727274,4,814664.2715,203666.067875,0.11818181818181818,35,10,5,0,12865.243772727274
1898,0,7,1109601.8205,158514.54578571426,0.11750000000000001,53,20,5,50,11960.607525,7,1109601.8205,158514.54578571426,0.11750000000000001,53,20,5,50,11960.607525
859,0,3,218645.464,72881.82133333333,0.075,15,6,3,65,8824.624000000002,3,218645.464,72881.82133333333,0.075,15,6,3,65,8824.624000000002
2342,1,4,656497.434,164124.3585,0.12307692307692308,33,13,5,15,10107.544153846151,4,656497.434,164124.3585,0.12307692307692308,33,13,5,15,10107.544153846151
4940,0,5,758251.8565,151650.3713,0.1346153846153846,32,13,5,32,12667.93742307692,5,758251.8565,151650.3713,0.1346153846153846,32,13,5,32,12667.93742307692
3894,1,5,572343.8085,114468.7617,0.10454545454545454,26,11,5,23,12479.797136363637,5,572343.8085,114468.7617,0.10454545454545454,26,11,5,23,12479.797136363637
2143,1,3,161392.488,53797.49600000001,0.13,15,5,3,235,4270.0556,3,161392.488,53797.49600000001,0.13,15,5,3,235,4270.0556
1567,0,5,406952.092,81390.41840000001,0.14375000000000002,18,8,4,26,13864.684000000001,5,406952.092,81390.41840000001,0.14375000000000002,18,8,4,26,13864.684000000001
3525,0,5,679610.8269999999,135922.1654,0.09999999999999999,31,12,5,57,15894.776416666666,5,679610.8269999999,135922.1654,0.09999999999999999,31,12,5,57,15894.776416666666
2824,1,8,784165.897,98020.737125,0.0875,45,18,5,260,10023.886350000002,8,784165.897,98020.737125,0.0875,45,18,5,260,10023.886350000002
3943,0,4,547836.002,136959.00050000002,0.13333333333333336,25,9,5,182,11971.99688888889,4,547836.002,136959.00050000002,0.13333333333333336,25,9,5,182,11971.99688888889
1684,0,6,591123.529,98520.58816666667,0.10000000000000002,29,11,5,175,9346.571583333332,6,591123.529,98520.58816666667,0.10000000000000002,29,11,5,175,9346.571583333332
4338,0,8,1096394.566,137049.32074999998,0.10238095238095238,52,20,5,65,11457.374571428572,8,1096394.566,137049.32074999998,0.10238095238095238,52,20,5,65,11457.374571428572
3355,1,3,248193.86299999998,82731.28766666666,0.15000000000000002,20,9,4,365,5051.116999999998,3,248193.86299999998,82731.28766666666,0.15000000000000002,20,9,4,365,5051.116999999998
2411,0,6,682975.7415,113829.29025,0.075,38,16,5,110,9670.38946875,6,682975.7415,113829.29025,0.075,38,16,5,110,9670.38946875
4134,0,9,996311.4355,110701.27061111112,0.09210526315789473,47,18,5,24,11684.156605263157,9,996311.4355,110701.27061111112,0.09210526315789473,47,18,5,24,11684.156605263157
4108,1,2,131330.3605,65665.18025,0.0875,7,4,3,448,7202.375124999997,2,131330.3605,65665.18025,0.0875,7,4,3,448,7202.375124999997
3688,0,3,349842.112,116614.03733333334,0.09375,20,8,5,57,10928.465250000001,3,349842.112,116614.03733333334,0.09375,20,8,5,57,10928.465250000001
2045,0,5,724585.7685,144917.1537,0.065,28,10,4,9,20224.43385,5,724585.7685,144917.1537,0.065,28,10,4,9,20224.43385
590,0,5,669220.594,133844.1188,0.09615384615384616,33,13,5,94,13265.551846153849,5,669220.594,133844.1188,0.09615384615384616,33,13,5,94,13265.551846153849
2602,0,7,726505.412,103786.48742857143,0.13125,37,16,5,41,10013.438250000003,7,726505.412,103786.48742857143,0.13125,37,16,5,41,10013.438250000003
1931,0,5,818544.095,163708.819,0.09285714285714286,37,14,5,98,14556.433214285715,5,818544.095,163708.819,0.09285714285714286,37,14,5,98,14556.433214285715
4958,0,6,463860.5445,77310.09075,0.10500000000000001,21,10,5,188,12123.38145,6,463860.5445,77310.09075,0.10500000000000001,21,10,5,188,12123.38145
2764,0,5,905474.387,181094.8774,0.09666666666666666,43,14,5,93,13600.382466666668,5,905474.387,181094.8774,0.09666666666666666,43,14,5,93,13600.382466666668
4289,1,5,844120.529,168824.1058,0.10416666666666667,36,12,5,99,15417.219083333332,5,844120.529,168824.1058,0.10416666666666667,36,12,5,99,15417.219083333332
3859,0,3,365324.511,121774.837,0.10833333333333334,14,6,5,439,16285.300166666668,3,365324.511,121774.837,0.10833333333333334,14,6,5,439,16285.300166666668
1620,0,6,1081788.511,180298.08516666666,0.08611111111111111,47,17,4,395,18088.27561111111,6,1081788.511,180298.08516666666,0.08611111111111111,47,17,4,395,18088.27561111111
4208,0,8,956118.6645000001,119514.83306250001,0.09166666666666667,44,18,5,196,11391.623583333336,8,956118.6645000001,119514.83306250001,0.09166666666666667,44,18,5,196,11391.623583333336
4883,0,3,146565.878,48855.29266666667,0.07857142857142858,16,7,5,387,6338.529714285714,3,146565.878,48855.29266666667,0.07857142857142858,16,7,5,387,6338.529714285714
2431,1,6,728442.7045,121407.11741666666,0.12941176470588237,45,16,5,210,11204.400852941177,6,728442.7045,121407.11741666666,0.12941176470588237,45,16,5,210,11204.400852941177
4474,0,5,487466.1815,97493.2363,0.07,27,10,5,129,12788.46315,5,487466.1815,97493.2363,0.07,27,10,5,129,12788.46315
3511,0,10,1433470.482,143347.04820000002,0.1,65,25,5,29,11179.756480000004,10,1433470.482,143347.04820000002,0.1,65,25,5,29,11179.756480000004
317,0,4,1317797.973,329449.49325,0.09666666666666666,47,15,5,236,23135.622199999998,4,1317797.973,329449.49325,0.09666666666666666,47,15,5,236,23135.622199999998
1581,0,7,770120.4965,110017.21378571428,0.10588235294117647,44,17,5,65,12824.588617647058,7,770120.4965,110017.21378571428,0.10588235294117647,44,17,5,65,12824.588617647058
1069,1,3,56630.437,18876.81233333333,0.09999999999999999,9,6,3,85,1892.6661666666666,3,56630.437,18876.81233333333,0.09999999999999999,9,6,3,85,1892.6661666666666
2740,0,4,316492.607,79123.15175,0.0625,15,8,5,87,6997.809625000001,4,316492.607,79123.15175,0.0625,15,8,5,87,6997.809625000001
1289,0,5,878352.9689999999,175670.5938,0.084375,39,16,5,22,14988.822437499997,5,878352.9689999999,175670.5938,0.084375,39,16,5,22,14988.822437499997
2161,0,3,550626.503,183542.16766666668,0.06999999999999999,25,10,5,652,11360.4283,3,550626.503,183542.16766666668,0.06999999999999999,25,10,5,652,11360.4283
2356,0,8,765190.5385,95648.8173125,0.11176470588235295,41,16,5,212,9731.663441176472,8,765190.5385,95648.8173125,0.11176470588235295,41,16,5,212,9731.663441176472
4041,0,7,685406.691,97915.24157142857,0.12333333333333334,33,15,5,164,8526.6234,7,685406.691,97915.24157142857,0.12333333333333334,33,15,5,164,8526.6234
4538,0,4,340831.74950000003,85207.93737500001,0.10714285714285714,19,7,3,97,8769.487071428572,4,340831.74950000003,85207.93737500001,0.10714285714285714,19,7,3,97,8769.487071428572
547,0,9,1394597.979,154955.33099999998,0.106,63,25,5,122,13268.195559999998,9,1394597.979,154955.33099999998,0.106,63,25,5,122,13268.195559999998
3602,0,6,658476.799,109746.13316666667,0.12692307692307694,38,12,4,135,8810.062230769234,6,658476.799,109746.13316666667,0.12692307692307694,38,12,4,135,8810.062230769234
758,1,5,490974.245,98194.849,0.071875,32,15,4,126,8070.442812499999,5,490974.245,98194.849,0.071875,32,15,4,126,8070.442812499999
4039,0,5,350551.516,70110.3032,0.11499999999999999,25,10,5,51,7044.218600000002,5,350551.516,70110.3032,0.11499999999999999,25,10,5,51,7044.218600000002
302,0,7,938836.5735,134119.5105,0.09444444444444446,48,18,5,274,12235.491305555555,7,938836.5735,134119.5105,0.09444444444444446,48,18,5,274,12235.491305555555
4280,1,4,450510.69,112627.67250000002,0.10833333333333334,26,12,4,41,9995.948333333336,4,450510.69,112627.67250000002,0.10833333333333334,26,12,4,41,9995.948333333336
523,0,4,425786.0835,106446.52087499999,0.06,20,10,5,227,12261.336350000001,4,425786.0835,106446.52087499999,0.06,20,10,5,227,12261.336350000001
1686,0,3,578704.276,192901.42533333332,0.08333333333333333,20,6,5,321,24222.58433333333,3,578704.276,192901.42533333332,0.08333333333333333,20,6,5,321,24222.58433333333
3576,0,5,299465.2,59893.04,0.11500000000000002,17,10,5,181,6411.0380000000005,5,299465.2,59893.04,0.11500000000000002,17,10,5,181,6411.0380000000005
4188,0,8,904679.8005,113084.9750625,0.06363636363636363,48,20,5,341,9623.74593181818,8,904679.8005,113084.9750625,0.06363636363636363,48,20,5,341,9623.74593181818
4058,0,10,1101604.9865,110160.49865000001,0.10909090909090909,57,21,5,116,10356.952113636364,10,1101604.9865,110160.49865000001,0.10909090909090909,57,21,5,116,10356.952113636364
3915,0,6,750811.5625,125135.26041666667,0.1423076923076923,35,13,5,7,7283.240192307692,6,750811.5625,125135.26041666667,0.1423076923076923,35,13,5,7,7283.240192307692
1978,0,5,815151.027,163030.2054,0.11785714285714287,39,13,5,202,11486.88907142857,5,815151.027,163030.2054,0.11785714285714287,39,13,5,202,11486.88907142857
4674,0,4,425355.446,106338.8615,0.09999999999999999,18,7,4,47,17646.64085714286,4,425355.446,106338.8615,0.09999999999999999,18,7,4,47,17646.64085714286
3124,0,5,715354.4265,143070.8853,0.09615384615384616,36,13,4,13,13918.42665384615,5,715354.4265,143070.8853,0.09615384615384616,36,13,4,13,13918.42665384615
4773,0,2,308810.1,154405.05,0.06000000000000001,10,5,5,196,20936.636,2,308810.1,154405.05,0.06000000000000001,10,5,5,196,20936.636
1553,1,7,686655.7635,98093.6805,0.09333333333333334,37,14,4,305,11769.200900000002,7,686655.7635,98093.6805,0.09333333333333334,37,14,4,305,11769.200900000002
2805,0,5,802086.8325,160417.3665,0.09666666666666666,39,15,5,93,12391.115499999998,5,802086.8325,160417.3665,0.09666666666666666,39,15,5,93,12391.115499999998
2420,1,4,323246.516,80811.629,0.1,16,9,3,282,8260.26622222222,4,323246.516,80811.629,0.1,16,9,3,282,8260.26622222222
850,0,4,597340.4045,149335.101125,0.095,23,9,5,254,13415.158449999999,4,597340.4045,149335.101125,0.095,23,9,5,254,13415.158449999999
1397,1,5,466162.0375,93232.4075,0.1,26,11,4,243,9127.577954545455,5,466162.0375,93232.4075,0.1,26,11,4,243,9127.577954545455
4291,1,3,438990.3395,146330.11316666668,0.1388888888888889,21,9,5,218,7646.902166666663,3,438990.3395,146330.11316666668,0.1388888888888889,21,9,5,218,7646.902166666663
1389,0,5,723170.449,144634.08980000002,0.1346153846153846,35,13,5,182,10021.083769230769,5,723170.449,144634.08980000002,0.1346153846153846,35,13,5,182,10021.083769230769
4226,1,5,1000473.4815,200094.6963,0.08333333333333333,44,15,4,34,17887.8381,5,1000473.4815,200094.6963,0.08333333333333333,44,15,4,34,17887.8381
2471,0,4,280981.6435,70245.410875,0.1111111111111111,21,9,4,324,6011.252611111111,4,280981.6435,70245.410875,0.1111111111111111,21,9,4,324,6011.252611111111
1011,0,4,454891.57,113722.8925,0.13333333333333333,28,9,4,442,10070.677777777779,4,454891.57,113722.8925,0.13333333333333333,28,9,4,442,10070.677777777779
3001,0,4,686788.0135,171697.003375,0.095,24,10,5,235,17298.29835,4,686788.0135,171697.003375,0.095,24,10,5,235,17298.29835
2162,0,5,498742.4855,99748.49710000001,0.08750000000000001,26,12,5,406,12411.371291666668,5,498742.4855,99748.49710000001,0.08750000000000001,26,12,5,406,12411.371291666668
1924,1,6,608585.4795,101430.91324999998,0.07083333333333333,26,12,5,0,13967.961624999998,6,608585.4795,101430.91324999998,0.07083333333333333,26,12,5,0,13967.961624999998
4043,1,2,204693.0455,102346.52275,0.075,12,6,3,752,11340.287583333333,2,204693.0455,102346.52275,0.075,12,6,3,752,11340.287583333333
4874,0,5,800095.3175,160019.0635,0.09999999999999999,35,13,5,216,11893.766964285716,5,800095.3175,160019.0635,0.09999999999999999,35,13,5,216,11893.766964285716
3979,1,5,619821.8775,123964.3755,0.07307692307692308,29,13,5,148,14007.285961538462,5,619821.8775,123964.3755,0.07307692307692308,29,13,5,148,14007.285961538462
120,1,8,1314256.186,164282.02325,0.10416666666666667,58,22,5,76,11577.44275,8,1314256.186,164282.02325,0.10416666666666667,58,22,5,76,11577.44275
1041,1,5,923327.7150000001,184665.543,0.11875000000000001,38,16,4,211,14179.105312500003,5,923327.7150000001,184665.543,0.11875000000000001,38,16,4,211,14179.105312500003
1793,0,5,608469.4255,121693.8851,0.10333333333333333,39,15,4,89,8416.999033333332,5,608469.4255,121693.8851,0.10333333333333333,39,15,4,89,8416.999033333332
809,0,5,449831.03599999996,89966.20719999999,0.08181818181818182,29,11,4,28,10469.224181818181,5,449831.03599999996,89966.20719999999,0.08181818181818182,29,11,4,28,10469.224181818181
2578,0,3,394596.8925,131532.2975,0.09166666666666667,16,6,3,68,13085.747083333334,3,394596.8925,131532.2975,0.09166666666666667,16,6,3,68,13085.747083333334
3968,1,9,988272.581,109808.06455555555,0.08823529411764706,41,17,5,142,13262.826529411763,9,988272.581,109808.06455555555,0.08823529411764706,41,17,5,142,13262.826529411763
4084,0,5,819985.303,163997.06060000003,0.08750000000000001,41,16,5,229,10087.9389375,5,819985.303,163997.06060000003,0.08750000000000001,41,16,5,229,10087.9389375
2860,1,5,603662.546,120732.5092,0.10714285714285714,32,14,3,45,11419.044714285714,5,603662.546,120732.5092,0.10714285714285714,32,14,3,45,11419.044714285714
330,0,5,588076.162,117615.23240000001,0.09999999999999999,32,12,5,275,10654.741,5,588076.162,117615.23240000001,0.09999999999999999,32,12,5,275,10654.741
3247,1,8,930500.499,116312.562375,0.1138888888888889,46,18,5,6,10475.731055555552,8,930500.499,116312.562375,0.1138888888888889,46,18,5,6,10475.731055555552
4936,0,5,560010.335,112002.06700000001,0.09166666666666667,22,12,4,18,9834.109583333335,5,560010.335,112002.06700000001,0.09166666666666667,22,12,4,18,9834.109583333335
3147,0,7,869199.432,124171.34742857142,0.140625,48,16,5,154,10158.280749999998,7,869199.432,124171.34742857142,0.140625,48,16,5,154,10158.280749999998
185,0,2,303129.659,151564.8295,0.06666666666666667,16,6,4,245,10730.851499999997,2,303129.659,151564.8295,0.06666666666666667,16,6,4,245,10730.851499999997
1329,1,4,587661.2135,146915.303375,0.10500000000000001,27,10,4,135,16407.27835,4,587661.2135,146915.303375,0.10500000000000001,27,10,4,135,16407.27835
1923,0,5,1119071.7185,223814.3437,0.08888888888888889,52,18,4,313,16543.283805555555,5,1119071.7185,223814.3437,0.08888888888888889,52,18,4,313,16543.283805555555
914,0,3,508401.67,169467.22333333336,0.08499999999999999,25,10,4,592,10691.522999999997,3,508401.67,169467.22333333336,0.08499999999999999,25,10,4,592,10691.522999999997
669,0,2,121741.11849999998,60870.55925,0.08333333333333333,5,3,2,375,11626.599499999997,2,121741.11849999998,60870.55925,0.08333333333333333,5,3,2,375,11626.599499999997
381,0,3,351908.2715,117302.75716666666,0.09166666666666667,15,6,4,245,8757.656916666663,3,351908.2715,117302.75716666666,0.09166666666666667,15,6,4,245,8757.656916666663
2312,0,11,1631443.041,148313.00372727273,0.10606060606060606,77,31,5,36,13302.408212121212,11,1631443.041,148313.00372727273,0.10606060606060606,77,31,5,36,13302.408212121212
188,0,6,775884.4205,129314.07008333334,0.07222222222222223,40,18,5,255,11380.73391666667,6,775884.4205,129314.07008333334,0.07222222222222223,40,18,5,255,11380.73391666667
2359,0,4,355823.722,88955.9305,0.08181818181818182,28,10,4,653,6006.507454545453,4,355823.722,88955.9305,0.08181818181818182,28,10,4,653,6006.507454545453
3857,0,7,1286924.7665,183846.3952142857,0.1131578947368421,55,19,5,76,14416.737184210528,7,1286924.7665,183846.3952142857,0.1131578947368421,55,19,5,76,14416.737184210528
1768,0,4,453063.6795,113265.91987499999,0.07500000000000001,18,8,4,246,16684.9049375,4,453063.6795,113265.91987499999,0.07500000000000001,18,8,4,246,16684.9049375
2888,0,6,644126.3565,107354.39275,0.1375,41,16,5,103,8880.74165625,6,644126.3565,107354.39275,0.1375,41,16,5,103,8880.74165625
323,0,7,735254.2405000001,105036.32007142858,0.09444444444444444,47,17,5,78,12373.853916666667,7,735254.2405000001,105036.32007142858,0.09444444444444444,47,17,5,78,12373.853916666667
774,1,3,424191.1555,141397.05183333333,0.14444444444444446,21,9,4,338,6819.475055555556,3,424191.1555,141397.05183333333,0.14444444444444446,21,9,4,338,6819.475055555556
3545,0,4,607378.058,151844.5145,0.13636363636363635,31,11,4,185,11208.204363636365,4,607378.058,151844.5145,0.13636363636363635,31,11,4,185,11208.204363636365
4314,0,2,305244.194,152622.097,0.09,18,5,4,327,11231.614799999996,2,305244.194,152622.097,0.09,18,5,4,327,11231.614799999996
3770,0,4,370227.8385,92556.95962499999,0.08,24,9,3,207,7805.495849999999,4,370227.8385,92556.95962499999,0.08,24,9,3,207,7805.495849999999
3739,0,6,549864.837,91644.1395,0.08333333333333333,26,12,4,80,12949.557249999998,6,549864.837,91644.1395,0.08333333333333333,26,12,4,80,12949.557249999998
2930,1,12,1042753.676,86896.13966666667,0.11818181818181818,50,21,5,33,11635.310727272727,12,1042753.676,86896.13966666667,0.11818181818181818,50,21,5,33,11635.310727272727
517,1,7,472855.637,67550.80528571429,0.1375,26,12,4,121,9769.183916666667,7,472855.637,67550.80528571429,0.1375,26,12,4,121,9769.183916666667
4647,0,10,1064983.53,106498.353,0.11333333333333333,71,28,5,61,8659.671666666667,10,1064983.53,106498.353,0.11333333333333333,71,28,5,61,8659.671666666667
1911,0,2,396686.396,198343.19799999997,0.04,11,5,2,133,22334.299199999998,2,396686.396,198343.19799999997,0.04,11,5,2,133,22334.299199999998
629,0,11,1078953.336,98086.6669090909,0.09375,55,23,5,12,11952.421916666666,11,1078953.336,98086.6669090909,0.09375,55,23,5,12,11952.421916666666
2212,1,5,742993.8405,148598.76810000002,0.11470588235294119,43,17,5,3,7137.147088235295,5,742993.8405,148598.76810000002,0.11470588235294119,43,17,5,3,7137.147088235295
254,0,4,491489.295,122872.32375,0.08,26,10,3,26,13625.2005,4,491489.295,122872.32375,0.08,26,10,3,26,13625.2005
3869,0,2,337242.6495,168621.32475,0.125,11,4,4,0,23525.799874999997,2,337242.6495,168621.32475,0.125,11,4,4,0,23525.799874999997
2138,0,3,465145.792,155048.59733333334,0.12272727272727274,27,11,5,129,11115.315636363637,3,465145.792,155048.59733333334,0.12272727272727274,27,11,5,129,11115.315636363637
949,0,7,748414.085,106916.29785714285,0.10833333333333334,27,12,4,262,17508.609583333335,7,748414.085,106916.29785714285,0.10833333333333334,27,12,4,262,17508.609583333335
2219,0,4,684141.6535,171035.413375,0.10500000000000001,30,10,5,283,18989.696350000006,4,684141.6535,171035.413375,0.10500000000000001,30,10,5,283,18989.696350000006
531,0,5,382816.0085,76563.2017,0.11000000000000001,27,10,5,171,9652.72685,5,382816.0085,76563.2017,0.11000000000000001,27,10,5,171,9652.72685
3648,1,3,286900.3145,95633.43816666666,0.09999999999999999,17,6,4,94,10211.844083333332,3,286900.3145,95633.43816666666,0.09999999999999999,17,6,4,94,10211.844083333332
4382,1,5,520794.20499999996,104158.841,0.10357142857142856,40,14,5,120,7968.8782142857135,5,520794.20499999996,104158.841,0.10357142857142856,40,14,5,120,7968.8782142857135
2850,0,3,555305.581,185101.86033333334,0.1,25,8,5,29,17232.957624999995,3,555305.581,185101.86033333334,0.1,25,8,5,29,17232.957624999995
3999,0,2,26747.162,13373.581,0.05,3,2,1,608,1531.0210000000006,2,26747.162,13373.581,0.05,3,2,1,608,1531.0210000000006
4803,1,6,678531.9375,113088.65625,0.0875,33,16,5,507,10319.232968749999,6,678531.9375,113088.65625,0.0875,33,16,5,507,10319.232968749999
1820,0,4,869031.472,217257.86800000002,0.06666666666666667,33,11,5,119,19615.461,4,869031.472,217257.86800000002,0.06666666666666667,33,11,5,119,19615.461
1058,1,6,716148.6365,119358.10608333333,0.09411764705882353,33,17,5,415,9894.916852941178,6,716148.6365,119358.10608333333,0.09411764705882353,33,17,5,415,9894.916852941178
316,0,6,676533.618,112755.603,0.1111111111111111,40,18,5,8,7278.423222222224,6,676533.618,112755.603,0.1111111111111111,40,18,5,8,7278.423222222224
1995,0,4,376633.3795,94158.344875,0.12272727272727274,24,10,5,107,9402.911772727273,4,376633.3795,94158.344875,0.12272727272727274,24,10,5,107,9402.911772727273
417,0,5,406108.198,81221.6396,0.09666666666666666,33,15,5,292,6180.547866666666,5,406108.198,81221.6396,0.09666666666666666,33,15,5,292,6180.547866666666
1845,1,5,513576.42199999996,102715.28439999999,0.11666666666666667,32,15,4,192,7843.992133333331,5,513576.42199999996,102715.28439999999,0.11666666666666667,32,15,4,192,7843.992133333331
418,0,3,424013.15499999997,141337.71833333335,0.1125,19,8,3,232,12555.340625,3,424013.15499999997,141337.71833333335,0.1125,19,8,3,232,12555.340625
3732,0,5,761089.676,152217.9352,0.1264705882352941,39,17,5,5,9354.132117647057,5,761089.676,152217.9352,0.1264705882352941,39,17,5,5,9354.132117647057
2691,1,6,1393303.6685,232217.27808333337,0.10263157894736843,52,19,5,80,19029.105184210526,6,1393303.6685,232217.27808333337,0.10263157894736843,52,19,5,80,19029.105184210526
2667,0,6,782097.6045,130349.60075,0.07142857142857142,38,14,5,142,16080.398178571428,6,782097.6045,130349.60075,0.07142857142857142,38,14,5,142,16080.398178571428
1545,0,8,778336.5935,97292.07418750001,0.10312500000000001,50,16,5,202,14154.52834375,8,778336.5935,97292.07418750001,0.10312500000000001,50,16,5,202,14154.52834375
111,0,11,1296975.503,117906.86390909091,0.1282608695652174,59,23,5,17,9475.672739130434,11,1296975.503,117906.86390909091,0.1282608695652174,59,23,5,17,9475.672739130434
555,0,7,675127.925,96446.84642857143,0.1264705882352941,43,16,5,36,6812.786764705882,7,675127.925,96446.84642857143,0.1264705882352941,43,16,5,36,6812.786764705882
1664,1,2,40918.512,20459.256,0.08333333333333333,6,3,2,749,2219.4673333333344,2,40918.512,20459.256,0.08333333333333333,6,3,2,749,2219.4673333333344
3382,0,4,281561.414,70390.3535,0.14,25,10,5,319,4455.3604,4,281561.414,70390.3535,0.14,25,10,5,319,4455.3604
2564,0,6,605189.3455,100864.89091666667,0.10666666666666667,41,13,5,103,9155.000366666667,6,605189.3455,100864.89091666667,0.10666666666666667,41,13,5,103,9155.000366666667
3503,0,4,416591.6095,104147.902375,0.15,20,7,4,160,10866.519928571432,4,416591.6095,104147.902375,0.15,20,7,4,160,10866.519928571432
962,0,7,392381.4425,56054.49178571429,0.10909090909090911,21,11,4,13,8534.0375,7,392381.4425,56054.49178571429,0.10909090909090911,21,11,4,13,8534.0375
3126,0,6,1020334.2934999999,170055.7155833333,0.09722222222222222,48,18,5,197,12781.76297222222,6,1020334.2934999999,170055.7155833333,0.09722222222222222,48,18,5,197,12781.76297222222
1870,0,5,762439.168,152487.83359999998,0.10714285714285714,37,14,5,235,13886.57414285714,5,762439.168,152487.83359999998,0.10714285714285714,37,14,5,235,13886.57414285714
1722,0,4,639367.432,159841.858,0.11666666666666668,29,12,4,380,13870.901833333335,4,639367.432,159841.858,0.11666666666666668,29,12,4,380,13870.901833333335
1190,0,5,566064.7065,113212.94130000002,0.05357142857142857,35,13,5,212,9840.239749999999,5,566064.7065,113212.94130000002,0.05357142857142857,35,13,5,212,9840.239749999999
199,0,3,515565.8295,171855.2765,0.1111111111111111,24,8,5,54,17728.27661111111,3,515565.8295,171855.2765,0.1111111111111111,24,8,5,54,17728.27661111111
1252,0,5,414325.98250000004,82865.1965,0.08125,25,8,4,80,12501.2853125,5,414325.98250000004,82865.1965,0.08125,25,8,4,80,12501.2853125
4965,0,6,661077.8755,110179.64591666666,0.078125,38,16,5,19,8691.43034375,6,661077.8755,110179.64591666666,0.078125,38,16,5,19,8691.43034375
4290,1,9,621805.348,69089.48311111111,0.08421052631578947,43,18,4,6,8681.896736842104,9,621805.348,69089.48311111111,0.08421052631578947,43,18,4,6,8681.896736842104
4578,0,4,218906.4605,54726.615125,0.075,12,6,4,311,9962.35175,4,218906.4605,54726.615125,0.075,12,6,4,311,9962.35175
2608,1,9,682012.4465,75779.16072222222,0.12608695652173912,55,22,5,7,6711.218978260869,9,682012.4465,75779.16072222222,0.12608695652173912,55,22,5,7,6711.218978260869
2354,0,5,395630.97,79126.19399999999,0.07307692307692307,30,13,4,192,5535.207692307691,5,395630.97,79126.19399999999,0.07307692307692307,30,13,4,192,5535.207692307691
4462,0,6,865780.7675,144296.79458333334,0.10294117647058823,41,17,5,129,13364.426911764705,6,865780.7675,144296.79458333334,0.10294117647058823,41,17,5,129,13364.426911764705
2074,1,6,427677.30850000004,71279.55141666667,0.10384615384615385,27,12,5,177,9109.560653846156,6,427677.30850000004,71279.55141666667,0.10384615384615385,27,12,5,177,9109.560653846156
3164,0,7,938129.9415,134018.56307142857,0.07500000000000001,44,16,5,237,15878.850093750001,7,938129.9415,134018.56307142857,0.07500000000000001,44,16,5,237,15878.850093750001
1026,0,6,944055.338,157342.55633333334,0.11764705882352941,43,17,5,21,10617.204588235294,6,944055.338,157342.55633333334,0.11764705882352941,43,17,5,21,10617.204588235294
4974,0,5,387443.472,77488.69440000001,0.12307692307692308,27,13,5,169,4864.0770769230785,5,387443.472,77488.69440000001,0.12307692307692308,27,13,5,169,4864.0770769230785
4234,1,9,1097798.6084999999,121977.62316666667,0.1108695652173913,61,22,5,87,9182.71906521739,9,1097798.6084999999,121977.62316666667,0.1108695652173913,61,22,5,87,9182.71906521739
2072,0,3,529206.677,176402.22566666667,0.10555555555555557,21,9,5,10,16815.13855555556,3,529206.677,176402.22566666667,0.10555555555555557,21,9,5,10,16815.13855555556
3506,0,7,921200.723,131600.10328571431,0.0925,40,18,5,32,11645.679650000002,7,921200.723,131600.10328571431,0.0925,40,18,5,32,11645.679650000002
2443,0,5,512025.3735,102405.0747,0.11666666666666667,25,9,4,50,11319.464833333332,5,512025.3735,102405.0747,0.11666666666666667,25,9,4,50,11319.464833333332
4360,1,5,467535.8825,93507.1765,0.09090909090909091,30,11,5,49,11255.403863636364,5,467535.8825,93507.1765,0.09090909090909091,30,11,5,49,11255.403863636364
4713,1,8,1055605.0805,131950.6350625,0.10476190476190476,62,19,5,136,12799.78430952381,8,1055605.0805,131950.6350625,0.10476190476190476,62,19,5,136,12799.78430952381
122,0,8,920151.1445,115018.8930625,0.11944444444444444,45,18,5,131,10797.826361111112,8,920151.1445,115018.8930625,0.11944444444444444,45,18,5,131,10797.826361111112
4619,1,4,96040.31,24010.077499999996,0.06,12,5,4,43,4271.537999999999,4,96040.31,24010.077499999996,0.06,12,5,4,43,4271.537999999999
3692,0,6,870521.534,145086.92233333332,0.06818181818181818,33,11,3,319,23570.287636363635,6,870521.534,145086.92233333332,0.06818181818181818,33,11,3,319,23570.287636363635
2389,0,10,933242.6089999999,93324.26090000001,0.10454545454545455,51,22,5,17,10056.344954545455,10,933242.6089999999,93324.26090000001,0.10454545454545455,51,22,5,17,10056.344954545455
1075,0,3,247602.774,82534.258,0.11000000000000001,13,5,4,109,6810.7888,3,247602.774,82534.258,0.11000000000000001,13,5,4,109,6810.7888
1475,1,7,821706.8524999999,117386.6932142857,0.09375,38,16,5,14,15327.458906249998,7,821706.8524999999,117386.6932142857,0.09375,38,16,5,14,15327.458906249998
4694,0,5,598833.6825,119766.73650000003,0.10416666666666667,32,12,5,32,12437.841875000004,5,598833.6825,119766.73650000003,0.10416666666666667,32,12,5,32,12437.841875000004
1676,0,6,712147.1925,118691.19874999998,0.07058823529411766,38,15,5,53,10039.147794117644,6,712147.1925,118691.19874999998,0.07058823529411766,38,15,5,53,10039.147794117644
2396,1,6,444710.43049999996,74118.40508333333,0.09999999999999999,28,12,5,297,5994.362541666665,6,444710.43049999996,74118.40508333333,0.09999999999999999,28,12,5,297,5994.362541666665
1340,1,7,368488.2515,52641.178785714284,0.12,31,10,4,68,6659.71115,7,368488.2515,52641.178785714284,0.12,31,10,4,68,6659.71115
4139,0,4,489186.032,122296.508,0.11363636363636363,30,11,5,365,12356.434727272725,4,489186.032,122296.508,0.11363636363636363,30,11,5,365,12356.434727272725
882,0,2,414892.807,207446.40350000001,0.1,21,7,5,417,15584.971000000001,2,414892.807,207446.40350000001,0.1,21,7,5,417,15584.971000000001
858,0,5,856456.533,171291.3066,0.08333333333333333,36,12,5,2,19797.035250000004,5,856456.533,171291.3066,0.08333333333333333,36,12,5,2,19797.035250000004
1678,1,5,728195.5135,145639.1027,0.084375,49,16,5,277,10460.37146875,5,728195.5135,145639.1027,0.084375,49,16,5,277,10460.37146875
2956,0,7,623427.794,89061.11342857142,0.07857142857142858,39,14,5,226,12346.223142857141,7,623427.794,89061.11342857142,0.07857142857142858,39,14,5,226,12346.223142857141
4613,0,7,636575.8475,90939.4067857143,0.0911764705882353,37,17,5,97,9005.959264705882,7,636575.8475,90939.4067857143,0.0911764705882353,37,17,5,97,9005.959264705882
3898,0,7,1002475.5575,143210.79392857142,0.13333333333333333,49,18,5,139,10942.89375,7,1002475.5575,143210.79392857142,0.13333333333333333,49,18,5,139,10942.89375
4031,0,3,221863.5195,73954.5065,0.06,7,5,2,552,8822.961899999998,3,221863.5195,73954.5065,0.06,7,5,2,552,8822.961899999998
2544,0,6,718554.636,119759.10600000001,0.10294117647058823,42,15,3,15,10507.546823529412,6,718554.636,119759.10600000001,0.10294117647058823,42,15,3,15,10507.546823529412
4530,0,3,250612.34,83537.44666666667,0.07857142857142858,17,7,4,19,8593.132857142857,3,250612.34,83537.44666666667,0.07857142857142858,17,7,4,19,8593.132857142857
3691,0,8,1080855.622,135106.95275,0.1,48,23,5,71,10145.417280000001,8,1080855.622,135106.95275,0.1,48,23,5,71,10145.417280000001
3344,0,2,160388.04499999998,80194.0225,0.07,9,5,4,52,9455.097000000002,2,160388.04499999998,80194.0225,0.07,9,5,4,52,9455.097000000002
1977,0,6,522632.8335,87105.47225,0.12,23,10,5,25,10325.31035,6,522632.8335,87105.47225,0.12,23,10,5,25,10325.31035
3976,1,3,284242.06000000006,94747.35333333333,0.12222222222222223,20,8,5,382,5632.126666666668,3,284242.06000000006,94747.35333333333,0.12222222222222223,20,8,5,382,5632.126666666668
4327,1,8,1445335.545,180666.943125,0.10833333333333334,62,23,5,169,13235.498124999998,8,1445335.545,180666.943125,0.10833333333333334,62,23,5,169,13235.498124999998
4948,1,4,209452.2525,52363.063125,0.09285714285714286,13,7,4,53,5555.284642857146,4,209452.2525,52363.063125,0.09285714285714286,13,7,4,53,5555.284642857146
1219,0,8,734309.4795,91788.6849375,0.11666666666666667,38,15,5,179,12691.725966666667,8,734309.4795,91788.6849375,0.11666666666666667,38,15,5,179,12691.725966666667
948,0,5,660673.989,132134.7978,0.11333333333333334,32,15,5,176,9238.653933333331,5,660673.989,132134.7978,0.11333333333333334,32,15,5,176,9238.653933333331
703,0,6,602474.8049999999,100412.46749999998,0.1,27,10,4,253,13911.9405,6,602474.8049999999,100412.46749999998,0.1,27,10,4,253,13911.9405
3123,1,5,492205.44049999997,98441.08810000001,0.08181818181818182,29,11,5,451,11461.77459090909,5,492205.44049999997,98441.08810000001,0.08181818181818182,29,11,5,451,11461.77459090909
3541,0,5,500056.83999999997,100011.36799999999,0.10454545454545454,23,11,5,20,9374.802727272723,5,500056.83999999997,100011.36799999999,0.10454545454545454,23,11,5,20,9374.802727272723
2089,0,4,819432.59,204858.1475,0.084375,51,16,4,189,14132.7575,4,819432.59,204858.1475,0.084375,51,16,4,189,14132.7575
2280,0,5,595807.8225,119161.56450000001,0.10416666666666667,28,12,4,88,13271.862708333334,5,595807.8225,119161.56450000001,0.10416666666666667,28,12,4,88,13271.862708333334
2995,0,10,1498161.209,149816.1209,0.09807692307692309,67,25,5,67,12724.547653846153,10,1498161.209,149816.1209,0.09807692307692309,67,25,5,67,12724.547653846153
824,0,8,1103562.875,137945.359375,0.10526315789473684,49,19,5,32,14368.587631578946,8,1103562.875,137945.359375,0.10526315789473684,49,19,5,32,14368.587631578946
1739,0,3,294167.8885,98055.96283333334,0.12142857142857143,17,7,4,205,9685.769785714287,3,294167.8885,98055.96283333334,0.12142857142857143,17,7,4,205,9685.769785714287
2507,0,6,1058985.798,176497.633,0.0911764705882353,46,16,5,123,15033.969294117649,6,1058985.798,176497.633,0.0911764705882353,46,16,5,123,15033.969294117649
35,0,2,423819.202,211909.60099999997,0.1,16,4,3,636,32048.850499999997,2,423819.202,211909.60099999997,0.1,16,4,3,636,32048.850499999997
4932,1,7,892504.2344999999,127500.60492857143,0.135,43,19,5,310,10109.681224999998,7,892504.2344999999,127500.60492857143,0.135,43,19,5,310,10109.681224999998
2036,1,9,1229844.883,136649.43144444443,0.08541666666666668,62,23,5,16,11773.636375,9,1229844.883,136649.43144444443,0.08541666666666668,62,23,5,16,11773.636375
3899,1,3,416120.226,138706.742,0.11363636363636363,26,11,4,550,6244.124181818182,3,416120.226,138706.742,0.11363636363636363,26,11,4,550,6244.124181818182
3118,0,7,712139.6275,101734.23250000001,0.0875,38,15,5,69,10279.70859375,7,712139.6275,101734.23250000001,0.0875,38,15,5,69,10279.70859375
3425,0,4,695371.5915,173842.897875,0.1464285714285714,31,13,4,17,8868.685821428573,4,695371.5915,173842.897875,0.1464285714285714,31,13,4,17,8868.685821428573
1622,0,3,496645.634,165548.54466666668,0.07222222222222223,29,9,5,142,13036.803777777779,3,496645.634,165548.54466666668,0.07222222222222223,29,9,5,142,13036.803777777779
3711,0,7,702977.587,100425.36957142859,0.08666666666666667,39,14,5,75,7314.7398,7,702977.587,100425.36957142859,0.08666666666666667,39,14,5,75,7314.7398
3142,0,5,675096.317,135019.2634,0.090625,38,15,5,199,9363.7435625,5,675096.317,135019.2634,0.090625,38,15,5,199,9363.7435625
4580,0,5,566037.0965,113207.4193,0.08125,36,16,4,44,7890.57978125,5,566037.0965,113207.4193,0.08125,36,16,4,44,7890.57978125
4906,0,6,600651.856,100108.64266666667,0.09375,36,16,5,338,7490.321,6,600651.856,100108.64266666667,0.09375,36,16,5,338,7490.321
3086,1,8,723387.9824999999,90423.49781249999,0.09166666666666667,43,18,5,44,8032.191805555554,8,723387.9824999999,90423.49781249999,0.09166666666666667,43,18,5,44,8032.191805555554
4189,1,5,724987.035,144997.40699999998,0.057692307692307696,31,13,5,54,17226.178846153845,5,724987.035,144997.40699999998,0.057692307692307696,31,13,5,54,17226.178846153845
4902,0,6,939040.648,156506.77466666666,0.11944444444444444,40,18,5,336,12344.464888888888,6,939040.648,156506.77466666666,0.11944444444444444,40,18,5,336,12344.464888888888
3176,1,3,272886.9495,90962.3165,0.13333333333333333,13,5,3,27,6618.069916666668,3,272886.9495,90962.3165,0.13333333333333333,13,5,3,27,6618.069916666668
4324,0,6,947300.538,157883.42299999998,0.08888888888888889,49,18,5,71,10330.735999999997,6,947300.538,157883.42299999998,0.08888888888888889,49,18,5,71,10330.735999999997
3396,0,5,477549.79650000005,95509.9593,0.13,27,10,5,145,9195.632650000001,5,477549.79650000005,95509.9593,0.13,27,10,5,145,9195.632650000001
3716,1,4,424292.6105,106073.15262499999,0.08181818181818182,18,10,4,193,10893.76277272727,4,424292.6105,106073.15262499999,0.08181818181818182,18,10,4,193,10893.76277272727
1482,0,7,666956.311,95279.473,0.1076923076923077,30,12,5,68,10881.632384615386,7,666956.311,95279.473,0.1076923076923077,30,12,5,68,10881.632384615386
4451,1,3,159976.4265,53325.4755,0.1,10,5,3,637,5519.135300000001,3,159976.4265,53325.4755,0.1,10,5,3,637,5519.135300000001
224,1,3,629682.13,209894.04333333333,0.10555555555555556,24,9,5,520,13640.08555555556,3,629682.13,209894.04333333333,0.10555555555555556,24,9,5,520,13640.08555555556
2976,0,5,564393.0645,112878.6129,0.125,29,14,4,9,9964.422464285715,5,564393.0645,112878.6129,0.125,29,14,4,9,9964.422464285715
1938,0,8,798138.236,99767.2795,0.11000000000000001,45,19,5,122,6960.764799999999,8,798138.236,99767.2795,0.11000000000000001,45,19,5,122,6960.764799999999
1813,0,9,1072881.475,119209.05277777779,0.07708333333333334,56,23,5,9,12635.910208333333,9,1072881.475,119209.05277777779,0.07708333333333334,56,23,5,9,12635.910208333333
2196,0,6,1059836.0695,176639.34491666665,0.1,51,18,5,75,12405.884972222222,6,1059836.0695,176639.34491666665,0.1,51,18,5,75,12405.884972222222
778,1,3,585439.5750000001,195146.525,0.07222222222222223,20,9,4,108,18539.506111111114,3,585439.5750000001,195146.525,0.07222222222222223,20,9,4,108,18539.506111111114
3740,1,8,704483.1155,88060.3894375,0.10666666666666667,45,14,5,8,10785.5817,8,704483.1155,88060.3894375,0.10666666666666667,45,14,5,8,10785.5817
172,1,5,825189.348,165037.8696,0.08666666666666667,42,15,5,132,12673.490533333334,5,825189.348,165037.8696,0.08666666666666667,42,15,5,132,12673.490533333334
1863,0,6,969732.53,161622.08833333335,0.125,52,19,5,59,10001.0575,6,969732.53,161622.08833333335,0.125,52,19,5,59,10001.0575
312,0,6,562476.356,93746.05933333334,0.095,27,10,4,89,16392.155600000006,6,562476.356,93746.05933333334,0.095,27,10,4,89,16392.155600000006
3621,0,6,626086.307,104347.71783333334,0.06363636363636363,33,11,5,117,15953.274272727273,6,626086.307,104347.71783333334,0.06363636363636363,33,11,5,117,15953.274272727273
2086,0,9,790910.0125,87878.89027777777,0.10208333333333335,53,23,5,302,6072.391770833333,9,790910.0125,87878.89027777777,0.10208333333333335,53,23,5,302,6072.391770833333
1390,1,3,305703.17,101901.05666666664,0.1,15,8,5,156,7497.726249999998,3,305703.17,101901.05666666664,0.1,15,8,5,156,7497.726249999998
2505,0,10,731240.6665,73124.06665000001,0.09736842105263159,37,19,5,2,10490.73507894737,10,731240.6665,73124.06665000001,0.09736842105263159,37,19,5,2,10490.73507894737
1521,0,1,75533.52900000001,75533.52900000001,0.16666666666666666,5,3,2,38,3497.9096666666683,1,75533.52900000001,75533.52900000001,0.16666666666666666,5,3,2,38,3497.9096666666683
350,0,2,83479.57800000001,41739.789000000004,0.11666666666666665,4,3,2,34,5238.4393333333355,2,83479.57800000001,41739.789000000004,0.11666666666666665,4,3,2,34,5238.4393333333355
1372,0,7,1221536.17,174505.16714285713,0.12142857142857141,53,20,5,261,11663.389999999998,7,1221536.17,174505.16714285713,0.12142857142857141,53,20,5,261,11663.389999999998
3352,0,3,264207.90249999997,88069.30083333333,0.1,21,10,4,46,7049.01425,3,264207.90249999997,88069.30083333333,0.1,21,10,4,46,7049.01425
1890,0,4,461978.9395,115494.734875,0.12222222222222223,19,9,5,224,8123.772166666666,4,461978.9395,115494.734875,0.12222222222222223,19,9,5,224,8123.772166666666
1785,0,4,744385.9505,186096.487625,0.1,36,14,5,18,11392.558607142859,4,744385.9505,186096.487625,0.1,36,14,5,18,11392.558607142859
1019,1,6,1068921.284,178153.54733333332,0.07777777777777778,48,18,5,57,14142.949111111111,6,1068921.284,178153.54733333332,0.07777777777777778,48,18,5,57,14142.949111111111
3297,0,5,530119.708,106023.94159999999,0.1,28,11,5,89,10029.225272727272,5,530119.708,106023.94159999999,0.1,28,11,5,89,10029.225272727272
4155,0,4,460146.74600000004,115036.68650000001,0.08181818181818182,27,11,5,103,8853.966,4,460146.74600000004,115036.68650000001,0.08181818181818182,27,11,5,103,8853.966
3748,0,8,1047873.497,130984.187125,0.10714285714285714,49,21,5,139,10620.697,8,1047873.497,130984.187125,0.10714285714285714,49,21,5,139,10620.697
3993,0,8,763256.61,95407.07625,0.10882352941176471,42,15,5,161,12279.86882352941,8,763256.61,95407.07625,0.10882352941176471,42,15,5,161,12279.86882352941
421,0,6,759028.029,126504.6715,0.11071428571428572,38,14,5,37,10664.817785714285,6,759028.029,126504.6715,0.11071428571428572,38,14,5,37,10664.817785714285
722,1,2,245120.6435,122560.32175,0.12142857142857144,18,7,3,22,8123.443357142859,2,245120.6435,122560.32175,0.12142857142857144,18,7,3,22,8123.443357142859
4557,0,5,539877.1565,107975.43129999998,0.06818181818181818,34,11,5,38,9993.726045454545,5,539877.1565,107975.43129999998,0.06818181818181818,34,11,5,38,9993.726045454545
4863,1,2,38176.9605,19088.48025,0.11666666666666665,4,3,2,228,3001.266833333333,2,38176.9605,19088.48025,0.11666666666666665,4,3,2,228,3001.266833333333
4025,0,3,89758.4755,29919.491833333333,0.1125,6,4,3,59,5344.2588749999995,3,89758.4755,29919.491833333333,0.1125,6,4,3,59,5344.2588749999995
4128,0,6,1269999.9495,211666.65825,0.10277777777777779,51,18,5,16,15007.532194444444,6,1269999.9495,211666.65825,0.10277777777777779,51,18,5,16,15007.532194444444
208,0,4,445413.4665,111353.36662500001,0.1142857142857143,16,7,5,25,16488.4195,4,445413.4665,111353.36662500001,0.1142857142857143,16,7,5,25,16488.4195
3412,0,4,587773.454,146943.3635,0.12777777777777777,24,9,4,71,12618.21488888889,4,587773.454,146943.3635,0.12777777777777777,24,9,4,71,12618.21488888889
2266,0,6,648124.8145,108020.80241666666,0.11666666666666668,34,12,4,182,11942.447874999998,6,648124.8145,108020.80241666666,0.11666666666666668,34,12,4,182,11942.447874999998
4435,0,5,545539.9395,109107.9879,0.09999999999999999,24,11,3,3,14630.799125,5,545539.9395,109107.9879,0.09999999999999999,24,11,3,3,14630.799125
1495,0,3,478319.13,159439.71000000002,0.1277777777777778,19,9,4,157,8835.381111111112,3,478319.13,159439.71000000002,0.1277777777777778,19,9,4,157,8835.381111111112
4497,0,3,502468.3855,167489.46183333333,0.10500000000000001,29,10,4,677,11138.02455,3,502468.3855,167489.46183333333,0.10500000000000001,29,10,4,677,11138.02455
1925,0,5,507645.013,101529.0026,0.11153846153846153,26,13,5,615,10945.398692307692,5,507645.013,101529.0026,0.11153846153846153,26,13,5,615,10945.398692307692
4059,0,11,1260545.494,114595.04490909091,0.11923076923076924,60,26,5,12,9364.252846153846,11,1260545.494,114595.04490909091,0.11923076923076924,60,26,5,12,9364.252846153846
3316,0,10,1101641.9045000002,110164.19045,0.13611111111111113,54,18,5,45,13411.168583333338,10,1101641.9045000002,110164.19045,0.13611111111111113,54,18,5,45,13411.168583333338
2809,0,5,357100.2735,71420.05470000001,0.09,19,10,5,235,7267.453349999999,5,357100.2735,71420.05470000001,0.09,19,10,5,235,7267.453349999999
2403,0,5,590134.5615,118026.91230000001,0.12692307692307692,32,13,5,279,10772.650115384615,5,590134.5615,118026.91230000001,0.12692307692307692,32,13,5,279,10772.650115384615
3754,0,3,268786.99,89595.66333333333,0.09999999999999999,13,7,4,196,8290.774285714284,3,268786.99,89595.66333333333,0.09999999999999999,13,7,4,196,8290.774285714284
1593,0,6,877494.4130000001,146249.06883333332,0.1,45,18,5,119,10967.966833333336,6,877494.4130000001,146249.06883333332,0.1,45,18,5,119,10967.966833333336
3820,0,8,726317.513,90789.689125,0.08529411764705883,43,17,5,156,10985.506647058823,8,726317.513,90789.689125,0.08529411764705883,43,17,5,156,10985.506647058823
3433,1,2,154336.52,77168.26,0.1625,9,4,3,420,3281.1525,2,154336.52,77168.26,0.1625,9,4,3,420,3281.1525
464,0,8,727898.2585,90987.2823125,0.07105263157894737,40,19,5,201,10100.463078947369,8,727898.2585,90987.2823125,0.07105263157894737,40,19,5,201,10100.463078947369
1935,0,9,1014301.4735,112700.16372222222,0.09047619047619047,50,21,5,43,10730.695404761904,9,1014301.4735,112700.16372222222,0.09047619047619047,50,21,5,43,10730.695404761904
652,1,6,749203.8665,124867.31108333333,0.07352941176470588,40,16,4,13,9389.105088235296,6,749203.8665,124867.31108333333,0.07352941176470588,40,16,4,13,9389.105088235296
3473,0,5,319747.90499999997,63949.581000000006,0.075,21,10,4,212,9583.0975,5,319747.90499999997,63949.581000000006,0.075,21,10,4,212,9583.0975
4785,0,4,574328.0615000001,143582.01537500002,0.08,28,10,4,418,9405.91715,4,574328.0615000001,143582.01537500002,0.08,28,10,4,418,9405.91715
2968,0,5,303877.344,60775.468799999995,0.10625,17,8,4,37,10282.84675,5,303877.344,60775.468799999995,0.10625,17,8,4,37,10282.84675
4587,1,4,445881.034,111470.2585,0.08125,16,8,4,114,14327.858,4,445881.034,111470.2585,0.08125,16,8,4,114,14327.858
3917,0,7,1146927.2955,163846.7565,0.11944444444444444,45,17,5,29,13881.993083333333,7,1146927.2955,163846.7565,0.11944444444444444,45,17,5,29,13881.993083333333
3308,0,4,416048.05199999997,104012.013,0.1,14,8,3,400,13736.082749999998,4,416048.05199999997,104012.013,0.1,14,8,3,400,13736.082749999998
1167,0,5,513724.03150000004,102744.80630000001,0.10666666666666667,32,15,5,37,6628.224766666667,5,513724.03150000004,102744.80630000001,0.10666666666666667,32,15,5,37,6628.224766666667
3249,0,5,518402.46499999997,103680.49299999999,0.0875,23,8,5,126,18445.896875,5,518402.46499999997,103680.49299999999,0.0875,23,8,5,126,18445.896875
4614,0,7,819524.1705,117074.8815,0.1075,45,20,5,187,10753.780024999998,7,819524.1705,117074.8815,0.1075,45,20,5,187,10753.780024999998
2912,1,8,1063398.2635,132924.7829375,0.09782608695652174,55,23,5,17,10358.080152173912,8,1063398.2635,132924.7829375,0.09782608695652174,55,23,5,17,10358.080152173912
1388,1,6,670822.2,111803.7,0.10714285714285714,30,14,5,79,12922.782857142854,6,670822.2,111803.7,0.10714285714285714,30,14,5,79,12922.782857142854
3737,0,4,531853.3099999999,132963.3275,0.07692307692307693,32,13,5,58,9011.056923076923,4,531853.3099999999,132963.3275,0.07692307692307693,32,13,5,58,9011.056923076923
688,0,8,1074559.9139999999,134319.98924999998,0.084375,35,15,4,28,18449.118999999995,8,1074559.9139999999,134319.98924999998,0.084375,35,15,4,28,18449.118999999995
3027,0,4,510872.4295,127718.107375,0.11666666666666667,22,8,2,135,10118.316611111113,4,510872.4295,127718.107375,0.11666666666666667,22,8,2,135,10118.316611111113
3569,0,6,807053.5245,134508.92075000002,0.10882352941176471,44,17,5,26,12005.89261764706,6,807053.5245,134508.92075000002,0.10882352941176471,44,17,5,26,12005.89261764706
2148,0,3,561078.2585,187026.08616666668,0.08888888888888889,21,9,4,284,18958.263166666664,3,561078.2585,187026.08616666668,0.08888888888888889,21,9,4,284,18958.263166666664
2729,0,7,1018559.4450000001,145508.49214285714,0.09285714285714286,57,21,5,119,9806.686428571431,7,1018559.4450000001,145508.49214285714,0.09285714285714286,57,21,5,119,9806.686428571431
3067,0,3,591630.6535,197210.21783333333,0.06875,23,8,4,186,17359.336687500003,3,591630.6535,197210.21783333333,0.06875,23,8,4,186,17359.336687500003
1047,0,6,933918.966,155653.161,0.06764705882352941,43,17,5,248,15481.461529411763,6,933918.966,155653.161,0.06764705882352941,43,17,5,248,15481.461529411763
4068,0,1,24485.41,24485.41,0.0,1,1,1,379,4022.0999999999985,1,24485.41,24485.41,0.0,1,1,1,379,4022.0999999999985
1966,1,6,600125.657,100020.94283333333,0.075,30,14,5,227,9953.272642857142,6,600125.657,100020.94283333333,0.075,30,14,5,227,9953.272642857142
2837,1,4,443072.18299999996,110768.04575,0.09999999999999999,20,7,4,93,12401.870428571428,4,443072.18299999996,110768.04575,0.09999999999999999,20,7,4,93,12401.870428571428
4476,0,5,512085.8945,102417.1789,0.07272727272727274,30,10,4,96,12251.800409090909,5,512085.8945,102417.1789,0.07272727272727274,30,10,4,96,12251.800409090909
3280,0,5,475547.991,95109.5982,0.11176470588235295,41,17,5,31,6614.426529411764,5,475547.991,95109.5982,0.11176470588235295,41,17,5,31,6614.426529411764
4436,0,6,795962.995,132660.49916666668,0.10277777777777779,47,18,4,62,10112.754166666666,6,795962.995,132660.49916666668,0.10277777777777779,47,18,4,62,10112.754166666666
4001,0,4,323062.914,80765.7285,0.10833333333333334,14,6,2,508,14661.684000000001,4,323062.914,80765.7285,0.10833333333333334,14,6,2,508,14661.684000000001
677,0,12,1432116.683,119343.05691666668,0.11551724137931035,71,28,5,73,11823.774241379313,12,1432116.683,119343.05691666668,0.11551724137931035,71,28,5,73,11823.774241379313
205,0,3,221936.46300000002,73978.821,0.08333333333333333,11,6,4,151,9486.212166666668,3,221936.46300000002,73978.821,0.08333333333333333,11,6,4,151,9486.212166666668
570,1,5,761923.877,152384.7754,0.10625,45,15,5,92,9868.9860625,5,761923.877,152384.7754,0.10625,45,15,5,92,9868.9860625
1071,0,6,656721.296,109453.54933333333,0.08,41,15,5,22,11440.681066666666,6,656721.296,109453.54933333333,0.08,41,15,5,22,11440.681066666666
1319,0,9,878647.309,97627.47877777778,0.11500000000000002,47,20,4,98,8358.34895,9,878647.309,97627.47877777778,0.11500000000000002,47,20,4,98,8358.34895
4826,0,8,990005.8049999999,123750.72562499999,0.1,61,22,5,144,8809.8922,8,990005.8049999999,123750.72562499999,0.1,61,22,5,144,8809.8922
2588,0,3,424048.518,141349.50600000002,0.07500000000000001,17,8,3,315,14175.739750000002,3,424048.518,141349.50600000002,0.07500000000000001,17,8,3,315,14175.739750000002
18,1,4,596983.6925,149245.923125,0.11538461538461539,28,13,5,284,9922.000961538464,4,596983.6925,149245.923125,0.11538461538461539,28,13,5,284,9922.000961538464
3557,0,3,91253.888,30417.96266666667,0.10000000000000002,6,3,3,230,6906.209333333332,3,91253.888,30417.96266666667,0.10000000000000002,6,3,3,230,6906.209333333332
661,0,5,549393.9235,109878.7847,0.0625,33,12,4,478,10749.659458333334,5,549393.9235,109878.7847,0.0625,33,12,4,478,10749.659458333334
4458,0,7,665959.7660000001,95137.10942857144,0.08611111111111111,39,18,5,60,9368.326444444445,7,665959.7660000001,95137.10942857144,0.08611111111111111,39,18,5,60,9368.326444444445
170,0,8,1129371.117,141171.389625,0.10294117647058823,51,17,4,81,15232.185705882355,8,1129371.117,141171.389625,0.10294117647058823,51,17,4,81,15232.185705882355
877,0,3,329492.8945,109830.96483333333,0.11000000000000001,15,5,3,48,15145.270899999994,3,329492.8945,109830.96483333333,0.11000000000000001,15,5,3,48,15145.270899999994
3700,1,9,915690.445,101743.38277777778,0.11842105263157894,47,19,5,64,12510.347105263156,9,915690.445,101743.38277777778,0.11842105263157894,47,19,5,64,12510.347105263156
1522,0,7,798583.3485,114083.3355,0.11538461538461539,36,13,4,157,12912.391423076922,7,798583.3485,114083.3355,0.11538461538461539,36,13,4,157,12912.391423076922
3064,0,5,828944.7494999999,165788.94989999998,0.08666666666666667,36,15,5,154,15727.755966666666,5,828944.7494999999,165788.94989999998,0.08666666666666667,36,15,5,154,15727.755966666666
3604,0,8,879434.577,109929.32212499999,0.1,48,19,5,140,10521.96435,8,879434.577,109929.32212499999,0.1,48,19,5,140,10521.96435
4842,1,5,463897.1935,92779.4387,0.08333333333333333,20,9,5,19,13686.267055555556,5,463897.1935,92779.4387,0.08333333333333333,20,9,5,19,13686.267055555556
3348,1,4,375333.7455,93833.436375,0.09545454545454546,23,11,4,7,8429.878681818182,4,375333.7455,93833.436375,0.09545454545454546,23,11,4,7,8429.878681818182
3992,1,4,446278.1985,111569.549625,0.09583333333333334,30,10,4,580,5514.982375000002,4,446278.1985,111569.549625,0.09583333333333334,30,10,4,580,5514.982375000002
3446,1,2,314742.0525,157371.02625,0.12000000000000002,13,5,3,49,12344.782499999998,2,314742.0525,157371.02625,0.12000000000000002,13,5,3,49,12344.782499999998
1265,0,4,357965.33900000004,89491.33475,0.1,17,10,4,103,8390.550900000002,4,357965.33900000004,89491.33475,0.1,17,10,4,103,8390.550900000002
788,0,5,589594.047,117918.8094,0.11333333333333334,38,14,5,294,9919.6158,5,589594.047,117918.8094,0.11333333333333334,38,14,5,294,9919.6158
1492,1,6,732412.8125,122068.80208333333,0.10714285714285714,37,14,5,44,13324.236607142853,6,732412.8125,122068.80208333333,0.10714285714285714,37,14,5,44,13324.236607142853
1851,0,5,495668.927,99133.78540000001,0.08846153846153845,28,13,4,365,9005.202846153845,5,495668.927,99133.78540000001,0.08846153846153845,28,13,4,365,9005.202846153845
4390,1,5,451945.41349999997,90389.0827,0.11666666666666668,26,12,5,254,7259.716958333332,5,451945.41349999997,90389.0827,0.11666666666666668,26,12,5,254,7259.716958333332
2351,0,5,679297.2209999999,135859.44419999997,0.075,26,9,5,6,23124.080099999996,5,679297.2209999999,135859.44419999997,0.075,26,9,5,6,23124.080099999996
846,0,5,370069.099,74013.8198,0.14545454545454548,25,11,5,31,8947.69809090909,5,370069.099,74013.8198,0.14545454545454548,25,11,5,31,8947.69809090909
3890,0,8,623339.6685,77917.4585625,0.08214285714285716,38,14,4,60,11981.423464285714,8,623339.6685,77917.4585625,0.08214285714285716,38,14,4,60,11981.423464285714
4929,0,6,418518.5095,69753.08491666667,0.10555555555555557,21,8,5,61,12647.852166666667,6,418518.5095,69753.08491666667,0.10555555555555557,21,8,5,61,12647.852166666667
2068,0,3,248060.7005,82686.90016666667,0.0642857142857143,11,7,5,19,8172.0015,3,248060.7005,82686.90016666667,0.0642857142857143,11,7,5,19,8172.0015
3408,0,3,762258.134,254086.04466666668,0.09166666666666667,36,12,5,82,15177.617,3,762258.134,254086.04466666668,0.09166666666666667,36,12,5,82,15177.617
2027,0,4,330893.1545,82723.28862499999,0.1111111111111111,18,9,4,143,7277.517166666667,4,330893.1545,82723.28862499999,0.1111111111111111,18,9,4,143,7277.517166666667
3829,0,8,1184352.303,148044.037875,0.10576923076923077,62,26,5,101,10598.798576923076,8,1184352.303,148044.037875,0.10576923076923077,62,26,5,101,10598.798576923076
1366,0,8,919184.717,114898.089625,0.09411764705882353,39,17,4,150,11474.888647058822,8,919184.717,114898.089625,0.09411764705882353,39,17,4,150,11474.888647058822
4131,1,6,827156.4010000001,137859.4001666667,0.1105263157894737,49,16,4,130,6919.347947368421,6,827156.4010000001,137859.4001666667,0.1105263157894737,49,16,4,130,6919.347947368421
2439,0,5,805520.936,161104.1872,0.10294117647058823,37,17,5,533,13247.708588235295,5,805520.936,161104.1872,0.10294117647058823,37,17,5,533,13247.708588235295
4608,0,5,453208.8825,90641.7765,0.08461538461538462,32,12,4,62,7976.425576923075,5,453208.8825,90641.7765,0.08461538461538462,32,12,4,62,7976.425576923075
4078,1,7,1022273.0449999999,146039.00642857142,0.10294117647058823,46,17,5,239,13206.643823529408,7,1022273.0449999999,146039.00642857142,0.10294117647058823,46,17,5,239,13206.643823529408
852,0,5,603774.711,120754.9422,0.08750000000000001,32,11,4,150,11715.76675,5,603774.711,120754.9422,0.08750000000000001,32,11,4,150,11715.76675
1534,0,4,413021.7915,103255.447875,0.1,21,9,3,82,7700.132388888891,4,413021.7915,103255.447875,0.1,21,9,3,82,7700.132388888891
2526,0,3,452674.56049999996,150891.52016666665,0.12222222222222223,23,9,4,325,13030.860055555553,3,452674.56049999996,150891.52016666665,0.12222222222222223,23,9,4,325,13030.860055555553
1742,1,9,1279832.725,142203.63611111112,0.10192307692307692,58,26,5,6,11211.837115384616,9,1279832.725,142203.63611111112,0.10192307692307692,58,26,5,6,11211.837115384616
3742,0,2,294378.9695,147189.48475,0.1,12,4,2,232,7445.352375000003,2,294378.9695,147189.48475,0.1,12,4,2,232,7445.352375000003
2949,0,1,211431.15999999997,211431.15999999997,0.09999999999999999,10,3,3,145,20502.576666666668,1,211431.15999999997,211431.15999999997,0.09999999999999999,10,3,3,145,20502.576666666668
2140,0,2,315573.118,157786.559,0.09166666666666667,18,6,3,47,9813.414666666666,2,315573.118,157786.559,0.09166666666666667,18,6,3,47,9813.414666666666
3729,0,6,609025.6885,101504.28141666668,0.11785714285714285,34,14,5,360,6835.649178571427,6,609025.6885,101504.28141666668,0.11785714285714285,34,14,5,360,6835.649178571427
4943,0,8,880686.0355,110085.7544375,0.10294117647058823,39,17,5,111,12072.310323529411,8,880686.0355,110085.7544375,0.10294117647058823,39,17,5,111,12072.310323529411
814,0,4,582003.373,145500.84325,0.05,30,10,4,348,15940.9463,4,582003.373,145500.84325,0.05,30,10,4,348,15940.9463
3139,1,7,788584.841,112654.97728571428,0.10588235294117647,39,16,5,248,11005.946529411765,7,788584.841,112654.97728571428,0.10588235294117647,39,16,5,248,11005.946529411765
3663,0,4,375053.877,93763.46925,0.125,21,8,5,242,11476.408374999997,4,375053.877,93763.46925,0.125,21,8,5,242,11476.408374999997
1718,0,7,834857.5745,119265.36778571429,0.1,41,15,5,69,10093.65340625,7,834857.5745,119265.36778571429,0.1,41,15,5,69,10093.65340625
1413,1,6,379395.625,63232.604166666664,0.09999999999999999,32,12,5,48,4134.18875,6,379395.625,63232.604166666664,0.09999999999999999,32,12,5,48,4134.18875
636,1,6,1001931.2189999999,166988.5365,0.09166666666666667,50,18,5,180,11262.62661111111,6,1001931.2189999999,166988.5365,0.09166666666666667,50,18,5,180,11262.62661111111
449,0,8,1048171.3665,131021.4208125,0.0911764705882353,46,17,5,121,13350.285088235292,8,1048171.3665,131021.4208125,0.0911764705882353,46,17,5,121,13350.285088235292
3116,0,3,291440.9195,97146.97316666665,0.085,23,10,4,619,7565.16095,3,291440.9195,97146.97316666665,0.085,23,10,4,619,7565.16095
3262,0,5,678609.2695,135721.85390000002,0.09090909090909091,33,11,5,7,17628.591772727275,5,678609.2695,135721.85390000002,0.09090909090909091,33,11,5,7,17628.591772727275
1402,0,3,521460.56100000005,173820.187,0.11000000000000001,29,10,4,53,9364.689100000001,3,521460.56100000005,173820.187,0.11000000000000001,29,10,4,53,9364.689100000001
3183,0,3,311180.44749999995,103726.81583333334,0.08571428571428573,21,7,4,342,9422.672499999999,3,311180.44749999995,103726.81583333334,0.08571428571428573,21,7,4,342,9422.672499999999
2182,0,8,1275271.307,159408.913375,0.10454545454545455,53,22,5,10,17327.963499999998,8,1275271.307,159408.913375,0.10454545454545455,53,22,5,10,17327.963499999998
4029,0,4,606020.4575,151505.114375,0.09583333333333334,30,12,5,167,13407.583124999997,4,606020.4575,151505.114375,0.09583333333333334,30,12,5,167,13407.583124999997
4546,1,7,966889.423,138127.06042857142,0.10526315789473684,53,18,5,111,11533.357526315789,7,966889.423,138127.06042857142,0.10526315789473684,53,18,5,111,11533.357526315789
4592,0,5,574288.046,114857.60919999999,0.10454545454545454,31,11,4,334,12632.989636363636,5,574288.046,114857.60919999999,0.10454545454545454,31,11,4,334,12632.989636363636
149,0,9,1223277.4625,135919.71805555554,0.08541666666666668,58,23,4,21,13445.388020833334,9,1223277.4625,135919.71805555554,0.08541666666666668,58,23,4,21,13445.388020833334
2468,0,3,362458.195,120819.39833333332,0.11000000000000001,15,5,4,8,21547.141000000003,3,362458.195,120819.39833333332,0.11000000000000001,15,5,4,8,21547.141000000003
1184,0,6,582068.1529999999,97011.35883333332,0.09166666666666667,26,12,4,81,12620.501916666666,6,582068.1529999999,97011.35883333332,0.09166666666666667,26,12,4,81,12620.501916666666
2703,0,5,532866.4175,106573.28349999999,0.09166666666666667,29,12,5,19,11134.390625,5,532866.4175,106573.28349999999,0.09166666666666667,29,12,5,19,11134.390625
184,1,3,248315.607,82771.86899999999,0.08333333333333333,10,6,3,257,11999.55283333333,3,248315.607,82771.86899999999,0.08333333333333333,10,6,3,257,11999.55283333333
4313,0,3,463430.13800000004,154476.7126666667,0.06666666666666667,21,9,4,247,10654.798666666666,3,463430.13800000004,154476.7126666667,0.06666666666666667,21,9,4,247,10654.798666666666
2750,0,6,657746.715,109624.45250000001,0.06785714285714287,37,14,5,134,11706.513214285715,6,657746.715,109624.45250000001,0.06785714285714287,37,14,5,134,11706.513214285715
4521,0,5,718248.237,143649.6474,0.09000000000000001,38,15,5,161,9469.703800000001,5,718248.237,143649.6474,0.09000000000000001,38,15,5,161,9469.703800000001
2016,0,6,522618.4665,87103.07775,0.11923076923076924,30,13,5,26,9991.26896153846,6,522618.4665,87103.07775,0.11923076923076924,30,13,5,26,9991.26896153846
1533,0,4,319377.425,79844.35625,0.10625000000000001,19,8,4,133,9340.578125,4,319377.425,79844.35625,0.10625000000000001,19,8,4,133,9340.578125
1280,0,6,620866.1365,103477.68941666668,0.09411764705882353,36,15,4,142,7184.9556764705885,6,620866.1365,103477.68941666668,0.09411764705882353,36,15,4,142,7184.9556764705885
4097,0,5,339947.502,67989.50039999999,0.14583333333333334,28,12,5,210,3973.2534999999993,5,339947.502,67989.50039999999,0.14583333333333334,28,12,5,210,3973.2534999999993
225,0,7,915069.7494999999,130724.24992857141,0.1111111111111111,40,17,5,4,10026.974972222222,7,915069.7494999999,130724.24992857141,0.1111111111111111,40,17,5,4,10026.974972222222
2552,0,8,775002.3775000001,96875.29718750001,0.1125,43,19,5,183,6537.371875000002,8,775002.3775000001,96875.29718750001,0.1125,43,19,5,183,6537.371875000002
4648,1,7,772732.395,110390.34214285715,0.10625,45,16,5,26,8693.1115625,7,772732.395,110390.34214285715,0.10625,45,16,5,26,8693.1115625
3761,0,5,533017.2069999999,106603.44140000001,0.08125,20,8,5,31,13687.935874999997,5,533017.2069999999,106603.44140000001,0.08125,20,8,5,31,13687.935874999997
4487,0,3,592344.1995,197448.0665,0.07142857142857142,21,7,4,361,21787.054214285716,3,592344.1995,197448.0665,0.07142857142857142,21,7,4,361,21787.054214285716
1067,0,4,621818.969,155454.74225,0.11818181818181818,29,11,4,121,15448.695363636363,4,621818.969,155454.74225,0.11818181818181818,29,11,4,121,15448.695363636363
1808,0,11,1202191.5085,109290.13713636364,0.08333333333333333,71,26,5,41,10677.55735185185,11,1202191.5085,109290.13713636364,0.08333333333333333,71,26,5,41,10677.55735185185
2184,0,7,364383.87549999997,52054.83935714286,0.12727272727272726,29,11,5,35,4827.085954545453,7,364383.87549999997,52054.83935714286,0.12727272727272726,29,11,5,35,4827.085954545453
2978,0,6,871644.2845,145274.04741666667,0.11875000000000001,47,16,5,86,12877.110281249998,6,871644.2845,145274.04741666667,0.11875000000000001,47,16,5,86,12877.110281249998
4786,0,4,248440.0525,62110.013125,0.049999999999999996,11,5,3,167,10934.457083333333,4,248440.0525,62110.013125,0.049999999999999996,11,5,3,167,10934.457083333333
2404,0,4,345971.4455,86492.861375,0.075,17,6,3,296,17007.684249999995,4,345971.4455,86492.861375,0.075,17,6,3,296,17007.684249999995
3394,0,6,821909.7975,136984.96625,0.07307692307692307,33,13,5,89,15088.372884615384,6,821909.7975,136984.96625,0.07307692307692307,33,13,5,89,15088.372884615384
3756,0,8,926618.8304999999,115827.35381249999,0.09761904761904763,46,20,5,39,8781.211928571429,8,926618.8304999999,115827.35381249999,0.09761904761904763,46,20,5,39,8781.211928571429
2593,0,6,624305.0985,104050.84975000001,0.1,32,13,5,147,13148.626038461538,6,624305.0985,104050.84975000001,0.1,32,13,5,147,13148.626038461538
3303,0,3,204458.2595,68152.75316666668,0.1125,14,8,4,760,5707.2399375,3,204458.2595,68152.75316666668,0.1125,14,8,4,760,5707.2399375
2638,0,4,641397.172,160349.293,0.10909090909090909,35,11,5,166,11676.985636363637,4,641397.172,160349.293,0.10909090909090909,35,11,5,166,11676.985636363637
1887,0,7,768497.72,109785.38857142857,0.08636363636363636,49,19,5,360,10896.170909090906,7,768497.72,109785.38857142857,0.08636363636363636,49,19,5,360,10896.170909090906
4811,0,6,687343.9415,114557.32358333333,0.10294117647058823,38,17,5,31,7900.968911764707,6,687343.9415,114557.32358333333,0.10294117647058823,38,17,5,31,7900.968911764707
1229,0,6,1035861.4604999999,172643.57675,0.08157894736842106,41,17,4,148,12687.410552631578,6,1035861.4604999999,172643.57675,0.08157894736842106,41,17,4,148,12687.410552631578
1549,0,6,1117665.036,186277.50600000002,0.08043478260869566,57,21,5,140,13989.968956521738,6,1117665.036,186277.50600000002,0.08043478260869566,57,21,5,140,13989.968956521738
4722,0,7,707614.987,101087.85528571428,0.10333333333333333,38,14,5,107,9817.495799999999,7,707614.987,101087.85528571428,0.10333333333333333,38,14,5,107,9817.495799999999
3287,1,8,915392.444,114424.05549999999,0.11000000000000001,54,20,5,161,8101.4416999999985,8,915392.444,114424.05549999999,0.11000000000000001,54,20,5,161,8101.4416999999985
1773,0,6,424192.825,70698.80416666667,0.09,25,10,5,33,8244.9335,6,424192.825,70698.80416666667,0.09,25,10,5,33,8244.9335
3409,0,3,386921.8125,128973.9375,0.07142857142857142,20,7,3,297,14859.657500000001,3,386921.8125,128973.9375,0.07142857142857142,20,7,3,297,14859.657500000001
1039,0,7,928581.038,132654.43399999998,0.08666666666666667,41,14,4,332,15899.9552,7,928581.038,132654.43399999998,0.08666666666666667,41,14,4,332,15899.9552
4788,0,8,1041759.787,130219.973375,0.13,52,20,5,14,8985.15385,8,1041759.787,130219.973375,0.13,52,20,5,14,8985.15385
1098,1,7,1317316.723,188188.1032857143,0.1105263157894737,52,19,5,110,15899.714368421051,7,1317316.723,188188.1032857143,0.1105263157894737,52,19,5,110,15899.714368421051
4045,1,8,1163853.451,145481.681375,0.1025,56,20,5,31,13799.95405,8,1163853.451,145481.681375,0.1025,56,20,5,31,13799.95405
1667,0,4,531531.522,132882.8805,0.125,21,8,4,211,16749.494000000002,4,531531.522,132882.8805,0.125,21,8,4,211,16749.494000000002
1655,0,4,493390.3765,123347.594125,0.08,23,10,5,121,7988.169650000002,4,493390.3765,123347.594125,0.08,23,10,5,121,7988.169650000002
2041,0,6,924012.2745,154002.04575000002,0.08157894736842106,50,17,5,54,13976.821289473684,6,924012.2745,154002.04575000002,0.08157894736842106,50,17,5,54,13976.821289473684
3318,1,7,1747480.7195,249640.1027857143,0.08863636363636364,64,21,5,110,23143.458613636365,7,1747480.7195,249640.1027857143,0.08863636363636364,64,21,5,110,23143.458613636365
3282,0,9,1213692.3785,134854.70872222225,0.10384615384615385,57,23,5,18,12197.71801923077,9,1213692.3785,134854.70872222225,0.10384615384615385,57,23,5,18,12197.71801923077
2560,0,6,597885.8665,99647.64441666666,0.08928571428571429,32,14,5,51,11347.282607142859,6,597885.8665,99647.64441666666,0.08928571428571429,32,14,5,51,11347.282607142859
2790,0,4,215566.17750000002,53891.544375,0.1125,22,8,5,247,4715.777187500002,4,215566.17750000002,53891.544375,0.1125,22,8,5,247,4715.777187500002
4287,1,4,900664.0210000001,225166.00525,0.10714285714285714,42,14,5,27,12775.020071428573,4,900664.0210000001,225166.00525,0.10714285714285714,42,14,5,27,12775.020071428573
2886,0,4,374009.34849999996,93502.337125,0.10500000000000001,21,9,5,89,10399.327849999998,4,374009.34849999996,93502.337125,0.10500000000000001,21,9,5,89,10399.327849999998
2781,0,3,348091.074,116030.35800000001,0.08333333333333333,22,9,5,30,9751.711555555557,3,348091.074,116030.35800000001,0.08333333333333333,22,9,5,30,9751.711555555557
4864,1,4,405310.089,101327.52225000001,0.15000000000000002,25,13,4,537,6049.048384615385,4,405310.089,101327.52225000001,0.15000000000000002,25,13,4,537,6049.048384615385
4525,0,5,583687.3239999999,116737.4648,0.060714285714285714,34,14,5,209,13202.768857142857,5,583687.3239999999,116737.4648,0.060714285714285714,34,14,5,209,13202.768857142857
1906,1,5,559999.5795,111999.91589999999,0.13076923076923078,29,13,5,59,8421.246115384616,5,559999.5795,111999.91589999999,0.13076923076923078,29,13,5,59,8421.246115384616
982,0,6,571917.9665,95319.66108333333,0.08666666666666667,24,15,5,57,8574.8091,6,571917.9665,95319.66108333333,0.08666666666666667,24,15,5,57,8574.8091
2823,0,4,271277.615,67819.40375,0.12142857142857144,14,7,4,277,9460.387857142856,4,271277.615,67819.40375,0.12142857142857144,14,7,4,277,9460.387857142856
348,0,7,681311.0904999999,97330.15578571429,0.1,43,18,5,118,9336.175815789475,7,681311.0904999999,97330.15578571429,0.1,43,18,5,118,9336.175815789475
2061,0,9,775607.0145,86178.55716666667,0.08421052631578947,48,18,5,135,11020.506026315788,9,775607.0145,86178.55716666667,0.08421052631578947,48,18,5,135,11020.506026315788
3658,0,6,785091.201,130848.5335,0.13333333333333333,39,15,5,195,11152.0194,6,785091.201,130848.5335,0.13333333333333333,39,15,5,195,11152.0194
3406,1,7,909402.4905000001,129914.64150000001,0.10476190476190476,47,21,5,194,10631.744785714285,7,909402.4905000001,129914.64150000001,0.10476190476190476,47,21,5,194,10631.744785714285
1339,1,5,633474.997,126694.9994,0.11071428571428572,34,13,5,0,7895.026214285712,5,633474.997,126694.9994,0.11071428571428572,34,13,5,0,7895.026214285712
3030,0,6,910433.3795,151738.89658333335,0.10277777777777779,50,18,5,44,12043.053861111111,6,910433.3795,151738.89658333335,0.10277777777777779,50,18,5,44,12043.053861111111
1941,1,10,1035652.791,103565.2791,0.08846153846153845,67,24,5,27,7252.537346153845,10,1035652.791,103565.2791,0.08846153846153845,67,24,5,27,7252.537346153845
3259,0,4,496361.1485,124090.287125,0.13999999999999999,28,10,4,97,9810.812849999998,4,496361.1485,124090.287125,0.13999999999999999,28,10,4,97,9810.812849999998
512,0,3,630032.239,210010.7463333333,0.09375,21,8,5,217,23851.628624999998,3,630032.239,210010.7463333333,0.09375,21,8,5,217,23851.628624999998
1912,0,5,805419.445,161083.889,0.11666666666666667,38,15,4,82,11856.601,5,805419.445,161083.889,0.11666666666666667,38,15,4,82,11856.601
2297,0,6,673542.791,112257.13183333333,0.10588235294117647,48,17,4,113,8556.630058823528,6,673542.791,112257.13183333333,0.10588235294117647,48,17,4,113,8556.630058823528
4571,0,8,1412829.99,176603.74875,0.08260869565217391,61,22,5,147,15736.382608695652,8,1412829.99,176603.74875,0.08260869565217391,61,22,5,147,15736.382608695652
3317,0,3,513374.23650000006,171124.74550000002,0.12142857142857144,20,7,3,9,11596.6095,3,513374.23650000006,171124.74550000002,0.12142857142857144,20,7,3,9,11596.6095
3036,0,5,575133.8505000001,115026.7701,0.09583333333333334,29,12,4,8,13876.586708333334,5,575133.8505000001,115026.7701,0.09583333333333334,29,12,4,8,13876.586708333334
543,0,7,1247806.8085,178258.1155,0.10526315789473684,50,18,5,38,16023.091499999999,7,1247806.8085,178258.1155,0.10526315789473684,50,18,5,38,16023.091499999999
4963,0,9,1363166.8125,151462.97916666666,0.09130434782608696,61,23,5,337,15576.505760869566,9,1363166.8125,151462.97916666666,0.09130434782608696,61,23,5,337,15576.505760869566
1998,0,7,1072249.553,153178.50757142858,0.0675,47,19,5,76,14003.54915,7,1072249.553,153178.50757142858,0.0675,47,19,5,76,14003.54915
2006,0,8,1377147.5145,172143.4393125,0.09782608695652174,55,22,5,117,15321.939326086956,8,1377147.5145,172143.4393125,0.09782608695652174,55,22,5,117,15321.939326086956
2683,1,6,1029083.0654999999,171513.84425,0.0911764705882353,47,17,5,228,17175.318558823525,6,1029083.0654999999,171513.84425,0.0911764705882353,47,17,5,228,17175.318558823525
4366,0,6,942493.5195,157082.25324999998,0.09999999999999999,53,19,5,187,8713.676289473684,6,942493.5195,157082.25324999998,0.09999999999999999,53,19,5,187,8713.676289473684
2251,0,4,579900.065,144975.01625,0.1,31,11,4,36,11233.732272727273,4,579900.065,144975.01625,0.1,31,11,4,36,11233.732272727273
4140,0,6,465861.355,77643.55916666667,0.125,22,10,4,191,6659.9985000000015,6,465861.355,77643.55916666667,0.125,22,10,4,191,6659.9985000000015
2863,0,5,788237.07,157647.41400000002,0.1125,41,16,5,73,13447.405625000001,5,788237.07,157647.41400000002,0.1125,41,16,5,73,13447.405625000001
1066,1,1,169863.288,169863.288,0.0875,12,4,2,709,13766.512,1,169863.288,169863.288,0.0875,12,4,2,709,13766.512
3020,1,7,904833.151,129261.8787142857,0.084375,41,16,5,3,15632.407562499999,7,904833.151,129261.8787142857,0.084375,41,16,5,3,15632.407562499999
673,1,6,753260.8215000001,125543.47025000001,0.09000000000000001,38,15,5,53,12508.4881,6,753260.8215000001,125543.47025000001,0.09000000000000001,38,15,5,53,12508.4881
1806,0,5,543328.718,108665.7436,0.08333333333333333,38,15,4,36,5371.278533333333,5,543328.718,108665.7436,0.08333333333333333,38,15,4,36,5371.278533333333
2264,0,7,849566.627,121366.661,0.07058823529411766,34,16,5,58,14331.231588235294,7,849566.627,121366.661,0.07058823529411766,34,16,5,58,14331.231588235294
818,0,5,830192.78,166038.556,0.08750000000000001,31,12,5,305,20710.4725,5,830192.78,166038.556,0.08750000000000001,31,12,5,305,20710.4725
4833,1,6,712883.9455,118813.99091666668,0.10769230769230768,38,12,5,94,12737.491961538462,6,712883.9455,118813.99091666668,0.10769230769230768,38,12,5,94,12737.491961538462
4423,0,7,866614.2159999999,123802.03085714286,0.1111111111111111,41,18,5,7,12357.623111111108,7,866614.2159999999,123802.03085714286,0.1111111111111111,41,18,5,7,12357.623111111108
3017,1,4,332715.24450000003,83178.81112500001,0.1142857142857143,16,7,4,38,9731.552071428572,4,332715.24450000003,83178.81112500001,0.1142857142857143,16,7,4,38,9731.552071428572
2100,0,5,150299.285,30059.857,0.09285714285714286,14,7,4,24,4931.9064285714285,5,150299.285,30059.857,0.09285714285714286,14,7,4,24,4931.9064285714285
4050,0,5,588650.6355,117730.12710000001,0.0923076923076923,31,12,5,9,11360.45734615385,5,588650.6355,117730.12710000001,0.0923076923076923,31,12,5,9,11360.45734615385
895,0,5,732262.4765,146452.4953,0.10555555555555556,38,17,4,411,9299.035916666666,5,732262.4765,146452.4953,0.10555555555555556,38,17,4,411,9299.035916666666
2678,0,9,1021670.2395,113518.9155,0.07142857142857142,53,20,5,13,11782.273309523809,9,1021670.2395,113518.9155,0.07142857142857142,53,20,5,13,11782.273309523809
1563,1,3,218146.763,72715.58766666667,0.08333333333333333,14,6,5,140,8092.752166666668,3,218146.763,72715.58766666667,0.08333333333333333,14,6,5,140,8092.752166666668
527,0,7,696244.2949999999,99463.47071428571,0.11538461538461539,36,13,5,137,10924.901153846153,7,696244.2949999999,99463.47071428571,0.11538461538461539,36,13,5,137,10924.901153846153
3221,0,5,462190.507,92438.1014,0.12272727272727274,25,10,3,9,7860.539727272727,5,462190.507,92438.1014,0.12272727272727274,25,10,3,9,7860.539727272727
2215,1,9,975475.931,108386.21455555555,0.102,50,23,5,11,7824.796839999999,9,975475.931,108386.21455555555,0.102,50,23,5,11,7824.796839999999
2556,1,9,1117791.0075,124199.00083333334,0.08750000000000001,53,24,5,145,13049.0340625,9,1117791.0075,124199.00083333334,0.08750000000000001,53,24,5,145,13049.0340625
4520,0,7,704365.7535,100623.67907142857,0.109375,32,15,5,44,10969.43896875,7,704365.7535,100623.67907142857,0.109375,32,15,5,44,10969.43896875
1124,1,4,378279.382,94569.8455,0.07777777777777778,25,9,4,113,12359.266888888886,4,378279.382,94569.8455,0.07777777777777778,25,9,4,113,12359.266888888886
125,0,3,459480.086,153160.02866666668,0.08333333333333333,18,6,3,576,23979.907666666666,3,459480.086,153160.02866666668,0.08333333333333333,18,6,3,576,23979.907666666666
2519,0,5,776764.5405,155352.9081,0.10416666666666667,38,12,5,30,15987.364208333332,5,776764.5405,155352.9081,0.10416666666666667,38,12,5,30,15987.364208333332
228,0,6,522452.2625,87075.37708333333,0.09999999999999999,25,11,5,47,9183.614375,6,522452.2625,87075.37708333333,0.09999999999999999,25,11,5,47,9183.614375
3629,0,4,374631.561,93657.89025,0.10555555555555556,27,9,3,45,5769.194555555553,4,374631.561,93657.89025,0.10555555555555556,27,9,3,45,5769.194555555553
1508,0,11,1938881.988,176261.9989090909,0.09583333333333334,90,35,5,66,13239.806333333334,11,1938881.988,176261.9989090909,0.09583333333333334,90,35,5,66,13239.806333333334
2310,0,5,640369.3225,128073.8645,0.1285714285714286,32,14,4,25,10136.103750000004,5,640369.3225,128073.8645,0.1285714285714286,32,14,4,25,10136.103750000004
2470,1,4,431626.6355,107906.658875,0.11666666666666665,33,12,5,27,6757.5687916666675,4,431626.6355,107906.658875,0.11666666666666665,33,12,5,27,6757.5687916666675
4758,1,5,432317.436,86463.4872,0.11923076923076924,28,13,5,61,7706.43276923077,5,432317.436,86463.4872,0.11923076923076924,28,13,5,61,7706.43276923077
4331,0,4,557078.805,139269.70125,0.10909090909090911,25,11,5,65,12730.408636363636,4,557078.805,139269.70125,0.10909090909090911,25,11,5,65,12730.408636363636
957,0,6,729604.3185,121600.71975,0.11785714285714287,37,12,5,73,11360.517035714287,6,729604.3185,121600.71975,0.11785714285714287,37,12,5,73,11360.517035714287
3609,0,6,966116.8474999999,161019.47458333333,0.08888888888888889,46,18,5,59,15721.169861111111,6,966116.8474999999,161019.47458333333,0.08888888888888889,46,18,5,59,15721.169861111111
1926,0,5,325911.5295,65182.3059,0.11499999999999999,19,9,5,123,6756.462949999999,5,325911.5295,65182.3059,0.11499999999999999,19,9,5,123,6756.462949999999
4060,1,9,1192956.646,132550.73844444443,0.10625,61,24,5,207,11938.001083333334,9,1192956.646,132550.73844444443,0.10625,61,24,5,207,11938.001083333334
3005,0,7,1177410.8305,168201.5472142857,0.125,55,20,5,127,11491.37456818182,7,1177410.8305,168201.5472142857,0.125,55,20,5,127,11491.37456818182
3306,1,2,294594.145,147297.0725,0.08,10,5,4,241,19215.707000000002,2,294594.145,147297.0725,0.08,10,5,4,241,19215.707000000002
194,0,5,606099.6555,121219.9311,0.05909090909090909,35,11,4,254,17487.3505,5,606099.6555,121219.9311,0.05909090909090909,35,11,4,254,17487.3505
3749,0,6,651158.2895,108526.38158333332,0.09583333333333333,33,12,4,33,14293.941624999998,6,651158.2895,108526.38158333332,0.09583333333333333,33,12,4,33,14293.941624999998
1395,0,8,1072090.2675,134011.2834375,0.11363636363636363,62,21,5,50,11054.166250000002,8,1072090.2675,134011.2834375,0.11363636363636363,62,21,5,50,11054.166250000002
4259,1,4,392172.38100000005,98043.09525,0.03888888888888889,18,9,5,197,13498.183444444445,4,392172.38100000005,98043.09525,0.03888888888888889,18,9,5,197,13498.183444444445
272,0,6,826880.399,137813.39983333333,0.05,39,15,5,108,15413.592437499998,6,826880.399,137813.39983333333,0.05,39,15,5,108,15413.592437499998
4935,1,3,204465.0515,68155.01716666667,0.08571428571428573,12,7,5,106,5810.181642857143,3,204465.0515,68155.01716666667,0.08571428571428573,12,7,5,106,5810.181642857143
3987,0,6,453552.184,75592.03066666667,0.11818181818181818,30,11,4,50,6019.7612727272735,6,453552.184,75592.03066666667,0.11818181818181818,30,11,4,50,6019.7612727272735
3689,1,2,235650.412,117825.20600000002,0.075,8,4,2,94,12734.285500000005,2,235650.412,117825.20600000002,0.075,8,4,2,94,12734.285500000005
4046,0,6,795615.933,132602.6555,0.121875,36,16,5,94,8646.3439375,6,795615.933,132602.6555,0.121875,36,16,5,94,8646.3439375
1984,0,3,504226.45200000005,168075.48400000003,0.0875,24,8,4,274,19333.591500000002,3,504226.45200000005,168075.48400000003,0.0875,24,8,4,274,19333.591500000002
2440,0,4,387540.534,96885.1335,0.08571428571428572,17,7,4,96,8042.869142857139,4,387540.534,96885.1335,0.08571428571428572,17,7,4,96,8042.869142857139
2407,0,2,114568.344,57284.172,0.1,5,2,1,589,17125.746999999996,2,114568.344,57284.172,0.1,5,2,1,589,17125.746999999996
1368,1,3,547941.3825,182647.12750000003,0.1,20,9,5,28,16791.39694444444,3,547941.3825,182647.12750000003,0.1,20,9,5,28,16791.39694444444
3255,0,7,933436.8655000001,133348.12364285716,0.11944444444444444,40,17,5,52,12965.254194444446,7,933436.8655000001,133348.12364285716,0.11944444444444444,40,17,5,52,12965.254194444446
1525,0,10,892848.379,89284.8379,0.09565217391304348,48,23,5,16,7863.2825652173915,10,892848.379,89284.8379,0.09565217391304348,48,23,5,16,7863.2825652173915
633,1,4,534801.768,133700.442,0.10333333333333333,36,15,5,46,7418.570533333333,4,534801.768,133700.442,0.10333333333333333,36,15,5,46,7418.570533333333
3920,0,2,211202.63400000002,105601.31700000001,0.13,11,5,4,77,10508.880800000003,2,211202.63400000002,105601.31700000001,0.13,11,5,4,77,10508.880800000003
1310,0,2,258789.7175,129394.85875000001,0.1,14,5,3,347,10243.5095,2,258789.7175,129394.85875000001,0.1,14,5,3,347,10243.5095
4209,0,5,475551.66099999996,95110.33219999999,0.08333333333333333,25,12,4,416,9971.711749999999,5,475551.66099999996,95110.33219999999,0.08333333333333333,25,12,4,416,9971.711749999999
293,1,2,214919.3305,107459.66524999999,0.08333333333333333,14,6,3,396,10623.84675,2,214919.3305,107459.66524999999,0.08333333333333333,14,6,3,396,10623.84675
2019,0,5,693557.96,138711.592,0.1323529411764706,45,17,5,69,7540.895294117646,5,693557.96,138711.592,0.1323529411764706,45,17,5,69,7540.895294117646
160,1,4,475896.76,118974.19,0.10416666666666667,28,12,4,189,8783.148333333334,4,475896.76,118974.19,0.10416666666666667,28,12,4,189,8783.148333333334
2584,0,4,121005.73000000001,30251.4325,0.05833333333333334,13,6,5,0,4978.581666666668,4,121005.73000000001,30251.4325,0.05833333333333334,13,6,5,0,4978.581666666668
2427,0,7,865369.275,123624.18214285714,0.1111111111111111,51,17,5,211,10929.073055555556,7,865369.275,123624.18214285714,0.1111111111111111,51,17,5,211,10929.073055555556
3715,0,2,249169.2435,124584.62174999999,0.11666666666666668,14,6,3,17,8102.408916666666,2,249169.2435,124584.62174999999,0.11666666666666668,14,6,3,17,8102.408916666666
445,0,5,508781.42,101756.284,0.1,23,8,5,35,9961.735555555559,5,508781.42,101756.284,0.1,23,8,5,35,9961.735555555559
2910,0,6,828174.4905000001,138029.08175,0.08529411764705884,47,17,5,53,12600.062382352942,6,828174.4905000001,138029.08175,0.08529411764705884,47,17,5,53,12600.062382352942
2371,1,7,895186.764,127883.82342857143,0.12,48,20,5,396,11141.6057,7,895186.764,127883.82342857143,0.12,48,20,5,396,11141.6057
3846,0,8,1398570.249,174821.28112499998,0.1,61,21,4,125,16084.419045454548,8,1398570.249,174821.28112499998,0.1,61,21,4,125,16084.419045454548
4205,0,6,351600.657,58600.1095,0.08499999999999999,31,10,4,361,8298.8927,6,351600.657,58600.1095,0.08499999999999999,31,10,4,361,8298.8927
3717,1,3,341889.865,113963.28833333333,0.14375,27,8,5,119,7031.080625,3,341889.865,113963.28833333333,0.14375,27,8,5,119,7031.080625
1937,0,4,284003.5315,71000.882875,0.11666666666666667,20,9,5,55,5051.766833333335,4,284003.5315,71000.882875,0.11666666666666667,20,9,5,55,5051.766833333335
1783,0,5,338673.9335,67734.7867,0.11666666666666667,21,9,4,113,6541.447055555555,5,338673.9335,67734.7867,0.11666666666666667,21,9,4,113,6541.447055555555
3656,0,3,279425.708,93141.90266666666,0.10833333333333334,16,5,3,5,10466.763,3,279425.708,93141.90266666666,0.10833333333333334,16,5,3,5,10466.763
4461,0,6,1172497.844,195416.30733333333,0.1,48,15,5,31,16825.368375000002,6,1172497.844,195416.30733333333,0.1,48,15,5,31,16825.368375000002
4197,0,6,696236.6015,116039.43358333333,0.09411764705882353,40,17,5,135,9706.104794117646,6,696236.6015,116039.43358333333,0.09411764705882353,40,17,5,135,9706.104794117646
641,0,5,963989.0545,192797.81089999998,0.0625,46,16,5,25,12344.212156249998,5,963989.0545,192797.81089999998,0.0625,46,16,5,25,12344.212156249998
1601,0,7,917865.389,131123.627,0.13529411764705884,46,16,4,101,13698.249352941177,7,917865.389,131123.627,0.13529411764705884,46,16,4,101,13698.249352941177
4573,1,7,572363.129,81766.16128571428,0.08666666666666667,36,15,5,88,9112.289266666665,7,572363.129,81766.16128571428,0.08666666666666667,36,15,5,88,9112.289266666665
4825,0,7,895487.23,127926.74714285714,0.06470588235294118,42,17,4,307,15439.633529411765,7,895487.23,127926.74714285714,0.06470588235294118,42,17,4,307,15439.633529411765
4174,1,5,751735.369,150347.07379999998,0.11923076923076924,32,12,5,39,10291.57376923077,5,751735.369,150347.07379999998,0.11923076923076924,32,12,5,39,10291.57376923077
4193,1,8,1152816.4485,144102.0560625,0.11304347826086956,65,22,5,186,11281.474282608695,8,1152816.4485,144102.0560625,0.11304347826086956,65,22,5,186,11281.474282608695
2160,1,9,1200990.8045,133443.42272222223,0.11315789473684212,56,19,5,31,14337.943921052636,9,1200990.8045,133443.42272222223,0.11315789473684212,56,19,5,31,14337.943921052636
2267,0,3,368295.2,122765.06666666667,0.08750000000000001,16,8,4,35,10833.573750000003,3,368295.2,122765.06666666667,0.08750000000000001,16,8,4,35,10833.573750000003
4750,0,4,586737.3045,146684.326125,0.09166666666666667,30,12,4,26,9047.102874999999,4,586737.3045,146684.326125,0.09166666666666667,30,12,4,26,9047.102874999999
3812,0,4,562815.8625,140703.965625,0.12727272727272726,27,11,5,276,9596.899318181819,4,562815.8625,140703.965625,0.12727272727272726,27,11,5,276,9596.899318181819
1872,0,9,968299.59,107588.84333333332,0.08125,60,24,5,206,10359.737083333332,9,968299.59,107588.84333333332,0.08125,60,24,5,206,10359.737083333332
4794,0,8,691280.287,86410.035875,0.1264705882352941,45,15,5,30,3817.5257058823527,8,691280.287,86410.035875,0.1264705882352941,45,15,5,30,3817.5257058823527
3087,0,4,323023.8755,80755.968875,0.1,24,9,5,297,6946.7361666666675,4,323023.8755,80755.968875,0.1,24,9,5,297,6946.7361666666675
4676,0,9,1108345.2235,123149.46927777778,0.08695652173913043,53,22,5,31,12418.475804347829,9,1108345.2235,123149.46927777778,0.08695652173913043,53,22,5,31,12418.475804347829
338,1,4,365640.962,91410.2405,0.12083333333333333,27,11,5,80,6366.250999999999,4,365640.962,91410.2405,0.12083333333333333,27,11,5,80,6366.250999999999
3137,0,6,592334.71,98722.45166666666,0.09583333333333333,31,12,5,242,10037.961666666668,6,592334.71,98722.45166666666,0.09583333333333333,31,12,5,242,10037.961666666668
1930,0,7,779264.596,111323.51371428571,0.09523809523809523,45,17,5,358,7959.222666666668,7,779264.596,111323.51371428571,0.09523809523809523,45,17,5,358,7959.222666666668
1285,0,5,862245.527,172449.1054,0.12692307692307694,32,13,5,402,12736.92976923077,5,862245.527,172449.1054,0.12692307692307694,32,13,5,402,12736.92976923077
4975,0,4,427776.45399999997,106944.1135,0.09375,23,8,4,87,8616.65425,4,427776.45399999997,106944.1135,0.09375,23,8,4,87,8616.65425
4270,0,3,439745.022,146581.674,0.06875,25,8,5,54,10832.935249999997,3,439745.022,146581.674,0.06875,25,8,5,54,10832.935249999997
1804,0,8,1429359.104,178669.888,0.11346153846153847,70,25,5,106,9645.013615384614,8,1429359.104,178669.888,0.11346153846153847,70,25,5,106,9645.013615384614
2458,0,3,278489.31200000003,92829.77066666668,0.1,14,7,4,79,8673.533142857146,3,278489.31200000003,92829.77066666668,0.1,14,7,4,79,8673.533142857146
2541,0,4,471630.167,117907.54175,0.0923076923076923,32,13,5,256,8119.375153846153,4,471630.167,117907.54175,0.0923076923076923,32,13,5,256,8119.375153846153
52,0,6,570650.131,95108.35516666668,0.11538461538461539,32,13,3,154,10044.461615384616,6,570650.131,95108.35516666668,0.11538461538461539,32,13,3,154,10044.461615384616
554,0,2,80456.505,40228.2525,0.08333333333333333,9,3,2,459,6286.615000000002,2,80456.505,40228.2525,0.08333333333333333,9,3,2,459,6286.615000000002
1703,0,5,854334.0255,170866.8051,0.06818181818181818,36,11,4,273,21386.513227272724,5,854334.0255,170866.8051,0.06818181818181818,36,11,4,273,21386.513227272724
2986,0,5,654756.4199999999,130951.28399999999,0.075,35,14,5,81,9908.059285714286,5,654756.4199999999,130951.28399999999,0.075,35,14,5,81,9908.059285714286
2672,0,3,306670.04949999996,102223.34983333333,0.05555555555555555,22,8,4,517,6481.408833333331,3,306670.04949999996,102223.34983333333,0.05555555555555555,22,8,4,517,6481.408833333331
3420,0,5,745497.662,149099.5324,0.10333333333333333,32,15,5,224,10679.453466666666,5,745497.662,149099.5324,0.10333333333333333,32,15,5,224,10679.453466666666
37,1,5,485655.6945,97131.1389,0.05500000000000001,19,8,4,218,17251.72245,5,485655.6945,97131.1389,0.05500000000000001,19,8,4,218,17251.72245
3801,0,5,690670.434,138134.0868,0.09583333333333334,28,11,5,30,13964.286166666665,5,690670.434,138134.0868,0.09583333333333334,28,11,5,30,13964.286166666665
3256,0,6,825999.3925,137666.56541666668,0.12000000000000001,35,15,5,42,14462.400166666666,6,825999.3925,137666.56541666668,0.12000000000000001,35,15,5,42,14462.400166666666
3042,0,5,599441.1174999999,119888.2235,0.1076923076923077,29,13,4,143,11315.789038461537,5,599441.1174999999,119888.2235,0.1076923076923077,29,13,4,143,11315.789038461537
2742,1,2,178127.0655,89063.53275,0.09999999999999999,10,4,3,519,8272.558874999999,2,178127.0655,89063.53275,0.09999999999999999,10,4,3,519,8272.558874999999
2694,0,2,186850.082,93425.041,0.12142857142857143,12,7,4,312,5767.288857142857,2,186850.082,93425.041,0.12142857142857143,12,7,4,312,5767.288857142857
4837,1,7,767383.8574999999,109626.26535714287,0.0823529411764706,42,17,5,151,12938.323382352939,7,767383.8574999999,109626.26535714287,0.0823529411764706,42,17,5,151,12938.323382352939
58,1,8,1083995.756,135499.4695,0.1025,51,19,5,13,13211.824300000002,8,1083995.756,135499.4695,0.1025,51,19,5,13,13211.824300000002
1720,0,2,218731.343,109365.67149999998,0.1,11,5,4,9,6331.554599999999,2,218731.343,109365.67149999998,0.1,11,5,4,9,6331.554599999999
2577,0,7,1004544.9575,143506.42250000002,0.1125,57,18,5,133,11442.959874999997,7,1004544.9575,143506.42250000002,0.1125,57,18,5,133,11442.959874999997
2741,0,5,260713.6355,52142.727100000004,0.12142857142857143,13,7,3,205,9228.682214285715,5,260713.6355,52142.727100000004,0.12142857142857143,13,7,3,205,9228.682214285715
3817,0,4,681703.6355,170425.90887500002,0.09583333333333334,30,12,4,629,14285.877125,4,681703.6355,170425.90887500002,0.09583333333333334,30,12,4,629,14285.877125
1680,1,6,1180145.8205,196690.97008333332,0.07187500000000001,48,16,5,80,19366.002531249997,6,1180145.8205,196690.97008333332,0.07187500000000001,48,16,5,80,19366.002531249997
3407,1,4,213507.4205,53376.855125,0.061111111111111116,20,9,4,254,7529.634499999998,4,213507.4205,53376.855125,0.061111111111111116,20,9,4,254,7529.634499999998
4804,1,4,250455.538,62613.88449999999,0.13125,17,8,3,91,5661.4310000000005,4,250455.538,62613.88449999999,0.13125,17,8,3,91,5661.4310000000005
2142,0,2,311694.781,155847.3905,0.1285714285714286,15,7,4,478,7955.221571428572,2,311694.781,155847.3905,0.1285714285714286,15,7,4,478,7955.221571428572
4080,1,8,1157688.8795,144711.1099375,0.07857142857142857,54,20,5,45,13412.58330952381,8,1157688.8795,144711.1099375,0.07857142857142857,54,20,5,45,13412.58330952381
1889,0,3,518350.649,172783.54966666666,0.05500000000000001,27,9,5,60,13812.383899999997,3,518350.649,172783.54966666666,0.05500000000000001,27,9,5,60,13812.383899999997
1161,0,9,683317.847,75924.20522222223,0.11,35,15,4,39,10091.859800000002,9,683317.847,75924.20522222223,0.11,35,15,4,39,10091.859800000002
2606,0,10,1186372.4135,118637.24135,0.11153846153846153,60,25,5,80,12411.678980769231,10,1186372.4135,118637.24135,0.11153846153846153,60,25,5,80,12411.678980769231
4844,0,3,543154.991,181051.66366666663,0.09375,25,8,3,107,21041.091375,3,543154.991,181051.66366666663,0.09375,25,8,3,107,21041.091375
2253,0,4,689702.4675,172425.61687499998,0.11153846153846156,32,12,5,319,11988.613653846154,4,689702.4675,172425.61687499998,0.11153846153846156,32,12,5,319,11988.613653846154
486,0,4,422728.6815,105682.170375,0.1346153846153846,34,12,4,117,5498.677038461538,4,422728.6815,105682.170375,0.1346153846153846,34,12,4,117,5498.677038461538
1338,0,7,964454.7175,137779.24535714285,0.1236842105263158,53,18,5,63,10515.941447368421,7,964454.7175,137779.24535714285,0.1236842105263158,53,18,5,63,10515.941447368421
3986,0,9,1493979.9925,165997.77694444443,0.1,72,25,4,20,11797.322314814815,9,1493979.9925,165997.77694444443,0.1,72,25,4,20,11797.322314814815
2768,0,10,1016473.4434999999,101647.34435,0.075,48,19,5,75,12263.090175,10,1016473.4434999999,101647.34435,0.075,48,19,5,75,12263.090175
4797,0,1,285904.743,285904.743,0.09999999999999999,8,3,2,351,31357.297666666665,1,285904.743,285904.743,0.09999999999999999,8,3,2,351,31357.297666666665
2054,1,9,910292.364,101143.59599999999,0.12222222222222223,44,17,5,227,10134.503,9,910292.364,101143.59599999999,0.12222222222222223,44,17,5,227,10134.503
16,0,7,1436536.188,205219.45542857144,0.10434782608695652,60,21,5,6,17172.032956521736,7,1436536.188,205219.45542857144,0.10434782608695652,60,21,5,6,17172.032956521736
2598,0,7,888019.9284999999,126859.98978571428,0.0975,49,19,5,163,11209.365425,7,888019.9284999999,126859.98978571428,0.0975,49,19,5,163,11209.365425
627,0,6,760556.515,126759.41916666664,0.08461538461538462,43,13,5,87,13648.984230769229,6,760556.515,126759.41916666664,0.08461538461538462,43,13,5,87,13648.984230769229
2060,1,4,568101.9255,142025.481375,0.1,21,11,5,48,10380.552318181815,4,568101.9255,142025.481375,0.1,21,11,5,48,10380.552318181815
3957,0,8,888398.375,111049.796875,0.10652173913043479,62,23,5,132,6651.530652173912,8,888398.375,111049.796875,0.10652173913043479,62,23,5,132,6651.530652173912
1855,1,6,1024072.2609999999,170678.71016666666,0.11176470588235295,53,17,5,101,12309.80711764706,6,1024072.2609999999,170678.71016666666,0.11176470588235295,53,17,5,101,12309.80711764706
1602,1,3,373745.87,124581.95666666667,0.043750000000000004,19,8,3,284,15339.535000000002,3,373745.87,124581.95666666667,0.043750000000000004,19,8,3,284,15339.535000000002
2385,0,5,545283.6795000001,109056.73590000001,0.10909090909090909,30,11,4,10,7958.306318181821,5,545283.6795000001,109056.73590000001,0.10909090909090909,30,11,4,10,7958.306318181821
1096,0,6,932251.0555,155375.17591666666,0.11388888888888887,50,17,5,21,11638.38086111111,6,932251.0555,155375.17591666666,0.11388888888888887,50,17,5,21,11638.38086111111
2936,0,7,538194.587,76884.94099999999,0.12142857142857143,36,14,5,115,7925.9647857142845,7,538194.587,76884.94099999999,0.12142857142857143,36,14,5,115,7925.9647857142845
2432,0,7,630264.6435,90037.80621428571,0.0736842105263158,38,19,5,31,8265.517552631578,7,630264.6435,90037.80621428571,0.0736842105263158,38,19,5,31,8265.517552631578
3187,0,7,886411.1745,126630.16778571428,0.09666666666666666,36,15,5,243,14554.828300000003,7,886411.1745,126630.16778571428,0.09666666666666666,36,15,5,243,14554.828300000003
1426,0,3,166242.2175,55414.0725,0.13,10,5,3,95,2535.4015000000018,3,166242.2175,55414.0725,0.13,10,5,3,95,2535.4015000000018
3119,0,6,559947.1285,93324.52141666667,0.09545454545454546,32,10,4,228,12612.68077272727,6,559947.1285,93324.52141666667,0.09545454545454546,32,10,4,228,12612.68077272727
1429,0,3,269257.222,89752.40733333334,0.07857142857142858,19,7,5,159,10227.477428571428,3,269257.222,89752.40733333334,0.07857142857142858,19,7,5,159,10227.477428571428
3081,1,5,733483.132,146696.6264,0.04,30,10,5,121,18436.8482,5,733483.132,146696.6264,0.04,30,10,5,121,18436.8482
2900,0,6,983288.8859999999,163881.481,0.07941176470588236,43,17,5,206,12272.116235294116,6,983288.8859999999,163881.481,0.07941176470588236,43,17,5,206,12272.116235294116
1305,0,3,453432.8775,151144.2925,0.12777777777777777,26,9,3,217,6920.2319444444465,3,453432.8775,151144.2925,0.12777777777777777,26,9,3,217,6920.2319444444465
2914,1,7,961095.348,137299.33542857142,0.0868421052631579,48,18,5,72,12434.77147368421,7,961095.348,137299.33542857142,0.0868421052631579,48,18,5,72,12434.77147368421
1207,0,6,703221.1494999999,117203.52491666668,0.1,30,13,5,40,14526.284576923075,6,703221.1494999999,117203.52491666668,0.1,30,13,5,40,14526.284576923075
2605,0,2,189877.4485,94938.72425,0.15,7,4,3,303,8740.414624999998,2,189877.4485,94938.72425,0.15,7,4,3,303,8740.414624999998
3673,0,5,876757.7245,175351.5449,0.12250000000000001,55,20,5,101,11402.955225,5,876757.7245,175351.5449,0.12250000000000001,55,20,5,101,11402.955225
2676,0,6,829637.3025,138272.88375,0.1261904761904762,49,21,5,50,9322.078690476192,6,829637.3025,138272.88375,0.1261904761904762,49,21,5,50,9322.078690476192
4191,0,6,665670.406,110945.06766666665,0.109375,35,16,5,182,8269.945375,6,665670.406,110945.06766666665,0.109375,35,16,5,182,8269.945375
3160,0,7,777367.6615,111052.52307142856,0.109375,39,15,5,23,12213.818218749999,7,777367.6615,111052.52307142856,0.109375,39,15,5,23,12213.818218749999
2554,1,4,529096.735,132274.18375,0.09444444444444444,21,9,4,42,16332.441666666668,4,529096.735,132274.18375,0.09444444444444444,21,9,4,42,16332.441666666668
4845,0,6,556963.2045,92827.20075,0.09166666666666667,29,11,4,331,9516.807041666669,6,556963.2045,92827.20075,0.09166666666666667,29,11,4,331,9516.807041666669
278,0,5,660665.9940000001,132133.1988,0.125,29,12,5,368,11470.987833333338,5,660665.9940000001,132133.1988,0.125,29,12,5,368,11470.987833333338
1771,1,7,1257183.2425,179597.6060714286,0.0976190476190476,57,21,5,60,15916.944404761905,7,1257183.2425,179597.6060714286,0.0976190476190476,57,21,5,60,15916.944404761905
1085,0,5,393976.8805,78795.3761,0.10555555555555556,15,9,5,234,10404.12338888889,5,393976.8805,78795.3761,0.10555555555555556,15,9,5,234,10404.12338888889
999,1,4,185615.252,46403.813,0.125,12,4,3,391,9931.665500000003,4,185615.252,46403.813,0.125,12,4,3,391,9931.665500000003
4577,0,5,959275.5205,191855.10410000003,0.12666666666666665,41,15,5,481,11181.601366666668,5,959275.5205,191855.10410000003,0.12666666666666665,41,15,5,481,11181.601366666668
1287,0,6,891873.1965,148645.53274999998,0.09333333333333332,38,15,5,233,14976.5431,6,891873.1965,148645.53274999998,0.09333333333333332,38,15,5,233,14976.5431
3823,0,10,1083824.2535,108382.42535,0.1,54,20,5,123,9977.88492857143,10,1083824.2535,108382.42535,0.1,54,20,5,123,9977.88492857143
1861,1,3,307935.65449999995,102645.21816666664,0.075,15,7,4,60,8286.151812499997,3,307935.65449999995,102645.21816666664,0.075,15,7,4,60,8286.151812499997
4244,0,7,838732.794,119818.97057142857,0.06153846153846154,39,13,5,134,17213.39492307692,7,838732.794,119818.97057142857,0.06153846153846154,39,13,5,134,17213.39492307692
3100,1,5,461072.56200000003,92214.5124,0.1346153846153846,29,12,5,506,5898.464000000001,5,461072.56200000003,92214.5124,0.1346153846153846,29,12,5,506,5898.464000000001
1008,0,5,714345.185,142869.037,0.08636363636363636,29,11,4,27,17640.875000000004,5,714345.185,142869.037,0.08636363636363636,29,11,4,27,17640.875000000004
967,0,6,769987.549,128331.25816666667,0.096875,41,16,5,6,11478.973062500001,6,769987.549,128331.25816666667,0.096875,41,16,5,6,11478.973062500001
3152,1,5,727116.585,145423.31699999998,0.08461538461538462,36,13,5,25,12598.991153846153,5,727116.585,145423.31699999998,0.08461538461538462,36,13,5,25,12598.991153846153
2005,0,8,1384152.716,173019.0895,0.08,69,24,5,109,14991.276639999998,8,1384152.716,173019.0895,0.08,69,24,5,109,14991.276639999998
639,0,13,1467964.411,112920.3393076923,0.09393939393939395,74,30,5,9,9120.667909090907,13,1467964.411,112920.3393076923,0.09393939393939395,74,30,5,9,9120.667909090907
1994,0,9,1598426.0255,177602.8917222222,0.10800000000000001,68,24,5,27,14143.428619999999,9,1598426.0255,177602.8917222222,0.10800000000000001,68,24,5,27,14143.428619999999
4726,0,4,433615.3345,108403.833625,0.06818181818181818,25,11,5,232,10331.399499999998,4,433615.3345,108403.833625,0.06818181818181818,25,11,5,232,10331.399499999998
250,1,2,377239.67600000004,188619.83800000002,0.10714285714285714,23,7,4,334,8434.556571428575,2,377239.67600000004,188619.83800000002,0.10714285714285714,23,7,4,334,8434.556571428575
3253,0,1,69194.074,69194.074,0.175,3,2,1,284,9350.921999999999,1,69194.074,69194.074,0.175,3,2,1,284,9350.921999999999
2305,1,6,527064.4645,87844.07741666667,0.0625,28,12,5,3,10646.915374999999,6,527064.4645,87844.07741666667,0.0625,28,12,5,3,10646.915374999999
2501,0,6,1289041.2965,214840.21608333333,0.12105263157894738,56,18,5,62,14458.501394736844,6,1289041.2965,214840.21608333333,0.12105263157894738,56,18,5,62,14458.501394736844
78,0,6,680958.336,113493.056,0.10714285714285714,33,14,5,60,10140.283999999998,6,680958.336,113493.056,0.10714285714285714,33,14,5,60,10140.283999999998
3606,1,11,1312099.138,119281.73981818183,0.07222222222222222,73,26,5,26,13808.816592592593,11,1312099.138,119281.73981818183,0.07222222222222222,73,26,5,26,13808.816592592593
4873,0,4,715266.61,178816.6525,0.08076923076923077,43,13,5,191,13696.47230769231,4,715266.61,178816.6525,0.08076923076923077,43,13,5,191,13696.47230769231
1440,0,4,347400.6525,86850.163125,0.08333333333333333,21,9,5,92,12014.134722222221,4,347400.6525,86850.163125,0.08333333333333333,21,9,5,92,12014.134722222221
959,0,5,540629.1444999999,108125.82890000001,0.08666666666666667,29,15,5,91,9936.621633333334,5,540629.1444999999,108125.82890000001,0.08666666666666667,29,15,5,91,9936.621633333334
2760,0,4,771808.4175,192952.104375,0.06818181818181818,30,11,5,388,16457.597954545454,4,771808.4175,192952.104375,0.06818181818181818,30,11,5,388,16457.597954545454
1893,0,8,1099030.591,137378.823875,0.1,52,21,5,18,13860.755954545455,8,1099030.591,137378.823875,0.1,52,21,5,18,13860.755954545455
676,1,4,500236.053,125059.01325,0.11500000000000002,26,10,5,93,10462.257300000001,4,500236.053,125059.01325,0.11500000000000002,26,10,5,93,10462.257300000001
3077,1,3,346800.391,115600.13033333333,0.13125,24,8,4,436,8383.500125000002,3,346800.391,115600.13033333333,0.13125,24,8,4,436,8383.500125000002
645,0,7,942075.7075,134582.24392857144,0.11000000000000001,51,19,5,16,11252.935375,7,942075.7075,134582.24392857144,0.11000000000000001,51,19,5,16,11252.935375
234,0,5,796553.6195,159310.7239,0.096875,38,16,5,171,13347.00684375,5,796553.6195,159310.7239,0.096875,38,16,5,171,13347.00684375
2666,0,4,519303.54150000005,129825.88537500001,0.10909090909090909,22,11,4,155,12382.241954545456,4,519303.54150000005,129825.88537500001,0.10909090909090909,22,11,4,155,12382.241954545456
3842,0,3,197457.33899999998,65819.113,0.1375,13,8,5,56,6288.936124999999,3,197457.33899999998,65819.113,0.1375,13,8,5,56,6288.936124999999
1721,1,5,657197.496,131439.49920000002,0.13846153846153847,37,13,5,62,12262.336615384615,5,657197.496,131439.49920000002,0.13846153846153847,37,13,5,62,12262.336615384615
3111,1,7,745295.4145,106470.77350000001,0.07142857142857142,34,14,5,49,17012.081035714284,7,745295.4145,106470.77350000001,0.07142857142857142,34,14,5,49,17012.081035714284
2836,0,6,656040.985,109340.16416666667,0.09411764705882353,36,17,5,11,8566.793235294119,6,656040.985,109340.16416666667,0.09411764705882353,36,17,5,11,8566.793235294119
551,0,7,736579.892,105225.69885714287,0.08333333333333333,35,12,5,3,15166.425166666668,7,736579.892,105225.69885714287,0.08333333333333333,35,12,5,3,15166.425166666668
4352,1,6,850922.485,141820.41416666665,0.13333333333333333,39,15,5,131,12886.886999999995,6,850922.485,141820.41416666665,0.13333333333333333,39,15,5,131,12886.886999999995
193,0,6,705858.9405,117643.15675000001,0.140625,43,16,5,7,8872.115656250002,6,705858.9405,117643.15675000001,0.140625,43,16,5,7,8872.115656250002
3613,1,5,624556.1429999999,124911.22859999999,0.0923076923076923,33,12,4,34,12721.432538461539,5,624556.1429999999,124911.22859999999,0.0923076923076923,33,12,4,34,12721.432538461539
4469,1,6,728088.9335,121348.15558333334,0.10312500000000001,44,16,5,25,11689.730843750001,6,728088.9335,121348.15558333334,0.10312500000000001,44,16,5,25,11689.730843750001
715,0,7,1007709.0315,143958.4330714286,0.10555555555555556,50,16,5,250,11778.947861111112,7,1007709.0315,143958.4330714286,0.10555555555555556,50,16,5,250,11778.947861111112
4972,0,7,1062543.5175,151791.93107142858,0.09210526315789473,43,18,5,97,16725.28144736842,7,1062543.5175,151791.93107142858,0.09210526315789473,43,18,5,97,16725.28144736842
275,0,5,586505.6425,117301.12849999999,0.06071428571428572,30,13,4,355,12371.646607142857,5,586505.6425,117301.12849999999,0.06071428571428572,30,13,4,355,12371.646607142857
2256,1,6,549017.3735,91502.89558333333,0.1346153846153846,30,12,5,294,10416.02719230769,6,549017.3735,91502.89558333333,0.1346153846153846,30,12,5,294,10416.02719230769
435,0,3,393933.90150000004,131311.3005,0.10000000000000002,17,6,4,12,7330.211916666671,3,393933.90150000004,131311.3005,0.10000000000000002,17,6,4,12,7330.211916666671
496,0,5,776654.728,155330.9456,0.115625,41,16,5,80,10991.613,5,776654.728,155330.9456,0.115625,41,16,5,80,10991.613
2233,0,5,459531.7065,91906.3413,0.1,20,10,4,96,9520.939649999997,5,459531.7065,91906.3413,0.1,20,10,4,96,9520.939649999997
1770,0,3,286075.55449999997,95358.51816666666,0.09375,19,7,5,186,8636.936812499996,3,286075.55449999997,95358.51816666666,0.09375,19,7,5,186,8636.936812499996
4668,1,5,552050.228,110410.0456,0.11000000000000001,25,10,5,21,14593.205800000002,5,552050.228,110410.0456,0.11000000000000001,25,10,5,21,14593.205800000002
4022,0,7,653132.4855,93304.64078571428,0.09999999999999999,31,12,4,105,16557.267958333334,7,653132.4855,93304.64078571428,0.09999999999999999,31,12,4,105,16557.267958333334
1857,0,5,540346.576,108069.3152,0.06875,36,16,5,112,7281.336625,5,540346.576,108069.3152,0.06875,36,16,5,112,7281.336625
3456,0,2,28379.165999999997,14189.582999999999,0.125,2,2,2,393,2894.8529999999996,2,28379.165999999997,14189.582999999999,0.125,2,2,2,393,2894.8529999999996
4807,0,5,552637.8175,110527.5635,0.09583333333333334,21,10,5,34,11585.427291666667,5,552637.8175,110527.5635,0.09583333333333334,21,10,5,34,11585.427291666667
3248,1,5,932023.984,186404.79679999998,0.08928571428571429,40,14,5,73,16814.831,5,932023.984,186404.79679999998,0.08928571428571429,40,14,5,73,16814.831
3167,0,3,270813.36049999995,90271.12016666665,0.07857142857142858,14,7,4,155,7594.5072142857125,3,270813.36049999995,90271.12016666665,0.07857142857142858,14,7,4,155,7594.5072142857125
1132,0,7,907162.6445,129594.66350000001,0.12045454545454545,54,21,5,53,8564.27656818182,7,907162.6445,129594.66350000001,0.12045454545454545,54,21,5,53,8564.27656818182
402,1,4,493236.4575,123309.114375,0.10714285714285714,19,7,4,77,14684.582500000004,4,493236.4575,123309.114375,0.10714285714285714,19,7,4,77,14684.582500000004
4201,0,8,1195160.8784999999,149395.10981249998,0.08157894736842106,46,19,5,141,17863.865184210525,8,1195160.8784999999,149395.10981249998,0.08157894736842106,46,19,5,141,17863.865184210525
4396,1,5,567869.892,113573.97839999999,0.05909090909090909,25,11,4,39,11477.417454545452,5,567869.892,113573.97839999999,0.05909090909090909,25,11,4,39,11477.417454545452
663,0,4,492539.515,123134.87875,0.1318181818181818,29,11,4,146,6791.783181818182,4,492539.515,123134.87875,0.1318181818181818,29,11,4,146,6791.783181818182
3573,0,5,532388.0545,106477.6109,0.125,31,10,4,3,10551.878449999998,5,532388.0545,106477.6109,0.125,31,10,4,3,10551.878449999998
3555,0,6,772108.0135,128684.66891666666,0.09333333333333334,42,15,5,207,8899.615566666667,6,772108.0135,128684.66891666666,0.09333333333333334,42,15,5,207,8899.615566666667
3026,0,2,379972.748,189986.374,0.06000000000000001,11,5,3,243,24936.0456,2,379972.748,189986.374,0.06000000000000001,11,5,3,243,24936.0456
2257,0,7,703683.09,100526.1557142857,0.1,47,19,5,98,9385.054999999998,7,703683.09,100526.1557142857,0.1,47,19,5,98,9385.054999999998
2625,0,13,1664111.3775,128008.56749999999,0.07727272727272728,77,30,5,91,13312.841742424242,13,1664111.3775,128008.56749999999,0.07727272727272728,77,30,5,91,13312.841742424242
3346,0,4,453602.8525,113400.713125,0.09545454545454546,27,11,5,139,8266.901136363638,4,453602.8525,113400.713125,0.09545454545454546,27,11,5,139,8266.901136363638
127,0,6,1123642.4435,187273.74058333333,0.0875,57,20,5,46,16410.692175,6,1123642.4435,187273.74058333333,0.0875,57,20,5,46,16410.692175
2755,0,6,834092.5260000001,139015.421,0.11470588235294119,45,16,5,51,9399.09211764706,6,834092.5260000001,139015.421,0.11470588235294119,45,16,5,51,9399.09211764706
798,0,3,106724.3745,35574.7915,0.0875,10,4,4,140,7295.216125,3,106724.3745,35574.7915,0.0875,10,4,4,140,7295.216125
2950,0,5,575366.0485,115073.2097,0.09166666666666667,34,12,5,104,12468.422375,5,575366.0485,115073.2097,0.09166666666666667,34,12,5,104,12468.422375
1245,1,3,341421.46150000003,113807.15383333333,0.06875,17,8,4,632,7268.491437500002,3,341421.46150000003,113807.15383333333,0.06875,17,8,4,632,7268.491437500002
3579,0,2,70476.554,35238.277,0.08333333333333333,6,3,3,23,3549.8846666666673,2,70476.554,35238.277,0.08333333333333333,6,3,3,23,3549.8846666666673
4402,1,5,562488.685,112497.73700000001,0.09545454545454546,25,11,5,378,12062.560454545455,5,562488.685,112497.73700000001,0.09545454545454546,25,11,5,378,12062.560454545455
1257,1,5,844348.4674999999,168869.6935,0.06470588235294118,36,16,5,130,14811.011617647058,5,844348.4674999999,168869.6935,0.06470588235294118,36,16,5,130,14811.011617647058
4866,0,4,537288.5395,134322.134875,0.11499999999999999,28,10,5,10,14575.706949999998,4,537288.5395,134322.134875,0.11499999999999999,28,10,5,10,14575.706949999998
3508,0,5,842426.272,168485.25439999998,0.08571428571428572,39,14,5,135,14316.805142857145,5,842426.272,168485.25439999998,0.08571428571428572,39,14,5,135,14316.805142857145
4952,0,5,638089.66,127617.932,0.10357142857142858,37,14,5,129,9896.709999999997,5,638089.66,127617.932,0.10357142857142858,37,14,5,129,9896.709999999997
1088,0,5,511475.31799999997,102295.0636,0.10909090909090909,31,11,5,70,8096.8161818181825,5,511475.31799999997,102295.0636,0.10909090909090909,31,11,5,70,8096.8161818181825
4404,0,4,461545.162,115386.2905,0.09999999999999999,23,12,5,91,11385.205166666667,4,461545.162,115386.2905,0.09999999999999999,23,12,5,91,11385.205166666667
932,0,9,1326519.5875000001,147391.06527777776,0.12,63,22,5,16,11863.564700000003,9,1326519.5875000001,147391.06527777776,0.12,63,22,5,16,11863.564700000003
3974,1,7,866007.6075,123715.37250000001,0.09736842105263159,48,19,5,73,9789.644078947367,7,866007.6075,123715.37250000001,0.09736842105263159,48,19,5,73,9789.644078947367
2735,0,7,942338.333,134619.76185714285,0.07777777777777778,51,18,5,40,12670.082944444446,7,942338.333,134619.76185714285,0.07777777777777778,51,18,5,40,12670.082944444446
393,0,5,456533.59550000005,91306.7191,0.11363636363636363,26,9,4,97,8014.333227272728,5,456533.59550000005,91306.7191,0.11363636363636363,26,9,4,97,8014.333227272728
2945,0,5,425349.779,85069.9558,0.11666666666666667,22,9,4,26,10132.394333333334,5,425349.779,85069.9558,0.11666666666666667,22,9,4,26,10132.394333333334
837,1,7,1232826.861,176118.123,0.12142857142857144,56,21,4,19,13213.353857142856,7,1232826.861,176118.123,0.12142857142857144,56,21,4,19,13213.353857142856
3143,1,5,597708.075,119541.61499999999,0.11923076923076924,31,13,4,43,7923.131153846153,5,597708.075,119541.61499999999,0.11923076923076924,31,13,4,43,7923.131153846153
1392,0,2,165108.8265,82554.41325,0.09999999999999999,9,3,2,342,14386.895499999999,2,165108.8265,82554.41325,0.09999999999999999,9,3,2,342,14386.895499999999
1198,0,9,851503.415,94611.49055555556,0.103125,39,16,4,86,12629.8603125,9,851503.415,94611.49055555556,0.103125,39,16,4,86,12629.8603125
1916,1,8,896527.94,112065.9925,0.07727272727272727,49,21,5,67,7192.598181818181,8,896527.94,112065.9925,0.07727272727272727,49,21,5,67,7192.598181818181
2818,1,6,695982.905,115997.15083333333,0.0911764705882353,44,16,5,82,9699.531470588236,6,695982.905,115997.15083333333,0.0911764705882353,44,16,5,82,9699.531470588236
3558,0,4,529829.391,132457.34775000002,0.10416666666666667,32,12,5,8,6484.696749999999,4,529829.391,132457.34775000002,0.10416666666666667,32,12,5,8,6484.696749999999
4607,0,6,455264.548,75877.42466666667,0.12083333333333333,31,12,5,11,9537.348166666665,6,455264.548,75877.42466666667,0.12083333333333333,31,12,5,11,9537.348166666665
4018,0,5,766025.5005,153205.10009999998,0.07941176470588236,48,17,5,41,9880.731205882352,5,766025.5005,153205.10009999998,0.07941176470588236,48,17,5,41,9880.731205882352
1723,0,6,716364.6195,119394.10325,0.10625,40,15,5,46,8800.58996875,6,716364.6195,119394.10325,0.10625,40,15,5,46,8800.58996875
3720,1,3,483351.945,161117.31500000003,0.09,27,10,4,83,7352.365500000003,3,483351.945,161117.31500000003,0.09,27,10,4,83,7352.365500000003
2346,0,8,1112237.842,139029.73025,0.11590909090909092,56,22,5,27,11080.404636363635,8,1112237.842,139029.73025,0.11590909090909092,56,22,5,27,11080.404636363635
525,0,5,574624.678,114924.93560000001,0.11818181818181818,28,11,5,6,12791.003454545455,5,574624.678,114924.93560000001,0.11818181818181818,28,11,5,6,12791.003454545455
141,0,2,158688.897,79344.4485,0.05,11,5,4,668,9634.795399999997,2,158688.897,79344.4485,0.05,11,5,4,668,9634.795399999997
841,0,7,636196.4575,90885.20821428571,0.08,32,14,5,273,11904.385166666667,7,636196.4575,90885.20821428571,0.08,32,14,5,273,11904.385166666667
1565,1,11,1362955.1255,123905.01140909092,0.11481481481481481,69,26,5,8,10669.024648148148,11,1362955.1255,123905.01140909092,0.11481481481481481,69,26,5,8,10669.024648148148
1604,0,6,905842.4434999999,150973.74058333333,0.1,47,20,5,20,10898.718675,6,905842.4434999999,150973.74058333333,0.1,47,20,5,20,10898.718675
3641,1,5,1021132.519,204226.5038,0.10294117647058823,47,17,5,373,13746.65994117647,5,1021132.519,204226.5038,0.10294117647058823,47,17,5,373,13746.65994117647
1325,0,7,902105.786,128872.25514285713,0.09000000000000001,39,14,5,28,17438.867733333333,7,902105.786,128872.25514285713,0.09000000000000001,39,14,5,28,17438.867733333333
180,0,5,581470.0734999999,116294.01469999999,0.08333333333333333,30,12,5,122,8558.675291666665,5,581470.0734999999,116294.01469999999,0.08333333333333333,30,12,5,122,8558.675291666665
3057,0,9,1008014.7115,112001.6346111111,0.11500000000000002,53,19,5,154,12676.850575,9,1008014.7115,112001.6346111111,0.11500000000000002,53,19,5,154,12676.850575
691,1,8,832687.2725,104085.9090625,0.09000000000000001,35,14,5,23,14103.82216666667,8,832687.2725,104085.9090625,0.09000000000000001,35,14,5,23,14103.82216666667
2145,0,5,654098.5215,130819.70430000001,0.08125,22,8,4,310,24118.2764375,5,654098.5215,130819.70430000001,0.08125,22,8,4,310,24118.2764375
1017,1,6,518281.48949999997,86380.24824999999,0.09166666666666667,25,11,5,38,12959.354958333332,6,518281.48949999997,86380.24824999999,0.09166666666666667,25,11,5,38,12959.354958333332
2857,0,7,847262.703,121037.529,0.07333333333333333,44,14,5,174,9228.328866666667,7,847262.703,121037.529,0.07333333333333333,44,14,5,174,9228.328866666667
1324,1,5,468988.0485,93797.6097,0.10909090909090909,31,11,4,54,9298.81531818182,5,468988.0485,93797.6097,0.10909090909090909,31,11,4,54,9298.81531818182
1112,1,5,534256.885,106851.37700000001,0.10909090909090909,32,11,4,46,7693.645000000003,5,534256.885,106851.37700000001,0.10909090909090909,32,11,4,46,7693.645000000003
4399,0,3,319278.2025,106426.06749999999,0.10714285714285714,23,7,4,705,8042.956071428568,3,319278.2025,106426.06749999999,0.10714285714285714,23,7,4,705,8042.956071428568
3835,0,4,593140.6429999999,148285.16074999998,0.03333333333333333,23,9,4,98,20932.822555555555,4,593140.6429999999,148285.16074999998,0.03333333333333333,23,9,4,98,20932.822555555555
1109,1,3,344713.3135,114904.43783333333,0.14444444444444446,19,9,5,137,10977.297055555557,3,344713.3135,114904.43783333333,0.14444444444444446,19,9,5,137,10977.297055555557
2527,0,4,344585.8055,86146.451375,0.09166666666666667,24,12,5,66,7608.657125000001,4,344585.8055,86146.451375,0.09166666666666667,24,12,5,66,7608.657125000001
1888,1,2,50388.6275,25194.31375,0.15,8,3,2,197,4751.215833333333,2,50388.6275,25194.31375,0.15,8,3,2,197,4751.215833333333
750,0,4,492709.413,123177.35325,0.1,24,9,5,27,13941.892555555554,4,492709.413,123177.35325,0.1,24,9,5,27,13941.892555555554
1618,0,4,558441.328,139610.332,0.08461538461538462,28,12,5,35,10342.921384615387,4,558441.328,139610.332,0.08461538461538462,28,12,5,35,10342.921384615387
624,0,5,593937.6645,118787.53289999999,0.11153846153846153,26,13,5,148,11021.182653846152,5,593937.6645,118787.53289999999,0.11153846153846153,26,13,5,148,11021.182653846152
2661,1,2,207038.9945,103519.49724999999,0.1,11,5,4,531,13746.856899999995,2,207038.9945,103519.49724999999,0.1,11,5,4,531,13746.856899999995
2630,0,6,949323.4805,158220.58008333333,0.10882352941176471,38,17,5,264,14312.18238235294,6,949323.4805,158220.58008333333,0.10882352941176471,38,17,5,264,14312.18238235294
4065,1,6,750690.618,125115.103,0.09285714285714286,36,14,5,40,14373.761999999999,6,750690.618,125115.103,0.09285714285714286,36,14,5,40,14373.761999999999
4076,0,4,261652.96399999998,65413.240999999995,0.09375,19,8,4,65,10140.834249999998,4,261652.96399999998,65413.240999999995,0.09375,19,8,4,65,10140.834249999998
3117,1,9,825267.23,91696.35888888889,0.12,46,20,5,64,7351.472,9,825267.23,91696.35888888889,0.12,46,20,5,64,7351.472
3927,1,6,847440.896,141240.14933333333,0.1,38,15,5,95,11899.012400000001,6,847440.896,141240.14933333333,0.1,38,15,5,95,11899.012400000001
1401,0,4,389139.39050000004,97284.84762500001,0.14545454545454548,26,11,5,22,6874.879136363636,4,389139.39050000004,97284.84762500001,0.14545454545454548,26,11,5,22,6874.879136363636
2906,1,5,399884.267,79976.85339999999,0.09444444444444446,26,9,5,11,6946.858555555555,5,399884.267,79976.85339999999,0.09444444444444446,26,9,5,11,6946.858555555555
2320,0,7,738341.304,105477.32914285714,0.109375,41,16,5,208,8160.607125,7,738341.304,105477.32914285714,0.109375,41,16,5,208,8160.607125
2568,0,3,345956.21499999997,115318.73833333333,0.09285714285714286,16,7,4,49,9635.577857142855,3,345956.21499999997,115318.73833333333,0.09285714285714286,16,7,4,49,9635.577857142855
573,0,5,342658.668,68531.7336,0.1375,19,7,4,122,8961.36225,5,342658.668,68531.7336,0.1375,19,7,4,122,8961.36225
4135,1,4,329751.6085,82437.902125,0.09375,20,7,3,0,8735.837312499998,4,329751.6085,82437.902125,0.09375,20,7,3,0,8735.837312499998
1824,0,4,524080.022,131020.0055,0.10454545454545454,26,11,4,30,10064.367454545456,4,524080.022,131020.0055,0.10454545454545454,26,11,4,30,10064.367454545456
1142,0,8,1036823.4625,129602.9328125,0.1,51,20,5,27,12112.681625000001,8,1036823.4625,129602.9328125,0.1,51,20,5,27,12112.681625000001
4517,0,6,662756.6045,110459.43408333334,0.060714285714285714,34,14,5,178,12342.756035714283,6,662756.6045,110459.43408333334,0.060714285714285714,34,14,5,178,12342.756035714283
4170,0,4,359609.99199999997,89902.498,0.08636363636363636,22,11,4,58,8767.558363636364,4,359609.99199999997,89902.498,0.08636363636363636,22,11,4,58,8767.558363636364
2226,1,6,682700.1065,113783.35108333333,0.11470588235294119,39,17,5,102,9215.609794117647,6,682700.1065,113783.35108333333,0.11470588235294119,39,17,5,102,9215.609794117647
3361,1,4,409829.623,102457.40575,0.14500000000000002,22,10,4,74,7480.907300000002,4,409829.623,102457.40575,0.14500000000000002,22,10,4,74,7480.907300000002
2313,0,4,329644.285,82411.07125,0.14375000000000002,20,8,3,115,7506.700624999999,4,329644.285,82411.07125,0.14375000000000002,20,8,3,115,7506.700624999999
4311,0,6,601893.8250000001,100315.63750000001,0.128125,33,16,5,200,5940.564687500001,6,601893.8250000001,100315.63750000001,0.128125,33,16,5,200,5940.564687500001
851,0,9,1538237.044,170915.2271111111,0.09423076923076924,67,26,5,103,15949.71476923077,9,1538237.044,170915.2271111111,0.09423076923076924,67,26,5,103,15949.71476923077
2194,0,5,477052.308,95410.46160000001,0.10909090909090909,33,11,4,100,9717.098909090912,5,477052.308,95410.46160000001,0.10909090909090909,33,11,4,100,9717.098909090912
4236,1,7,1088623.5585,155517.6512142857,0.09565217391304348,58,22,5,59,11912.480369565217,7,1088623.5585,155517.6512142857,0.09565217391304348,58,22,5,59,11912.480369565217
374,0,7,734958.633,104994.09042857142,0.08750000000000001,37,16,5,85,12059.557062499998,7,734958.633,104994.09042857142,0.08750000000000001,37,16,5,85,12059.557062499998
4852,0,3,300048.9425,100016.31416666666,0.075,14,6,5,29,15018.527083333332,3,300048.9425,100016.31416666666,0.075,14,6,5,29,15018.527083333332
1986,1,5,447934.1715,89586.83429999999,0.096875,30,15,5,187,5500.16196875,5,447934.1715,89586.83429999999,0.096875,30,15,5,187,5500.16196875
727,0,4,572002.6005,143000.650125,0.08,26,10,5,154,12021.247049999998,4,572002.6005,143000.650125,0.08,26,10,5,154,12021.247049999998
2533,0,7,777022.309,111003.187,0.096875,42,14,5,95,10574.844312500001,7,777022.309,111003.187,0.096875,42,14,5,95,10574.844312500001
710,0,6,379553.501,63258.91683333333,0.08181818181818182,24,11,5,79,8606.753727272728,6,379553.501,63258.91683333333,0.08181818181818182,24,11,5,79,8606.753727272728
4558,0,7,776851.5825,110978.7975,0.09285714285714286,53,21,5,327,9085.831547619047,7,776851.5825,110978.7975,0.09285714285714286,53,21,5,327,9085.831547619047
3189,1,3,626667.0725,208889.02416666667,0.1,23,9,4,71,20769.808055555557,3,626667.0725,208889.02416666667,0.1,23,9,4,71,20769.808055555557
1165,0,7,822612.7270000001,117516.10385714285,0.1264705882352941,43,17,5,5,8281.17923529412,7,822612.7270000001,117516.10385714285,0.1264705882352941,43,17,5,5,8281.17923529412
235,1,4,455705.108,113926.277,0.11500000000000002,22,10,4,673,9691.029799999998,4,455705.108,113926.277,0.11500000000000002,22,10,4,673,9691.029799999998
724,0,3,377800.8365,125933.61216666666,0.1142857142857143,18,7,3,455,9118.178071428572,3,377800.8365,125933.61216666666,0.1142857142857143,18,7,3,455,9118.178071428572
148,0,9,701357.8775,77928.65305555555,0.07666666666666666,39,15,4,378,10856.629166666664,9,701357.8775,77928.65305555555,0.07666666666666666,39,15,4,378,10856.629166666664
4667,0,5,775491.0015,155098.2003,0.09666666666666668,33,15,5,11,11703.729433333334,5,775491.0015,155098.2003,0.09666666666666668,33,15,5,11,11703.729433333334
1537,0,5,571047.094,114209.41879999998,0.09583333333333333,31,12,5,3,11381.754499999997,5,571047.094,114209.41879999998,0.09583333333333333,31,12,5,3,11381.754499999997
2296,0,6,598346.929,99724.48816666666,0.10588235294117647,35,15,5,187,7411.458176470589,6,598346.929,99724.48816666666,0.10588235294117647,35,15,5,187,7411.458176470589
1970,0,3,438187.0725,146062.3575,0.08,21,10,5,76,11431.364249999999,3,438187.0725,146062.3575,0.08,21,10,5,76,11431.364249999999
3444,1,5,604234.351,120846.8702,0.11153846153846153,30,13,5,171,11991.419307692307,5,604234.351,120846.8702,0.11153846153846153,30,13,5,171,11991.419307692307
3777,0,8,1115185.4145,139398.1768125,0.09523809523809523,60,21,5,134,12732.134499999996,8,1115185.4145,139398.1768125,0.09523809523809523,60,21,5,134,12732.134499999996
4347,0,7,1337307.0965,191043.8709285714,0.11041666666666666,59,24,5,143,11742.014020833332,7,1337307.0965,191043.8709285714,0.11041666666666666,59,24,5,143,11742.014020833332
4897,0,4,636761.9890000001,159190.49725000001,0.13,26,10,4,35,11616.235900000003,4,636761.9890000001,159190.49725000001,0.13,26,10,4,35,11616.235900000003
2769,0,7,1121392.499,160198.9284285714,0.09791666666666667,55,22,5,2,12126.357458333332,7,1121392.499,160198.9284285714,0.09791666666666667,55,22,5,2,12126.357458333332
831,0,10,843075.7544999999,84307.57545,0.11904761904761904,49,20,5,152,7796.12688095238,10,843075.7544999999,84307.57545,0.11904761904761904,49,20,5,152,7796.12688095238
2281,1,4,484062.9845,121015.746125,0.10500000000000001,24,10,4,51,11306.731450000003,4,484062.9845,121015.746125,0.10500000000000001,24,10,4,51,11306.731450000003
137,0,7,906301.888,129471.69828571429,0.1,42,13,3,210,17102.776769230768,7,906301.888,129471.69828571429,0.1,42,13,3,210,17102.776769230768
760,0,9,887890.01,98654.44555555556,0.11363636363636363,43,21,5,80,7772.297272727273,9,887890.01,98654.44555555556,0.11363636363636363,43,21,5,80,7772.297272727273
565,0,5,526172.791,105234.5582,0.10454545454545454,27,11,4,66,8197.391909090908,5,526172.791,105234.5582,0.10454545454545454,27,11,4,66,8197.391909090908
339,0,6,755862.307,125977.05116666667,0.09666666666666666,36,15,5,110,11136.3578,6,755862.307,125977.05116666667,0.09666666666666666,36,15,5,110,11136.3578
1738,0,6,791512.3910000001,131918.73183333335,0.11764705882352941,37,17,5,271,10801.31005882353,6,791512.3910000001,131918.73183333335,0.11764705882352941,37,17,5,271,10801.31005882353
1774,0,7,799513.4365000001,114216.20521428571,0.11470588235294119,50,16,5,11,8677.545676470589,7,799513.4365000001,114216.20521428571,0.11470588235294119,50,16,5,11,8677.545676470589
2220,0,8,551619.177,68952.397125,0.125,40,16,5,66,6892.2916875,8,551619.177,68952.397125,0.125,40,16,5,66,6892.2916875
1183,0,2,455602.398,227801.199,0.09285714285714286,21,6,4,501,15771.161142857143,2,455602.398,227801.199,0.09285714285714286,21,6,4,501,15771.161142857143
4383,0,4,738854.82,184713.70500000002,0.10416666666666667,27,11,3,201,17255.648333333334,4,738854.82,184713.70500000002,0.10416666666666667,27,11,3,201,17255.648333333334
1907,0,8,920703.8865,115087.9858125,0.08333333333333333,57,19,5,70,12494.736023809523,8,920703.8865,115087.9858125,0.08333333333333333,57,19,5,70,12494.736023809523
1173,0,3,552397.0970000001,184132.36566666668,0.08888888888888889,23,9,4,560,20029.609666666667,3,552397.0970000001,184132.36566666668,0.08888888888888889,23,9,4,560,20029.609666666667
3981,0,4,507719.5605,126929.890125,0.09090909090909091,29,11,4,304,12223.895500000002,4,507719.5605,126929.890125,0.09090909090909091,29,11,4,304,12223.895500000002
3197,0,8,798565.3015,99820.6626875,0.0868421052631579,48,19,5,150,11012.75797368421,8,798565.3015,99820.6626875,0.0868421052631579,48,19,5,150,11012.75797368421
2126,0,9,1061752.3295,117972.48105555556,0.11428571428571428,51,21,5,66,12101.062833333333,9,1061752.3295,117972.48105555556,0.11428571428571428,51,21,5,66,12101.062833333333
634,0,4,338124.351,84531.08775,0.09444444444444446,27,9,4,78,7644.405666666667,4,338124.351,84531.08775,0.09444444444444446,27,9,4,78,7644.405666666667
2230,1,4,578249.325,144562.33125,0.08750000000000001,29,12,4,325,12167.15125,4,578249.325,144562.33125,0.08750000000000001,29,12,4,325,12167.15125
4463,1,8,1419264.203,177408.025375,0.10555555555555556,57,27,5,122,13745.96937037037,8,1419264.203,177408.025375,0.10555555555555556,57,27,5,122,13745.96937037037
3464,0,5,689841.6325,137968.3265,0.07142857142857142,33,14,5,183,10966.850892857141,5,689841.6325,137968.3265,0.07142857142857142,33,14,5,183,10966.850892857141
1528,0,5,569763.445,113952.68899999998,0.09333333333333332,30,15,5,262,8634.454999999998,5,569763.445,113952.68899999998,0.09333333333333332,30,15,5,262,8634.454999999998
4329,0,6,634422.5365,105737.08941666665,0.10588235294117647,42,17,5,263,4848.045088235294,6,634422.5365,105737.08941666665,0.10588235294117647,42,17,5,263,4848.045088235294
3902,0,7,762301.596,108900.228,0.0736842105263158,45,18,5,130,9001.004,7,762301.596,108900.228,0.0736842105263158,45,18,5,130,9001.004
1418,1,7,1203865.24,171980.74857142856,0.125,66,20,4,76,14921.078636363636,7,1203865.24,171980.74857142856,0.125,66,20,4,76,14921.078636363636
2831,0,4,568409.77,142102.4425,0.09166666666666667,28,12,4,29,9945.103333333333,4,568409.77,142102.4425,0.09166666666666667,28,12,4,29,9945.103333333333
3864,1,4,282969.532,70742.383,0.09000000000000001,11,5,3,109,10272.098399999999,4,282969.532,70742.383,0.09000000000000001,11,5,3,109,10272.098399999999
955,0,9,1124794.269,124977.141,0.1076923076923077,66,24,5,380,7544.175730769232,9,1124794.269,124977.141,0.1076923076923077,66,24,5,380,7544.175730769232
3816,0,3,449425.54949999996,149808.5165,0.075,19,6,3,155,16358.146583333333,3,449425.54949999996,149808.5165,0.075,19,6,3,155,16358.146583333333
3520,1,11,1608034.4965,146184.9542272727,0.086,64,23,5,103,14883.802259999995,11,1608034.4965,146184.9542272727,0.086,64,23,5,103,14883.802259999995
1260,0,5,627208.2435,125441.64869999999,0.11333333333333333,31,15,5,26,10097.631566666667,5,627208.2435,125441.64869999999,0.11333333333333333,31,15,5,26,10097.631566666667
4985,0,7,1064236.071,152033.72442857144,0.1,45,15,4,90,20460.582733333333,7,1064236.071,152033.72442857144,0.1,45,15,4,90,20460.582733333333
984,1,3,274936.075,91645.35833333334,0.125,22,9,5,307,5155.282499999999,3,274936.075,91645.35833333334,0.125,22,9,5,307,5155.282499999999
4159,0,4,296524.128,74131.032,0.125,19,8,4,175,6746.437250000001,4,296524.128,74131.032,0.125,19,8,4,175,6746.437250000001
1348,0,5,754176.7845,150835.3569,0.0642857142857143,33,14,5,31,14497.36389285714,5,754176.7845,150835.3569,0.0642857142857143,33,14,5,31,14497.36389285714
4340,1,7,897620.284,128231.46914285714,0.1,48,18,5,29,10340.130222222224,7,897620.284,128231.46914285714,0.1,48,18,5,29,10340.130222222224
4735,0,6,321919.149,53653.19149999999,0.07727272727272728,29,11,5,89,5413.911727272727,6,321919.149,53653.19149999999,0.07727272727272728,29,11,5,89,5413.911727272727
392,1,2,200594.88199999998,100297.44099999999,0.06000000000000001,14,5,3,653,6548.7883999999995,2,200594.88199999998,100297.44099999999,0.06000000000000001,14,5,3,653,6548.7883999999995
4150,0,3,180391.70599999998,60130.56866666666,0.11428571428571428,15,7,5,125,6516.007999999997,3,180391.70599999998,60130.56866666666,0.11428571428571428,15,7,5,125,6516.007999999997
4961,0,8,645331.333,80666.416625,0.10500000000000001,45,18,5,433,8239.67465,8,645331.333,80666.416625,0.10500000000000001,45,18,5,433,8239.67465
1531,0,3,427163.899,142387.96633333332,0.06666666666666667,17,6,4,521,21593.976499999997,3,427163.899,142387.96633333332,0.06666666666666667,17,6,4,521,21593.976499999997
1798,0,5,487548.01300000004,97509.60260000001,0.10833333333333334,30,11,4,83,8363.006916666669,5,487548.01300000004,97509.60260000001,0.10833333333333334,30,11,4,83,8363.006916666669
2146,1,5,536048.095,107209.61899999999,0.1076923076923077,34,13,4,146,10454.534230769232,5,536048.095,107209.61899999999,0.1076923076923077,34,13,4,146,10454.534230769232
3130,0,2,213088.428,106544.214,0.1,12,5,2,304,4666.427600000003,2,213088.428,106544.214,0.1,12,5,2,304,4666.427600000003
1972,1,6,643702.9675,107283.82791666668,0.11000000000000001,38,14,5,10,12539.221833333335,6,643702.9675,107283.82791666668,0.11000000000000001,38,14,5,10,12539.221833333335
3769,1,7,819669.335,117095.61928571427,0.09285714285714286,37,12,5,122,15617.36892857143,7,819669.335,117095.61928571427,0.09285714285714286,37,12,5,122,15617.36892857143
1430,0,7,1065452.757,152207.5367142857,0.11904761904761904,53,21,5,3,9456.006523809525,7,1065452.757,152207.5367142857,0.11904761904761904,53,21,5,3,9456.006523809525
484,0,12,1447765.5745,120647.13120833335,0.09107142857142858,73,27,5,10,12027.486232142857,12,1447765.5745,120647.13120833335,0.09107142857142858,73,27,5,10,12027.486232142857
66,1,8,904166.33,113020.79125,0.10476190476190476,55,21,5,213,9300.376666666665,8,904166.33,113020.79125,0.10476190476190476,55,21,5,213,9300.376666666665
2911,0,3,388289.51800000004,129429.83933333335,0.13333333333333333,16,6,5,552,11157.859666666665,3,388289.51800000004,129429.83933333335,0.13333333333333333,16,6,5,552,11157.859666666665
1517,0,6,490457.41050000006,81742.90175,0.0923076923076923,30,12,4,36,9319.586961538464,6,490457.41050000006,81742.90175,0.0923076923076923,30,12,4,36,9319.586961538464
765,0,9,1703347.8315,189260.87016666666,0.10769230769230768,68,24,5,45,19913.05351923077,9,1703347.8315,189260.87016666666,0.10769230769230768,68,24,5,45,19913.05351923077
4096,0,6,775237.7220000001,129206.287,0.10294117647058823,46,17,5,61,11808.555411764704,6,775237.7220000001,129206.287,0.10294117647058823,46,17,5,61,11808.555411764704
4903,0,4,398792.094,99698.0235,0.09285714285714286,18,7,5,68,14539.742,4,398792.094,99698.0235,0.09285714285714286,18,7,5,68,14539.742
3421,0,8,1444248.875,180531.109375,0.06190476190476191,62,20,5,94,19270.58976190476,8,1444248.875,180531.109375,0.06190476190476191,62,20,5,94,19270.58976190476
3903,1,5,573426.4535,114685.29070000001,0.08076923076923077,25,12,5,293,8693.631807692307,5,573426.4535,114685.29070000001,0.08076923076923077,25,12,5,293,8693.631807692307
4549,1,4,382424.23250000004,95606.05812500001,0.125,17,6,5,62,10415.487083333335,4,382424.23250000004,95606.05812500001,0.125,17,6,5,62,10415.487083333335
1502,0,4,566189.459,141547.36475,0.06363636363636364,31,11,4,248,11272.410818181817,4,566189.459,141547.36475,0.06363636363636364,31,11,4,248,11272.410818181817
3365,0,2,310753.9,155376.95,0.1125,11,4,3,45,18576.955000000005,2,310753.9,155376.95,0.1125,11,4,3,45,18576.955000000005
4643,0,2,165630.746,82815.373,0.10714285714285714,19,7,5,657,2519.962285714287,2,165630.746,82815.373,0.10714285714285714,19,7,5,657,2519.962285714287
2169,1,4,299484.846,74871.21149999999,0.07857142857142858,20,6,4,408,7561.097999999999,4,299484.846,74871.21149999999,0.07857142857142858,20,6,4,408,7561.097999999999
201,1,9,733266.1969999999,81474.02188888888,0.10263157894736843,42,19,5,48,9358.874578947369,9,733266.1969999999,81474.02188888888,0.10263157894736843,42,19,5,48,9358.874578947369
2110,0,5,398449.327,79689.8654,0.09545454545454546,23,11,5,49,11624.988818181817,5,398449.327,79689.8654,0.09545454545454546,23,11,5,49,11624.988818181817
3517,0,4,382877.2705,95719.317625,0.12222222222222223,18,9,4,73,8589.747833333333,4,382877.2705,95719.317625,0.12222222222222223,18,9,4,73,8589.747833333333
2969,1,9,1397461.394,155273.48822222222,0.0923076923076923,69,25,4,10,10970.593230769231,9,1397461.394,155273.48822222222,0.0923076923076923,69,25,4,10,10970.593230769231
3204,0,9,908491.636,100943.5151111111,0.10833333333333334,45,18,5,139,10146.473666666665,9,908491.636,100943.5151111111,0.10833333333333334,45,18,5,139,10146.473666666665
700,0,6,786467.5675,131077.92791666667,0.084375,37,16,5,134,12088.195468749998,6,786467.5675,131077.92791666667,0.084375,37,16,5,134,12088.195468749998
230,1,3,215140.019,71713.33966666667,0.10714285714285714,13,7,4,357,5142.108428571427,3,215140.019,71713.33966666667,0.10714285714285714,13,7,4,357,5142.108428571427
4511,0,7,771694.723,110242.10328571429,0.07500000000000001,40,16,4,153,10345.287062500001,7,771694.723,110242.10328571429,0.07500000000000001,40,16,4,153,10345.287062500001
1320,0,4,400313.387,100078.34675,0.06875,20,8,5,211,12055.530875,4,400313.387,100078.34675,0.06875,20,8,5,211,12055.530875
2789,1,7,297118.7195,42445.531357142856,0.10454545454545454,25,11,5,59,6848.239954545455,7,297118.7195,42445.531357142856,0.10454545454545454,25,11,5,59,6848.239954545455
2203,0,2,383168.6784999999,191584.33925000002,0.04,15,5,3,224,28950.769699999993,2,383168.6784999999,191584.33925000002,0.04,15,5,3,224,28950.769699999993
3168,0,4,322798.635,80699.65875,0.10714285714285714,20,7,5,11,6585.347857142861,4,322798.635,80699.65875,0.10714285714285714,20,7,5,11,6585.347857142861
2201,1,4,563433.0495,140858.262375,0.10384615384615385,29,13,4,364,7313.974576923078,4,563433.0495,140858.262375,0.10384615384615385,29,13,4,364,7313.974576923078
4455,0,4,255823.0515,63955.762875,0.09285714285714286,16,7,5,296,7512.410214285715,4,255823.0515,63955.762875,0.09285714285714286,16,7,5,296,7512.410214285715
216,0,6,1410871.6739999999,235145.27899999998,0.11470588235294119,51,16,4,93,20585.17552941176,6,1410871.6739999999,235145.27899999998,0.11470588235294119,51,16,4,93,20585.17552941176
4585,1,6,739956.97,123326.16166666667,0.07,37,14,5,31,15928.459333333332,6,739956.97,123326.16166666667,0.07,37,14,5,31,15928.459333333332
295,0,4,464766.19749999995,116191.54937499999,0.11818181818181818,22,11,3,546,11762.49704545454,4,464766.19749999995,116191.54937499999,0.11818181818181818,22,11,3,546,11762.49704545454
4628,0,5,406767.3545,81353.4709,0.12222222222222223,24,9,4,219,8056.150499999999,5,406767.3545,81353.4709,0.12222222222222223,24,9,4,219,8056.150499999999
279,1,2,213293.0355,106646.51775,0.075,9,4,3,401,16762.081375,2,213293.0355,106646.51775,0.075,9,4,3,401,16762.081375
103,0,6,737880.2440000001,122980.04066666665,0.11875000000000001,32,16,5,169,9282.236499999999,6,737880.2440000001,122980.04066666665,0.11875000000000001,32,16,5,169,9282.236499999999
4179,0,4,556117.448,139029.362,0.09999999999999999,27,12,5,120,12505.576500000001,4,556117.448,139029.362,0.09999999999999999,27,12,5,120,12505.576500000001
4180,0,8,808665.326,101083.16575,0.11750000000000001,44,19,5,23,9925.257300000001,8,808665.326,101083.16575,0.11750000000000001,44,19,5,23,9925.257300000001
3324,1,7,823691.735,117670.24785714285,0.1111111111111111,48,18,5,38,10256.206944444442,7,823691.735,117670.24785714285,0.1111111111111111,48,18,5,38,10256.206944444442
1825,1,5,706150.012,141230.0024,0.06071428571428572,35,14,5,27,15249.860857142858,5,706150.012,141230.0024,0.06071428571428572,35,14,5,27,15249.860857142858
950,0,8,1306580.4105,163322.5513125,0.10384615384615385,68,26,5,95,11202.07001923077,8,1306580.4105,163322.5513125,0.10384615384615385,68,26,5,95,11202.07001923077
4480,1,2,95324.0,47662.0,0.13333333333333333,7,3,3,595,6660.856666666667,2,95324.0,47662.0,0.13333333333333333,7,3,3,595,6660.856666666667
1349,0,6,564112.973,94018.82883333333,0.09285714285714286,34,14,5,121,10507.910214285715,6,564112.973,94018.82883333333,0.09285714285714286,34,14,5,121,10507.910214285715
2210,0,5,880044.336,176008.8672,0.08750000000000001,37,16,5,125,15919.679750000001,5,880044.336,176008.8672,0.08750000000000001,37,16,5,125,15919.679750000001
4227,0,5,518374.38800000004,103674.8776,0.15555555555555556,23,9,4,50,10361.343111111111,5,518374.38800000004,103674.8776,0.15555555555555556,23,9,4,50,10361.343111111111
2225,0,3,284162.6215,94720.87383333333,0.1142857142857143,15,7,4,40,9311.70164285714,3,284162.6215,94720.87383333333,0.1142857142857143,15,7,4,40,9311.70164285714
2014,0,5,619668.7,123933.73999999999,0.11923076923076924,36,13,5,44,11315.07076923077,5,619668.7,123933.73999999999,0.11923076923076924,36,13,5,44,11315.07076923077
3472,0,3,146307.7305,48769.243500000004,0.1,8,4,3,502,3965.7526249999983,3,146307.7305,48769.243500000004,0.1,8,4,3,502,3965.7526249999983
501,0,6,858793.766,143132.29433333335,0.08823529411764706,43,17,5,143,11797.783294117646,6,858793.766,143132.29433333335,0.08823529411764706,43,17,5,143,11797.783294117646
2103,1,4,593042.605,148260.65125,0.1076923076923077,29,13,5,5,10132.187307692306,4,593042.605,148260.65125,0.1076923076923077,29,13,5,5,10132.187307692306
147,0,5,704788.599,140957.7198,0.10625000000000001,42,15,5,167,10394.304312499999,5,704788.599,140957.7198,0.10625000000000001,42,15,5,167,10394.304312499999
898,0,8,967802.704,120975.338,0.11842105263157894,50,19,5,14,11065.16705263158,8,967802.704,120975.338,0.11842105263157894,50,19,5,14,11065.16705263158
2922,0,4,648969.3644999999,162242.34112499998,0.09545454545454546,30,10,5,430,15820.444954545452,4,648969.3644999999,162242.34112499998,0.09545454545454546,30,10,5,430,15820.444954545452
4567,0,3,66477.561,22159.187,0.08333333333333333,3,3,3,521,4930.470333333334,3,66477.561,22159.187,0.08333333333333333,3,3,3,521,4930.470333333334
45,0,7,698352.7435,99764.67764285715,0.0911764705882353,34,16,5,26,7959.78432352941,7,698352.7435,99764.67764285715,0.0911764705882353,34,16,5,26,7959.78432352941
3103,0,7,474845.346,67835.04942857142,0.07916666666666668,28,12,4,287,7486.225499999998,7,474845.346,67835.04942857142,0.07916666666666668,28,12,4,287,7486.225499999998
3825,0,4,622446.479,155611.61975,0.10833333333333334,29,11,5,23,9499.794083333334,4,622446.479,155611.61975,0.10833333333333334,29,11,5,23,9499.794083333334
4194,1,6,557445.3255,92907.55425,0.1142857142857143,35,13,5,412,10700.793964285715,6,557445.3255,92907.55425,0.1142857142857143,35,13,5,412,10700.793964285715
1097,0,6,742569.132,123761.522,0.1,41,15,5,2,7459.328800000002,6,742569.132,123761.522,0.1,41,15,5,2,7459.328800000002
537,0,5,426266.021,85253.20420000001,0.13,27,10,4,121,9183.353099999997,5,426266.021,85253.20420000001,0.13,27,10,4,121,9183.353099999997
72,0,5,445154.952,89030.99040000001,0.08846153846153847,29,13,5,2,6398.73476923077,5,445154.952,89030.99040000001,0.08846153846153847,29,13,5,2,6398.73476923077
638,0,7,857785.227,122540.7467142857,0.10312500000000001,44,15,5,304,12284.440437500001,7,857785.227,122540.7467142857,0.10312500000000001,44,15,5,304,12284.440437500001
394,0,4,463792.114,115948.0285,0.08571428571428572,24,7,5,83,16905.770571428573,4,463792.114,115948.0285,0.08571428571428572,24,7,5,83,16905.770571428573
729,0,10,1150562.555,115056.2555,0.10238095238095238,63,21,5,38,13540.391190476192,10,1150562.555,115056.2555,0.10238095238095238,63,21,5,38,13540.391190476192
2421,1,6,720116.9595,120019.49325,0.09736842105263159,43,19,5,175,6053.336289473684,6,720116.9595,120019.49325,0.09736842105263159,43,19,5,175,6053.336289473684
4173,0,4,790382.795,197595.69874999998,0.08928571428571429,38,12,5,28,13650.736071428571,4,790382.795,197595.69874999998,0.08928571428571429,38,12,5,28,13650.736071428571
3617,0,1,77056.36,77056.36,0.0,2,1,1,523,29568.86,1,77056.36,77056.36,0.0,2,1,1,523,29568.86
3776,0,5,372253.2045,74450.6409,0.13636363636363635,28,11,5,56,7207.544045454545,5,372253.2045,74450.6409,0.13636363636363635,28,11,5,56,7207.544045454545
2816,0,8,631167.339,78895.917375,0.1138888888888889,36,18,4,168,8480.449944444445,8,631167.339,78895.917375,0.1138888888888889,36,18,4,168,8480.449944444445
2172,0,5,418975.575,83795.115,0.08333333333333333,29,9,4,28,8343.04611111111,5,418975.575,83795.115,0.08333333333333333,29,9,4,28,8343.04611111111
3217,0,4,413589.8225,103397.455625,0.1,21,7,5,239,14556.981785714286,4,413589.8225,103397.455625,0.1,21,7,5,239,14556.981785714286
1668,0,8,1058639.3854999999,132329.92318749998,0.09473684210526316,50,19,5,110,14721.417131578944,8,1058639.3854999999,132329.92318749998,0.09473684210526316,50,19,5,110,14721.417131578944
2530,1,4,684822.073,171205.51825,0.11538461538461539,31,12,4,272,10751.187923076923,4,684822.073,171205.51825,0.11538461538461539,31,12,4,272,10751.187923076923
2372,0,5,450078.079,90015.6158,0.10500000000000001,28,10,5,329,9638.7709,5,450078.079,90015.6158,0.10500000000000001,28,10,5,329,9638.7709
2685,1,7,1087481.578,155354.51114285714,0.06190476190476191,61,20,5,40,12628.849904761904,7,1087481.578,155354.51114285714,0.06190476190476191,61,20,5,40,12628.849904761904
1326,1,5,338646.70650000003,67729.3413,0.1111111111111111,23,9,5,184,9311.172944444445,5,338646.70650000003,67729.3413,0.1111111111111111,23,9,5,184,9311.172944444445
505,0,3,490258.606,163419.53533333333,0.07777777777777778,22,9,4,4,14424.107333333332,3,490258.606,163419.53533333333,0.07777777777777778,22,9,4,4,14424.107333333332
826,1,10,1288927.8085,128892.78085000001,0.09814814814814815,61,25,5,64,10533.099944444444,10,1288927.8085,128892.78085000001,0.09814814814814815,61,25,5,64,10533.099944444444
1431,0,4,381769.838,95442.4595,0.11000000000000001,21,10,3,244,7764.437800000002,4,381769.838,95442.4595,0.11000000000000001,21,10,3,244,7764.437800000002
2864,0,5,704607.3865,140921.4773,0.125,40,16,4,204,5772.6510312499995,5,704607.3865,140921.4773,0.125,40,16,4,204,5772.6510312499995
822,0,6,791653.352,131942.22533333334,0.11388888888888887,42,18,5,107,7936.640111111111,6,791653.352,131942.22533333334,0.11388888888888887,42,18,5,107,7936.640111111111
3828,0,8,1303118.1985,162889.7748125,0.08611111111111111,54,18,5,55,15889.958805555556,8,1303118.1985,162889.7748125,0.08611111111111111,54,18,5,55,15889.958805555556
931,0,2,323497.164,161748.582,0.13333333333333333,22,6,3,373,9577.060666666666,2,323497.164,161748.582,0.13333333333333333,22,6,3,373,9577.060666666666
1343,1,3,312295.765,104098.58833333333,0.06666666666666667,18,9,4,232,9894.599444444444,3,312295.765,104098.58833333333,0.06666666666666667,18,9,4,232,9894.599444444444
2195,0,5,695727.345,139145.46899999998,0.05,34,15,4,80,9777.6215625,5,695727.345,139145.46899999998,0.05,34,15,4,80,9777.6215625
4589,0,3,317810.6775,105936.8925,0.12222222222222223,18,9,5,355,4956.494166666667,3,317810.6775,105936.8925,0.12222222222222223,18,9,5,355,4956.494166666667
498,1,5,774065.515,154813.103,0.11785714285714287,41,14,5,18,12255.471785714288,5,774065.515,154813.103,0.11785714285714287,41,14,5,18,12255.471785714288
1059,0,4,403614.08749999997,100903.52187499999,0.12272727272727274,24,11,5,4,8522.501590909089,4,403614.08749999997,100903.52187499999,0.12272727272727274,24,11,5,4,8522.501590909089
3947,0,4,300822.429,75205.60725,0.0642857142857143,15,7,4,25,10316.651285714282,4,300822.429,75205.60725,0.0642857142857143,15,7,4,25,10316.651285714282
1133,0,9,935571.927,103952.43633333333,0.11818181818181818,45,21,5,177,7658.438499999998,9,935571.927,103952.43633333333,0.11818181818181818,45,21,5,177,7658.438499999998
4302,0,7,1131065.002,161580.71457142857,0.10714285714285714,53,18,5,9,12210.411523809524,7,1131065.002,161580.71457142857,0.10714285714285714,53,18,5,9,12210.411523809524
2467,0,4,663661.141,165915.28525,0.1076923076923077,28,13,4,6,11021.011615384612,4,663661.141,165915.28525,0.1076923076923077,28,13,4,6,11021.011615384612
3655,0,6,732901.15,122150.19166666665,0.07333333333333333,40,14,4,184,14316.601999999997,6,732901.15,122150.19166666665,0.07333333333333333,40,14,4,184,14316.601999999997
2083,0,4,786716.878,196679.2195,0.12222222222222223,30,8,4,250,21740.85755555555,4,786716.878,196679.2195,0.12222222222222223,30,8,4,250,21740.85755555555
2988,0,4,526629.774,131657.4435,0.03888888888888889,30,9,5,220,15566.141555555552,4,526629.774,131657.4435,0.03888888888888889,30,9,5,220,15566.141555555552
4512,0,5,474208.092,94841.6184,0.08333333333333333,31,12,5,69,10514.415166666666,5,474208.092,94841.6184,0.08333333333333333,31,12,5,69,10514.415166666666
4109,1,5,774004.1815,154800.83630000002,0.07857142857142858,38,14,5,118,14639.266535714285,5,774004.1815,154800.83630000002,0.07857142857142858,38,14,5,118,14639.266535714285
3284,0,9,1060990.3305,117887.8145,0.0925,58,20,5,121,12689.159025,9,1060990.3305,117887.8145,0.0925,58,20,5,121,12689.159025
3686,0,7,937688.255,133955.465,0.10294117647058823,44,17,5,174,12057.394999999999,7,937688.255,133955.465,0.10294117647058823,44,17,5,174,12057.394999999999
1111,0,7,600004.9670000001,85714.99528571429,0.08333333333333333,31,14,4,21,10203.688466666666,7,600004.9670000001,85714.99528571429,0.08333333333333333,31,14,4,21,10203.688466666666
4218,1,5,521932.49399999995,104386.49879999999,0.11538461538461539,26,13,5,266,10408.960307692307,5,521932.49399999995,104386.49879999999,0.11538461538461539,26,13,5,266,10408.960307692307
4420,0,5,747146.9245,149429.3849,0.11785714285714287,30,13,5,65,11119.263892857141,5,747146.9245,149429.3849,0.11785714285714287,30,13,5,65,11119.263892857141
4603,0,3,424699.7185,141566.57283333334,0.1142857142857143,18,7,4,27,16160.334071428573,3,424699.7185,141566.57283333334,0.1142857142857143,18,7,4,27,16160.334071428573
347,1,7,1015782.4484999999,145111.77835714284,0.07894736842105263,47,19,5,37,15054.790973684208,7,1015782.4484999999,145111.77835714284,0.07894736842105263,47,19,5,37,15054.790973684208
940,1,4,476945.142,119236.2855,0.09999999999999999,28,12,4,89,10941.6135,4,476945.142,119236.2855,0.09999999999999999,28,12,4,89,10941.6135
556,0,3,413260.919,137753.63966666666,0.08125,26,8,4,19,12139.054875,3,413260.919,137753.63966666666,0.08125,26,8,4,19,12139.054875
3122,0,3,558693.771,186231.25699999998,0.07500000000000001,21,8,4,127,17566.533874999997,3,558693.771,186231.25699999998,0.07500000000000001,21,8,4,127,17566.533874999997
3858,0,5,384497.18,76899.436,0.10909090909090909,24,11,5,12,3237.4790909090934,5,384497.18,76899.436,0.10909090909090909,24,11,5,12,3237.4790909090934
2050,1,5,371286.9365,74257.3873,0.10454545454545455,28,11,4,181,6459.956045454545,5,371286.9365,74257.3873,0.10454545454545455,28,11,4,181,6459.956045454545
2660,1,8,1018228.4295000001,127278.55368750001,0.09523809523809523,50,21,5,3,9335.480452380954,8,1018228.4295000001,127278.55368750001,0.09523809523809523,50,21,5,3,9335.480452380954
4609,1,5,630948.673,126189.7346,0.10833333333333334,29,12,5,431,11583.228583333332,5,630948.673,126189.7346,0.10833333333333334,29,12,5,431,11583.228583333332
4616,1,5,738872.6255,147774.52510000003,0.11363636363636363,29,11,5,329,11695.934136363638,5,738872.6255,147774.52510000003,0.11363636363636363,29,11,5,329,11695.934136363638
388,0,7,1462819.477,208974.21099999998,0.0975,58,19,5,46,16825.60235,7,1462819.477,208974.21099999998,0.0975,58,19,5,46,16825.60235
1086,0,6,914442.3045,152407.05075,0.084375,41,15,5,139,12307.777156249998,6,914442.3045,152407.05075,0.084375,41,15,5,139,12307.777156249998
2449,0,3,408884.5495,136294.8498333333,0.1357142857142857,17,7,2,304,9158.317071428568,3,408884.5495,136294.8498333333,0.1357142857142857,17,7,2,304,9158.317071428568
2967,1,2,223885.518,111942.759,0.09999999999999999,14,6,5,93,7338.719666666667,2,223885.518,111942.759,0.09999999999999999,14,6,5,93,7338.719666666667
4406,1,7,696283.616,99469.08799999999,0.12307692307692308,35,13,5,126,8950.884307692308,7,696283.616,99469.08799999999,0.12307692307692308,35,13,5,126,8950.884307692308
4187,1,6,759833.645,126638.94083333334,0.10625000000000001,40,15,5,32,8785.619062500002,6,759833.645,126638.94083333334,0.10625000000000001,40,15,5,32,8785.619062500002
3069,0,6,702445.52,117074.25333333334,0.12307692307692308,33,13,5,19,13555.071538461538,6,702445.52,117074.25333333334,0.12307692307692308,33,13,5,19,13555.071538461538
4433,0,8,731968.267,91496.033375,0.08333333333333333,38,14,5,319,11086.1098,8,731968.267,91496.033375,0.08333333333333333,38,14,5,319,11086.1098
4816,0,4,389142.7075,97285.676875,0.09375,22,8,4,152,6924.5996875,4,389142.7075,97285.676875,0.09375,22,8,4,152,6924.5996875
1952,1,9,1163319.006,129257.66733333335,0.10384615384615385,64,25,5,288,10532.548692307693,9,1163319.006,129257.66733333335,0.10384615384615385,64,25,5,288,10532.548692307693
4414,0,4,422783.556,105695.889,0.08499999999999999,23,10,4,13,14044.802599999999,4,422783.556,105695.889,0.08499999999999999,23,10,4,13,14044.802599999999
3271,0,6,537929.2755,89654.87925,0.10666666666666667,29,15,5,38,7616.423033333331,6,537929.2755,89654.87925,0.10666666666666667,29,15,5,38,7616.423033333331
3231,1,2,262103.05800000002,131051.52900000001,0.08333333333333333,15,6,4,597,7978.588000000001,2,262103.05800000002,131051.52900000001,0.08333333333333333,15,6,4,597,7978.588000000001
2406,0,2,219957.94700000001,109978.9735,0.11000000000000001,13,5,4,245,10554.395400000003,2,219957.94700000001,109978.9735,0.11000000000000001,13,5,4,245,10554.395400000003
1657,0,6,479020.928,79836.82133333334,0.09583333333333333,25,12,5,255,9448.492333333335,6,479020.928,79836.82133333334,0.09583333333333333,25,12,5,255,9448.492333333335
4328,0,5,1129400.812,225880.16239999997,0.084375,48,15,5,114,17213.742000000002,5,1129400.812,225880.16239999997,0.084375,48,15,5,114,17213.742000000002
4851,1,6,520498.18,86749.69666666666,0.10357142857142856,29,14,5,164,6962.752857142856,6,520498.18,86749.69666666666,0.10357142857142856,29,14,5,164,6962.752857142856
4689,0,6,924164.008,154027.33466666666,0.09722222222222222,42,18,5,14,14029.079333333335,6,924164.008,154027.33466666666,0.09722222222222222,42,18,5,14,14029.079333333335
2565,0,7,651475.2209999999,93067.8887142857,0.078125,31,15,4,120,10646.5350625,7,651475.2209999999,93067.8887142857,0.078125,31,15,4,120,10646.5350625
2360,0,5,461934.1645,92386.83290000001,0.08076923076923077,22,12,5,21,7986.0095769230775,5,461934.1645,92386.83290000001,0.08076923076923077,22,12,5,21,7986.0095769230775
4079,0,6,923591.768,153931.9613333333,0.1,45,12,3,35,14168.460615384616,6,923591.768,153931.9613333333,0.1,45,12,3,35,14168.460615384616
2038,1,8,893937.7860000001,111742.22325,0.10238095238095238,57,21,5,226,8721.716476190477,8,893937.7860000001,111742.22325,0.10238095238095238,57,21,5,226,8721.716476190477
991,0,5,761864.6345,152372.92690000002,0.13125,42,16,5,225,12031.261531249998,5,761864.6345,152372.92690000002,0.13125,42,16,5,225,12031.261531249998
337,0,6,642529.644,107088.27400000002,0.09285714285714286,36,14,5,32,11220.726714285714,6,642529.644,107088.27400000002,0.09285714285714286,36,14,5,32,11220.726714285714
2749,0,9,929850.2385,103316.69316666666,0.10500000000000001,57,19,5,51,11576.635424999997,9,929850.2385,103316.69316666666,0.10500000000000001,57,19,5,51,11576.635424999997
2358,0,7,886826.2485,126689.46407142856,0.09411764705882353,45,17,5,302,11041.555794117647,7,886826.2485,126689.46407142856,0.09411764705882353,45,17,5,302,11041.555794117647
3532,0,11,1056384.9635,96034.99668181819,0.11071428571428572,73,27,5,77,7780.415482142857,11,1056384.9635,96034.99668181819,0.11071428571428572,73,27,5,77,7780.415482142857
2893,0,2,246510.5375,123255.26875,0.1125,10,4,3,131,20107.166875000003,2,246510.5375,123255.26875,0.1125,10,4,3,131,20107.166875000003
649,0,6,918756.139,153126.02316666665,0.08333333333333333,43,20,5,403,11892.465666666667,6,918756.139,153126.02316666665,0.08333333333333333,43,20,5,403,11892.465666666667
1675,0,4,490634.294,122658.5735,0.10500000000000001,21,9,4,106,12259.146400000001,4,490634.294,122658.5735,0.10500000000000001,21,9,4,106,12259.146400000001
1715,1,5,631427.595,126285.519,0.10454545454545455,28,11,4,160,16888.145,5,631427.595,126285.519,0.10454545454545455,28,11,4,160,16888.145
3632,1,4,640111.8135,160027.953375,0.10454545454545455,29,10,5,24,11256.416681818182,4,640111.8135,160027.953375,0.10454545454545455,29,10,5,24,11256.416681818182
4560,0,8,1434127.6465,179265.9558125,0.096,65,25,5,89,13990.936660000001,8,1434127.6465,179265.9558125,0.096,65,25,5,89,13990.936660000001
4389,0,10,644058.603,64405.8603,0.1,40,17,5,7,8049.912944444444,10,644058.603,64405.8603,0.1,40,17,5,7,8049.912944444444
3104,0,5,786341.299,157268.25979999997,0.1,34,13,5,75,12528.976846153846,5,786341.299,157268.25979999997,0.1,34,13,5,75,12528.976846153846
4014,0,3,343677.844,114559.28133333335,0.1375,21,8,4,386,8519.658000000001,3,343677.844,114559.28133333335,0.1375,21,8,4,386,8519.658000000001
3241,0,7,749467.562,107066.79457142857,0.09705882352941175,47,17,4,56,12248.052470588236,7,749467.562,107066.79457142857,0.09705882352941175,47,17,4,56,12248.052470588236
1089,0,5,200603.2855,40120.6571,0.075,16,6,5,502,7859.195916666664,5,200603.2855,40120.6571,0.075,16,6,5,502,7859.195916666664
270,0,7,639151.5945,91307.37064285713,0.10357142857142858,34,14,5,2,9452.946035714283,7,639151.5945,91307.37064285713,0.10357142857142858,34,14,5,2,9452.946035714283
3094,0,5,255394.2065,51078.8413,0.125,17,8,5,26,5691.614562500001,5,255394.2065,51078.8413,0.125,17,8,5,26,5691.614562500001
2631,1,6,897801.5669999999,149633.5945,0.09375,42,15,5,89,12352.810437499997,6,897801.5669999999,149633.5945,0.09375,42,15,5,89,12352.810437499997
4075,0,3,618895.3865,206298.46216666666,0.095,26,10,5,488,19792.02565,3,618895.3865,206298.46216666666,0.095,26,10,5,488,19792.02565
2136,0,3,774290.623,258096.87433333334,0.10500000000000001,31,10,4,10,22179.038300000004,3,774290.623,258096.87433333334,0.10500000000000001,31,10,4,10,22179.038300000004
2855,1,8,1240139.1745,155017.3968125,0.08913043478260871,62,23,5,61,14315.63802173913,8,1240139.1745,155017.3968125,0.08913043478260871,62,23,5,61,14315.63802173913
2474,1,4,698177.8575,174544.464375,0.1125,36,12,5,136,14707.211458333333,4,698177.8575,174544.464375,0.1125,36,12,5,136,14707.211458333333
2163,0,7,670085.79,95726.54142857144,0.109375,37,16,5,5,9851.399375,7,670085.79,95726.54142857144,0.109375,37,16,5,5,9851.399375
2262,0,7,610484.7895,87212.11278571429,0.1,25,11,5,127,17196.169045454546,7,610484.7895,87212.11278571429,0.1,25,11,5,127,17196.169045454546
2551,0,7,643075.2825,91867.89749999999,0.09642857142857143,41,14,5,141,10571.276607142854,7,643075.2825,91867.89749999999,0.09642857142857143,41,14,5,141,10571.276607142854
3624,0,10,1025592.756,102559.27560000001,0.07916666666666668,54,22,5,89,10733.684833333335,10,1025592.756,102559.27560000001,0.07916666666666668,54,22,5,89,10733.684833333335
2869,0,3,533257.7930000001,177752.5976666667,0.09999999999999999,18,6,4,41,20782.465499999995,3,533257.7930000001,177752.5976666667,0.09999999999999999,18,6,4,41,20782.465499999995
3528,0,7,912854.1529999999,130407.73614285713,0.1131578947368421,48,18,5,68,9140.000684210525,7,912854.1529999999,130407.73614285713,0.1131578947368421,48,18,5,68,9140.000684210525
4122,0,6,956519.8205,159419.97008333335,0.10952380952380954,53,21,5,3,11851.985738095238,6,956519.8205,159419.97008333335,0.10952380952380954,53,21,5,3,11851.985738095238
177,0,3,375459.6425,125153.21416666667,0.1125,20,8,4,369,11902.847812499998,3,375459.6425,125153.21416666667,0.1125,20,8,4,369,11902.847812499998
4870,0,4,378946.8035,94736.700875,0.08333333333333333,26,9,4,10,6069.819277777777,4,378946.8035,94736.700875,0.08333333333333333,26,9,4,10,6069.819277777777
3665,0,6,836487.8335,139414.63891666665,0.07187500000000001,42,16,5,115,15442.89834375,6,836487.8335,139414.63891666665,0.07187500000000001,42,16,5,115,15442.89834375
4740,0,7,970014.639,138573.51985714285,0.11666666666666667,48,18,5,155,12179.999388888888,7,970014.639,138573.51985714285,0.11666666666666667,48,18,5,155,12179.999388888888
1882,1,8,782115.487,97764.435875,0.11666666666666667,41,18,5,19,9471.429833333334,8,782115.487,97764.435875,0.11666666666666667,41,18,5,19,9471.429833333334
2532,0,5,526002.6135,105200.5227,0.10833333333333334,24,12,5,21,10050.217791666668,5,526002.6135,105200.5227,0.10833333333333334,24,12,5,21,10050.217791666668
2208,0,5,711889.035,142377.807,0.08846153846153845,31,13,5,364,15355.729615384615,5,711889.035,142377.807,0.08846153846153845,31,13,5,364,15355.729615384615
1555,0,8,771448.7544999999,96431.0943125,0.08947368421052632,40,18,5,17,10454.51286842105,8,771448.7544999999,96431.0943125,0.08947368421052632,40,18,5,17,10454.51286842105
768,1,7,577967.15,82566.73571428572,0.11764705882352941,33,17,5,13,7381.239411764705,7,577967.15,82566.73571428572,0.11764705882352941,33,17,5,13,7381.239411764705
3400,1,2,449242.076,224621.038,0.05714285714285715,16,7,5,439,18712.46514285714,2,449242.076,224621.038,0.05714285714285715,16,7,5,439,18712.46514285714
766,0,8,932078.236,116509.7795,0.095,52,20,5,11,10150.9898,8,932078.236,116509.7795,0.095,52,20,5,11,10150.9898
4853,0,8,935208.3465,116901.0433125,0.09444444444444444,47,18,5,115,10955.76647222222,8,935208.3465,116901.0433125,0.09444444444444444,47,18,5,115,10955.76647222222
2540,1,6,396435.958,66072.65966666666,0.08333333333333333,19,9,5,23,10855.825333333332,6,396435.958,66072.65966666666,0.08333333333333333,19,9,5,23,10855.825333333332
1891,1,5,827624.897,165524.9794,0.07666666666666667,37,15,4,65,11387.743133333333,5,827624.897,165524.9794,0.07666666666666667,37,15,4,65,11387.743133333333
1163,0,3,567116.124,189038.70799999998,0.0625,23,8,5,388,19768.25925,3,567116.124,189038.70799999998,0.0625,23,8,5,388,19768.25925
3838,0,5,613393.9275,122678.7855,0.06818181818181818,25,11,4,1,16885.664318181818,5,613393.9275,122678.7855,0.06818181818181818,25,11,4,1,16885.664318181818
4158,1,2,175308.1145,87654.05725,0.09,8,5,3,71,9854.740899999999,2,175308.1145,87654.05725,0.09,8,5,3,71,9854.740899999999
1842,0,3,525210.311,175070.10366666666,0.07857142857142858,23,7,4,177,20964.47442857143,3,525210.311,175070.10366666666,0.07857142857142858,23,7,4,177,20964.47442857143
3447,1,1,33893.365,33893.365,0.07500000000000001,2,2,1,272,3231.7075000000004,1,33893.365,33893.365,0.07500000000000001,2,2,1,272,3231.7075000000004
4486,0,8,612182.162,76522.77025,0.07631578947368423,59,18,5,89,8681.054842105263,8,612182.162,76522.77025,0.07631578947368423,59,18,5,89,8681.054842105263
4724,0,4,281682.3715,70420.592875,0.1318181818181818,21,11,5,287,5008.410136363637,4,281682.3715,70420.592875,0.1318181818181818,21,11,5,287,5008.410136363637
3562,0,6,904772.5675,150795.42791666667,0.09411764705882353,38,17,5,3,12701.1675,6,904772.5675,150795.42791666667,0.09411764705882353,38,17,5,3,12701.1675
150,1,5,652455.5895,130491.1179,0.09166666666666667,29,12,4,155,12880.163291666666,5,652455.5895,130491.1179,0.09166666666666667,29,12,4,155,12880.163291666666
1435,1,5,503590.90249999997,100718.18049999999,0.08125,21,8,4,68,16054.566562499997,5,503590.90249999997,100718.18049999999,0.08125,21,8,4,68,16054.566562499997
386,0,8,577845.6585,72230.7073125,0.11578947368421054,40,19,5,35,6399.875710526316,8,577845.6585,72230.7073125,0.11578947368421054,40,19,5,35,6399.875710526316
1868,1,3,426219.32649999997,142073.10883333333,0.07,16,5,5,30,24802.137299999995,3,426219.32649999997,142073.10883333333,0.07,16,5,5,30,24802.137299999995
2909,0,3,474888.95999999996,158296.32,0.11666666666666667,20,9,5,199,9557.616666666665,3,474888.95999999996,158296.32,0.11666666666666667,20,9,5,199,9557.616666666665
744,0,2,92639.8815,46319.94075,0.125,4,2,1,139,8903.610750000007,2,92639.8815,46319.94075,0.125,4,2,1,139,8903.610750000007
3746,1,3,548413.517,182804.50566666666,0.09,25,10,4,154,14937.972699999998,3,548413.517,182804.50566666666,0.09,25,10,4,154,14937.972699999998
1367,1,8,1033192.4805000001,129149.0600625,0.1025,51,20,5,11,13632.692525000002,8,1033192.4805000001,129149.0600625,0.1025,51,20,5,11,13632.692525000002
413,1,6,649227.1225,108204.52041666668,0.10294117647058823,40,17,5,123,7476.373088235295,6,649227.1225,108204.52041666668,0.10294117647058823,40,17,5,123,7476.373088235295
4394,1,8,821869.4775,102733.6846875,0.12812500000000002,40,16,4,284,8450.44984375,8,821869.4775,102733.6846875,0.12812500000000002,40,16,4,284,8450.44984375
588,0,5,425208.96150000003,85041.7923,0.09999999999999999,30,14,5,293,6212.119392857144,5,425208.96150000003,85041.7923,0.09999999999999999,30,14,5,293,6212.119392857144
2122,0,2,85410.277,42705.1385,0.025,6,4,3,616,7593.954249999999,2,85410.277,42705.1385,0.025,6,4,3,616,7593.954249999999
3708,0,7,812637.8605,116091.12292857142,0.1,43,17,5,282,9971.561694444441,7,812637.8605,116091.12292857142,0.1,43,17,5,282,9971.561694444441
3404,0,4,380501.6765,95125.419125,0.0642857142857143,17,7,5,41,7209.393785714289,4,380501.6765,95125.419125,0.0642857142857143,17,7,5,41,7209.393785714289
1999,0,5,887381.029,177476.2058,0.08461538461538462,33,12,4,377,21124.83761538461,5,887381.029,177476.2058,0.08461538461538462,33,12,4,377,21124.83761538461
1451,0,3,373404.7545,124468.2515,0.125,24,8,3,50,6901.594312499999,3,373404.7545,124468.2515,0.125,24,8,3,50,6901.594312499999
1867,0,2,226406.6945,113203.34725000002,0.06999999999999999,9,5,4,209,14751.974900000001,2,226406.6945,113203.34725000002,0.06999999999999999,9,5,4,209,14751.974900000001
1794,0,4,427356.315,106839.07875,0.061111111111111116,23,9,5,3,13085.267222222223,4,427356.315,106839.07875,0.061111111111111116,23,9,5,3,13085.267222222223
736,1,4,581661.245,145415.31125,0.06818181818181818,32,10,5,23,15941.253181818181,4,581661.245,145415.31125,0.06818181818181818,32,10,5,23,15941.253181818181
2446,0,4,474664.2575,118666.06437500002,0.145,25,10,5,333,7819.091750000001,4,474664.2575,118666.06437500002,0.145,25,10,5,333,7819.091750000001
1164,0,3,471360.833,157120.27766666666,0.08636363636363636,30,11,5,68,9971.520272727272,3,471360.833,157120.27766666666,0.08636363636363636,30,11,5,68,9971.520272727272
94,0,3,578458.837,192819.61233333335,0.06666666666666668,23,8,3,10,19195.587444444445,3,578458.837,192819.61233333335,0.06666666666666668,23,8,3,10,19195.587444444445
4232,1,8,1072222.5355,134027.8169375,0.084,50,25,5,154,10195.36062,8,1072222.5355,134027.8169375,0.084,50,25,5,154,10195.36062
1400,0,6,751448.7590000001,125241.45983333334,0.10625000000000001,44,16,5,18,6698.866187500002,6,751448.7590000001,125241.45983333334,0.10625000000000001,44,16,5,18,6698.866187500002
3353,0,6,504737.941,84122.99016666667,0.07916666666666666,24,12,5,60,11734.244249999998,6,504737.941,84122.99016666667,0.07916666666666666,24,12,5,60,11734.244249999998
3239,0,3,543131.78,181043.92666666667,0.06666666666666667,20,6,4,630,25829.125,3,543131.78,181043.92666666667,0.06666666666666667,20,6,4,630,25829.125
3744,1,5,858559.7104999999,171711.94210000001,0.11333333333333333,38,15,5,275,12556.033366666668,5,858559.7104999999,171711.94210000001,0.11333333333333333,38,15,5,275,12556.033366666668
4192,1,6,628410.042,104735.007,0.08461538461538462,29,13,5,40,9914.990923076924,6,628410.042,104735.007,0.08461538461538462,29,13,5,40,9914.990923076924
1354,1,3,349098.541,116366.18033333334,0.075,13,6,3,180,16215.541833333336,3,349098.541,116366.18033333334,0.075,13,6,3,180,16215.541833333336
654,0,7,565626.901,80803.843,0.09285714285714286,38,14,5,73,8363.812214285714,7,565626.901,80803.843,0.09285714285714286,38,14,5,73,8363.812214285714
2484,0,7,795500.1849999999,113642.88357142858,0.11944444444444444,50,18,5,118,9171.470833333333,7,795500.1849999999,113642.88357142858,0.11944444444444444,50,18,5,118,9171.470833333333
4731,0,5,649102.667,129820.5334,0.1142857142857143,32,14,5,283,10475.649071428572,5,649102.667,129820.5334,0.1142857142857143,32,14,5,283,10475.649071428572
4428,0,5,629522.1395,125904.42790000001,0.09666666666666666,34,15,4,229,10308.205966666666,5,629522.1395,125904.42790000001,0.09666666666666666,34,15,4,229,10308.205966666666
1352,0,6,797187.2145,132864.53575,0.07857142857142858,41,14,5,21,12921.596035714285,6,797187.2145,132864.53575,0.07857142857142858,41,14,5,21,12921.596035714285
4477,0,4,202466.782,50616.6955,0.15714285714285717,14,7,3,15,3687.798857142858,4,202466.782,50616.6955,0.15714285714285717,14,7,3,15,3687.798857142858
1877,0,6,949812.365,158302.06083333332,0.12333333333333334,39,15,5,92,15709.553000000002,6,949812.365,158302.06083333332,0.12333333333333334,39,15,5,92,15709.553000000002
4009,0,5,717596.8535,143519.3707,0.059375000000000004,39,16,5,121,11822.64584375,5,717596.8535,143519.3707,0.059375000000000004,39,16,5,121,11822.64584375
46,0,5,576848.478,115369.6956,0.07307692307692307,32,13,5,73,11674.755230769233,5,576848.478,115369.6956,0.07307692307692307,32,13,5,73,11674.755230769233
4213,1,4,321372.038,80343.0095,0.11875000000000001,17,8,4,38,7658.7747500000005,4,321372.038,80343.0095,0.11875000000000001,17,8,4,38,7658.7747500000005
3025,0,8,1134059.5515,141757.4439375,0.08913043478260871,61,23,5,360,11618.342673913045,8,1134059.5515,141757.4439375,0.08913043478260871,61,23,5,360,11618.342673913045
4204,1,7,1039465.087,148495.0124285714,0.11190476190476191,54,20,5,6,11261.208904761905,7,1039465.087,148495.0124285714,0.11190476190476191,54,20,5,6,11261.208904761905
4341,1,4,438413.8285,109603.45712499999,0.12,19,10,5,173,11303.099849999999,4,438413.8285,109603.45712499999,0.12,19,10,5,173,11303.099849999999
2659,1,6,692064.09,115344.015,0.09642857142857143,38,14,5,110,9548.409285714284,6,692064.09,115344.015,0.09642857142857143,38,14,5,110,9548.409285714284
1120,0,6,593437.265,98906.21083333333,0.12692307692307694,29,13,5,17,8142.2003846153875,6,593437.265,98906.21083333333,0.12692307692307694,29,13,5,17,8142.2003846153875
3461,0,5,841868.754,168373.75079999998,0.11764705882352941,42,17,5,136,13755.778470588235,5,841868.754,168373.75079999998,0.11764705882352941,42,17,5,136,13755.778470588235
1194,1,14,1105881.4095,78991.52925,0.11129032258064517,83,30,5,189,6695.105467741935,14,1105881.4095,78991.52925,0.11129032258064517,83,30,5,189,6695.105467741935
2486,0,8,753470.5555,94183.8194375,0.08888888888888889,47,18,5,38,8445.020305555554,8,753470.5555,94183.8194375,0.08888888888888889,47,18,5,38,8445.020305555554
1682,0,7,846853.3095,120979.0442142857,0.06333333333333332,38,15,5,52,14861.544633333333,7,846853.3095,120979.0442142857,0.06333333333333332,38,15,5,52,14861.544633333333
4916,0,3,295781.858,98593.95266666666,0.10625,23,8,4,135,6904.669749999999,3,295781.858,98593.95266666666,0.10625,23,8,4,135,6904.669749999999
2405,0,5,587302.889,117460.5778,0.13333333333333333,33,14,5,59,7764.325933333333,5,587302.889,117460.5778,0.13333333333333333,33,14,5,59,7764.325933333333
776,0,1,248549.72699999998,248549.72699999998,0.03333333333333333,9,3,2,44,26165.328999999998,1,248549.72699999998,248549.72699999998,0.03333333333333333,9,3,2,44,26165.328999999998
1358,0,4,522463.76450000005,130615.94112500001,0.09583333333333333,30,12,4,157,10122.382875,4,522463.76450000005,130615.94112500001,0.09583333333333333,30,12,4,157,10122.382875
2365,1,8,726416.0655,90802.0081875,0.08125,38,16,5,49,10593.01034375,8,726416.0655,90802.0081875,0.08125,38,16,5,49,10593.01034375
2067,1,3,417724.368,139241.45599999998,0.13333333333333333,16,6,2,117,18358.279666666665,3,417724.368,139241.45599999998,0.13333333333333333,16,6,2,117,18358.279666666665
1376,0,4,687582.2305,171895.557625,0.09545454545454546,28,11,4,93,14499.640045454544,4,687582.2305,171895.557625,0.09545454545454546,28,11,4,93,14499.640045454544
2622,0,4,630566.009,157641.50225000002,0.08181818181818182,33,11,3,74,12636.986272727274,4,630566.009,157641.50225000002,0.08181818181818182,33,11,3,74,12636.986272727274
2925,0,6,551540.5325,91923.42208333332,0.09166666666666667,29,12,5,95,10689.861875,6,551540.5325,91923.42208333332,0.09166666666666667,29,12,5,95,10689.861875
2553,0,7,649119.5825,92731.36892857144,0.08235294117647059,37,16,5,77,9514.701323529409,7,649119.5825,92731.36892857144,0.08235294117647059,37,16,5,77,9514.701323529409
1592,0,6,556936.0425,92822.67375,0.13611111111111113,35,17,5,18,6723.701805555556,6,556936.0425,92822.67375,0.13611111111111113,35,17,5,18,6723.701805555556
4106,1,5,408013.3495,81602.66990000001,0.12222222222222223,18,9,4,14,7661.345499999998,5,408013.3495,81602.66990000001,0.12222222222222223,18,9,4,14,7661.345499999998
2686,0,7,812300.6165,116042.94521428572,0.11666666666666667,49,17,5,59,9850.55036111111,7,812300.6165,116042.94521428572,0.11666666666666667,49,17,5,59,9850.55036111111
4636,0,4,364749.804,91187.451,0.09375,16,8,5,25,8737.385499999997,4,364749.804,91187.451,0.09375,16,8,5,25,8737.385499999997
321,0,6,777645.7645,129607.62741666667,0.13333333333333333,39,18,5,5,10162.908583333334,6,777645.7645,129607.62741666667,0.13333333333333333,39,18,5,5,10162.908583333334
2587,0,8,1583400.8,197925.1,0.09375,66,24,5,150,17335.207916666666,8,1583400.8,197925.1,0.09375,66,24,5,150,17335.207916666666
1381,1,2,198591.917,99295.9585,0.016666666666666666,10,3,1,147,24682.21233333333,2,198591.917,99295.9585,0.016666666666666666,10,3,1,147,24682.21233333333
1317,0,7,965656.0775,137950.86821428573,0.11944444444444444,48,17,5,143,12451.054305555559,7,965656.0775,137950.86821428573,0.11944444444444444,48,17,5,143,12451.054305555559
3560,0,4,445954.578,111488.6445,0.08750000000000001,27,12,5,513,9532.694833333333,4,445954.578,111488.6445,0.08750000000000001,27,12,5,513,9532.694833333333
3096,0,9,1204499.3275,133833.2586111111,0.09772727272727272,61,21,5,70,11350.927613636364,9,1204499.3275,133833.2586111111,0.09772727272727272,61,21,5,70,11350.927613636364
3815,1,6,332705.63450000004,55450.93908333333,0.11818181818181818,25,11,4,184,5658.165863636364,6,332705.63450000004,55450.93908333333,0.11818181818181818,25,11,4,184,5658.165863636364
2488,0,8,873923.072,109240.384,0.12272727272727274,47,22,5,1,6788.5891818181835,8,873923.072,109240.384,0.12272727272727274,47,22,5,1,6788.5891818181835
3477,0,8,895688.886,111961.11074999999,0.07352941176470588,42,17,4,256,13324.931529411766,8,895688.886,111961.11074999999,0.07352941176470588,42,17,4,256,13324.931529411766
3434,1,7,1119825.7255,159975.10364285714,0.0775,48,19,5,43,13446.130275,7,1119825.7255,159975.10364285714,0.0775,48,19,5,43,13446.130275
3403,1,7,840644.232,120092.03314285714,0.10882352941176471,39,16,4,17,11655.959529411764,7,840644.232,120092.03314285714,0.10882352941176471,39,16,4,17,11655.959529411764
3840,0,4,456454.042,114113.5105,0.13125,21,8,5,451,9947.7365,4,456454.042,114113.5105,0.13125,21,8,5,451,9947.7365
2094,0,4,761387.915,190346.97874999998,0.06538461538461539,29,13,4,146,15051.719615384616,4,761387.915,190346.97874999998,0.06538461538461539,29,13,4,146,15051.719615384616
3223,1,1,156030.462,156030.462,0.1,4,2,2,165,24588.091000000008,1,156030.462,156030.462,0.1,4,2,2,165,24588.091000000008
4572,1,5,500803.616,100160.72320000001,0.12307692307692308,25,13,4,305,6013.88123076923,5,500803.616,100160.72320000001,0.12307692307692308,25,13,4,305,6013.88123076923
1852,0,10,1363780.3015,136378.03015,0.0931818181818182,56,21,5,8,17774.574613636363,10,1363780.3015,136378.03015,0.0931818181818182,56,21,5,8,17774.574613636363
1341,0,5,572262.364,114452.47279999999,0.08076923076923077,26,13,3,95,12984.051846153847,5,572262.364,114452.47279999999,0.08076923076923077,26,13,3,95,12984.051846153847
3264,1,5,590861.329,118172.26580000001,0.08888888888888889,28,9,4,194,12711.655444444445,5,590861.329,118172.26580000001,0.08888888888888889,28,9,4,194,12711.655444444445
3060,0,2,79023.4215,39511.71075,0.08333333333333333,9,3,3,569,1988.6605000000006,2,79023.4215,39511.71075,0.08333333333333333,9,3,3,569,1988.6605000000006
1103,0,5,780436.6904999999,156087.3381,0.1125,43,16,5,11,8817.490656249996,5,780436.6904999999,156087.3381,0.1125,43,16,5,11,8817.490656249996
3852,0,6,871696.4175,145282.73625,0.08333333333333333,39,15,5,2,13394.821166666668,6,871696.4175,145282.73625,0.08333333333333333,39,15,5,2,13394.821166666668
718,0,7,504398.5305,72056.93292857143,0.08333333333333333,29,15,5,27,8346.9287,7,504398.5305,72056.93292857143,0.08333333333333333,29,15,5,27,8346.9287
448,0,5,632370.56,126474.11200000001,0.09285714285714286,34,14,5,485,10919.49142857143,5,632370.56,126474.11200000001,0.09285714285714286,34,14,5,485,10919.49142857143
610,0,6,774001.5735,129000.26225000001,0.075,39,16,5,38,14213.61084375,6,774001.5735,129000.26225000001,0.075,39,16,5,38,14213.61084375
757,0,5,620802.3225,124160.4645,0.10357142857142856,32,13,5,13,8648.630892857143,5,620802.3225,124160.4645,0.10357142857142856,32,13,5,13,8648.630892857143
1692,0,5,344080.8925,68816.17850000001,0.11499999999999999,22,10,4,6,7306.436250000001,5,344080.8925,68816.17850000001,0.11499999999999999,22,10,4,6,7306.436250000001
4867,1,8,1025635.9775,128204.49718749999,0.07857142857142858,48,21,5,209,12508.827023809523,8,1025635.9775,128204.49718749999,0.07857142857142858,48,21,5,209,12508.827023809523
4809,0,6,826080.573,137680.0955,0.09090909090909091,38,11,5,33,21500.095727272725,6,826080.573,137680.0955,0.09090909090909091,38,11,5,33,21500.095727272725
2051,0,6,668584.769,111430.79483333333,0.07727272727272728,30,10,5,85,15193.719909090909,6,668584.769,111430.79483333333,0.07727272727272728,30,10,5,85,15193.719909090909
3635,1,4,263895.0195,65973.75487500001,0.13125,17,7,4,222,2630.5324375000027,4,263895.0195,65973.75487500001,0.13125,17,7,4,222,2630.5324375000027
2664,0,7,727779.3665,103968.48092857143,0.13,38,15,5,230,10924.5171,7,727779.3665,103968.48092857143,0.13,38,15,5,230,10924.5171
942,0,2,286419.8525,143209.92625,0.08571428571428572,17,7,4,217,10914.010357142857,2,286419.8525,143209.92625,0.08571428571428572,17,7,4,217,10914.010357142857
1786,1,5,362200.0965,72440.0193,0.1,32,10,4,352,6649.739681818181,5,362200.0965,72440.0193,0.1,32,10,4,352,6649.739681818181
3423,1,5,350892.71,70178.542,0.08181818181818182,24,11,3,72,6850.713636363637,5,350892.71,70178.542,0.08181818181818182,24,11,3,72,6850.713636363637
240,0,9,540192.0655,60021.34061111111,0.08529411764705883,44,16,5,9,7544.527970588237,9,540192.0655,60021.34061111111,0.08529411764705883,44,16,5,9,7544.527970588237
2563,0,6,624290.816,104048.46933333333,0.09999999999999999,40,15,5,43,8027.713294117646,6,624290.816,104048.46933333333,0.09999999999999999,40,15,5,43,8027.713294117646
965,1,8,981173.0645000001,122646.63306250001,0.11071428571428572,39,14,5,210,13489.737464285718,8,981173.0645000001,122646.63306250001,0.11071428571428572,39,14,5,210,13489.737464285718
3767,0,4,438142.0025,109535.50062500002,0.065,19,10,4,17,13494.060250000004,4,438142.0025,109535.50062500002,0.065,19,10,4,17,13494.060250000004
1242,0,3,377402.7125,125800.90416666667,0.05625,19,8,5,171,11877.096562499999,3,377402.7125,125800.90416666667,0.05625,19,8,5,171,11877.096562499999
32,0,7,948291.1365,135470.16235714286,0.06136363636363637,48,22,5,65,11965.102113636363,7,948291.1365,135470.16235714286,0.06136363636363637,48,22,5,65,11965.102113636363
3166,1,2,374769.1765,187384.58825,0.08750000000000001,21,8,4,48,9706.623312499998,2,374769.1765,187384.58825,0.08750000000000001,21,8,4,48,9706.623312499998
1934,0,3,187842.324,62614.108,0.1,11,5,3,40,7781.184799999998,3,187842.324,62614.108,0.1,11,5,3,40,7781.184799999998
4387,1,6,927657.382,154609.56366666665,0.06944444444444445,42,18,5,56,13542.291777777778,6,927657.382,154609.56366666665,0.06944444444444445,42,18,5,56,13542.291777777778
4969,0,9,1041119.3135,115679.92372222223,0.09736842105263159,47,19,5,124,12498.061236842106,9,1041119.3135,115679.92372222223,0.09736842105263159,47,19,5,124,12498.061236842106
473,1,2,239315.24899999998,119657.62449999999,0.13,15,5,5,240,11769.8218,2,239315.24899999998,119657.62449999999,0.13,15,5,5,240,11769.8218
2928,1,2,523116.9775,261558.48875,0.05714285714285715,21,7,3,809,17638.813928571424,2,523116.9775,261558.48875,0.05714285714285715,21,7,3,809,17638.813928571424
2096,0,5,222836.576,44567.3152,0.13125,20,8,4,32,7504.4082499999995,5,222836.576,44567.3152,0.13125,20,8,4,32,7504.4082499999995
3449,0,5,618553.2895,123710.65789999999,0.10416666666666667,30,12,5,181,10215.714958333334,5,618553.2895,123710.65789999999,0.10416666666666667,30,12,5,181,10215.714958333334
4652,0,5,469501.347,93900.2694,0.1,29,10,4,95,7581.1997,5,469501.347,93900.2694,0.1,29,10,4,95,7581.1997
2362,0,3,492900.08400000003,164300.028,0.11666666666666667,21,9,4,101,12475.747111111112,3,492900.08400000003,164300.028,0.11666666666666667,21,9,4,101,12475.747111111112
3884,0,6,386039.762,64339.96033333333,0.1,21,9,5,35,7702.772444444447,6,386039.762,64339.96033333333,0.1,21,9,5,35,7702.772444444447
4257,1,5,438503.872,87700.7744,0.12272727272727274,32,10,3,28,7207.015636363635,5,438503.872,87700.7744,0.12272727272727274,32,10,3,28,7207.015636363635
3581,1,5,831580.5445,166316.1089,0.11071428571428572,39,14,5,31,13283.13817857143,5,831580.5445,166316.1089,0.11071428571428572,39,14,5,31,13283.13817857143
2940,0,7,901397.657,128771.09385714286,0.071875,45,16,5,5,12045.597937499999,7,901397.657,128771.09385714286,0.071875,45,16,5,5,12045.597937499999
384,1,10,1250504.605,125050.4605,0.11551724137931035,80,29,5,9,8427.385344827588,10,1250504.605,125050.4605,0.11551724137931035,80,29,5,9,8427.385344827588
1608,1,4,858935.0995,214733.774875,0.05,34,13,5,155,20271.701500000003,4,858935.0995,214733.774875,0.05,34,13,5,155,20271.701500000003
4855,1,3,296758.5875,98919.52916666667,0.05625,20,8,4,228,10686.8009375,3,296758.5875,98919.52916666667,0.05625,20,8,4,228,10686.8009375
4456,0,7,628165.839,89737.977,0.1105263157894737,55,17,5,13,7112.256263157894,7,628165.839,89737.977,0.1105263157894737,55,17,5,13,7112.256263157894
3220,0,4,331417.5335,82854.383375,0.09375,20,8,4,312,9299.171687499998,4,331417.5335,82854.383375,0.09375,20,8,4,312,9299.171687499998
4310,0,7,430954.5235,61564.93192857143,0.11153846153846153,33,13,5,141,6214.67796153846,7,430954.5235,61564.93192857143,0.11153846153846153,33,13,5,141,6214.67796153846
3620,1,4,597573.7085,149393.427125,0.08333333333333333,24,9,5,403,18547.917611111112,4,597573.7085,149393.427125,0.08333333333333333,24,9,5,403,18547.917611111112
1450,0,4,470639.341,117659.83525,0.11000000000000001,24,9,5,86,8519.6591,4,470639.341,117659.83525,0.11000000000000001,24,9,5,86,8519.6591
3188,0,6,713203.795,118867.29916666668,0.07692307692307693,42,13,4,62,12148.073461538463,6,713203.795,118867.29916666668,0.07692307692307693,42,13,4,62,12148.073461538463
796,1,5,645294.202,129058.84040000002,0.11153846153846156,32,12,4,121,13419.968615384616,5,645294.202,129058.84040000002,0.11153846153846156,32,12,4,121,13419.968615384616
2099,0,3,495858.925,165286.30833333332,0.05,26,10,4,346,15772.0425,3,495858.925,165286.30833333332,0.05,26,10,4,346,15772.0425
2511,0,3,299793.986,99931.32866666668,0.09444444444444446,18,9,5,159,5861.671777777778,3,299793.986,99931.32866666668,0.09444444444444446,18,9,5,159,5861.671777777778
4651,1,2,243866.144,121933.072,0.025,11,4,3,255,14581.223499999998,2,243866.144,121933.072,0.025,11,4,3,255,14581.223499999998
4528,0,3,274330.208,91443.40266666666,0.08571428571428572,12,7,5,522,9611.606857142857,3,274330.208,91443.40266666666,0.08571428571428572,12,7,5,522,9611.606857142857
1415,1,7,951681.3195,135954.4742142857,0.14250000000000002,52,19,5,52,7827.105975,7,951681.3195,135954.4742142857,0.14250000000000002,52,19,5,52,7827.105975
646,0,5,709996.033,141999.2066,0.08846153846153847,33,13,5,93,11541.146384615386,5,709996.033,141999.2066,0.08846153846153847,33,13,5,93,11541.146384615386
3203,1,8,1177669.7825,147208.7228125,0.10238095238095238,53,21,5,26,14574.501547619046,8,1177669.7825,147208.7228125,0.10238095238095238,53,21,5,26,14574.501547619046
4976,1,4,882212.171,220553.04275,0.1,32,11,5,295,22403.72736363636,4,882212.171,220553.04275,0.1,32,11,5,295,22403.72736363636
128,0,10,1222771.71,122277.171,0.098,63,24,5,40,12361.6268,10,1222771.71,122277.171,0.098,63,24,5,40,12361.6268
3260,0,6,724508.4825,120751.41375,0.10833333333333334,31,11,5,155,10988.585208333332,6,724508.4825,120751.41375,0.10833333333333334,31,11,5,155,10988.585208333332
4720,0,6,544615.6825,90769.28041666669,0.13571428571428573,32,14,5,31,6892.092321428574,6,544615.6825,90769.28041666669,0.13571428571428573,32,14,5,31,6892.092321428574
2363,1,6,577342.6880000001,96223.78133333335,0.09666666666666668,33,14,4,130,10069.534533333333,6,577342.6880000001,96223.78133333335,0.09666666666666668,33,14,4,130,10069.534533333333
3135,1,5,489806.335,97961.267,0.071875,35,16,5,172,7071.9565625000005,5,489806.335,97961.267,0.071875,35,16,5,172,7071.9565625000005
509,1,6,549943.7644999999,91657.29408333334,0.09285714285714286,33,13,5,72,7869.848892857141,6,549943.7644999999,91657.29408333334,0.09285714285714286,33,13,5,72,7869.848892857141
945,0,3,473747.7145,157915.90483333333,0.11818181818181818,26,11,5,271,9326.545863636364,3,473747.7145,157915.90483333333,0.11818181818181818,26,11,5,271,9326.545863636364
3543,0,7,764586.148,109226.59257142858,0.09999999999999999,41,17,5,56,12286.839882352939,7,764586.148,109226.59257142858,0.09999999999999999,41,17,5,56,12286.839882352939
3068,1,5,679873.9535,135974.7907,0.1125,31,16,5,145,10021.76271875,5,679873.9535,135974.7907,0.1125,31,16,5,145,10021.76271875
423,0,8,819353.332,102419.1665,0.10800000000000001,57,25,5,307,6061.899680000001,8,819353.332,102419.1665,0.10800000000000001,57,25,5,307,6061.899680000001
4699,0,4,436413.8455,109103.461375,0.1,26,11,4,60,8639.185954545452,4,436413.8455,109103.461375,0.1,26,11,4,60,8639.185954545452
4823,0,5,610967.9895,122193.59790000001,0.10666666666666667,39,15,5,98,10220.9033,5,610967.9895,122193.59790000001,0.10666666666666667,39,15,5,98,10220.9033
1353,0,6,620499.8895,103416.64825000001,0.11538461538461539,37,13,5,109,11535.400730769234,6,620499.8895,103416.64825000001,0.11538461538461539,37,13,5,109,11535.400730769234
3977,0,8,1553942.6615,194242.8326875,0.09999999999999999,69,23,5,29,14641.296312499997,8,1553942.6615,194242.8326875,0.09999999999999999,69,23,5,29,14641.296312499997
696,1,3,466756.98449999996,155585.66150000002,0.09,21,10,5,365,11499.073449999998,3,466756.98449999996,155585.66150000002,0.09,21,10,5,365,11499.073449999998
861,0,6,821436.766,136906.12766666667,0.14666666666666667,44,15,5,192,5990.259066666667,6,821436.766,136906.12766666667,0.14666666666666667,44,15,5,192,5990.259066666667
2307,0,7,807486.358,115355.194,0.1105263157894737,49,18,5,65,6965.047789473686,7,807486.358,115355.194,0.1105263157894737,49,18,5,65,6965.047789473686
1081,0,6,1026460.4355,171076.73924999998,0.11428571428571428,51,19,5,75,10873.10788095238,6,1026460.4355,171076.73924999998,0.11428571428571428,51,19,5,75,10873.10788095238
465,0,6,658429.9925,109738.33208333333,0.084375,35,16,4,24,10422.72078125,6,658429.9925,109738.33208333333,0.084375,35,16,4,24,10422.72078125
3831,0,13,1461669.601,112436.12315384616,0.125,80,30,5,182,10481.1077,13,1461669.601,112436.12315384616,0.125,80,30,5,182,10481.1077
1361,0,9,1081017.559,120113.0621111111,0.09210526315789473,53,18,5,82,13494.372578947368,9,1081017.559,120113.0621111111,0.09210526315789473,53,18,5,82,13494.372578947368
2997,0,7,784875.2274999999,112125.0325,0.08529411764705883,40,17,5,132,11749.511617647056,7,784875.2274999999,112125.0325,0.08529411764705883,40,17,5,132,11749.511617647056
3747,1,4,340676.9375,85169.234375,0.10555555555555557,20,9,5,67,7660.6208333333325,4,340676.9375,85169.234375,0.10555555555555557,20,9,5,67,7660.6208333333325
748,0,4,421282.18799999997,105320.54699999999,0.06875,20,8,4,302,14673.285999999996,4,421282.18799999997,105320.54699999999,0.06875,20,8,4,302,14673.285999999996
1734,1,3,382075.307,127358.43566666666,0.061111111111111116,22,9,4,214,11326.392999999996,3,382075.307,127358.43566666666,0.061111111111111116,22,9,4,214,11326.392999999996
2644,0,5,722049.034,144409.8068,0.08666666666666667,37,15,5,65,12553.084933333332,5,722049.034,144409.8068,0.08666666666666667,37,15,5,65,12553.084933333332
1648,0,9,1070922.729,118991.41433333333,0.098,56,25,5,19,9384.14156,9,1070922.729,118991.41433333333,0.098,56,25,5,19,9384.14156
816,0,8,650985.3859999999,81373.17324999999,0.07222222222222223,48,18,5,46,9798.490888888888,8,650985.3859999999,81373.17324999999,0.07222222222222223,48,18,5,46,9798.490888888888
1244,0,6,1031741.631,171956.93850000002,0.11,42,15,5,2,17639.720066666665,6,1031741.631,171956.93850000002,0.11,42,15,5,2,17639.720066666665
1050,1,5,384131.0155,76826.20310000001,0.13333333333333333,23,11,4,313,6169.252124999999,5,384131.0155,76826.20310000001,0.13333333333333333,23,11,4,313,6169.252124999999
119,0,9,681826.1095,75758.45661111112,0.10500000000000001,51,18,5,3,7428.7664749999985,9,681826.1095,75758.45661111112,0.10500000000000001,51,18,5,3,7428.7664749999985
77,0,5,615682.1965,123136.4393,0.07727272727272727,29,11,5,139,16971.20786363636,5,615682.1965,123136.4393,0.07727272727272727,29,11,5,139,16971.20786363636
3929,0,8,873115.9935,109139.4991875,0.10555555555555556,44,17,5,186,10504.569638888888,8,873115.9935,109139.4991875,0.10555555555555556,44,17,5,186,10504.569638888888
1730,0,5,395333.36449999997,79066.67289999999,0.1,23,8,3,119,11529.696812499997,5,395333.36449999997,79066.67289999999,0.1,23,8,3,119,11529.696812499997
2687,0,6,781552.695,130258.78250000002,0.06470588235294118,43,17,5,152,11515.862058823528,6,781552.695,130258.78250000002,0.06470588235294118,43,17,5,152,11515.862058823528
4886,1,7,787033.4775,112433.35392857142,0.10333333333333333,43,15,5,33,12957.279833333334,7,787033.4775,112433.35392857142,0.10333333333333333,43,15,5,33,12957.279833333334
4931,0,7,1022685.719,146097.95985714285,0.11944444444444444,45,18,5,48,12956.238833333333,7,1022685.719,146097.95985714285,0.11944444444444444,45,18,5,48,12956.238833333333
190,0,4,386734.5465,96683.636625,0.12777777777777777,19,9,4,387,7066.786277777781,4,386734.5465,96683.636625,0.12777777777777777,19,9,4,387,7066.786277777781
4980,0,5,416880.04,83376.008,0.10384615384615385,28,13,5,184,6731.0130769230755,5,416880.04,83376.008,0.10384615384615385,28,13,5,184,6731.0130769230755
3808,0,6,1008762.4325,168127.07208333333,0.1125,52,18,5,58,11364.835125000001,6,1008762.4325,168127.07208333333,0.1125,52,18,5,58,11364.835125000001
1899,0,4,528233.9805000001,132058.49512500002,0.06999999999999999,23,10,3,134,16597.93405,4,528233.9805000001,132058.49512500002,0.06999999999999999,23,10,3,134,16597.93405
4850,0,2,164236.666,82118.333,0.1,12,4,3,83,6397.946500000002,2,164236.666,82118.333,0.1,12,4,3,83,6397.946500000002
4445,1,3,438821.73,146273.91,0.12222222222222223,25,9,5,34,10106.01888888889,3,438821.73,146273.91,0.12222222222222223,25,9,5,34,10106.01888888889
4739,0,9,1209317.96,134368.66222222222,0.09782608695652174,58,22,5,226,12784.901304347824,9,1209317.96,134368.66222222222,0.09782608695652174,58,22,5,226,12784.901304347824
2118,0,5,651522.4775,130304.4955,0.1142857142857143,33,14,4,115,11875.63125,5,651522.4775,130304.4955,0.1142857142857143,33,14,4,115,11875.63125
3758,1,8,1012341.4795,126542.6849375,0.07954545454545454,47,21,5,111,11442.195886363637,8,1012341.4795,126542.6849375,0.07954545454545454,47,21,5,111,11442.195886363637
1518,1,4,552331.6725,138082.918125,0.12083333333333333,27,12,4,421,7496.357708333334,4,552331.6725,138082.918125,0.12083333333333333,27,12,4,421,7496.357708333334
4878,0,4,592109.292,148027.323,0.11000000000000001,31,10,5,110,7675.114199999999,4,592109.292,148027.323,0.11000000000000001,31,10,5,110,7675.114199999999
2234,0,5,806224.98,161244.99599999998,0.09333333333333334,35,14,4,22,13509.122000000001,5,806224.98,161244.99599999998,0.09333333333333334,35,14,4,22,13509.122000000001
4526,0,4,526041.7215,131510.430375,0.1,23,8,5,385,17193.173499999994,4,526041.7215,131510.430375,0.1,23,8,5,385,17193.173499999994
2874,1,5,507138.01450000005,101427.60290000001,0.07777777777777778,25,9,5,88,12852.596055555558,5,507138.01450000005,101427.60290000001,0.07777777777777778,25,9,5,88,12852.596055555558
2887,0,4,590453.7239999999,147613.431,0.10416666666666667,38,12,5,234,11131.596999999996,4,590453.7239999999,147613.431,0.10416666666666667,38,12,5,234,11131.596999999996
2907,0,8,977830.409,122228.801125,0.07352941176470588,49,16,5,54,14249.508176470588,8,977830.409,122228.801125,0.07352941176470588,49,16,5,54,14249.508176470588
797,0,1,51868.158,51868.158,0.05000000000000001,8,3,2,275,3457.4126666666675,1,51868.158,51868.158,0.05000000000000001,8,3,2,275,3457.4126666666675
1200,0,6,592929.0805,98821.51341666667,0.08666666666666667,27,15,5,281,11366.282033333333,6,592929.0805,98821.51341666667,0.08666666666666667,27,15,5,281,11366.282033333333
3399,0,7,834745.542,119249.36314285714,0.11944444444444444,51,17,5,75,8588.139000000003,7,834745.542,119249.36314285714,0.11944444444444444,51,17,5,75,8588.139000000003
221,1,7,687875.848,98267.97828571429,0.10250000000000001,38,20,5,38,7896.249399999999,7,687875.848,98267.97828571429,0.10250000000000001,38,20,5,38,7896.249399999999
3793,0,6,1083940.6205,180656.77008333334,0.075,56,19,5,221,13346.860525,6,1083940.6205,180656.77008333334,0.075,56,19,5,221,13346.860525
939,0,1,190195.68300000002,190195.68300000002,0.0875,8,4,4,242,6714.978250000001,1,190195.68300000002,190195.68300000002,0.0875,8,4,4,242,6714.978250000001
4184,0,8,619335.3515,77416.9189375,0.08235294117647059,36,17,5,78,6628.271852941177,8,619335.3515,77416.9189375,0.08235294117647059,36,17,5,78,6628.271852941177
908,1,9,1011160.072,112351.11911111111,0.07200000000000001,55,23,5,60,11296.74928,9,1011160.072,112351.11911111111,0.07200000000000001,55,23,5,60,11296.74928
90,0,9,1131676.6335,125741.84816666666,0.1131578947368421,49,19,4,8,16261.350184210527,9,1131676.6335,125741.84816666666,0.1131578947368421,49,19,4,8,16261.350184210527
2445,1,9,1794510.336,199390.0373333333,0.10600000000000001,74,25,5,19,13249.12824,9,1794510.336,199390.0373333333,0.10600000000000001,74,25,5,19,13249.12824
3410,0,4,422143.3125,105535.828125,0.11000000000000001,20,10,4,59,12281.74125,4,422143.3125,105535.828125,0.11000000000000001,20,10,4,59,12281.74125
725,1,5,539981.619,107996.32380000001,0.11153846153846153,29,13,5,279,5953.562999999999,5,539981.619,107996.32380000001,0.11153846153846153,29,13,5,279,5953.562999999999
4756,1,5,906331.4685000001,181266.29369999998,0.09615384615384616,36,12,4,114,19898.817576923077,5,906331.4685000001,181266.29369999998,0.09615384615384616,36,12,4,114,19898.817576923077
3571,0,5,595753.8055,119150.7611,0.11785714285714287,29,14,5,54,6812.008250000001,5,595753.8055,119150.7611,0.11785714285714287,29,14,5,54,6812.008250000001
1037,0,6,620212.8555000001,103368.80925,0.10294117647058823,34,17,5,51,8204.483264705885,6,620212.8555000001,103368.80925,0.10294117647058823,34,17,5,51,8204.483264705885
204,0,6,652463.573,108743.92883333332,0.06538461538461539,37,12,5,226,15082.43946153846,6,652463.573,108743.92883333332,0.06538461538461539,37,12,5,226,15082.43946153846
3911,0,6,520088.3395,86681.38991666667,0.12000000000000001,33,13,5,202,3668.5626333333335,6,520088.3395,86681.38991666667,0.12000000000000001,33,13,5,202,3668.5626333333335
4904,0,5,823707.6435,164741.5287,0.0823529411764706,39,17,5,9,13509.926088235294,5,823707.6435,164741.5287,0.0823529411764706,39,17,5,9,13509.926088235294
2643,0,6,245558.196,40926.366,0.08499999999999999,21,10,5,321,4319.0646,6,245558.196,40926.366,0.08499999999999999,21,10,5,321,4319.0646
3958,0,2,469194.7065,234597.35325,0.1125,17,8,5,289,16977.3658125,2,469194.7065,234597.35325,0.1125,17,8,5,289,16977.3658125
3790,0,8,856601.3895,107075.1736875,0.11428571428571428,45,21,4,79,7892.008547619048,8,856601.3895,107075.1736875,0.11428571428571428,45,21,4,79,7892.008547619048
2078,0,5,480725.8295,96145.16589999999,0.11000000000000001,28,10,5,331,8190.438950000001,5,480725.8295,96145.16589999999,0.11000000000000001,28,10,5,331,8190.438950000001
4646,0,10,777780.215,77778.0215,0.12352941176470589,42,17,5,411,11442.975588235295,10,777780.215,77778.0215,0.12352941176470589,42,17,5,411,11442.975588235295
28,1,6,489881.021,81646.83683333333,0.14333333333333334,32,15,5,19,6027.455400000001,6,489881.021,81646.83683333333,0.14333333333333334,32,15,5,19,6027.455400000001
1661,1,4,550864.6855,137716.171375,0.13076923076923078,30,13,5,437,8553.522730769233,4,550864.6855,137716.171375,0.13076923076923078,30,13,5,437,8553.522730769233
538,1,8,1355151.6894999999,169393.96118749998,0.08913043478260871,57,23,5,7,16795.034760869567,8,1355151.6894999999,169393.96118749998,0.08913043478260871,57,23,5,7,16795.034760869567
4836,1,4,528204.228,132051.057,0.1,26,8,4,172,13507.61975,4,528204.228,132051.057,0.1,26,8,4,172,13507.61975
2958,0,2,333212.2405,166606.12024999998,0.12,16,5,3,223,17537.4861,2,333212.2405,166606.12024999998,0.12,16,5,3,223,17537.4861
2795,1,5,623728.6005000001,124745.72009999999,0.115625,46,16,5,150,9166.64878125,5,623728.6005000001,124745.72009999999,0.115625,46,16,5,150,9166.64878125
1927,0,8,943285.3665,117910.6708125,0.0875,47,19,5,178,10623.404825000001,8,943285.3665,117910.6708125,0.0875,47,19,5,178,10623.404825000001
1015,0,3,247912.74800000002,82637.58266666667,0.13571428571428573,14,6,4,103,3652.196857142858,3,247912.74800000002,82637.58266666667,0.13571428571428573,14,6,4,103,3652.196857142858
626,1,4,413922.7045,103480.676125,0.09375,19,8,5,118,15382.884312500002,4,413922.7045,103480.676125,0.09375,19,8,5,118,15382.884312500002
4500,1,4,212307.0325,53076.758125,0.13333333333333333,19,9,5,312,5047.8525,4,212307.0325,53076.758125,0.13333333333333333,19,9,5,312,5047.8525
1693,1,5,709906.3095,141981.26189999998,0.12083333333333333,38,12,4,681,12664.804958333332,5,709906.3095,141981.26189999998,0.12083333333333333,38,12,4,681,12664.804958333332
2240,1,6,504150.803,84025.13383333333,0.1,33,14,4,81,7968.1448666666665,6,504150.803,84025.13383333333,0.1,33,14,4,81,7968.1448666666665
4783,1,3,247385.19,82461.73000000001,0.1125,18,8,5,310,5683.9575,3,247385.19,82461.73000000001,0.1125,18,8,5,310,5683.9575
3170,0,4,453688.896,113422.224,0.125,24,12,4,102,6278.208833333335,4,453688.896,113422.224,0.125,24,12,4,102,6278.208833333335
2066,0,4,612778.972,153194.743,0.10555555555555557,28,9,5,179,17521.987999999998,4,612778.972,153194.743,0.10555555555555557,28,9,5,179,17521.987999999998
4368,0,3,490558.143,163519.38099999996,0.10833333333333334,16,6,3,383,27125.973833333326,3,490558.143,163519.38099999996,0.10833333333333334,16,6,3,383,27125.973833333326
2626,1,5,440758.9325,88151.7865,0.10833333333333334,30,11,5,29,10063.596041666666,5,440758.9325,88151.7865,0.10833333333333334,30,11,5,29,10063.596041666666
2366,0,3,432972.9085,144324.30283333335,0.085,21,10,4,11,11053.893850000002,3,432972.9085,144324.30283333335,0.085,21,10,4,11,11053.893850000002
4490,1,6,847907.976,141317.996,0.10666666666666667,34,15,5,95,12815.804399999999,6,847907.976,141317.996,0.10666666666666667,34,15,5,95,12815.804399999999
1859,0,5,396833.6715,79366.7343,0.07500000000000001,17,7,4,255,13127.5376875,5,396833.6715,79366.7343,0.07500000000000001,17,7,4,255,13127.5376875
844,0,3,491470.446,163823.482,0.10625000000000001,23,8,3,328,16689.431999999997,3,491470.446,163823.482,0.10625000000000001,23,8,3,328,16689.431999999997
4617,1,2,222877.972,111438.986,0.06000000000000001,10,5,4,99,9399.3984,2,222877.972,111438.986,0.06000000000000001,10,5,4,99,9399.3984
2343,0,7,893143.028,127591.86114285715,0.09999999999999999,50,22,5,3,6567.689913043479,7,893143.028,127591.86114285715,0.09999999999999999,50,22,5,3,6567.689913043479
4265,0,6,719474.3535,119912.39224999999,0.08333333333333333,38,14,5,58,10247.844233333335,6,719474.3535,119912.39224999999,0.08333333333333333,38,14,5,58,10247.844233333335
2350,0,4,343879.936,85969.984,0.11666666666666665,13,6,4,447,13984.05766666667,4,343879.936,85969.984,0.11666666666666665,13,6,4,447,13984.05766666667
2489,0,6,576239.2695,96039.87825,0.10625,35,16,3,151,7990.65746875,6,576239.2695,96039.87825,0.10625,35,16,3,151,7990.65746875
4524,0,4,474514.9895,118628.747375,0.075,23,10,5,270,14124.172950000002,4,474514.9895,118628.747375,0.075,23,10,5,270,14124.172950000002
4028,1,3,651720.1394999999,217240.04650000003,0.05,22,8,4,149,17592.45661111111,3,651720.1394999999,217240.04650000003,0.05,22,8,4,149,17592.45661111111
4673,0,5,650415.0819999999,130083.0164,0.11923076923076924,28,13,5,26,8671.672461538461,5,650415.0819999999,130083.0164,0.11923076923076924,28,13,5,26,8671.672461538461
1940,1,7,882214.7729999999,126030.68185714286,0.11500000000000002,54,20,5,5,10248.717649999999,7,882214.7729999999,126030.68185714286,0.11500000000000002,54,20,5,5,10248.717649999999
4854,0,9,1058221.2185,117580.13538888888,0.08249999999999999,52,20,4,61,14643.688425,9,1058221.2185,117580.13538888888,0.08249999999999999,52,20,4,61,14643.688425
2289,1,7,357144.278,51020.61114285714,0.13076923076923078,30,11,5,452,4036.0821538461537,7,357144.278,51020.61114285714,0.13076923076923078,30,11,5,452,4036.0821538461537
4913,0,11,1643710.5905000002,149428.23549999998,0.11774193548387098,75,30,5,3,11133.104209677422,11,1643710.5905000002,149428.23549999998,0.11774193548387098,75,30,5,3,11133.104209677422
4426,0,4,518778.6195,129694.65487500001,0.10909090909090909,29,11,5,88,12888.178136363636,4,518778.6195,129694.65487500001,0.10909090909090909,29,11,5,88,12888.178136363636
3331,1,8,819570.7195,102446.3399375,0.1275,42,20,5,89,8480.459975000002,8,819570.7195,102446.3399375,0.1275,42,20,5,89,8480.459975000002
3330,0,7,969082.832,138440.40457142857,0.1131578947368421,51,19,5,332,12027.103263157895,7,969082.832,138440.40457142857,0.1131578947368421,51,19,5,332,12027.103263157895
1189,1,5,821779.5425,164355.9085,0.1285714285714286,40,13,5,388,14389.448750000001,5,821779.5425,164355.9085,0.1285714285714286,40,13,5,388,14389.448750000001
3580,0,2,335642.883,167821.4415,0.15,12,6,2,361,13312.628833333329,2,335642.883,167821.4415,0.15,12,6,2,361,13312.628833333329
115,1,6,597990.275,99665.04583333334,0.09583333333333334,32,12,5,376,12227.647916666669,6,597990.275,99665.04583333334,0.09583333333333334,32,12,5,376,12227.647916666669
4430,0,11,1265380.9635,115034.63304545455,0.09807692307692309,69,26,5,80,10826.08051923077,11,1265380.9635,115034.63304545455,0.09807692307692309,69,26,5,80,10826.08051923077
4996,0,7,928539.476,132648.49657142858,0.09444444444444444,49,18,5,186,12141.703666666666,7,928539.476,132648.49657142858,0.09444444444444444,49,18,5,186,12141.703666666666
1846,0,4,431087.18200000003,107771.79550000001,0.09444444444444446,23,9,5,24,12840.911333333333,4,431087.18200000003,107771.79550000001,0.09444444444444446,23,9,5,24,12840.911333333333
1445,0,4,295962.4035,73990.600875,0.08571428571428573,16,7,4,389,10718.06192857143,4,295962.4035,73990.600875,0.08571428571428573,16,7,4,389,10718.06192857143
425,0,10,1425460.305,142546.0305,0.11785714285714287,68,26,5,114,13893.545535714284,10,1425460.305,142546.0305,0.11785714285714287,68,26,5,114,13893.545535714284
2057,0,5,656730.434,131346.0868,0.11071428571428572,41,13,5,226,8748.374571428572,5,656730.434,131346.0868,0.11071428571428572,41,13,5,226,8748.374571428572
2408,0,8,1259608.3875,157451.0484375,0.09791666666666667,69,23,5,5,13959.589895833335,8,1259608.3875,157451.0484375,0.09791666666666667,69,23,5,5,13959.589895833335
1616,0,8,1120633.7785,140079.2223125,0.07272727272727274,53,21,5,197,13234.424931818181,8,1120633.7785,140079.2223125,0.07272727272727274,53,21,5,197,13234.424931818181
838,0,8,666111.584,83263.948,0.1,31,14,4,58,10673.145285714287,8,666111.584,83263.948,0.1,31,14,4,58,10673.145285714287
1599,0,4,202152.253,50538.06325,0.10833333333333334,9,6,4,92,7453.213833333331,4,202152.253,50538.06325,0.10833333333333334,9,6,4,92,7453.213833333331
2982,1,5,599655.818,119931.1636,0.06666666666666668,27,9,4,24,18657.482,5,599655.818,119931.1636,0.06666666666666668,27,9,4,24,18657.482
3667,1,7,1188533.379,169790.4827142857,0.08888888888888889,49,18,5,239,14663.209944444443,7,1188533.379,169790.4827142857,0.08888888888888889,49,18,5,239,14663.209944444443
1646,0,4,659864.694,164966.1735,0.11666666666666667,24,8,4,10,17758.690444444444,4,659864.694,164966.1735,0.11666666666666667,24,8,4,10,17758.690444444444
4425,1,7,1312687.6724999999,187526.81035714285,0.11904761904761904,54,21,5,93,14474.860119047618,7,1312687.6724999999,187526.81035714285,0.11904761904761904,54,21,5,93,14474.860119047618
1464,1,2,267857.36350000004,133928.68175000002,0.11000000000000001,14,5,4,135,5814.116700000003,2,267857.36350000004,133928.68175000002,0.11000000000000001,14,5,4,135,5814.116700000003
616,0,4,606604.342,151651.0855,0.11818181818181818,27,11,4,346,11656.98018181818,4,606604.342,151651.0855,0.11818181818181818,27,11,4,346,11656.98018181818
790,1,5,349260.02249999996,69852.00450000001,0.10714285714285714,22,7,4,260,9402.90607142857,5,349260.02249999996,69852.00450000001,0.10714285714285714,22,7,4,260,9402.90607142857
352,1,5,774284.1045,154856.8209,0.12692307692307692,37,13,5,379,11983.849576923074,5,774284.1045,154856.8209,0.12692307692307692,37,13,5,379,11983.849576923074
3154,0,4,380217.507,95054.37675,0.08333333333333333,22,9,5,109,8484.705222222223,4,380217.507,95054.37675,0.08333333333333333,22,9,5,109,8484.705222222223
3185,1,6,701167.1745,116861.19575,0.09285714285714286,34,14,5,13,10731.12175,6,701167.1745,116861.19575,0.09285714285714286,34,14,5,13,10731.12175
4219,0,8,647114.204,80889.27549999999,0.08666666666666667,40,14,4,195,10433.005599999999,8,647114.204,80889.27549999999,0.08666666666666667,40,14,4,195,10433.005599999999
4915,0,4,790597.4890000001,197649.37225000001,0.05714285714285715,33,13,5,165,15877.831357142859,4,790597.4890000001,197649.37225000001,0.05714285714285715,33,13,5,165,15877.831357142859
3013,1,8,714248.6615,89281.0826875,0.10526315789473684,38,19,5,54,9235.825868421054,8,714248.6615,89281.0826875,0.10526315789473684,38,19,5,54,9235.825868421054
4679,0,7,1049935.33,149990.76142857145,0.09047619047619049,46,21,5,113,14465.56619047619,7,1049935.33,149990.76142857145,0.09047619047619049,46,21,5,113,14465.56619047619
2636,1,5,605242.6675,121048.53349999999,0.10357142857142858,34,14,5,47,9475.29410714286,5,605242.6675,121048.53349999999,0.10357142857142858,34,14,5,47,9475.29410714286
3694,1,7,693485.9955,99069.42792857143,0.08888888888888889,43,17,5,378,9791.829194444443,7,693485.9955,99069.42792857143,0.08888888888888889,43,17,5,378,9791.829194444443
244,0,2,205163.43099999998,102581.71549999999,0.1285714285714286,19,7,3,823,5977.957285714286,2,205163.43099999998,102581.71549999999,0.1285714285714286,19,7,3,823,5977.957285714286
582,0,2,213201.19749999998,106600.59874999999,0.09999999999999999,11,4,4,44,11648.759374999994,2,213201.19749999998,106600.59874999999,0.09999999999999999,11,4,4,44,11648.759374999994
3190,1,7,685561.5925,97937.37035714286,0.08333333333333333,37,14,5,187,11625.750166666667,7,685561.5925,97937.37035714286,0.08333333333333333,37,14,5,187,11625.750166666667
1307,0,5,520243.6595,104048.7319,0.12272727272727274,28,11,4,1,9539.314500000002,5,520243.6595,104048.7319,0.12272727272727274,28,11,4,1,9539.314500000002
1698,1,5,981002.251,196200.45020000002,0.10625,45,15,5,58,14208.638812500001,5,981002.251,196200.45020000002,0.10625,45,15,5,58,14208.638812500001
1702,1,3,261074.401,87024.80033333333,0.06875,17,8,2,300,5206.565124999999,3,261074.401,87024.80033333333,0.06875,17,8,2,300,5206.565124999999
2762,0,6,1026692.8815,171115.48025,0.12222222222222223,47,18,5,98,10746.225638888889,6,1026692.8815,171115.48025,0.12222222222222223,47,18,5,98,10746.225638888889
3012,0,5,306851.066,61370.2132,0.1125,20,8,5,149,7642.216999999997,5,306851.066,61370.2132,0.1125,20,8,5,149,7642.216999999997
4217,0,4,485906.0455,121476.511375,0.09583333333333333,31,12,5,441,10655.777958333332,4,485906.0455,121476.511375,0.09583333333333333,31,12,5,441,10655.777958333332
4151,0,4,605415.285,151353.82124999998,0.1272727272727273,33,11,5,32,12262.63227272727,4,605415.285,151353.82124999998,0.1272727272727273,33,11,5,32,12262.63227272727
1787,1,3,211570.2705,70523.42350000002,0.09166666666666667,17,6,3,17,5846.3084166666695,3,211570.2705,70523.42350000002,0.09166666666666667,17,6,3,17,5846.3084166666695
2933,0,11,1094334.0365,99484.9124090909,0.12321428571428572,61,27,5,2,9397.596660714287,11,1094334.0365,99484.9124090909,0.12321428571428572,61,27,5,2,9397.596660714287
227,0,4,604350.4325,151087.608125,0.1285714285714286,35,13,4,73,10140.359464285717,4,604350.4325,151087.608125,0.1285714285714286,35,13,4,73,10140.359464285717
975,0,7,1064741.56,152105.93714285715,0.0823529411764706,48,17,5,13,14821.944705882353,7,1064741.56,152105.93714285715,0.0823529411764706,48,17,5,13,14821.944705882353
2452,0,6,762007.4935,127001.24891666666,0.10454545454545455,33,11,5,241,15711.400318181817,6,762007.4935,127001.24891666666,0.10454545454545455,33,11,5,241,15711.400318181817
4765,0,6,852537.474,142089.579,0.11666666666666667,36,15,5,45,14397.255600000002,6,852537.474,142089.579,0.11666666666666667,36,15,5,45,14397.255600000002
3760,0,4,295682.7925,73920.698125,0.10909090909090909,27,11,5,507,2000.247500000001,4,295682.7925,73920.698125,0.10909090909090909,27,11,5,507,2000.247500000001
876,0,3,407276.537,135758.84566666666,0.11666666666666667,18,8,4,365,15141.52188888889,3,407276.537,135758.84566666666,0.11666666666666667,18,8,4,365,15141.52188888889
870,0,7,820396.305,117199.47214285714,0.084375,38,16,4,160,14184.488437500002,7,820396.305,117199.47214285714,0.084375,38,16,4,160,14184.488437500002
2388,0,5,835047.2685,167009.4537,0.08846153846153845,36,13,5,215,18491.748346153843,5,835047.2685,167009.4537,0.08846153846153845,36,13,5,215,18491.748346153843
566,0,7,1051255.355,150179.33642857143,0.09166666666666667,53,18,5,47,12448.763055555555,7,1051255.355,150179.33642857143,0.09166666666666667,53,18,5,47,12448.763055555555
2613,1,5,586776.096,117355.21919999998,0.1,30,12,5,182,9958.57046153846,5,586776.096,117355.21919999998,0.1,30,12,5,182,9958.57046153846
2919,0,6,796831.2905,132805.2150833333,0.07333333333333333,38,14,5,459,11724.861366666662,6,796831.2905,132805.2150833333,0.07333333333333333,38,14,5,459,11724.861366666662
2095,1,7,1336788.97,190969.85285714286,0.08409090909090909,59,22,5,16,14882.900454545452,7,1336788.97,190969.85285714286,0.08409090909090909,59,22,5,16,14882.900454545452
3411,0,3,240703.9165,80234.63883333333,0.12142857142857144,15,7,4,155,6226.6494999999995,3,240703.9165,80234.63883333333,0.12142857142857144,15,7,4,155,6226.6494999999995
4186,0,3,380045.07700000005,126681.69233333335,0.1,19,7,3,53,11268.633857142859,3,380045.07700000005,126681.69233333335,0.1,19,7,3,53,11268.633857142859
3258,1,6,909612.4695,151602.07825,0.096875,39,16,5,8,15060.659968750002,6,909612.4695,151602.07825,0.096875,39,16,5,8,15060.659968750002
4471,0,7,992419.3445,141774.19207142858,0.1111111111111111,47,17,5,442,11572.94691666667,7,992419.3445,141774.19207142858,0.1111111111111111,47,17,5,442,11572.94691666667
105,0,3,187366.43199999997,62455.47733333332,0.125,9,4,3,25,13955.480499999998,3,187366.43199999997,62455.47733333332,0.125,9,4,3,25,13955.480499999998
88,1,5,458649.93,91729.986,0.08333333333333333,21,12,5,41,8422.200833333334,5,458649.93,91729.986,0.08333333333333333,21,12,5,41,8422.200833333334
4024,1,4,438530.59,109632.6475,0.1,28,9,5,154,13395.867777777781,4,438530.59,109632.6475,0.1,28,9,5,154,13395.867777777781
3110,1,1,164005.52300000002,164005.52300000002,0.05000000000000001,8,3,2,228,16924.234333333337,1,164005.52300000002,164005.52300000002,0.05000000000000001,8,3,2,228,16924.234333333337
4107,0,6,1189430.926,198238.48766666665,0.08095238095238096,49,21,5,121,13535.920761904763,6,1189430.926,198238.48766666665,0.08095238095238096,49,21,5,121,13535.920761904763
4885,1,5,434728.1075,86945.6215,0.10555555555555557,23,9,5,508,10203.005277777776,5,434728.1075,86945.6215,0.10555555555555557,23,9,5,508,10203.005277777776
1918,0,5,770027.4299999999,154005.48599999998,0.09615384615384616,33,13,5,26,15586.589999999998,5,770027.4299999999,154005.48599999998,0.09615384615384616,33,13,5,26,15586.589999999998
1217,0,5,375957.587,75191.5174,0.1076923076923077,26,13,5,179,6663.442846153847,5,375957.587,75191.5174,0.1076923076923077,26,13,5,179,6663.442846153847
2003,0,6,503902.3645,83983.72741666666,0.09166666666666667,29,12,5,161,9967.192041666667,6,503902.3645,83983.72741666666,0.09166666666666667,29,12,5,161,9967.192041666667
2725,0,8,736227.8985,92028.4873125,0.10882352941176471,42,17,5,1,10828.482264705885,8,736227.8985,92028.4873125,0.10882352941176471,42,17,5,1,10828.482264705885
3044,0,3,178518.0215,59506.00716666667,0.07857142857142858,16,6,4,85,4710.073071428572,3,178518.0215,59506.00716666667,0.07857142857142858,16,6,4,85,4710.073071428572
1357,0,7,880732.946,125818.99228571428,0.11750000000000001,56,20,5,52,9352.043299999998,7,880732.946,125818.99228571428,0.11750000000000001,56,20,5,52,9352.043299999998
3830,1,7,549761.2435,78537.3205,0.1423076923076923,27,13,5,39,10859.261807692306,7,549761.2435,78537.3205,0.1423076923076923,27,13,5,39,10859.261807692306
4637,0,5,476280.6145,95256.1229,0.08928571428571429,32,14,4,100,6581.383178571428,5,476280.6145,95256.1229,0.08928571428571429,32,14,4,100,6581.383178571428
3893,0,5,743550.5264999999,148710.1053,0.10526315789473684,41,19,5,130,7580.521921052629,5,743550.5264999999,148710.1053,0.10526315789473684,41,19,5,130,7580.521921052629
3826,0,5,361978.4165,72395.6833,0.1111111111111111,23,9,3,90,7235.384055555557,5,361978.4165,72395.6833,0.1111111111111111,23,9,3,90,7235.384055555557
1942,0,2,442392.697,221196.34849999996,0.05714285714285715,24,7,3,340,15691.849571428567,2,442392.697,221196.34849999996,0.05714285714285715,24,7,3,340,15691.849571428567
4841,0,9,1724922.5465,191658.0607222222,0.09375,63,22,5,69,18304.827770833333,9,1724922.5465,191658.0607222222,0.09375,63,22,5,69,18304.827770833333
2935,0,7,715344.772,102192.11028571428,0.12142857142857143,28,13,5,40,11462.21657142857,7,715344.772,102192.11028571428,0.12142857142857143,28,13,5,40,11462.21657142857
881,0,1,139476.9845,139476.9845,0.15,7,2,2,224,19863.352249999993,1,139476.9845,139476.9845,0.15,7,2,2,224,19863.352249999993
3010,0,5,367284.0,73456.8,0.10500000000000001,16,10,5,212,9886.644,5,367284.0,73456.8,0.10500000000000001,16,10,5,212,9886.644
3095,0,7,619713.322,88530.47457142857,0.11176470588235295,45,17,5,220,7733.385411764704,7,619713.322,88530.47457142857,0.11176470588235295,45,17,5,220,7733.385411764704
1697,0,8,710418.4375,88802.3046875,0.12222222222222223,47,18,5,5,7103.984305555556,8,710418.4375,88802.3046875,0.12222222222222223,47,18,5,5,7103.984305555556
3832,1,3,480372.033,160124.011,0.1,25,10,5,459,8796.87118181818,3,480372.033,160124.011,0.1,25,10,5,459,8796.87118181818
1093,1,1,114672.704,114672.704,0.0875,8,4,4,340,3622.938499999999,1,114672.704,114672.704,0.0875,8,4,4,340,3622.938499999999
3000,1,3,493090.476,164363.492,0.1125,21,8,5,364,14689.365750000006,3,493090.476,164363.492,0.1125,21,8,5,364,14689.365750000006
1981,0,6,933196.36,155532.72666666665,0.08125,41,16,5,12,15575.229999999998,6,933196.36,155532.72666666665,0.08125,41,16,5,12,15575.229999999998
1548,0,8,921331.2025,115166.4003125,0.10555555555555556,49,18,5,43,12020.186805555555,8,921331.2025,115166.4003125,0.10555555555555556,49,18,5,43,12020.186805555555
2375,0,10,1299980.8145,129998.08145000001,0.08958333333333333,66,23,5,14,13686.240604166667,10,1299980.8145,129998.08145000001,0.08958333333333333,66,23,5,14,13686.240604166667
2135,0,5,551024.888,110204.97760000001,0.10454545454545455,26,11,5,124,13383.99890909091,5,551024.888,110204.97760000001,0.10454545454545455,26,11,5,124,13383.99890909091
4800,0,7,609034.5045,87004.92921428572,0.08076923076923077,33,13,5,12,10719.842653846154,7,609034.5045,87004.92921428572,0.08076923076923077,33,13,5,12,10719.842653846154
91,1,4,665690.623,166422.65575,0.1272727272727273,28,11,5,241,15545.318454545457,4,665690.623,166422.65575,0.1272727272727273,28,11,5,241,15545.318454545457
1156,0,7,1079234.7945,154176.39921428572,0.13421052631578947,49,18,5,155,11499.9355,7,1079234.7945,154176.39921428572,0.13421052631578947,49,18,5,155,11499.9355
2209,1,4,321137.205,80284.30125,0.1,17,9,4,55,5414.499444444443,4,321137.205,80284.30125,0.1,17,9,4,55,5414.499444444443
2513,0,5,478637.8075,95727.5615,0.10333333333333333,32,15,5,175,7559.559833333335,5,478637.8075,95727.5615,0.10333333333333333,32,15,5,175,7559.559833333335
202,0,4,583453.305,145863.32625,0.1125,30,12,5,277,11954.178750000005,4,583453.305,145863.32625,0.1125,30,12,5,277,11954.178750000005
3978,0,3,575337.9245,191779.30816666665,0.1142857142857143,24,7,4,762,20350.030642857142,3,575337.9245,191779.30816666665,0.1142857142857143,24,7,4,762,20350.030642857142
1108,1,6,669776.719,111629.45316666667,0.12187500000000001,43,16,5,388,8215.8093125,6,669776.719,111629.45316666667,0.12187500000000001,43,16,5,388,8215.8093125
371,1,6,676364.6895,112727.44825,0.11000000000000001,39,14,5,76,6813.421966666668,6,676364.6895,112727.44825,0.11000000000000001,39,14,5,76,6813.421966666668
1166,0,3,348444.67850000004,116148.22616666667,0.12,11,5,3,23,18926.765700000007,3,348444.67850000004,116148.22616666667,0.12,11,5,3,23,18926.765700000007
3796,1,7,979459.63,139922.8042857143,0.1105263157894737,51,19,4,120,9395.663157894736,7,979459.63,139922.8042857143,0.1105263157894737,51,19,4,120,9395.663157894736
1828,0,7,571677.2245,81668.17492857143,0.11071428571428572,38,13,5,11,8875.389607142857,7,571677.2245,81668.17492857143,0.11071428571428572,38,13,5,11,8875.389607142857
1687,0,6,808183.113,134697.1855,0.11500000000000002,41,20,5,21,8087.936650000001,6,808183.113,134697.1855,0.11500000000000002,41,20,5,21,8087.936650000001
3251,0,7,1075477.619,153639.65985714286,0.11590909090909092,60,19,5,35,9969.197227272727,7,1075477.619,153639.65985714286,0.11590909090909092,60,19,5,35,9969.197227272727
808,0,7,768250.167,109750.02385714286,0.13421052631578947,47,19,5,355,8573.84615789474,7,768250.167,109750.02385714286,0.13421052631578947,47,19,5,355,8573.84615789474
117,0,8,1074750.0995,134343.7624375,0.0880952380952381,54,21,5,10,13564.241404761904,8,1074750.0995,134343.7624375,0.0880952380952381,54,21,5,10,13564.241404761904
1407,1,3,615227.2475,205075.74916666665,0.08181818181818182,28,11,5,271,13425.978863636365,3,615227.2475,205075.74916666665,0.08181818181818182,28,11,5,271,13425.978863636365
2730,0,10,1056591.0235,105659.10234999999,0.07391304347826087,50,22,5,249,12046.563195652174,10,1056591.0235,105659.10234999999,0.07391304347826087,50,22,5,249,12046.563195652174
1187,1,4,576780.203,144195.05075,0.09583333333333334,26,12,4,76,10572.35025,4,576780.203,144195.05075,0.09583333333333334,26,12,4,76,10572.35025
322,0,5,963661.199,192732.2398,0.12666666666666668,44,15,5,174,14760.440600000002,5,963661.199,192732.2398,0.12666666666666668,44,15,5,174,14760.440600000002
1975,0,5,518622.0285,103724.4057,0.11000000000000001,27,10,4,113,10603.157850000001,5,518622.0285,103724.4057,0.11000000000000001,27,10,4,113,10603.157850000001
3755,0,3,367308.049,122436.01633333333,0.09285714285714286,17,7,3,114,16266.09271428571,3,367308.049,122436.01633333333,0.09285714285714286,17,7,3,114,16266.09271428571
1831,0,9,1250594.0574999999,138954.89527777777,0.10400000000000001,55,23,5,28,11395.6647,9,1250594.0574999999,138954.89527777777,0.10400000000000001,55,23,5,28,11395.6647
1866,0,11,1541276.974,140116.08854545455,0.09166666666666666,78,29,5,192,12613.4238,11,1541276.974,140116.08854545455,0.09166666666666666,78,29,5,192,12613.4238
1157,0,4,421728.8525,105432.21312500001,0.1125,18,8,5,204,14210.326562500002,4,421728.8525,105432.21312500001,0.1125,18,8,5,204,14210.326562500002
3703,0,5,865005.3665,173001.0733,0.10416666666666667,31,12,5,14,19622.268875000005,5,865005.3665,173001.0733,0.10416666666666667,31,12,5,14,19622.268875000005
219,1,5,376248.9765,75249.7953,0.1,19,9,5,184,10541.561833333333,5,376248.9765,75249.7953,0.1,19,9,5,184,10541.561833333333
4583,0,4,348998.132,87249.533,0.06000000000000001,16,5,3,30,17136.4744,4,348998.132,87249.533,0.06000000000000001,16,5,3,30,17136.4744
1208,0,2,188835.582,94417.791,0.13333333333333333,13,6,4,302,5173.090333333334,2,188835.582,94417.791,0.13333333333333333,13,6,4,302,5173.090333333334
4507,1,5,595272.667,119054.5334,0.09545454545454546,27,11,5,251,13786.774272727273,5,595272.667,119054.5334,0.09545454545454546,27,11,5,251,13786.774272727273
379,0,4,438136.4365,109534.109125,0.10454545454545454,30,11,5,287,8638.855136363638,4,438136.4365,109534.109125,0.10454545454545454,30,11,5,287,8638.855136363638
2200,0,3,184421.964,61473.988000000005,0.02,10,5,3,486,9012.9668,3,184421.964,61473.988000000005,0.02,10,5,3,486,9012.9668
2774,1,2,319816.5115,159908.25575,0.10625000000000001,20,8,4,84,10490.3864375,2,319816.5115,159908.25575,0.10625000000000001,20,8,4,84,10490.3864375
3288,0,6,800914.6494999999,133485.77491666668,0.075,36,14,5,223,14773.406392857141,6,800914.6494999999,133485.77491666668,0.075,36,14,5,223,14773.406392857141
1586,0,4,826895.34,206723.835,0.05454545454545456,33,11,4,93,18576.212727272727,4,826895.34,206723.835,0.05454545454545456,33,11,4,93,18576.212727272727
3849,0,7,785200.4265000001,112171.48950000001,0.07368421052631578,46,19,5,390,9615.957184210525,7,785200.4265000001,112171.48950000001,0.07368421052631578,46,19,5,390,9615.957184210525
179,0,1,79237.14600000001,79237.14600000001,0.16666666666666666,8,3,3,786,-577.3413333333277,1,79237.14600000001,79237.14600000001,0.16666666666666666,8,3,3,786,-577.3413333333277
2496,0,6,806003.0675,134333.84458333332,0.11875000000000001,40,16,4,117,9924.143593750001,6,806003.0675,134333.84458333332,0.11875000000000001,40,16,4,117,9924.143593750001
1909,0,6,611936.7644999999,101989.46074999998,0.09666666666666666,34,15,3,319,10887.366299999998,6,611936.7644999999,101989.46074999998,0.09666666666666666,34,15,3,319,10887.366299999998
4635,0,4,316261.13,79065.2825,0.11875000000000001,18,7,5,319,12060.438749999998,4,316261.13,79065.2825,0.11875000000000001,18,7,5,319,12060.438749999998
2842,0,6,498901.87700000004,83150.31283333333,0.09090909090909091,32,9,4,15,10367.862454545457,6,498901.87700000004,83150.31283333333,0.09090909090909091,32,9,4,15,10367.862454545457
1480,0,4,286178.21499999997,71544.55374999999,0.0875,16,8,4,390,5434.826874999999,4,286178.21499999997,71544.55374999999,0.0875,16,8,4,390,5434.826874999999
1816,0,7,1003731.879,143390.26842857143,0.10882352941176471,47,16,5,14,14267.086411764707,7,1003731.879,143390.26842857143,0.10882352941176471,47,16,5,14,14267.086411764707
2803,0,2,129441.29000000001,64720.645000000004,0.15,5,3,2,93,8445.590000000004,2,129441.29000000001,64720.645000000004,0.15,5,3,2,93,8445.590000000004
1982,0,7,1103440.1445,157634.30635714284,0.10555555555555557,48,18,5,126,13183.35247222222,7,1103440.1445,157634.30635714284,0.10555555555555557,48,18,5,126,13183.35247222222
1232,0,4,194973.692,48743.422999999995,0.08333333333333333,7,5,2,494,8575.565333333332,4,194973.692,48743.422999999995,0.08333333333333333,7,5,2,494,8575.565333333332
3488,0,8,584785.706,73098.21325,0.11750000000000001,45,20,5,136,3519.1578,8,584785.706,73098.21325,0.11750000000000001,45,20,5,136,3519.1578
1411,0,6,918022.918,153003.81966666665,0.07894736842105263,45,18,5,128,11881.43147368421,6,918022.918,153003.81966666665,0.07894736842105263,45,18,5,128,11881.43147368421
2174,1,5,923169.4495,184633.8899,0.08571428571428572,43,14,5,30,16271.672821428572,5,923169.4495,184633.8899,0.08571428571428572,43,14,5,30,16271.672821428572
795,1,7,1380226.714,197175.24485714285,0.11363636363636363,56,20,5,118,13916.210636363634,7,1380226.714,197175.24485714285,0.11363636363636363,56,20,5,118,13916.210636363634
756,0,1,17673.712,17673.712,0.2,2,1,1,536,3115.191999999999,1,17673.712,17673.712,0.2,2,1,1,536,3115.191999999999
4245,0,2,546850.3225,273425.16125,0.14285714285714285,25,7,5,474,16219.551785714288,2,546850.3225,273425.16125,0.14285714285714285,25,7,5,474,16219.551785714288
581,0,9,1305493.863,145054.87366666665,0.06666666666666668,57,20,5,29,17423.775380952382,9,1305493.863,145054.87366666665,0.06666666666666668,57,20,5,29,17423.775380952382
3383,0,4,487210.09849999996,121802.52462499999,0.05,26,8,5,22,12588.21872222222,4,487210.09849999996,121802.52462499999,0.05,26,8,5,22,12588.21872222222
800,1,7,649720.238,92817.17685714285,0.12187500000000001,35,15,5,52,8826.77925,7,649720.238,92817.17685714285,0.12187500000000001,35,15,5,52,8826.77925
1439,1,6,789978.3315,131663.05525,0.12941176470588237,37,17,5,247,9416.304205882352,6,789978.3315,131663.05525,0.12941176470588237,37,17,5,247,9416.304205882352
2559,0,7,546354.897,78050.69957142857,0.09333333333333334,34,14,4,38,6801.8444666666655,7,546354.897,78050.69957142857,0.09333333333333334,34,14,4,38,6801.8444666666655
667,0,4,420595.971,105148.99274999999,0.1285714285714286,14,7,4,224,18511.318714285713,4,420595.971,105148.99274999999,0.1285714285714286,14,7,4,224,18511.318714285713
2635,0,7,888328.1335,126904.01907142857,0.08863636363636364,50,22,5,46,10632.085613636364,7,888328.1335,126904.01907142857,0.08863636363636364,50,22,5,46,10632.085613636364
4912,1,4,606053.953,151513.48825,0.1125,36,12,5,47,14455.192749999997,4,606053.953,151513.48825,0.1125,36,12,5,47,14455.192749999997
3552,0,4,630477.6535,157619.413375,0.084375,35,16,5,346,10873.52021875,4,630477.6535,157619.413375,0.084375,35,16,5,346,10873.52021875
1753,0,2,387029.7545,193514.87725000002,0.10714285714285714,14,7,4,17,13837.186357142857,2,387029.7545,193514.87725000002,0.10714285714285714,14,7,4,17,13837.186357142857
3991,0,7,966774.6595,138110.66564285714,0.0976190476190476,52,21,5,43,9632.543309523808,7,966774.6595,138110.66564285714,0.0976190476190476,52,21,5,43,9632.543309523808
3750,0,3,435531.5455,145177.18183333334,0.1,25,8,5,6,7559.8106874999985,3,435531.5455,145177.18183333334,0.1,25,8,5,6,7559.8106874999985
1880,0,5,629429.531,125885.9062,0.12916666666666668,31,12,5,187,12897.834249999998,5,629429.531,125885.9062,0.12916666666666668,31,12,5,187,12897.834249999998
1494,0,9,1310436.7075,145604.07861111112,0.12291666666666667,67,24,5,40,14177.9503125,9,1310436.7075,145604.07861111112,0.12291666666666667,67,24,5,40,14177.9503125
2752,0,2,349130.79949999996,174565.39974999998,0.10833333333333334,14,6,4,346,8065.058249999999,2,349130.79949999996,174565.39974999998,0.10833333333333334,14,6,4,346,8065.058249999999
4299,0,3,347615.97,115871.98999999999,0.09,27,10,4,88,6333.208999999999,3,347615.97,115871.98999999999,0.09,27,10,4,88,6333.208999999999
4030,0,4,540069.998,135017.4995,0.09,22,10,4,27,12366.448800000002,4,540069.998,135017.4995,0.09,22,10,4,27,12366.448800000002
1362,0,6,741283.383,123547.2305,0.12916666666666668,35,12,4,134,14634.486083333331,6,741283.383,123547.2305,0.12916666666666668,35,12,4,134,14634.486083333331
2649,0,9,1099016.2675,122112.91861111112,0.12250000000000001,46,18,4,153,11869.409875000001,9,1099016.2675,122112.91861111112,0.12250000000000001,46,18,4,153,11869.409875000001
4450,0,3,502627.623,167542.541,0.11875000000000001,21,8,5,25,11985.064125000004,3,502627.623,167542.541,0.11875000000000001,21,8,5,25,11985.064125000004
1246,0,8,749993.4965,93749.1870625,0.0736842105263158,43,19,5,0,10303.445605263158,8,749993.4965,93749.1870625,0.0736842105263158,43,19,5,0,10303.445605263158
4266,1,4,828780.7455,207195.186375,0.07692307692307693,32,13,5,144,15207.096576923075,4,828780.7455,207195.186375,0.07692307692307693,32,13,5,144,15207.096576923075
524,0,9,479379.6355,53264.40394444444,0.07352941176470588,43,16,5,77,5971.6314999999995,9,479379.6355,53264.40394444444,0.07352941176470588,43,16,5,77,5971.6314999999995
1457,0,2,417622.2075,208811.10375,0.07142857142857142,15,7,4,111,13177.546785714285,2,417622.2075,208811.10375,0.07142857142857142,15,7,4,111,13177.546785714285
4112,1,9,925068.061,102785.34011111112,0.06666666666666667,45,18,5,48,11395.043388888887,9,925068.061,102785.34011111112,0.06666666666666667,45,18,5,48,11395.043388888887
267,0,5,376009.288,75201.8576,0.07142857142857142,16,7,5,30,16957.336857142855,5,376009.288,75201.8576,0.07142857142857142,16,7,5,30,16957.336857142855
2017,1,1,241582.64899999998,241582.64899999998,0.0875,8,4,3,208,16322.134750000001,1,241582.64899999998,241582.64899999998,0.0875,8,4,3,208,16322.134750000001
1231,0,7,1066286.8939999999,152326.69914285713,0.0911764705882353,56,17,4,70,16377.130823529407,7,1066286.8939999999,152326.69914285713,0.0911764705882353,56,17,4,70,16377.130823529407
2301,0,6,712301.2975,118716.88291666667,0.10909090909090909,32,11,5,170,18051.907954545455,6,712301.2975,118716.88291666667,0.10909090909090909,32,11,5,170,18051.907954545455
3079,0,5,960972.0904999999,192194.41809999998,0.109375,41,16,5,400,13089.670031249998,5,960972.0904999999,192194.41809999998,0.109375,41,16,5,400,13089.670031249998
3535,1,7,646162.0025,92308.8575,0.08666666666666667,33,15,5,149,10018.724833333334,7,646162.0025,92308.8575,0.08666666666666667,33,15,5,149,10018.724833333334
819,0,3,538873.8555000001,179624.6185,0.09375,27,8,4,19,20005.4119375,3,538873.8555000001,179624.6185,0.09375,27,8,4,19,20005.4119375
2030,0,4,454224.928,113556.23200000002,0.1318181818181818,29,11,4,44,8278.864363636365,4,454224.928,113556.23200000002,0.1318181818181818,29,11,4,44,8278.864363636365
1084,0,7,735654.8845,105093.55492857144,0.10714285714285714,56,21,5,203,7899.2983095238105,7,735654.8845,105093.55492857144,0.10714285714285714,56,21,5,203,7899.2983095238105
3039,0,6,701952.488,116992.08133333334,0.10000000000000002,33,12,5,131,15538.845666666668,6,701952.488,116992.08133333334,0.10000000000000002,33,12,5,131,15538.845666666668
1572,1,3,627063.044,209021.01466666666,0.11000000000000001,30,10,4,167,14800.506399999998,3,627063.044,209021.01466666666,0.11000000000000001,30,10,4,167,14800.506399999998
2058,0,5,289433.969,57886.7938,0.10500000000000001,25,9,5,286,7913.024899999999,5,289433.969,57886.7938,0.10500000000000001,25,9,5,286,7913.024899999999
469,1,5,614587.005,122917.401,0.1,30,10,5,78,8034.676818181818,5,614587.005,122917.401,0.1,30,10,5,78,8034.676818181818
3944,0,6,951208.6525000001,158534.77541666667,0.11875000000000001,45,16,4,7,11209.487656250001,6,951208.6525000001,158534.77541666667,0.11875000000000001,45,16,4,7,11209.487656250001
4729,0,9,1098959.938,122106.6597777778,0.11875000000000001,57,23,5,90,9134.444916666667,9,1098959.938,122106.6597777778,0.11875000000000001,57,23,5,90,9134.444916666667
79,0,4,601519.0085,150379.752125,0.10454545454545454,26,11,5,46,11465.337136363636,4,601519.0085,150379.752125,0.10454545454545454,26,11,5,46,11465.337136363636
4253,0,6,760732.502,126788.75033333334,0.08928571428571429,37,14,5,316,11904.750142857143,6,760732.502,126788.75033333334,0.08928571428571429,37,14,5,316,11904.750142857143
4695,0,4,715726.191,178931.54775,0.08928571428571429,34,14,5,161,13838.67007142857,4,715726.191,178931.54775,0.08928571428571429,34,14,5,161,13838.67007142857
93,1,4,376912.1105,94228.027625,0.14285714285714285,20,7,3,433,8574.245785714285,4,376912.1105,94228.027625,0.14285714285714285,20,7,3,433,8574.245785714285
1004,0,5,690978.527,138195.7054,0.1,39,15,5,144,13071.039800000002,5,690978.527,138195.7054,0.1,39,15,5,144,13071.039800000002
231,0,3,400482.58550000004,133494.19516666667,0.09375,18,8,4,695,11462.335687500003,3,400482.58550000004,133494.19516666667,0.09375,18,8,4,695,11462.335687500003
4796,0,8,865973.1555,108246.6444375,0.09791666666666667,58,24,5,60,7514.703145833333,8,865973.1555,108246.6444375,0.09791666666666667,58,24,5,60,7514.703145833333
4413,0,3,294564.955,98188.31833333334,0.14285714285714285,14,7,5,103,8513.600714285714,3,294564.955,98188.31833333334,0.14285714285714285,14,7,5,103,8513.600714285714
1152,0,7,714878.541,102125.50585714285,0.084375,38,16,4,71,10280.5525625,7,714878.541,102125.50585714285,0.084375,38,16,4,71,10280.5525625
1623,0,6,373201.93000000005,62200.32166666666,0.1142857142857143,35,13,4,158,5508.038571428573,6,373201.93000000005,62200.32166666666,0.1142857142857143,35,13,4,158,5508.038571428573
3299,0,6,680424.1845,113404.03074999999,0.12000000000000001,42,15,5,48,8264.741633333331,6,680424.1845,113404.03074999999,0.12000000000000001,42,15,5,48,8264.741633333331
2865,1,12,1202526.1485,100210.512375,0.09074074074074075,62,26,5,53,9239.725870370368,12,1202526.1485,100210.512375,0.09074074074074075,62,26,5,53,9239.725870370368
3914,0,6,539806.8525,89967.80875000001,0.12,26,10,4,8,8769.85025,6,539806.8525,89967.80875000001,0.12,26,10,4,8,8769.85025
526,1,4,270168.3135,67542.078375,0.11666666666666667,17,9,3,198,7274.554833333333,4,270168.3135,67542.078375,0.11666666666666667,17,9,3,198,7274.554833333333
3193,1,6,793279.6105,132213.26841666666,0.1125,40,16,5,17,10672.816281250001,6,793279.6105,132213.26841666666,0.1125,40,16,5,17,10672.816281250001
1020,1,5,384425.9775,76885.1955,0.08499999999999999,20,10,4,36,7772.32475,5,384425.9775,76885.1955,0.08499999999999999,20,10,4,36,7772.32475
21,0,4,389440.6695,97360.16737499999,0.11818181818181818,29,11,4,234,9288.657227272726,4,389440.6695,97360.16737499999,0.11818181818181818,29,11,4,234,9288.657227272726
1104,0,7,759100.555,108442.93642857144,0.10588235294117647,36,17,5,331,8941.949705882356,7,759100.555,108442.93642857144,0.10588235294117647,36,17,5,331,8941.949705882356
1070,0,3,276136.95,92045.65000000001,0.08888888888888889,26,9,4,73,6414.386666666667,3,276136.95,92045.65000000001,0.08888888888888889,26,9,4,73,6414.386666666667
398,1,6,786369.0045,131061.50074999999,0.11,41,15,5,107,12359.7623,6,786369.0045,131061.50074999999,0.11,41,15,5,107,12359.7623
4367,0,4,457725.6865,114431.421625,0.09999999999999999,24,12,5,15,8080.465541666666,4,457725.6865,114431.421625,0.09999999999999999,24,12,5,15,8080.465541666666
4198,1,4,661683.717,165420.92925000002,0.08214285714285714,35,14,5,412,11284.192642857142,4,661683.717,165420.92925000002,0.08214285714285714,35,14,5,412,11284.192642857142
3643,1,2,360413.896,180206.948,0.09166666666666667,21,6,4,388,12565.292666666668,2,360413.896,180206.948,0.09166666666666667,21,6,4,388,12565.292666666668
3745,1,6,903246.9925,150541.16541666668,0.10312500000000001,42,15,5,61,11240.560156250003,6,903246.9925,150541.16541666668,0.10312500000000001,42,15,5,61,11240.560156250003
2130,0,4,505660.801,126415.20025,0.09375,23,8,5,60,22885.160125,4,505660.801,126415.20025,0.09375,23,8,5,60,22885.160125
399,1,6,822726.675,137121.11250000002,0.12083333333333335,30,12,5,360,14417.159583333332,6,822726.675,137121.11250000002,0.12083333333333335,30,12,5,360,14417.159583333332
4576,1,4,501973.202,125493.30050000001,0.08499999999999999,23,10,5,263,11057.543200000002,4,501973.202,125493.30050000001,0.08499999999999999,23,10,5,263,11057.543200000002
1729,1,6,464346.9765,77391.16275,0.09999999999999999,29,11,4,173,7354.6097083333325,6,464346.9765,77391.16275,0.09999999999999999,29,11,4,173,7354.6097083333325
2154,0,5,500106.137,100021.2274,0.11500000000000002,24,10,5,99,12241.388699999998,5,500106.137,100021.2274,0.11500000000000002,24,10,5,99,12241.388699999998
1064,0,3,311853.226,103951.07533333334,0.1277777777777778,21,9,5,399,7186.307333333333,3,311853.226,103951.07533333334,0.1277777777777778,21,9,5,399,7186.307333333333
2739,0,7,925659.2735,132237.03907142856,0.08095238095238096,55,20,5,149,11049.039690476191,7,925659.2735,132237.03907142856,0.08095238095238096,55,20,5,149,11049.039690476191
1155,0,5,551006.231,110201.24620000001,0.12272727272727274,28,11,5,97,10608.626454545452,5,551006.231,110201.24620000001,0.12272727272727274,28,11,5,97,10608.626454545452
3674,0,3,271307.41000000003,90435.80333333334,0.125,13,4,3,451,13880.1075,3,271307.41000000003,90435.80333333334,0.125,13,4,3,451,13880.1075
4163,0,7,948430.0225000001,135490.00321428574,0.10833333333333334,49,16,4,3,14429.31125,7,948430.0225000001,135490.00321428574,0.10833333333333334,49,16,4,3,14429.31125
2980,0,7,1026273.9835,146610.56907142856,0.1,46,19,5,102,13874.500710526312,7,1026273.9835,146610.56907142856,0.1,46,19,5,102,13874.500710526312
4777,1,3,232897.682,77632.56066666667,0.1277777777777778,21,9,5,313,4391.433555555555,3,232897.682,77632.56066666667,0.1277777777777778,21,9,5,313,4391.433555555555
3940,0,5,713864.62,142772.92399999997,0.07727272727272728,31,11,4,309,20026.22272727272,5,713864.62,142772.92399999997,0.07727272727272728,31,11,4,309,20026.22272727272
102,0,6,1005021.526,167503.5876666667,0.09,49,19,5,208,10221.6603,6,1005021.526,167503.5876666667,0.09,49,19,5,208,10221.6603
3236,0,8,935887.7615,116985.9701875,0.11578947368421054,47,17,5,18,10985.550078947368,8,935887.7615,116985.9701875,0.11578947368421054,47,17,5,18,10985.550078947368
3319,0,9,877250.341,97472.26011111111,0.09545454545454546,62,21,5,42,9033.811863636363,9,877250.341,97472.26011111111,0.09545454545454546,62,21,5,42,9033.811863636363
1214,0,4,616582.474,154145.61849999998,0.09166666666666667,30,12,5,142,10325.875333333335,4,616582.474,154145.61849999998,0.09166666666666667,30,12,5,142,10325.875333333335
812,0,3,521915.0405,173971.68016666666,0.12222222222222223,24,9,4,42,15001.037833333332,3,521915.0405,173971.68016666666,0.12222222222222223,24,9,4,42,15001.037833333332
1754,0,6,483375.7315,80562.62191666667,0.10277777777777779,34,18,5,68,5377.0067500000005,6,483375.7315,80562.62191666667,0.10277777777777779,34,18,5,68,5377.0067500000005
73,1,4,960275.791,240068.94775,0.1,44,15,5,69,13240.38273333333,4,960275.791,240068.94775,0.1,44,15,5,69,13240.38273333333
3326,0,3,325299.9215,108433.30716666667,0.10555555555555556,20,9,3,183,9833.176833333333,3,325299.9215,108433.30716666667,0.10555555555555556,20,9,3,183,9833.176833333333
4697,0,4,225652.2905,56413.072625,0.1,12,5,4,393,10116.142100000001,4,225652.2905,56413.072625,0.1,12,5,4,393,10116.142100000001
3206,0,6,677527.996,112921.33266666667,0.12333333333333334,31,15,5,404,11369.873733333336,6,677527.996,112921.33266666667,0.12333333333333334,31,15,5,404,11369.873733333336
3973,1,4,303897.7925,75974.448125,0.11499999999999999,25,10,4,206,6497.11025,4,303897.7925,75974.448125,0.11499999999999999,25,10,4,206,6497.11025
3470,0,5,349713.5705,69942.7141,0.09090909090909091,21,11,5,40,8133.8282272727265,5,349713.5705,69942.7141,0.09090909090909091,21,11,5,40,8133.8282272727265
2415,1,5,594048.9725,118809.7945,0.135,28,10,5,91,10257.297250000005,5,594048.9725,118809.7945,0.135,28,10,5,91,10257.297250000005
2615,0,8,1096303.4895,137037.9361875,0.10681818181818183,59,20,5,14,11062.324522727271,8,1096303.4895,137037.9361875,0.10681818181818183,59,20,5,14,11062.324522727271
909,0,9,1640593.3795,182288.15327777778,0.09833333333333334,70,28,5,173,13195.185983333335,9,1640593.3795,182288.15327777778,0.09833333333333334,70,28,5,173,13195.185983333335
3213,0,4,387448.005,96862.00125,0.09444444444444446,19,8,4,112,9982.582777777778,4,387448.005,96862.00125,0.09444444444444446,19,8,4,112,9982.582777777778
1168,0,6,854591.388,142431.89800000002,0.10625,42,16,3,18,11230.707375,6,854591.388,142431.89800000002,0.10625,42,16,3,18,11230.707375
1653,0,6,484864.538,80810.75633333332,0.11923076923076924,31,13,5,170,8844.51523076923,6,484864.538,80810.75633333332,0.11923076923076924,31,13,5,170,8844.51523076923
2070,1,9,1227106.132,136345.12577777778,0.098,61,25,5,54,13952.01248,9,1227106.132,136345.12577777778,0.098,61,25,5,54,13952.01248
2843,0,4,480097.88049999997,120024.47012499999,0.13,28,10,5,87,9227.915049999996,4,480097.88049999997,120024.47012499999,0.13,28,10,5,87,9227.915049999996
887,1,6,612239.309,102039.88483333333,0.15357142857142855,34,14,4,136,6836.165642857144,6,612239.309,102039.88483333333,0.15357142857142855,34,14,4,136,6836.165642857144
1886,0,10,1224902.4015,122490.24015,0.11363636363636363,57,22,5,21,12897.747795454547,10,1224902.4015,122490.24015,0.11363636363636363,57,22,5,21,12897.747795454547
4354,0,5,766869.3865,153373.8773,0.1125,37,15,4,62,9665.12353125,5,766869.3865,153373.8773,0.1125,37,15,4,62,9665.12353125
206,1,5,662015.2585,132403.0517,0.10666666666666667,39,15,5,128,6891.9179,5,662015.2585,132403.0517,0.10666666666666667,39,15,5,128,6891.9179
3011,0,4,569067.481,142266.87025,0.1388888888888889,28,9,5,59,12384.999000000002,4,569067.481,142266.87025,0.1388888888888889,28,9,5,59,12384.999000000002
4992,0,3,352048.5025,117349.50083333334,0.11666666666666667,20,8,4,395,8878.231388888886,3,352048.5025,117349.50083333334,0.11666666666666667,20,8,4,395,8878.231388888886
462,0,4,565862.254,141465.5635,0.08333333333333333,27,12,5,523,10730.316166666667,4,565862.254,141465.5635,0.08333333333333333,27,12,5,523,10730.316166666667
1570,1,2,145831.074,72915.537,0.06000000000000001,10,5,4,315,8969.4368,2,145831.074,72915.537,0.06000000000000001,10,5,4,315,8969.4368
1589,0,7,448666.1435,64095.16335714286,0.07142857142857142,26,14,5,53,7165.0088214285715,7,448666.1435,64095.16335714286,0.07142857142857142,26,14,5,53,7165.0088214285715
4365,0,4,696918.483,174229.62075,0.07142857142857142,22,7,4,41,27661.09185714286,4,696918.483,174229.62075,0.07142857142857142,22,7,4,41,27661.09185714286
4443,0,6,881124.8230000001,146854.13716666668,0.09444444444444444,45,17,4,159,10338.000166666669,6,881124.8230000001,146854.13716666668,0.09444444444444444,45,17,4,159,10338.000166666669
923,0,4,393431.68200000003,98357.92050000001,0.1,23,8,4,166,6294.549000000002,4,393431.68200000003,98357.92050000001,0.1,23,8,4,166,6294.549000000002
2858,0,6,425116.005,70852.6675,0.13333333333333333,21,8,5,39,9404.33277777778,6,425116.005,70852.6675,0.13333333333333333,21,8,5,39,9404.33277777778
3102,0,3,405167.678,135055.89266666665,0.0625,21,8,4,112,10383.010999999999,3,405167.678,135055.89266666665,0.0625,21,8,4,112,10383.010999999999
4143,0,3,108738.1385,36246.04616666667,0.09,9,5,4,108,4695.7857,3,108738.1385,36246.04616666667,0.09,9,5,4,108,4695.7857
4379,0,4,535074.4045,133768.601125,0.05909090909090909,21,11,5,358,11108.900409090907,4,535074.4045,133768.601125,0.05909090909090909,21,11,5,358,11108.900409090907
2002,0,4,534407.0719999999,133601.76799999998,0.1423076923076923,24,13,4,313,6128.053999999998,4,534407.0719999999,133601.76799999998,0.1423076923076923,24,13,4,313,6128.053999999998
807,0,3,163093.112,54364.370666666655,0.17,14,5,3,247,5504.9524,3,163093.112,54364.370666666655,0.17,14,5,3,247,5504.9524
2787,0,6,836415.183,139402.53050000002,0.11785714285714287,39,14,4,7,14388.598071428572,6,836415.183,139402.53050000002,0.11785714285714287,39,14,4,7,14388.598071428572
572,1,5,590455.8575,118091.17150000001,0.11363636363636363,27,11,4,217,11365.438863636362,5,590455.8575,118091.17150000001,0.11363636363636363,27,11,4,217,11365.438863636362
3518,1,3,348180.32999999996,116060.10999999999,0.09999999999999999,20,6,3,334,12118.019999999999,3,348180.32999999996,116060.10999999999,0.09999999999999999,20,6,3,334,12118.019999999999
1669,0,7,824441.7545,117777.3935,0.09722222222222222,43,18,5,12,10896.609694444445,7,824441.7545,117777.3935,0.09722222222222222,43,18,5,12,10896.609694444445
2455,0,4,250612.615,62653.15375,0.09375,10,8,4,193,8237.708125,4,250612.615,62653.15375,0.09375,10,8,4,193,8237.708125
1736,0,7,1230465.238,175780.7482857143,0.09782608695652174,56,21,5,254,14475.32469565217,7,1230465.238,175780.7482857143,0.09782608695652174,56,21,5,254,14475.32469565217
4417,0,9,1317275.4435,146363.93816666666,0.10192307692307692,69,23,5,78,11684.018211538463,9,1317275.4435,146363.93816666666,0.10192307692307692,69,23,5,78,11684.018211538463
894,0,7,713702.602,101957.51457142856,0.08214285714285714,39,13,5,248,17881.693714285713,7,713702.602,101957.51457142856,0.08214285714285714,39,13,5,248,17881.693714285713
2876,0,7,727220.133,103888.59042857144,0.07142857142857142,37,13,4,166,12174.345214285713,7,727220.133,103888.59042857144,0.07142857142857142,37,13,4,166,12174.345214285713
642,1,5,680605.24,136121.048,0.08750000000000001,44,16,5,76,8943.072499999998,5,680605.24,136121.048,0.08750000000000001,44,16,5,76,8943.072499999998
1578,0,4,339256.6755,84814.168875,0.12222222222222223,23,9,5,10,7975.2395,4,339256.6755,84814.168875,0.12222222222222223,23,9,5,10,7975.2395
1577,0,5,420661.231,84132.24620000001,0.08,13,5,3,86,27218.160200000006,5,420661.231,84132.24620000001,0.08,13,5,3,86,27218.160200000006
1878,0,4,576005.079,144001.26974999998,0.061111111111111116,25,9,4,161,13849.71322222222,4,576005.079,144001.26974999998,0.061111111111111116,25,9,4,161,13849.71322222222
2472,0,5,603687.312,120737.46239999999,0.07692307692307693,32,13,5,136,9439.884,5,603687.312,120737.46239999999,0.07692307692307693,32,13,5,136,9439.884
2881,1,6,827266.74,137877.79,0.10833333333333334,43,18,4,484,9687.979444444445,6,827266.74,137877.79,0.10833333333333334,43,18,4,484,9687.979444444445
2459,0,6,798274.9955,133045.83258333334,0.10357142857142858,33,14,4,2,11497.04967857143,6,798274.9955,133045.83258333334,0.10357142857142858,33,14,4,2,11497.04967857143
4004,1,5,1257547.1005,251509.4201,0.09736842105263159,56,19,4,301,17867.962131578948,5,1257547.1005,251509.4201,0.09736842105263159,56,19,4,301,17867.962131578948
1116,0,5,1060312.153,212062.4306,0.060000000000000005,47,14,4,64,19790.911533333336,5,1060312.153,212062.4306,0.060000000000000005,47,14,4,64,19790.911533333336
4164,1,5,514911.2905,102982.2581,0.12,20,10,5,97,12074.130049999998,5,514911.2905,102982.2581,0.12,20,10,5,97,12074.130049999998
2024,0,7,1084072.8395,154867.5485,0.13095238095238096,60,19,5,135,10394.399023809525,7,1084072.8395,154867.5485,0.13095238095238096,60,19,5,135,10394.399023809525
2111,0,4,369984.162,92496.0405,0.10625000000000001,19,8,4,10,8144.689000000001,4,369984.162,92496.0405,0.10625000000000001,19,8,4,10,8144.689000000001
4026,0,2,211563.13,105781.565,0.125,11,4,3,482,14393.08,2,211563.13,105781.565,0.125,11,4,3,482,14393.08
38,0,6,932461.848,155410.308,0.10312500000000001,38,16,5,183,14748.64925,6,932461.848,155410.308,0.10312500000000001,38,16,5,183,14748.64925
3063,0,10,1634880.4775,163488.04775,0.1064516129032258,80,30,5,76,13200.090887096774,10,1634880.4775,163488.04775,0.1064516129032258,80,30,5,76,13200.090887096774
4160,0,5,457910.9565,91582.19129999999,0.08333333333333333,23,9,3,162,12489.469611111108,5,457910.9565,91582.19129999999,0.08333333333333333,23,9,3,162,12489.469611111108
1356,1,3,558676.929,186225.643,0.095,28,10,5,89,12258.331899999997,3,558676.929,186225.643,0.095,28,10,5,89,12258.331899999997
4727,1,5,562226.7875000001,112445.35750000001,0.12142857142857144,36,12,4,344,8008.915535714286,5,562226.7875000001,112445.35750000001,0.12142857142857144,36,12,4,344,8008.915535714286
456,0,6,412636.3825,68772.73041666667,0.11363636363636363,21,11,5,121,8672.928409090911,6,412636.3825,68772.73041666667,0.11363636363636363,21,11,5,121,8672.928409090911
1364,0,4,540551.2930000001,135137.82325000002,0.075,20,6,3,81,22756.1905,4,540551.2930000001,135137.82325000002,0.075,20,6,3,81,22756.1905
3429,0,7,965164.6495,137880.6642142857,0.071875,46,16,5,273,13312.73996875,7,965164.6495,137880.6642142857,0.071875,46,16,5,273,13312.73996875
3275,1,4,277438.6145,69359.65362499999,0.10833333333333334,31,12,5,206,3327.4153750000005,4,277438.6145,69359.65362499999,0.10833333333333334,31,12,5,206,3327.4153750000005
1221,0,4,381082.7775,95270.694375,0.1125,16,8,5,376,12018.315937500001,4,381082.7775,95270.694375,0.1125,16,8,5,376,12018.315937500001
3495,0,7,740952.048,105850.29257142858,0.08157894736842106,43,19,5,14,10881.158315789473,7,740952.048,105850.29257142858,0.08157894736842106,43,19,5,14,10881.158315789473
492,1,5,319910.0845,63982.0169,0.1,29,10,4,53,5405.068449999999,5,319910.0845,63982.0169,0.1,29,10,4,53,5405.068449999999
4104,0,5,431154.397,86230.8794,0.13181818181818183,25,11,5,211,4548.8142727272725,5,431154.397,86230.8794,0.13181818181818183,25,11,5,211,4548.8142727272725
3964,0,3,451091.30150000006,150363.7671666667,0.08888888888888889,19,9,4,122,13779.037944444448,3,451091.30150000006,150363.7671666667,0.08888888888888889,19,9,4,122,13779.037944444448
1741,1,3,747514.554,249171.518,0.145,31,9,5,268,15488.618400000001,3,747514.554,249171.518,0.145,31,9,5,268,15488.618400000001
528,0,1,284529.169,284529.169,0.125,12,4,4,392,18699.374749999995,1,284529.169,284529.169,0.125,12,4,4,392,18699.374749999995
4392,1,4,882059.642,220514.9105,0.05909090909090909,35,11,4,194,24916.789272727274,4,882059.642,220514.9105,0.05909090909090909,35,11,4,194,24916.789272727274
4857,0,8,1174565.182,146820.64775,0.11346153846153847,56,26,5,107,10251.695076923077,8,1174565.182,146820.64775,0.11346153846153847,56,26,5,107,10251.695076923077
406,0,7,750977.2285,107282.46121428571,0.10882352941176471,41,17,4,165,12296.524029411763,7,750977.2285,107282.46121428571,0.10882352941176471,41,17,4,165,12296.524029411763
2121,1,4,470410.19149999996,117602.54787499999,0.08333333333333333,23,9,5,232,11846.166833333335,4,470410.19149999996,117602.54787499999,0.08333333333333333,23,9,5,232,11846.166833333335
4527,0,4,607757.644,151939.411,0.043750000000000004,24,7,5,370,27668.446750000003,4,607757.644,151939.411,0.043750000000000004,24,7,5,370,27668.446750000003
4339,0,3,314691.852,104897.284,0.10000000000000002,15,6,3,0,9469.800333333334,3,314691.852,104897.284,0.10000000000000002,15,6,3,0,9469.800333333334
532,0,7,450736.3505,64390.90721428571,0.09285714285714286,31,14,5,151,6887.7314642857145,7,450736.3505,64390.90721428571,0.09285714285714286,31,14,5,151,6887.7314642857145
1526,0,6,508664.908,84777.48466666667,0.07,27,10,5,24,14376.042800000001,6,508664.908,84777.48466666667,0.07,27,10,5,24,14376.042800000001
4991,1,10,925150.8735,92515.08735,0.10434782608695652,64,23,5,88,10044.83102173913,10,925150.8735,92515.08735,0.10434782608695652,64,23,5,88,10044.83102173913
4222,1,3,259742.476,86580.82533333333,0.13125,19,8,4,461,8309.862,3,259742.476,86580.82533333333,0.13125,19,8,4,461,8309.862
3462,0,5,493536.3105,98707.26210000002,0.10416666666666667,27,12,5,0,10979.505041666669,5,493536.3105,98707.26210000002,0.10416666666666667,27,12,5,0,10979.505041666669
2435,0,6,764079.4485,127346.57475000001,0.08823529411764706,48,17,5,235,11737.579323529413,6,764079.4485,127346.57475000001,0.08823529411764706,48,17,5,235,11737.579323529413
3695,1,8,1400029.482,175003.68525,0.09814814814814815,68,23,5,106,11275.727481481481,8,1400029.482,175003.68525,0.09814814814814815,68,23,5,106,11275.727481481481
3289,1,4,549525.428,137381.357,0.11785714285714287,29,14,4,176,7299.925571428571,4,549525.428,137381.357,0.11785714285714287,29,14,4,176,7299.925571428571
31,0,1,202526.506,202526.506,0.125,8,2,2,495,19703.51299999999,1,202526.506,202526.506,0.125,8,2,2,495,19703.51299999999
4568,0,1,177492.426,177492.426,0.0875,9,4,3,143,11930.039,1,177492.426,177492.426,0.0875,9,4,3,143,11930.039
1424,1,4,486405.613,121601.40325,0.09375,22,7,3,369,11501.149125000004,4,486405.613,121601.40325,0.09375,22,7,3,369,11501.149125000004
12,0,5,478155.8895,95631.1779,0.08076923076923077,25,13,5,249,7674.239192307692,5,478155.8895,95631.1779,0.08076923076923077,25,13,5,249,7674.239192307692
1199,0,5,812748.433,162549.6866,0.1,38,12,5,17,16622.12484615384,5,812748.433,162549.6866,0.1,38,12,5,17,16622.12484615384
4541,0,4,356824.03500000003,89206.00875000001,0.07142857142857142,18,7,4,140,10586.44357142857,4,356824.03500000003,89206.00875000001,0.07142857142857142,18,7,4,140,10586.44357142857
1958,0,6,651096.1535,108516.02558333334,0.06666666666666667,37,15,5,108,11273.773566666669,6,651096.1535,108516.02558333334,0.06666666666666667,37,15,5,108,11273.773566666669
4744,1,3,286809.759,95603.25299999998,0.1357142857142857,14,7,4,137,7061.8269999999975,3,286809.759,95603.25299999998,0.1357142857142857,14,7,4,137,7061.8269999999975
533,0,4,130177.962,32544.4905,0.1142857142857143,10,7,4,504,4896.743142857143,4,130177.962,32544.4905,0.1142857142857143,10,7,4,504,4896.743142857143
4949,1,7,882820.2975,126117.18535714285,0.08947368421052632,55,19,5,7,11208.485657894737,7,882820.2975,126117.18535714285,0.08947368421052632,55,19,5,7,11208.485657894737
635,0,5,1002293.726,200458.7452,0.121875,49,15,5,33,14274.556625000001,5,1002293.726,200458.7452,0.121875,49,15,5,33,14274.556625000001
2382,0,6,869025.389,144837.56483333334,0.09230769230769233,37,13,5,63,18257.889153846154,6,869025.389,144837.56483333334,0.09230769230769233,37,13,5,63,18257.889153846154
3644,1,2,484763.2305,242381.61524999997,0.075,19,8,3,484,13951.030062499998,2,484763.2305,242381.61524999997,0.075,19,8,3,484,13951.030062499998
2528,1,4,780562.5414999999,195140.63537499998,0.08181818181818182,32,11,5,89,17597.667409090907,4,780562.5414999999,195140.63537499998,0.08181818181818182,32,11,5,89,17597.667409090907
2283,1,4,244368.1405,61092.035125,0.09,9,5,4,74,12990.984100000001,4,244368.1405,61092.035125,0.09,9,5,4,74,12990.984100000001
2340,1,7,1150337.048,164333.864,0.0925,53,20,4,92,13913.5014,7,1150337.048,164333.864,0.0925,53,20,4,92,13913.5014
1493,0,5,386518.644,77303.7288,0.08333333333333333,21,9,4,328,12426.216,5,386518.644,77303.7288,0.08333333333333333,21,9,4,328,12426.216
1333,1,2,274444.554,137222.277,0.09999999999999999,17,6,3,79,13006.548999999999,2,274444.554,137222.277,0.09999999999999999,17,6,3,79,13006.548999999999
4408,0,2,316747.9135,158373.95675,0.15,13,5,2,286,13258.550700000003,2,316747.9135,158373.95675,0.15,13,5,2,286,13258.550700000003
745,1,8,1120912.1385,140114.0173125,0.11842105263157894,53,19,5,20,14982.025184210524,8,1120912.1385,140114.0173125,0.11842105263157894,53,19,5,20,14982.025184210524
3413,0,8,997550.559,124693.819875,0.10789473684210528,56,19,5,293,9678.298894736841,8,997550.559,124693.819875,0.10789473684210528,56,19,5,293,9678.298894736841
3366,0,4,419373.16099999996,104843.29024999999,0.10500000000000001,18,10,4,258,8996.015099999999,4,419373.16099999996,104843.29024999999,0.10500000000000001,18,10,4,258,8996.015099999999
4895,0,4,365722.4475,91430.611875,0.085,21,10,5,82,10162.718750000002,4,365722.4475,91430.611875,0.085,21,10,5,82,10162.718750000002
2384,0,4,683792.434,170948.1085,0.11785714285714287,37,13,5,535,8694.456,4,683792.434,170948.1085,0.11785714285714287,37,13,5,535,8694.456
4432,0,3,204128.1345,68042.71149999999,0.07857142857142858,16,7,4,272,6912.03207142857,3,204128.1345,68042.71149999999,0.07857142857142858,16,7,4,272,6912.03207142857
4386,0,1,153483.42549999998,153483.42549999998,0.049999999999999996,7,4,2,756,14139.523874999999,1,153483.42549999998,153483.42549999998,0.049999999999999996,7,4,2,756,14139.523874999999
3553,1,6,705894.6384999999,117649.10641666666,0.1142857142857143,32,13,4,249,12493.091321428568,6,705894.6384999999,117649.10641666666,0.1142857142857143,32,13,4,249,12493.091321428568
4306,1,5,532913.0185,106582.6037,0.09642857142857143,29,14,5,22,6565.534178571429,5,532913.0185,106582.6037,0.09642857142857143,29,14,5,22,6565.534178571429
1743,0,6,551026.2005,91837.70008333334,0.1125,35,16,4,237,8252.90065625,6,551026.2005,91837.70008333334,0.1125,35,16,4,237,8252.90065625
3813,0,2,207424.37900000002,103712.18950000001,0.1416666666666667,13,6,3,716,2623.019833333333,2,207424.37900000002,103712.18950000001,0.1416666666666667,13,6,3,716,2623.019833333333
4431,0,5,544903.672,108980.7344,0.08499999999999999,27,10,4,267,12572.7542,5,544903.672,108980.7344,0.08499999999999999,27,10,4,267,12572.7542
86,1,7,887839.78,126834.25428571428,0.10250000000000001,47,18,5,43,11247.8135,7,887839.78,126834.25428571428,0.10250000000000001,47,18,5,43,11247.8135
2707,0,3,347862.751,115954.25033333333,0.08333333333333333,20,8,4,204,10348.357888888886,3,347862.751,115954.25033333333,0.08333333333333333,20,8,4,204,10348.357888888886
1225,1,9,717364.3015,79707.1446111111,0.085,43,20,5,82,7583.667074999999,9,717364.3015,79707.1446111111,0.085,43,20,5,82,7583.667074999999
2290,0,3,323914.489,107971.49633333333,0.06666666666666667,18,6,4,232,15375.6615,3,323914.489,107971.49633333333,0.06666666666666667,18,6,4,232,15375.6615
4563,0,3,454943.759,151647.91966666668,0.14375,20,8,5,51,9798.542375,3,454943.759,151647.91966666668,0.14375,20,8,5,51,9798.542375
2493,0,4,154769.739,38692.43474999999,0.1142857142857143,15,7,4,289,5555.952714285713,4,154769.739,38692.43474999999,0.1142857142857143,15,7,4,289,5555.952714285713
1716,0,8,1175535.4875,146941.9359375,0.10681818181818183,56,22,5,0,11829.913522727273,8,1175535.4875,146941.9359375,0.10681818181818183,56,22,5,0,11829.913522727273
3798,1,4,242003.55000000002,60500.8875,0.12,12,5,4,469,14925.942000000001,4,242003.55000000002,60500.8875,0.12,12,5,4,469,14925.942000000001
786,0,3,302848.5315,100949.51049999999,0.075,23,8,4,21,8154.2976874999995,3,302848.5315,100949.51049999999,0.075,23,8,4,21,8154.2976874999995
4393,0,4,300216.801,75054.20025,0.11875000000000001,18,8,4,97,7299.115125,4,300216.801,75054.20025,0.11875000000000001,18,8,4,97,7299.115125
864,0,2,136862.054,68431.027,0.0625,9,4,3,455,5678.013499999999,2,136862.054,68431.027,0.0625,9,4,3,455,5678.013499999999
653,0,7,847750.1579999999,121107.16542857142,0.07250000000000001,47,19,5,167,10907.5909,7,847750.1579999999,121107.16542857142,0.07250000000000001,47,19,5,167,10907.5909
420,0,4,489470.6315,122367.657875,0.10833333333333334,29,12,5,13,6705.510125000001,4,489470.6315,122367.657875,0.10833333333333334,29,12,5,13,6705.510125000001
3048,1,9,852866.7189999999,94762.96877777777,0.10526315789473684,49,18,5,130,9510.025210526312,9,852866.7189999999,94762.96877777777,0.10526315789473684,49,18,5,130,9510.025210526312
4989,1,5,850853.037,170170.6074,0.0923076923076923,36,12,4,209,17803.12823076923,5,850853.037,170170.6074,0.0923076923076923,36,12,4,209,17803.12823076923
902,0,4,569849.5495000001,142462.387375,0.10454545454545455,30,11,5,59,12782.697227272727,4,569849.5495000001,142462.387375,0.10454545454545455,30,11,5,59,12782.697227272727
4654,0,5,874315.964,174863.19280000002,0.08928571428571429,34,14,5,363,15996.716714285718,5,874315.964,174863.19280000002,0.08928571428571429,34,14,5,363,15996.716714285718
4509,0,6,895092.913,149182.15216666667,0.090625,39,16,5,91,15116.165187499999,6,895092.913,149182.15216666667,0.090625,39,16,5,91,15116.165187499999
1449,0,3,386303.018,128767.67266666667,0.12000000000000002,17,5,3,190,20631.8576,3,386303.018,128767.67266666667,0.12000000000000002,17,5,3,190,20631.8576
4894,1,3,83060.35,27686.783333333336,0.12,7,5,3,356,1731.9180000000003,3,83060.35,27686.783333333336,0.12,7,5,3,356,1731.9180000000003
3877,0,5,347402.603,69480.5206,0.08181818181818182,24,11,5,122,7637.636636363636,5,347402.603,69480.5206,0.08181818181818182,24,11,5,122,7637.636636363636
1536,0,6,767054.531,127842.42183333333,0.078125,42,15,5,85,12504.8719375,6,767054.531,127842.42183333333,0.078125,42,15,5,85,12504.8719375
681,0,5,419820.19649999996,83964.03929999999,0.1,23,11,3,89,10587.544227272725,5,419820.19649999996,83964.03929999999,0.1,23,11,3,89,10587.544227272725
1955,0,7,974734.9780000001,139247.85400000002,0.10714285714285714,42,12,5,226,15442.462000000003,7,974734.9780000001,139247.85400000002,0.10714285714285714,42,12,5,226,15442.462000000003
1637,0,4,290897.342,72724.3355,0.1,22,9,4,170,9105.239111111112,4,290897.342,72724.3355,0.1,22,9,4,170,9105.239111111112
980,0,2,44368.888000000006,22184.444000000003,0.1,2,2,1,73,4133.339000000001,2,44368.888000000006,22184.444000000003,0.1,2,2,1,73,4133.339000000001
1864,0,3,862371.776,287457.2586666667,0.1,34,10,5,1,24711.9556,3,862371.776,287457.2586666667,0.1,34,10,5,1,24711.9556
4113,0,4,662879.219,165719.80475,0.11000000000000001,28,10,4,2,17172.8319,4,662879.219,165719.80475,0.11000000000000001,28,10,4,2,17172.8319
890,1,6,905034.8515,150839.14191666665,0.09444444444444444,43,18,5,93,11619.148972222221,6,905034.8515,150839.14191666665,0.09444444444444444,43,18,5,93,11619.148972222221
4415,0,6,641068.8289999999,106844.80483333331,0.10555555555555557,45,18,4,17,7757.584944444443,6,641068.8289999999,106844.80483333331,0.10555555555555557,45,18,4,17,7757.584944444443
2367,0,4,535948.5585,133987.139625,0.095,27,9,5,124,14575.648849999998,4,535948.5585,133987.139625,0.095,27,9,5,124,14575.648849999998
534,1,3,405940.693,135313.56433333334,0.1,18,7,3,350,10142.997571428574,3,405940.693,135313.56433333334,0.1,18,7,3,350,10142.997571428574
1270,0,3,309121.516,103040.50533333333,0.1,15,5,3,31,14230.743200000003,3,309121.516,103040.50533333333,0.1,15,5,3,31,14230.743200000003
1396,0,4,367837.04600000003,91959.26150000001,0.08636363636363636,26,11,4,106,10409.526909090911,4,367837.04600000003,91959.26150000001,0.08636363636363636,26,11,4,106,10409.526909090911
580,1,6,775427.023,129237.83716666668,0.10666666666666667,41,15,5,71,8399.262866666666,6,775427.023,129237.83716666668,0.10666666666666667,41,15,5,71,8399.262866666666
3907,1,5,977118.464,195423.69280000002,0.09666666666666666,43,15,5,145,14016.38426666667,5,977118.464,195423.69280000002,0.09666666666666666,43,15,5,145,14016.38426666667
3710,1,5,525632.174,105126.4348,0.11818181818181818,29,11,5,61,11014.793090909092,5,525632.174,105126.4348,0.11818181818181818,29,11,5,61,11014.793090909092
4,1,3,218242.49550000002,72747.4985,0.1142857142857143,16,7,4,247,7906.0007857142855,3,218242.49550000002,72747.4985,0.1142857142857143,16,7,4,247,7906.0007857142855
4301,0,2,231603.434,115801.717,0.10000000000000002,10,6,4,141,7036.970666666664,2,231603.434,115801.717,0.10000000000000002,10,6,4,141,7036.970666666664
1384,0,9,1187012.0885,131890.23205555556,0.11800000000000001,64,25,5,209,10972.32394,9,1187012.0885,131890.23205555556,0.11800000000000001,64,25,5,209,10972.32394
4859,1,4,422438.146,105609.53650000002,0.125,23,10,4,57,10276.455600000001,4,422438.146,105609.53650000002,0.125,23,10,4,57,10276.455600000001
1476,0,9,1494356.4025,166039.6002777778,0.07307692307692307,71,26,5,0,15750.655865384615,9,1494356.4025,166039.6002777778,0.07307692307692307,71,26,5,0,15750.655865384615
2614,0,4,427244.2755,106811.068875,0.11666666666666667,26,9,4,314,12222.896166666667,4,427244.2755,106811.068875,0.11666666666666667,26,9,4,314,12222.896166666667
2028,0,3,355251.5735,118417.19116666669,0.125,22,8,4,671,11564.852937500003,3,355251.5735,118417.19116666669,0.125,22,8,4,671,11564.852937500003
2872,0,5,709833.828,141966.76559999998,0.084375,36,16,5,94,9256.661124999999,5,709833.828,141966.76559999998,0.084375,36,16,5,94,9256.661124999999
192,1,9,1175599.3365,130622.1485,0.08125,68,23,5,42,11971.776104166665,9,1175599.3365,130622.1485,0.08125,68,23,5,42,11971.776104166665
963,1,5,453200.97849999997,90640.19570000001,0.12,23,10,3,196,8890.538849999999,5,453200.97849999997,90640.19570000001,0.12,23,10,3,196,8890.538849999999
3235,0,7,471612.502,67373.21457142857,0.09545454545454546,26,10,4,74,11660.971090909092,7,471612.502,67373.21457142857,0.09545454545454546,26,10,4,74,11660.971090909092
1758,0,4,533668.69,133417.1725,0.1,19,8,4,10,16756.108749999996,4,533668.69,133417.1725,0.1,19,8,4,10,16756.108749999996
3527,0,2,201376.12,100688.06,0.04,12,5,3,181,11524.03,2,201376.12,100688.06,0.04,12,5,3,181,11524.03
3436,0,8,1242807.0559999999,155350.882,0.06190476190476191,59,20,5,228,16041.374571428572,8,1242807.0559999999,155350.882,0.06190476190476191,59,20,5,228,16041.374571428572
2512,0,4,583169.14,145792.285,0.09545454545454546,29,11,5,59,12945.606363636365,4,583169.14,145792.285,0.09545454545454546,29,11,5,59,12945.606363636365
1688,0,3,354917.0095,118305.66983333335,0.11000000000000001,11,5,4,228,20655.2479,3,354917.0095,118305.66983333335,0.11000000000000001,11,5,4,228,20655.2479
4333,0,4,274838.0805,68709.520125,0.07857142857142858,16,7,4,476,8431.574357142854,4,274838.0805,68709.520125,0.07857142857142858,16,7,4,476,8431.574357142854
2705,0,4,658322.5805,164580.64512499998,0.09444444444444444,24,9,5,51,17217.511166666663,4,658322.5805,164580.64512499998,0.09444444444444444,24,9,5,51,17217.511166666663
889,0,5,663061.8765,132612.3753,0.09090909090909091,28,11,4,94,17069.466954545456,5,663061.8765,132612.3753,0.09090909090909091,28,11,4,94,17069.466954545456
1650,0,7,939134.445,134162.06357142856,0.1368421052631579,46,19,5,40,9191.979736842104,7,939134.445,134162.06357142856,0.1368421052631579,46,19,5,40,9191.979736842104
2186,0,6,831582.3875,138597.06458333333,0.10333333333333333,38,15,5,136,12301.943833333333,6,831582.3875,138597.06458333333,0.10333333333333333,38,15,5,136,12301.943833333333
2244,0,6,593765.303,98960.88383333333,0.05909090909090909,28,11,5,214,17004.55663636363,6,593765.303,98960.88383333333,0.05909090909090909,28,11,5,214,17004.55663636363
2341,1,7,786239.331,112319.90442857143,0.11,38,13,5,3,10438.06606666667,7,786239.331,112319.90442857143,0.11,38,13,5,3,10438.06606666667
2948,1,5,376918.683,75383.7366,0.11000000000000001,24,10,5,39,11172.548299999999,5,376918.683,75383.7366,0.11000000000000001,24,10,5,39,11172.548299999999
311,1,2,149068.56,74534.28,0.13333333333333333,12,3,2,397,8853.466666666667,2,149068.56,74534.28,0.13333333333333333,12,3,2,397,8853.466666666667
2941,0,2,260612.2385,130306.11925000002,0.07,14,5,4,290,9139.4197,2,260612.2385,130306.11925000002,0.07,14,5,4,290,9139.4197
2218,1,5,859001.6875,171800.3375,0.09473684210526316,50,19,5,197,11101.748815789475,5,859001.6875,171800.3375,0.09473684210526316,50,19,5,197,11101.748815789475
326,1,3,175307.4745,58435.82483333334,0.07857142857142858,13,7,4,30,6025.046357142857,3,175307.4745,58435.82483333334,0.07857142857142858,13,7,4,30,6025.046357142857
4712,0,3,649573.129,216524.37633333332,0.06666666666666667,20,5,2,68,37473.413166666665,3,649573.129,216524.37633333332,0.06666666666666667,20,5,2,68,37473.413166666665
1819,0,2,194406.7145,97203.35725,0.0642857142857143,14,7,4,119,6320.167785714285,2,194406.7145,97203.35725,0.0642857142857143,14,7,4,119,6320.167785714285
3422,0,6,508558.03,84759.67166666668,0.08333333333333333,37,10,5,91,8596.535000000002,6,508558.03,84759.67166666668,0.08333333333333333,37,10,5,91,8596.535000000002
2575,1,4,379634.5945,94908.64862499999,0.10555555555555556,20,9,4,59,11600.2205,4,379634.5945,94908.64862499999,0.10555555555555556,20,9,4,59,11600.2205
4688,0,6,572705.3785,95450.89641666667,0.125,37,14,5,1,9951.803464285713,6,572705.3785,95450.89641666667,0.125,37,14,5,1,9951.803464285713
1559,0,8,822464.169,102808.021125,0.10500000000000001,49,18,5,6,9233.499449999998,8,822464.169,102808.021125,0.10500000000000001,49,18,5,6,9233.499449999998
1398,0,4,426052.736,106513.18400000001,0.10833333333333334,26,12,5,68,8364.3705,4,426052.736,106513.18400000001,0.10833333333333334,26,12,5,68,8364.3705
4957,0,3,566867.666,188955.88866666667,0.10454545454545455,26,11,5,159,13226.158727272727,3,566867.666,188955.88866666667,0.10454545454545455,26,11,5,159,13226.158727272727
675,0,5,673525.204,134705.04080000002,0.109375,36,16,5,45,8360.094000000001,5,673525.204,134705.04080000002,0.109375,36,16,5,45,8360.094000000001
82,1,7,968037.437,138291.06242857143,0.09473684210526316,50,19,5,118,15071.898263157897,7,968037.437,138291.06242857143,0.09473684210526316,50,19,5,118,15071.898263157897
2658,1,5,784927.684,156985.5368,0.109375,36,15,5,142,10245.474625,5,784927.684,156985.5368,0.109375,36,15,5,142,10245.474625
535,1,6,650212.837,108368.80616666668,0.075,38,14,4,44,10751.420500000002,6,650212.837,108368.80616666668,0.075,38,14,4,44,10751.420500000002
310,0,2,224882.0265,112441.01325,0.08333333333333333,14,6,4,81,12558.194416666667,2,224882.0265,112441.01325,0.08333333333333333,14,6,4,81,12558.194416666667
2589,0,5,601228.1055000001,120245.62110000002,0.10909090909090909,26,11,5,107,10264.899590909092,5,601228.1055000001,120245.62110000002,0.10909090909090909,26,11,5,107,10264.899590909092
3878,0,6,988193.023,164698.83716666666,0.12333333333333334,43,14,5,8,16621.53153333333,6,988193.023,164698.83716666666,0.12333333333333334,43,14,5,8,16621.53153333333
903,0,3,603967.135,201322.37833333333,0.06666666666666667,29,9,4,575,14670.587222222222,3,603967.135,201322.37833333333,0.06666666666666667,29,9,4,575,14670.587222222222
2522,1,4,554140.12,138535.03,0.075,22,8,4,57,20068.51125,4,554140.12,138535.03,0.075,22,8,4,57,20068.51125
4447,0,3,466250.90249999997,155416.9675,0.075,23,10,5,300,9857.19025,3,466250.90249999997,155416.9675,0.075,23,10,5,300,9857.19025
4021,0,5,566971.7255,113394.3451,0.10833333333333334,30,12,4,157,11520.492124999999,5,566971.7255,113394.3451,0.10833333333333334,30,12,4,157,11520.492124999999
1147,0,3,307919.71,102639.90333333332,0.10625000000000001,13,8,4,0,8706.093750000002,3,307919.71,102639.90333333332,0.10625000000000001,13,8,4,0,8706.093750000002
3818,0,6,489582.56549999997,81597.09425,0.1388888888888889,26,9,4,2,10455.277277777775,6,489582.56549999997,81597.09425,0.1388888888888889,26,9,4,2,10455.277277777775
2786,1,5,1060823.026,212164.60520000002,0.096875,42,16,5,125,16779.391000000003,5,1060823.026,212164.60520000002,0.096875,42,16,5,125,16779.391000000003
4296,0,6,837637.5225000001,139606.25375,0.11666666666666667,41,14,5,119,12728.772833333334,6,837637.5225000001,139606.25375,0.11666666666666667,41,14,5,119,12728.772833333334
3075,1,3,235879.253,78626.41766666666,0.08125,19,8,5,22,9311.352875,3,235879.253,78626.41766666666,0.08125,19,8,5,22,9311.352875
2317,1,7,584921.505,83560.215,0.11333333333333333,35,15,5,65,8444.109666666665,7,584921.505,83560.215,0.11333333333333333,35,15,5,65,8444.109666666665
3537,0,6,869067.6335,144844.60558333332,0.1,40,15,5,355,15525.184233333332,6,869067.6335,144844.60558333332,0.1,40,15,5,355,15525.184233333332
719,0,5,524694.2995000001,104938.85990000001,0.1,34,17,5,140,5405.86467647059,5,524694.2995000001,104938.85990000001,0.1,34,17,5,140,5405.86467647059
2436,0,8,1235621.1995,154452.6499375,0.11739130434782609,59,22,5,307,9878.02693478261,8,1235621.1995,154452.6499375,0.11739130434782609,59,22,5,307,9878.02693478261
4203,0,5,420255.273,84051.0546,0.07777777777777778,20,9,5,15,12288.837,5,420255.273,84051.0546,0.07777777777777778,20,9,5,15,12288.837
3138,0,5,576847.5785,115369.51569999999,0.11666666666666665,32,12,4,60,7929.302374999998,5,576847.5785,115369.51569999999,0.11666666666666665,32,12,4,60,7929.302374999998
2849,0,8,1059688.2534999999,132461.0316875,0.10416666666666667,57,23,5,19,9191.057645833334,8,1059688.2534999999,132461.0316875,0.10416666666666667,57,23,5,19,9191.057645833334
1241,0,5,534934.4484999999,106986.88969999999,0.08125,23,8,4,283,17483.3460625,5,534934.4484999999,106986.88969999999,0.08125,23,8,4,283,17483.3460625
3640,0,4,499194.437,124798.60925,0.07,24,10,4,221,15101.037699999997,4,499194.437,124798.60925,0.07,24,10,4,221,15101.037699999997
4542,1,1,199430.915,199430.915,0.13333333333333333,8,3,2,215,12193.744999999997,1,199430.915,199430.915,0.13333333333333333,8,3,2,215,12193.744999999997
1642,0,2,328954.2195,164477.10975,0.075,17,6,4,593,13384.719916666667,2,328954.2195,164477.10975,0.075,17,6,4,593,13384.719916666667
1018,0,4,351671.728,87917.932,0.08,11,5,4,262,22144.9076,4,351671.728,87917.932,0.08,11,5,4,262,22144.9076
3101,1,7,734356.2965,104908.04235714287,0.084375,38,16,5,35,10835.58290625,7,734356.2965,104908.04235714287,0.084375,38,16,5,35,10835.58290625
3891,0,10,1317541.622,131754.1622,0.10576923076923077,59,24,5,62,12627.370846153846,10,1317541.622,131754.1622,0.10576923076923077,59,24,5,62,12627.370846153846
4830,0,7,1028173.97,146881.9957142857,0.09722222222222222,50,17,5,130,12433.661111111112,7,1028173.97,146881.9957142857,0.09722222222222222,50,17,5,130,12433.661111111112
4183,0,7,583797.661,83399.66585714287,0.08636363636363636,29,11,4,17,9116.414636363636,7,583797.661,83399.66585714287,0.08636363636363636,29,11,4,17,9116.414636363636
2632,0,8,1007674.1645,125959.27056250001,0.10217391304347827,52,21,5,262,10671.594108695654,8,1007674.1645,125959.27056250001,0.10217391304347827,52,21,5,262,10671.594108695654
3539,0,4,448998.45,112249.6125,0.11500000000000002,27,10,4,73,8344.981000000002,4,448998.45,112249.6125,0.11500000000000002,27,10,4,73,8344.981000000002
683,0,8,1021798.063,127724.757875,0.12250000000000001,53,20,5,20,8896.35665,8,1021798.063,127724.757875,0.12250000000000001,53,20,5,20,8896.35665
3372,0,2,143687.18800000002,71843.594,0.07142857142857142,15,7,5,741,4911.775428571428,2,143687.18800000002,71843.594,0.07142857142857142,15,7,5,741,4911.775428571428
2316,0,6,824401.4185,137400.23641666665,0.0868421052631579,45,19,5,14,10989.763078947368,6,824401.4185,137400.23641666665,0.0868421052631579,45,19,5,14,10989.763078947368
20,0,6,776672.1215,129445.35358333333,0.1111111111111111,44,17,5,180,9426.942305555556,6,776672.1215,129445.35358333333,0.1111111111111111,44,17,5,180,9426.942305555556
1654,0,4,569676.387,142419.09675,0.10909090909090911,28,11,5,266,9383.004272727272,4,569676.387,142419.09675,0.10909090909090911,28,11,5,266,9383.004272727272
2788,1,8,573930.095,71741.261875,0.10625,37,15,5,33,4801.511562499998,8,573930.095,71741.261875,0.10625,37,15,5,33,4801.511562499998
2623,0,4,326246.447,81561.61175,0.10625000000000001,16,8,5,132,8862.268375000001,4,326246.447,81561.61175,0.10625000000000001,16,8,5,132,8862.268375000001
4492,1,6,547239.5665,91206.59441666667,0.09642857142857143,32,14,5,153,10936.02475,6,547239.5665,91206.59441666667,0.09642857142857143,32,14,5,153,10936.02475
50,0,8,1046860.5475,130857.5684375,0.08636363636363636,60,21,5,246,10508.437613636364,8,1046860.5475,130857.5684375,0.08636363636363636,60,21,5,246,10508.437613636364
3426,1,5,786655.9355,157331.1871,0.10333333333333333,38,14,5,163,11086.3477,5,786655.9355,157331.1871,0.10333333333333333,38,14,5,163,11086.3477
912,0,3,422020.97900000005,140673.65966666667,0.1142857142857143,18,7,3,110,9405.281285714289,3,422020.97900000005,140673.65966666667,0.1142857142857143,18,7,3,110,9405.281285714289
3775,0,7,1030744.0635,147249.15192857143,0.07380952380952381,46,21,5,110,11748.438738095238,7,1030744.0635,147249.15192857143,0.07380952380952381,46,21,5,110,11748.438738095238
4663,0,4,894291.33,223572.83250000002,0.11000000000000001,31,10,3,101,23614.765,4,894291.33,223572.83250000002,0.11000000000000001,31,10,3,101,23614.765
1932,1,6,682761.814,113793.63566666667,0.09642857142857143,30,14,5,13,11175.321714285714,6,682761.814,113793.63566666667,0.09642857142857143,30,14,5,13,11175.321714285714
686,0,8,859489.7490000001,107436.21862500001,0.09722222222222222,40,18,5,293,11270.384944444446,8,859489.7490000001,107436.21862500001,0.09722222222222222,40,18,5,293,11270.384944444446
200,1,7,1235659.7175,176522.8167857143,0.09583333333333334,56,24,5,13,11924.647812500001,7,1235659.7175,176522.8167857143,0.09583333333333334,56,24,5,13,11924.647812500001
1138,1,5,550619.037,110123.8074,0.07083333333333333,26,12,5,79,12750.591416666664,5,550619.037,110123.8074,0.07083333333333333,26,12,5,79,12750.591416666664
4660,1,3,451369.245,150456.415,0.05714285714285715,22,7,4,285,16671.859285714287,3,451369.245,150456.415,0.05714285714285715,22,7,4,285,16671.859285714287
3307,0,4,415236.25399999996,103809.06349999999,0.08888888888888889,20,9,3,291,9817.282666666666,4,415236.25399999996,103809.06349999999,0.08888888888888889,20,9,3,291,9817.282666666666
4716,0,5,653460.5155,130692.10310000002,0.11153846153846153,31,13,4,5,11564.473500000002,5,653460.5155,130692.10310000002,0.11153846153846153,31,13,4,5,11564.473500000002
1213,0,6,852051.9165,142008.65275,0.06136363636363637,49,20,5,7,10009.43165909091,6,852051.9165,142008.65275,0.06136363636363637,49,20,5,7,10009.43165909091
1034,0,5,420812.7435,84162.5487,0.08928571428571429,32,14,5,142,5528.9702499999985,5,420812.7435,84162.5487,0.08928571428571429,32,14,5,142,5528.9702499999985
4962,0,4,822947.1570000001,205736.78925,0.08181818181818182,32,11,5,144,19816.531545454545,4,822947.1570000001,205736.78925,0.08181818181818182,32,11,5,144,19816.531545454545
4190,0,4,529531.2665,132382.816625,0.09583333333333334,26,11,5,97,12494.581375,4,529531.2665,132382.816625,0.09583333333333334,26,11,5,97,12494.581375
2332,1,6,472411.0335,78735.17225,0.12307692307692308,29,13,5,70,7542.078730769229,6,472411.0335,78735.17225,0.12307692307692308,29,13,5,70,7542.078730769229
2168,0,7,744433.118,106347.58828571429,0.12142857142857144,45,14,5,137,11092.337,7,744433.118,106347.58828571429,0.12142857142857144,45,14,5,137,11092.337
2877,1,8,770875.3295,96359.4161875,0.09705882352941175,38,17,5,18,8090.064676470589,8,770875.3295,96359.4161875,0.09705882352941175,38,17,5,18,8090.064676470589
3387,0,6,913815.7125,152302.61875,0.11842105263157894,43,18,5,242,11770.35697368421,6,913815.7125,152302.61875,0.11842105263157894,43,18,5,242,11770.35697368421
1148,1,6,850624.1825,141770.69708333333,0.11944444444444444,49,18,5,103,10026.388472222221,6,850624.1825,141770.69708333333,0.11944444444444444,49,18,5,103,10026.388472222221
644,0,3,200349.87050000002,66783.29016666667,0.1142857142857143,14,7,5,235,7931.988642857145,3,200349.87050000002,66783.29016666667,0.1142857142857143,14,7,5,235,7931.988642857145
2414,0,3,314270.36,104756.78666666667,0.13333333333333333,13,6,4,348,12800.921666666667,3,314270.36,104756.78666666667,0.13333333333333333,13,6,4,348,12800.921666666667
3762,1,3,308896.598,102965.53266666667,0.09285714285714285,16,7,3,419,13794.90685714286,3,308896.598,102965.53266666667,0.09285714285714285,16,7,3,419,13794.90685714286
3847,0,8,839534.47,104941.80875,0.11666666666666667,46,18,5,252,8914.497777777777,8,839534.47,104941.80875,0.11666666666666667,46,18,5,252,8914.497777777777
1065,0,8,1042172.9645,130271.6205625,0.08750000000000001,41,16,5,26,17018.53903125,8,1042172.9645,130271.6205625,0.08750000000000001,41,16,5,26,17018.53903125
1327,0,2,68225.069,34112.5345,0.13333333333333333,8,3,2,4,4983.656333333333,2,68225.069,34112.5345,0.13333333333333333,8,3,2,4,4983.656333333333
2373,1,4,401148.2845,100287.07112499999,0.07222222222222223,17,9,3,204,11753.527166666665,4,401148.2845,100287.07112499999,0.07222222222222223,17,9,3,204,11753.527166666665
3037,0,6,672304.9035,112050.81725000001,0.10384615384615385,30,13,5,56,10853.734884615384,6,672304.9035,112050.81725000001,0.10384615384615385,30,13,5,56,10853.734884615384
3522,0,10,1077058.463,107705.8463,0.09821428571428571,70,24,5,132,8659.921535714286,10,1077058.463,107705.8463,0.09821428571428571,70,24,5,132,8659.921535714286
2510,0,9,1311484.2425,145720.4713888889,0.08928571428571429,67,28,5,156,11987.462946428572,9,1311484.2425,145720.4713888889,0.08928571428571429,67,28,5,156,11987.462946428572
1255,1,2,60954.317500000005,30477.158750000002,0.175,4,2,1,14,-55.0112500000032,2,60954.317500000005,30477.158750000002,0.175,4,2,1,14,-55.0112500000032
989,0,4,613991.0194999999,153497.75487499998,0.08750000000000001,25,12,5,170,13163.651624999999,4,613991.0194999999,153497.75487499998,0.08750000000000001,25,12,5,170,13163.651624999999
3311,1,8,1035294.549,129411.818625,0.1236842105263158,51,19,5,10,11727.71942105263,8,1035294.549,129411.818625,0.1236842105263158,51,19,5,10,11727.71942105263
3034,1,5,861960.0755,172392.01510000002,0.08750000000000001,47,14,5,42,12575.49721875,5,861960.0755,172392.01510000002,0.08750000000000001,47,14,5,42,12575.49721875
4491,0,5,820504.6855,164100.9371,0.109375,40,16,5,214,11899.00596875,5,820504.6855,164100.9371,0.109375,40,16,5,214,11899.00596875
1849,1,7,702034.357,100290.62242857143,0.08333333333333333,37,17,5,178,8524.87261111111,7,702034.357,100290.62242857143,0.08333333333333333,37,17,5,178,8524.87261111111
647,1,5,786827.8015000001,157365.56029999998,0.09000000000000001,35,15,5,80,14895.008100000001,5,786827.8015000001,157365.56029999998,0.09000000000000001,35,15,5,80,14895.008100000001
3876,0,2,281514.643,140757.32150000002,0.08333333333333333,10,3,3,551,24160.314333333332,2,281514.643,140757.32150000002,0.08333333333333333,10,3,3,551,24160.314333333332
2628,0,6,846476.485,141079.41416666668,0.1131578947368421,45,18,5,164,9944.747105263159,6,846476.485,141079.41416666668,0.1131578947368421,45,18,5,164,9944.747105263159
226,1,3,349568.029,116522.67633333332,0.11000000000000001,24,10,5,387,10125.676899999999,3,349568.029,116522.67633333332,0.11000000000000001,24,10,5,387,10125.676899999999
4640,0,2,249127.185,124563.5925,0.10833333333333334,17,6,4,407,10891.949166666665,2,249127.185,124563.5925,0.10833333333333334,17,6,4,407,10891.949166666665
4441,0,5,553391.3705,110678.27410000001,0.1111111111111111,47,17,5,104,6214.0905833333345,5,553391.3705,110678.27410000001,0.1111111111111111,47,17,5,104,6214.0905833333345
4292,0,2,398922.304,199461.152,0.04,13,5,4,36,25107.6468,2,398922.304,199461.152,0.04,13,5,4,36,25107.6468
3175,1,10,920432.807,92043.2807,0.10357142857142856,63,27,5,86,6852.265250000001,10,920432.807,92043.2807,0.10357142857142856,63,27,5,86,6852.265250000001
549,1,4,476490.467,119122.61675,0.12692307692307694,26,13,5,282,6730.092846153847,4,476490.467,119122.61675,0.12692307692307694,26,13,5,282,6730.092846153847
3373,0,3,286576.8825,95525.6275,0.08125,14,8,4,381,10057.2378125,3,286576.8825,95525.6275,0.08125,14,8,4,381,10057.2378125
916,0,7,617130.4265000001,88161.48950000001,0.11153846153846153,36,13,5,44,9030.446653846157,7,617130.4265000001,88161.48950000001,0.11153846153846153,36,13,5,44,9030.446653846157
1714,0,4,458590.309,114647.57725,0.10454545454545455,28,11,4,44,6728.493545454546,4,458590.309,114647.57725,0.10454545454545455,28,11,4,44,6728.493545454546
4717,1,8,799202.377,99900.297125,0.07631578947368421,47,19,5,2,11280.396157894736,8,799202.377,99900.297125,0.07631578947368421,47,19,5,2,11280.396157894736
212,0,6,1068874.871,178145.8118333333,0.12222222222222223,51,18,5,591,10097.957833333334,6,1068874.871,178145.8118333333,0.12222222222222223,51,18,5,591,10097.957833333334
2039,0,5,900301.1945,180060.2389,0.08461538461538462,42,13,5,144,17097.929576923078,5,900301.1945,180060.2389,0.08461538461538462,42,13,5,144,17097.929576923078
865,0,4,677326.5815,169331.645375,0.125,26,10,5,133,19055.400149999994,4,677326.5815,169331.645375,0.125,26,10,5,133,19055.400149999994
2090,1,5,693059.076,138611.8152,0.08461538461538462,39,12,5,24,15801.734307692308,5,693059.076,138611.8152,0.08461538461538462,39,12,5,24,15801.734307692308
1080,0,7,804730.3640000001,114961.48057142858,0.10294117647058823,46,17,5,190,10758.024352941176,7,804730.3640000001,114961.48057142858,0.10294117647058823,46,17,5,190,10758.024352941176
922,0,8,751800.2474999999,93975.03093749999,0.09736842105263159,42,19,5,331,9151.4625,8,751800.2474999999,93975.03093749999,0.09736842105263159,42,19,5,331,9151.4625
3369,0,3,598351.79,199450.59666666665,0.085,25,10,5,578,16437.072000000004,3,598351.79,199450.59666666665,0.085,25,10,5,578,16437.072000000004
3430,0,1,29115.867,29115.867,0.025,3,2,2,375,3119.5784999999996,1,29115.867,29115.867,0.025,3,2,2,375,3119.5784999999996
2217,1,2,372129.6555,186064.82775,0.08571428571428572,17,7,5,467,15445.356499999996,2,372129.6555,186064.82775,0.08571428571428572,17,7,5,467,15445.356499999996
4515,0,8,770725.854,96340.73175,0.1111111111111111,37,18,5,335,9236.951333333334,8,770725.854,96340.73175,0.1111111111111111,37,18,5,335,9236.951333333334
3151,1,4,327122.199,81780.54975,0.08333333333333333,23,9,5,87,7134.227666666669,4,327122.199,81780.54975,0.08333333333333333,23,9,5,87,7134.227666666669
1169,0,4,645813.7075,161453.426875,0.13,33,15,5,14,8680.731833333333,4,645813.7075,161453.426875,0.13,33,15,5,14,8680.731833333333
2451,1,6,506612.0235,84435.33725,0.10384615384615385,28,13,5,61,9745.457192307691,6,506612.0235,84435.33725,0.10384615384615385,28,13,5,61,9745.457192307691
1363,1,9,1854912.012,206101.3346666667,0.08787878787878788,88,32,5,30,13716.757333333335,9,1854912.012,206101.3346666667,0.08787878787878788,88,32,5,30,13716.757333333335
2771,0,5,689397.4365,137879.48729999998,0.07,42,15,5,282,11562.574433333331,5,689397.4365,137879.48729999998,0.07,42,15,5,282,11562.574433333331
4256,0,7,472996.06299999997,67570.86614285714,0.11538461538461539,28,12,5,292,8407.634846153846,7,472996.06299999997,67570.86614285714,0.11538461538461539,28,12,5,292,8407.634846153846
98,1,8,623635.8960000001,77954.487,0.11818181818181818,44,22,5,222,5770.22890909091,8,623635.8960000001,77954.487,0.11818181818181818,44,22,5,222,5770.22890909091
1421,0,2,51798.232,25899.116,0.2,5,2,2,151,3994.371000000003,2,51798.232,25899.116,0.2,5,2,2,151,3994.371000000003
1434,1,5,517190.556,103438.1112,0.09615384615384616,29,12,5,71,9978.815846153844,5,517190.556,103438.1112,0.09615384615384616,29,12,5,71,9978.815846153844
2557,0,3,345120.82700000005,115040.27566666668,0.14375000000000002,20,8,5,355,6287.900875000001,3,345120.82700000005,115040.27566666668,0.14375000000000002,20,8,5,355,6287.900875000001
2187,1,9,1460109.8795,162234.43105555556,0.08846153846153847,67,25,5,47,15666.454596153848,9,1460109.8795,162234.43105555556,0.08846153846153847,67,25,5,47,15666.454596153848
369,1,3,274675.282,91558.42733333334,0.11666666666666668,11,6,5,355,8195.980333333335,3,274675.282,91558.42733333334,0.11666666666666668,11,6,5,355,8195.980333333335
2392,1,5,421404.1885,84280.8377,0.10909090909090909,21,11,4,31,6880.745318181818,5,421404.1885,84280.8377,0.10909090909090909,21,11,4,31,6880.745318181818
3454,0,6,308060.927,51343.48783333334,0.14375,20,8,4,55,5296.989625000002,6,308060.927,51343.48783333334,0.14375,20,8,4,55,5296.989625000002
605,0,7,1019852.5475000001,145693.22107142856,0.10526315789473684,48,18,5,205,13439.421973684211,7,1019852.5475000001,145693.22107142856,0.10526315789473684,48,18,5,205,13439.421973684211
26,1,4,215335.24349999998,53833.810874999996,0.09166666666666667,16,6,4,7,8945.888916666665,4,215335.24349999998,53833.810874999996,0.09166666666666667,16,6,4,7,8945.888916666665
2905,1,5,806850.8245,161370.1649,0.096875,33,16,5,74,11623.133406250001,5,806850.8245,161370.1649,0.096875,33,16,5,74,11623.133406250001
1719,0,5,537926.072,107585.21440000001,0.13846153846153847,31,13,5,161,7285.451692307693,5,537926.072,107585.21440000001,0.13846153846153847,31,13,5,161,7285.451692307693
2759,1,6,1040451.0495,173408.50824999998,0.10526315789473684,48,19,5,45,11184.77313157895,6,1040451.0495,173408.50824999998,0.10526315789473684,48,19,5,45,11184.77313157895
717,0,8,1073795.4565,134224.4320625,0.09166666666666666,48,17,5,106,14827.542583333332,8,1073795.4565,134224.4320625,0.09166666666666666,48,17,5,106,14827.542583333332
929,0,7,993759.5735,141965.65335714284,0.059375000000000004,40,16,4,27,13141.02146875,7,993759.5735,141965.65335714284,0.059375000000000004,40,16,4,27,13141.02146875
1928,1,3,513185.43200000003,171061.8106666667,0.12777777777777777,20,9,5,395,8345.552444444447,3,513185.43200000003,171061.8106666667,0.12777777777777777,20,9,5,395,8345.552444444447
739,0,3,410831.283,136943.76099999997,0.09375,22,8,4,46,9248.165374999997,3,410831.283,136943.76099999997,0.09375,22,8,4,46,9248.165374999997
2921,0,10,1214207.296,121420.7296,0.12045454545454545,60,22,5,109,12649.76709090909,10,1214207.296,121420.7296,0.12045454545454545,60,22,5,109,12649.76709090909
2962,0,9,1374793.6225,152754.84694444446,0.10384615384615385,69,24,5,47,10941.820865384616,9,1374793.6225,152754.84694444446,0.10384615384615385,69,24,5,47,10941.820865384616
123,0,6,787630.1845,131271.69741666666,0.096875,43,16,5,8,11472.447781249999,6,787630.1845,131271.69741666666,0.096875,43,16,5,8,11472.447781249999
4116,0,8,708525.3765,88565.6720625,0.09642857142857143,42,14,4,78,13191.999035714285,8,708525.3765,88565.6720625,0.09642857142857143,42,14,4,78,13191.999035714285
3322,1,6,440049.041,73341.50683333333,0.12272727272727274,26,11,5,105,9406.517363636363,6,440049.041,73341.50683333333,0.12272727272727274,26,11,5,105,9406.517363636363
1700,0,3,248422.1915,82807.39716666666,0.12142857142857143,14,7,4,246,7705.510214285713,3,248422.1915,82807.39716666666,0.12142857142857143,14,7,4,246,7705.510214285713
4871,1,4,546105.2875,136526.32187500002,0.12,26,10,4,34,13559.86575,4,546105.2875,136526.32187500002,0.12,26,10,4,34,13559.86575
1821,0,4,595144.555,148786.13874999998,0.11333333333333333,36,15,4,533,8456.563,4,595144.555,148786.13874999998,0.11333333333333333,36,15,4,533,8456.563
60,0,2,333751.308,166875.654,0.14,14,5,2,467,16013.383600000005,2,333751.308,166875.654,0.14,14,5,2,467,16013.383600000005
1920,0,8,780250.7235,97531.34043750001,0.13421052631578947,50,19,5,254,8487.028078947369,8,780250.7235,97531.34043750001,0.13421052631578947,50,19,5,254,8487.028078947369
4691,1,6,399496.23099999997,66582.70516666667,0.10500000000000001,26,10,4,164,7937.223099999997,6,399496.23099999997,66582.70516666667,0.10500000000000001,26,10,4,164,7937.223099999997
4831,1,2,199191.03850000002,99595.51925000001,0.08750000000000001,10,4,2,78,15716.894625,2,199191.03850000002,99595.51925000001,0.08750000000000001,10,4,2,78,15716.894625
2337,0,5,805601.1795,161120.2359,0.08928571428571429,38,14,5,72,16303.077821428571,5,805601.1795,161120.2359,0.08928571428571429,38,14,5,72,16303.077821428571
3965,0,5,408206.80449999997,81641.3609,0.0818181818181818,26,11,5,36,8521.650409090907,5,408206.80449999997,81641.3609,0.0818181818181818,26,11,5,36,8521.650409090907
318,0,5,793260.2145,158652.0429,0.09166666666666667,32,12,5,367,18048.55120833333,5,793260.2145,158652.0429,0.09166666666666667,32,12,5,367,18048.55120833333
4990,0,7,1309654.2665000001,187093.46664285712,0.10217391304347827,63,21,5,219,14671.813760869567,7,1309654.2665000001,187093.46664285712,0.10217391304347827,63,21,5,219,14671.813760869567
232,0,5,430695.475,86139.095,0.08846153846153845,28,13,5,8,7676.018076923075,5,430695.475,86139.095,0.08846153846153845,28,13,5,8,7676.018076923075
1119,0,4,608051.5685,152012.892125,0.08666666666666667,34,15,5,18,10791.455899999999,4,608051.5685,152012.892125,0.08666666666666667,34,15,5,18,10791.455899999999
3040,0,5,359005.1855,71801.0371,0.1111111111111111,23,9,4,378,9053.56172222222,5,359005.1855,71801.0371,0.1111111111111111,23,9,4,378,9053.56172222222
3961,1,3,183566.296,61188.76533333334,0.05833333333333333,13,6,4,150,5965.742666666665,3,183566.296,61188.76533333334,0.05833333333333333,13,6,4,150,5965.742666666665
2518,0,6,568320.151,94720.02516666666,0.08461538461538462,27,13,4,74,10123.749307692306,6,568320.151,94720.02516666666,0.08461538461538462,27,13,4,74,10123.749307692306
3789,0,3,390748.717,130249.57233333333,0.1,29,11,4,298,6633.063363636363,3,390748.717,130249.57233333333,0.1,29,11,4,298,6633.063363636363
4305,0,5,561129.461,112225.8922,0.06875,24,8,4,263,19779.311374999997,5,561129.461,112225.8922,0.06875,24,8,4,263,19779.311374999997
3153,1,5,373970.9105,74794.1821,0.09166666666666667,22,12,4,97,10098.105041666664,5,373970.9105,74794.1821,0.09166666666666667,22,12,4,97,10098.105041666664
1458,0,6,655392.7115,109232.11858333333,0.11176470588235295,40,16,5,86,6724.840676470586,6,655392.7115,109232.11858333333,0.11176470588235295,40,16,5,86,6724.840676470586
2738,0,6,563502.971,93917.16183333333,0.11499999999999999,26,10,3,39,13880.704099999999,6,563502.971,93917.16183333333,0.11499999999999999,26,10,3,39,13880.704099999999
3501,1,2,71603.9645,35801.98225,0.13333333333333333,5,3,2,663,1473.7848333333332,2,71603.9645,35801.98225,0.13333333333333333,5,3,2,663,1473.7848333333332
863,1,6,413482.2255,68913.70425,0.08181818181818182,24,11,4,296,10817.905045454547,6,413482.2255,68913.70425,0.08181818181818182,24,11,4,296,10817.905045454547
3853,0,2,236376.277,118188.1385,0.0875,7,4,1,173,17608.03925,2,236376.277,118188.1385,0.0875,7,4,1,173,17608.03925
4955,0,5,739912.1055,147982.42109999998,0.09642857142857143,33,13,5,198,12146.338249999999,5,739912.1055,147982.42109999998,0.09642857142857143,33,13,5,198,12146.338249999999
4875,0,5,539953.7,107990.74000000002,0.13,28,15,5,101,5028.083333333334,5,539953.7,107990.74000000002,0.13,28,15,5,101,5028.083333333334
3343,1,2,338759.4005,169379.70025,0.05833333333333334,12,6,5,4,21211.710083333335,2,338759.4005,169379.70025,0.05833333333333334,12,6,5,4,21211.710083333335
4914,1,9,1098153.1665,122017.0185,0.10625000000000001,57,22,5,99,8814.033604166667,9,1098153.1665,122017.0185,0.10625000000000001,57,22,5,99,8814.033604166667
2108,0,6,718302.4935,119717.08224999999,0.10588235294117647,37,16,5,97,9639.870794117645,6,718302.4935,119717.08224999999,0.10588235294117647,37,16,5,97,9639.870794117645
271,1,7,330569.7115,47224.24450000001,0.09999999999999999,27,11,5,107,7270.948458333332,7,330569.7115,47224.24450000001,0.09999999999999999,27,11,5,107,7270.948458333332
4798,0,6,668418.96,111403.16000000002,0.09285714285714286,35,14,5,93,11699.648571428572,6,668418.96,111403.16000000002,0.09285714285714286,35,14,5,93,11699.648571428572
4824,0,6,752712.49,125452.08166666667,0.11944444444444444,45,16,5,26,8769.523333333333,6,752712.49,125452.08166666667,0.11944444444444444,45,16,5,26,8769.523333333333
4416,0,4,500348.941,125087.23525,0.10625,24,8,5,207,15284.523874999995,4,500348.941,125087.23525,0.10625,24,8,5,207,15284.523874999995
2913,1,7,797963.544,113994.792,0.1,37,13,5,1,13051.681846153846,7,797963.544,113994.792,0.1,37,13,5,1,13051.681846153846
23,0,6,908996.6075,151499.43458333335,0.07500000000000001,49,18,5,119,12634.798194444444,6,908996.6075,151499.43458333335,0.07500000000000001,49,18,5,119,12634.798194444444
2595,0,3,161726.721,53908.90700000001,0.16999999999999998,15,5,4,457,3833.3182,3,161726.721,53908.90700000001,0.16999999999999998,15,5,4,457,3833.3182
97,0,5,569407.001,113881.4002,0.12142857142857144,40,13,4,90,5689.102214285714,5,569407.001,113881.4002,0.12142857142857144,40,13,4,90,5689.102214285714
342,0,5,677758.6005,135551.72009999998,0.07692307692307693,30,13,5,210,13278.780807692307,5,677758.6005,135551.72009999998,0.07692307692307693,30,13,5,210,13278.780807692307
3942,0,6,429205.685,71534.28083333334,0.11000000000000001,25,10,4,224,8388.5235,6,429205.685,71534.28083333334,0.11000000000000001,25,10,4,224,8388.5235
978,0,2,168576.912,84288.456,0.1,6,2,2,152,14737.086000000003,2,168576.912,84288.456,0.1,6,2,2,152,14737.086000000003
2223,1,6,497754.507,82959.0845,0.075,27,10,4,151,13436.453700000002,6,497754.507,82959.0845,0.075,27,10,4,151,13436.453700000002
4464,0,5,683849.7455,136769.9491,0.10384615384615385,35,13,5,272,9733.377346153844,5,683849.7455,136769.9491,0.10384615384615385,35,13,5,272,9733.377346153844
360,0,5,783181.1270000001,156636.22540000002,0.11923076923076924,31,13,5,228,13182.75361538462,5,783181.1270000001,156636.22540000002,0.11923076923076924,31,13,5,228,13182.75361538462
300,0,3,763599.7295,254533.24316666662,0.10454545454545454,30,11,4,527,14547.945409090906,3,763599.7295,254533.24316666662,0.10454545454545454,30,11,4,527,14547.945409090906
3690,0,3,467173.19749999995,155724.39916666664,0.08571428571428572,22,6,4,63,12338.492499999998,3,467173.19749999995,155724.39916666664,0.08571428571428572,22,6,4,63,12338.492499999998
1490,0,3,308278.262,102759.42066666666,0.17,13,5,4,322,9431.024399999998,3,308278.262,102759.42066666666,0.17,13,5,4,322,9431.024399999998
2477,0,6,788110.8,131351.80000000002,0.09000000000000001,37,14,5,110,13664.04866666667,6,788110.8,131351.80000000002,0.09000000000000001,37,14,5,110,13664.04866666667
1123,1,5,630455.3615,126091.0723,0.09166666666666667,24,12,5,31,15930.482625000002,5,630455.3615,126091.0723,0.09166666666666667,24,12,5,31,15930.482625000002
4715,0,4,315940.397,78985.09925,0.075,17,10,5,83,9278.6297,4,315940.397,78985.09925,0.075,17,10,5,83,9278.6297
2693,0,4,409945.67100000003,102486.41775,0.05714285714285715,14,7,4,51,14906.365857142855,4,409945.67100000003,102486.41775,0.05714285714285715,14,7,4,51,14906.365857142855
3670,0,3,457227.5575,152409.18583333332,0.0642857142857143,19,7,5,233,16488.348214285714,3,457227.5575,152409.18583333332,0.0642857142857143,19,7,5,233,16488.348214285714
3438,0,8,669843.8435,83730.48043750001,0.07142857142857142,31,13,5,25,11770.00882142857,8,669843.8435,83730.48043750001,0.07142857142857142,31,13,5,25,11770.00882142857
3566,0,4,259075.9095,64768.977375,0.05500000000000001,25,10,5,64,6375.70795,4,259075.9095,64768.977375,0.05500000000000001,25,10,5,64,6375.70795
4137,0,6,709248.729,118208.12150000001,0.1125,30,12,5,42,16098.623249999999,6,709248.729,118208.12150000001,0.1125,30,12,5,42,16098.623249999999
4275,1,10,1073338.2619999999,107333.82620000001,0.124,63,25,5,168,9000.791679999998,10,1073338.2619999999,107333.82620000001,0.124,63,25,5,168,9000.791679999998
2591,0,5,393301.46900000004,78660.29380000001,0.10500000000000001,25,10,5,2,9489.9689,5,393301.46900000004,78660.29380000001,0.10500000000000001,25,10,5,2,9489.9689
283,0,5,716006.789,143201.3578,0.10416666666666667,32,12,5,318,16304.76075,5,716006.789,143201.3578,0.10416666666666667,32,12,5,318,16304.76075
2081,0,4,361684.744,90421.186,0.14375,20,7,3,470,10830.048000000003,4,361684.744,90421.186,0.14375,20,7,3,470,10830.048000000003
546,0,4,121476.9835,30369.245875,0.09444444444444444,18,9,4,231,3887.5392777777784,4,121476.9835,30369.245875,0.09444444444444444,18,9,4,231,3887.5392777777784
1370,1,7,706367.6445,100909.6635,0.09583333333333334,31,12,5,112,14917.145375,7,706367.6445,100909.6635,0.09583333333333334,31,12,5,112,14917.145375
2866,0,2,304374.828,152187.414,0.08333333333333333,16,6,3,44,15321.877999999997,2,304374.828,152187.414,0.08333333333333333,16,6,3,44,15321.877999999997
3149,0,6,576530.048,96088.34133333333,0.1125,44,16,4,195,7431.633625,6,576530.048,96088.34133333333,0.1125,44,16,4,195,7431.633625
3364,0,6,724426.8145000001,120737.80241666666,0.11923076923076924,35,13,5,88,9222.622653846156,6,724426.8145000001,120737.80241666666,0.11923076923076924,35,13,5,88,9222.622653846156
4449,1,6,1145665.8665,190944.31108333333,0.07941176470588236,48,16,5,144,18667.403911764704,6,1145665.8665,190944.31108333333,0.07941176470588236,48,16,5,144,18667.403911764704
4241,1,7,563392.691,80484.67014285714,0.07692307692307693,38,13,5,45,9130.879307692307,7,563392.691,80484.67014285714,0.07692307692307693,38,13,5,45,9130.879307692307
126,0,4,463471.3945,115867.848625,0.05714285714285714,17,7,3,247,21330.81207142857,4,463471.3945,115867.848625,0.05714285714285714,17,7,3,247,21330.81207142857
211,0,5,616429.1555,123285.8311,0.12692307692307692,39,13,5,110,7904.299653846154,5,616429.1555,123285.8311,0.12692307692307692,39,13,5,110,7904.299653846154
1524,0,4,218146.1995,54536.549875,0.06,19,10,4,48,6565.820949999999,4,218146.1995,54536.549875,0.06,19,10,4,48,6565.820949999999
1588,1,9,947322.2930000001,105258.03255555556,0.061111111111111116,46,17,5,13,14387.215166666667,9,947322.2930000001,105258.03255555556,0.061111111111111116,46,17,5,13,14387.215166666667
2862,1,3,401386.583,133795.52766666666,0.08125,20,8,4,138,12703.396625000001,3,401386.583,133795.52766666666,0.08125,20,8,4,138,12703.396625000001
2123,0,5,559619.274,111923.8548,0.10666666666666667,37,15,5,294,8291.738266666665,5,559619.274,111923.8548,0.10666666666666667,37,15,5,294,8291.738266666665
4665,1,4,760086.6715,190021.667875,0.10384615384615385,29,13,5,16,16528.984730769233,4,760086.6715,190021.667875,0.10384615384615385,29,13,5,16,16528.984730769233
2926,1,6,559191.324,93198.554,0.08750000000000001,24,12,5,177,12666.045333333333,6,559191.324,93198.554,0.08750000000000001,24,12,5,177,12666.045333333333
258,0,11,1537920.5775,139810.96159090908,0.12142857142857143,77,33,5,5,10199.536499999998,11,1537920.5775,139810.96159090908,0.12142857142857143,77,33,5,5,10199.536499999998
4732,0,5,641494.375,128298.875,0.13846153846153847,27,13,5,383,9692.342692307691,5,641494.375,128298.875,0.13846153846153847,27,13,5,383,9692.342692307691
2569,0,5,593164.0295,118632.80589999999,0.07272727272727274,34,11,5,73,14439.498136363634,5,593164.0295,118632.80589999999,0.07272727272727274,34,11,5,73,14439.498136363634
4228,0,6,531723.7735,88620.62891666667,0.08750000000000001,25,12,5,192,11747.642791666665,6,531723.7735,88620.62891666667,0.08750000000000001,25,12,5,192,11747.642791666665
4645,0,4,591974.0725,147993.518125,0.10384615384615385,34,12,4,14,7554.222500000002,4,591974.0725,147993.518125,0.10384615384615385,34,12,4,14,7554.222500000002
2594,0,4,489437.404,122359.35100000001,0.07777777777777778,27,9,4,189,15922.186,4,489437.404,122359.35100000001,0.07777777777777778,27,9,4,189,15922.186
3628,0,7,726297.8715,103756.83878571428,0.09722222222222222,42,18,5,75,8311.850083333333,7,726297.8715,103756.83878571428,0.09722222222222222,42,18,5,75,8311.850083333333
214,1,4,683246.7605,170811.69012500002,0.1346153846153846,36,13,4,20,12720.820038461541,4,683246.7605,170811.69012500002,0.1346153846153846,36,13,4,20,12720.820038461541
3210,0,6,642298.038,107049.673,0.09090909090909091,26,11,5,73,15499.997090909088,6,642298.038,107049.673,0.09090909090909091,26,11,5,73,15499.997090909088
2923,0,8,576285.427,72035.678375,0.057692307692307696,28,13,5,19,12876.179000000002,8,576285.427,72035.678375,0.057692307692307696,28,13,5,19,12876.179000000002
2724,1,8,1051885.7265,131485.71581249998,0.10555555555555557,51,18,5,59,14174.660916666668,8,1051885.7265,131485.71581249998,0.10555555555555557,51,18,5,59,14174.660916666668
1529,0,6,1046863.978,174477.32966666666,0.125,56,20,5,54,10890.4699,6,1046863.978,174477.32966666666,0.125,56,20,5,54,10890.4699
4624,0,3,260946.4255,86982.14183333334,0.10625000000000001,27,8,4,20,6385.8969375000015,3,260946.4255,86982.14183333334,0.10625000000000001,27,8,4,20,6385.8969375000015
3083,0,4,509996.72299999994,127499.18075,0.075,22,8,3,277,21363.656625,4,509996.72299999994,127499.18075,0.075,22,8,3,277,21363.656625
1262,0,5,367769.739,73553.9478,0.09583333333333334,31,11,4,361,5239.719916666666,5,367769.739,73553.9478,0.09583333333333334,31,11,4,361,5239.719916666666
4882,0,5,337977.11,67595.42199999999,0.08333333333333333,17,6,5,352,11505.791666666664,5,337977.11,67595.42199999999,0.08333333333333333,17,6,5,352,11505.791666666664
4795,0,6,810605.5565,135100.92608333332,0.1111111111111111,40,16,5,228,10847.674805555554,6,810605.5565,135100.92608333332,0.1111111111111111,40,16,5,228,10847.674805555554
4552,0,7,1444012.267,206287.46671428572,0.10800000000000001,67,23,5,360,11975.262680000002,7,1444012.267,206287.46671428572,0.10800000000000001,67,23,5,360,11975.262680000002
3459,1,5,332012.5005,66402.5001,0.085,24,10,4,97,8409.054050000002,5,332012.5005,66402.5001,0.085,24,10,4,97,8409.054050000002
6,1,5,848318.132,169663.6264,0.1,34,13,5,106,15736.167846153847,5,848318.132,169663.6264,0.1,34,13,5,106,15736.167846153847
178,0,10,1136597.3775,113659.73775,0.06304347826086956,52,22,5,48,13470.639891304349,10,1136597.3775,113659.73775,0.06304347826086956,52,22,5,48,13470.639891304349
114,0,4,410179.078,102544.7695,0.08461538461538462,27,13,5,61,7743.653692307691,4,410179.078,102544.7695,0.08461538461538462,27,13,5,61,7743.653692307691
706,1,5,596674.1515,119334.8303,0.11923076923076924,33,13,4,36,10817.256269230767,5,596674.1515,119334.8303,0.11923076923076924,33,13,4,36,10817.256269230767
4239,0,6,671497.6024999999,111916.26708333332,0.049999999999999996,29,12,5,37,17138.385208333333,6,671497.6024999999,111916.26708333332,0.049999999999999996,29,12,5,37,17138.385208333333
2728,0,7,703971.65,100567.37857142858,0.11176470588235295,38,17,5,213,9266.17294117647,7,703971.65,100567.37857142858,0.11176470588235295,38,17,5,213,9266.17294117647
3133,0,6,758937.2455,126489.54091666668,0.09000000000000001,45,14,4,5,12009.532366666668,6,758937.2455,126489.54091666668,0.09000000000000001,45,14,4,5,12009.532366666668
1519,0,3,298075.74700000003,99358.58233333332,0.125,19,8,4,202,4790.0008750000015,3,298075.74700000003,99358.58233333332,0.125,19,8,4,202,4790.0008750000015
2970,1,6,1011686.164,168614.36066666667,0.10500000000000001,46,19,5,9,11788.322199999999,6,1011686.164,168614.36066666667,0.10500000000000001,46,19,5,9,11788.322199999999
2450,1,5,683294.6825,136658.9365,0.11000000000000001,37,15,5,70,10819.9675,5,683294.6825,136658.9365,0.11000000000000001,37,15,5,70,10819.9675
2185,1,7,940517.875,134359.69642857142,0.07,44,15,5,14,17712.730333333333,7,940517.875,134359.69642857142,0.07,44,15,5,14,17712.730333333333
3945,0,7,822907.5755,117558.22507142858,0.11666666666666667,42,15,5,235,14255.047033333336,7,822907.5755,117558.22507142858,0.11666666666666667,42,15,5,235,14255.047033333336
1632,0,3,292267.406,97422.46866666665,0.1125,22,8,5,591,8858.2745,3,292267.406,97422.46866666665,0.1125,22,8,5,591,8858.2745
4337,0,6,536376.4955,89396.08258333332,0.09999999999999999,25,12,5,120,13285.45295833333,6,536376.4955,89396.08258333332,0.09999999999999999,25,12,5,120,13285.45295833333
405,0,6,651009.517,108501.58616666666,0.07,23,10,4,5,16048.760699999999,6,651009.517,108501.58616666666,0.07,23,10,4,5,16048.760699999999
3314,0,8,904101.306,113012.66325,0.12,52,18,5,109,10888.5513,8,904101.306,113012.66325,0.12,52,18,5,109,10888.5513
3512,0,6,754417.069,125736.17816666665,0.08,40,15,5,367,14172.275266666666,6,754417.069,125736.17816666665,0.08,40,15,5,367,14172.275266666666
4880,0,2,385960.92100000003,192980.4605,0.07142857142857142,15,7,4,174,14597.780142857144,2,385960.92100000003,192980.4605,0.07142857142857142,15,7,4,174,14597.780142857144
1663,0,7,720494.9475,102927.84964285712,0.08823529411764706,37,17,4,176,10238.57220588235,7,720494.9475,102927.84964285712,0.08823529411764706,37,17,4,176,10238.57220588235
656,0,5,521087.312,104217.4624,0.08461538461538462,30,13,5,101,6798.952461538463,5,521087.312,104217.4624,0.08461538461538462,30,13,5,101,6798.952461538463
1196,0,8,1102408.9815,137801.1226875,0.09444444444444444,53,18,5,146,13522.561194444446,8,1102408.9815,137801.1226875,0.09444444444444444,53,18,5,146,13522.561194444446
4718,1,3,671649.866,223883.28866666663,0.1318181818181818,31,10,5,106,13956.555999999999,3,671649.866,223883.28866666663,0.1318181818181818,31,10,5,106,13956.555999999999
4612,0,5,317167.6035,63433.52070000001,0.1,20,9,3,115,11390.943722222224,5,317167.6035,63433.52070000001,0.1,20,9,3,115,11390.943722222224
2897,0,7,632841.1375,90405.87678571428,0.08571428571428572,30,13,5,224,9347.884107142856,7,632841.1375,90405.87678571428,0.08571428571428572,30,13,5,224,9347.884107142856
4419,0,4,505951.908,126487.97700000001,0.135,24,10,5,259,7154.3488000000025,4,505951.908,126487.97700000001,0.135,24,10,5,259,7154.3488000000025
4444,1,2,114341.944,57170.97200000001,0.125,10,4,3,414,6619.6510000000035,2,114341.944,57170.97200000001,0.125,10,4,3,414,6619.6510000000035
1956,0,6,418514.604,69752.434,0.12272727272727274,20,11,5,5,5805.718545454545,6,418514.604,69752.434,0.12272727272727274,20,11,5,5,5805.718545454545
4625,0,6,700069.638,116678.273,0.1,41,16,5,134,11270.789875,6,700069.638,116678.273,0.1,41,16,5,134,11270.789875
314,0,4,255134.76900000003,63783.69225,0.0375,16,8,5,10,8501.617375000002,4,255134.76900000003,63783.69225,0.0375,16,8,5,10,8501.617375000002
3568,0,5,482823.54099999997,96564.7082,0.10357142857142856,28,13,4,234,9258.112928571429,5,482823.54099999997,96564.7082,0.10357142857142856,28,13,4,234,9258.112928571429
1125,0,4,431085.07050000003,107771.267625,0.11875,25,8,4,177,8828.112562499999,4,431085.07050000003,107771.267625,0.11875,25,8,4,177,8828.112562499999
4395,0,6,841410.3574999999,140235.05958333332,0.11470588235294117,42,16,5,27,11142.80161764706,6,841410.3574999999,140235.05958333332,0.11470588235294117,42,16,5,27,11142.80161764706
3226,1,6,752169.611,125361.60183333333,0.08333333333333333,36,14,5,79,13211.650733333334,6,752169.611,125361.60183333333,0.08333333333333333,36,14,5,79,13211.650733333334
3845,0,5,753723.8655,150744.77310000002,0.09666666666666666,34,15,5,189,10850.5697,5,753723.8655,150744.77310000002,0.09666666666666666,34,15,5,189,10850.5697
2779,0,2,400529.14,200264.57,0.049999999999999996,15,6,3,351,18891.8,2,400529.14,200264.57,0.049999999999999996,15,6,3,351,18891.8
3073,0,5,693997.566,138799.5132,0.10357142857142856,38,14,4,243,9334.821142857141,5,693997.566,138799.5132,0.10357142857142856,38,14,4,243,9334.821142857141
3591,0,3,269016.3605,89672.12016666667,0.12142857142857144,13,6,5,369,9600.21435714286,3,269016.3605,89672.12016666667,0.12142857142857144,13,6,5,369,9600.21435714286
2627,1,5,695953.3155,139190.6631,0.11153846153846153,35,13,4,81,11992.602730769231,5,695953.3155,139190.6631,0.11153846153846153,35,13,4,81,11992.602730769231
4537,0,7,1044235.006,149176.42942857143,0.10625,43,15,5,3,13120.360999999999,7,1044235.006,149176.42942857143,0.10625,43,15,5,3,13120.360999999999
1236,0,4,274802.55199999997,68700.63799999999,0.1375,12,4,3,128,9290.757999999998,4,274802.55199999997,68700.63799999999,0.1375,12,4,3,128,9290.757999999998
3814,0,5,667785.973,133557.1946,0.11666666666666667,30,15,5,302,10313.884866666665,5,667785.973,133557.1946,0.11666666666666667,30,15,5,302,10313.884866666665
4615,1,6,960221.6305,160036.93841666667,0.12058823529411763,49,17,5,225,11494.705323529413,6,960221.6305,160036.93841666667,0.12058823529411763,49,17,5,225,11494.705323529413
4356,1,3,147154.7805,49051.593499999995,0.16666666666666666,8,3,1,341,8895.786833333334,3,147154.7805,49051.593499999995,0.16666666666666666,8,3,1,341,8895.786833333334
1542,0,7,538302.088,76900.29828571428,0.10588235294117647,35,16,5,219,7647.973411764708,7,538302.088,76900.29828571428,0.10588235294117647,35,16,5,219,7647.973411764708
1840,1,5,610343.3085,122068.66170000001,0.12666666666666668,37,15,5,210,7114.497233333334,5,610343.3085,122068.66170000001,0.12666666666666668,37,15,5,210,7114.497233333334
2955,0,4,460975.69800000003,115243.92450000001,0.09,25,10,4,14,9873.417800000003,4,460975.69800000003,115243.92450000001,0.09,25,10,4,14,9873.417800000003
2604,0,4,669546.9325,167386.733125,0.12,28,10,5,65,16363.253250000003,4,669546.9325,167386.733125,0.12,28,10,5,65,16363.253250000003
2276,0,6,667088.992,111181.49866666667,0.075,37,14,5,53,8329.980857142857,6,667088.992,111181.49866666667,0.075,37,14,5,53,8329.980857142857
4818,1,7,904145.7964999999,129163.68521428571,0.1,46,19,5,323,12211.741824999997,7,904145.7964999999,129163.68521428571,0.1,46,19,5,323,12211.741824999997
4514,1,5,884495.4855000001,176899.09709999998,0.1111111111111111,42,18,4,31,10679.836972222221,5,884495.4855000001,176899.09709999998,0.1111111111111111,42,18,4,31,10679.836972222221
3003,0,7,696327.6875,99475.38392857143,0.128125,39,16,4,99,6739.861718749999,7,696327.6875,99475.38392857143,0.128125,39,16,4,99,6739.861718749999
2260,0,4,814852.21,203713.0525,0.10833333333333334,36,12,5,273,13862.435833333331,4,814852.21,203713.0525,0.10833333333333334,36,12,5,273,13862.435833333331
4597,1,7,978829.6245,139832.8035,0.08055555555555556,50,17,5,83,9761.088027777778,7,978829.6245,139832.8035,0.08055555555555556,50,17,5,83,9761.088027777778
4303,0,6,906944.5345,151157.42241666667,0.061764705882352944,46,16,5,15,14556.216147058823,6,906944.5345,151157.42241666667,0.061764705882352944,46,16,5,15,14556.216147058823
408,0,6,799578.6325000001,133263.1054166667,0.09375,39,16,5,303,13758.533281250002,6,799578.6325000001,133263.1054166667,0.09375,39,16,5,303,13758.533281250002
1110,1,3,414210.006,138070.002,0.1,20,9,4,122,11555.308444444443,3,414210.006,138070.002,0.1,20,9,4,122,11555.308444444443
1321,0,5,354103.364,70820.6728,0.09545454545454546,27,9,4,98,7416.694909090909,5,354103.364,70820.6728,0.09545454545454546,27,9,4,98,7416.694909090909
960,0,4,489492.85349999997,122373.213375,0.1111111111111111,21,9,3,132,12505.69372222222,4,489492.85349999997,122373.213375,0.1111111111111111,21,9,3,132,12505.69372222222
2695,0,9,1024186.3825,113798.48694444443,0.14,49,20,5,13,9956.374625,9,1024186.3825,113798.48694444443,0.14,49,20,5,13,9956.374625
3269,0,4,531095.661,132773.91525,0.095,30,10,5,25,12766.153100000001,4,531095.661,132773.91525,0.095,30,10,5,25,12766.153100000001
1871,0,5,677534.9330000001,135506.9866,0.08750000000000001,33,12,4,177,14667.34525,5,677534.9330000001,135506.9866,0.08750000000000001,33,12,4,177,14667.34525
3649,1,8,954014.726,119251.84075,0.11000000000000001,45,19,5,23,11772.5833,8,954014.726,119251.84075,0.11000000000000001,45,19,5,23,11772.5833
1256,0,3,603707.912,201235.97066666666,0.025,25,8,3,87,20693.283999999996,3,603707.912,201235.97066666666,0.025,25,8,3,87,20693.283999999996
3232,1,3,319078.74049999996,106359.58016666665,0.1111111111111111,18,9,5,187,6727.608944444443,3,319078.74049999996,106359.58016666665,0.1111111111111111,18,9,5,187,6727.608944444443
3881,1,7,898837.23,128405.31857142856,0.10263157894736842,43,19,5,1,12011.114210526315,7,898837.23,128405.31857142856,0.10263157894736842,43,19,5,1,12011.114210526315
3724,1,2,352240.23750000005,176120.11875,0.049999999999999996,14,6,3,130,15018.331250000005,2,352240.23750000005,176120.11875,0.049999999999999996,14,6,3,130,15018.331250000005
2117,1,8,938206.1555,117275.7694375,0.08571428571428572,50,20,5,297,11202.123595238096,8,938206.1555,117275.7694375,0.08571428571428572,50,20,5,297,11202.123595238096
3065,0,5,341527.973,68305.59460000001,0.09,26,10,4,53,9680.0773,5,341527.973,68305.59460000001,0.09,26,10,4,53,9680.0773
2077,1,5,488143.5955,97628.71910000002,0.1111111111111111,22,9,4,17,17424.321722222223,5,488143.5955,97628.71910000002,0.1111111111111111,22,9,4,17,17424.321722222223
777,1,5,742742.1429999999,148548.42859999998,0.07727272727272728,29,11,5,246,19894.606636363635,5,742742.1429999999,148548.42859999998,0.07727272727272728,29,11,5,246,19894.606636363635
1652,0,6,380853.222,63475.537000000004,0.09090909090909091,27,11,4,108,6424.082000000001,6,380853.222,63475.537000000004,0.09090909090909091,27,11,4,108,6424.082000000001
3120,1,7,936164.318,133737.7597142857,0.12250000000000001,43,20,5,23,10604.488399999998,7,936164.318,133737.7597142857,0.12250000000000001,43,20,5,23,10604.488399999998
2035,0,3,475327.6025,158442.53416666668,0.085,31,10,5,13,8744.10025,3,475327.6025,158442.53416666668,0.085,31,10,5,13,8744.10025
3046,0,5,852352.5085,170470.5017,0.07187500000000001,41,15,5,7,14980.06990625,5,852352.5085,170470.5017,0.07187500000000001,41,15,5,7,14980.06990625
3563,0,4,628796.353,157199.08825,0.08888888888888889,27,8,5,123,15547.588111111112,4,628796.353,157199.08825,0.08888888888888889,27,8,5,123,15547.588111111112
4247,0,5,579756.46,115951.29199999999,0.08928571428571429,30,14,5,131,9740.059285714286,5,579756.46,115951.29199999999,0.08928571428571429,30,14,5,131,9740.059285714286
53,0,3,489681.10349999997,163227.03449999998,0.09444444444444444,25,9,4,76,12606.565944444443,3,489681.10349999997,163227.03449999998,0.09444444444444444,25,9,4,76,12606.565944444443
1159,0,6,1046935.225,174489.2041666667,0.07666666666666667,44,14,4,76,14631.853000000003,6,1046935.225,174489.2041666667,0.07666666666666667,44,14,4,76,14631.853000000003
1309,0,2,78778.65400000001,39389.327000000005,0.11666666666666668,7,3,3,445,7990.734666666667,2,78778.65400000001,39389.327000000005,0.11666666666666668,7,3,3,445,7990.734666666667
2879,0,5,602260.2205,120452.04410000001,0.10333333333333333,32,15,5,68,7070.552033333335,5,602260.2205,120452.04410000001,0.10333333333333333,32,15,5,68,7070.552033333335
3085,0,6,823975.8625,137329.31041666667,0.1264705882352941,47,17,5,224,9352.93485294118,6,823975.8625,137329.31041666667,0.1264705882352941,47,17,5,224,9352.93485294118
4224,0,3,485175.156,161725.052,0.1142857142857143,20,7,3,225,19042.203714285715,3,485175.156,161725.052,0.1142857142857143,20,7,3,225,19042.203714285715
897,0,4,572113.3690000001,143028.34225,0.11000000000000001,26,10,5,203,9668.4889,4,572113.3690000001,143028.34225,0.11000000000000001,26,10,5,203,9668.4889
3549,1,7,1053989.297,150569.89957142857,0.07631578947368421,58,18,5,204,16373.107210526314,7,1053989.297,150569.89957142857,0.07631578947368421,58,18,5,204,16373.107210526314
1487,0,2,78470.213,39235.106499999994,0.08333333333333333,5,3,2,176,7108.414333333333,2,78470.213,39235.106499999994,0.08333333333333333,5,3,2,176,7108.414333333333
4588,0,3,373565.268,124521.756,0.08571428571428572,22,7,4,155,14061.131142857139,3,373565.268,124521.756,0.08571428571428572,22,7,4,155,14061.131142857139
3550,0,4,495432.397,123858.09925,0.08888888888888889,26,9,3,47,15528.858555555556,4,495432.397,123858.09925,0.08888888888888889,26,9,3,47,15528.858555555556
4470,0,3,127552.922,42517.640666666666,0.15,13,5,3,170,1873.2824000000023,3,127552.922,42517.640666666666,0.15,13,5,3,170,1873.2824000000023
4345,0,4,430774.0065,107693.50162499999,0.09375,23,7,2,51,9943.9333125,4,430774.0065,107693.50162499999,0.09375,23,7,2,51,9943.9333125
2757,0,6,406932.9335,67822.15558333333,0.057692307692307696,33,12,5,261,9644.924884615382,6,406932.9335,67822.15558333333,0.057692307692307696,33,12,5,261,9644.924884615382
755,0,5,588528.9535000001,117705.79070000001,0.05384615384615385,32,12,5,67,11065.350269230768,5,588528.9535000001,117705.79070000001,0.05384615384615385,32,12,5,67,11065.350269230768
665,1,7,386806.419,55258.059857142856,0.075,31,14,5,140,7058.557071428571,7,386806.419,55258.059857142856,0.075,31,14,5,140,7058.557071428571
4653,1,5,644170.955,128834.19099999999,0.0625,35,12,5,23,12105.41125,5,644170.955,128834.19099999999,0.0625,35,12,5,23,12105.41125
112,1,4,671231.929,167807.98225,0.08636363636363636,31,11,4,260,12013.133545454544,4,671231.929,167807.98225,0.08636363636363636,31,11,4,260,12013.133545454544
446,1,7,602666.985,86095.28357142858,0.065625,35,15,5,47,9987.168437499999,7,602666.985,86095.28357142858,0.065625,35,15,5,47,9987.168437499999
158,1,3,232768.399,77589.46633333333,0.10625000000000001,19,8,4,57,7878.473625000001,3,232768.399,77589.46633333333,0.10625000000000001,19,8,4,57,7878.473625000001
1651,0,6,529176.2474999999,88196.04125000001,0.06153846153846154,28,13,5,201,8892.420576923076,6,529176.2474999999,88196.04125000001,0.06153846153846154,28,13,5,201,8892.420576923076
3672,0,1,88373.4,88373.4,0.0,3,1,1,810,27594.089999999997,1,88373.4,88373.4,0.0,3,1,1,810,27594.089999999997
3315,0,3,248218.757,82739.58566666667,0.09285714285714286,16,7,5,336,6187.905285714286,3,248218.757,82739.58566666667,0.09285714285714286,16,7,5,336,6187.905285714286
1043,1,5,505820.128,101164.02560000001,0.11666666666666667,20,9,4,102,11018.21866666667,5,505820.128,101164.02560000001,0.11666666666666667,20,9,4,102,11018.21866666667
1751,1,6,1149325.6485000001,191554.27475,0.1,45,16,5,58,13259.569906249999,6,1149325.6485000001,191554.27475,0.1,45,16,5,58,13259.569906249999
698,1,7,594025.977,84860.85385714285,0.10666666666666667,40,13,5,147,8235.975133333333,7,594025.977,84860.85385714285,0.10666666666666667,40,13,5,147,8235.975133333333
1847,0,1,165119.396,165119.396,0.1,6,2,1,808,16180.838,1,165119.396,165119.396,0.1,6,2,1,808,16180.838
1803,0,5,489608.1015,97921.6203,0.13333333333333333,37,15,5,340,6383.278766666666,5,489608.1015,97921.6203,0.13333333333333333,37,15,5,340,6383.278766666666
3827,0,5,611252.441,122250.48819999999,0.10384615384615385,35,13,5,164,12144.152384615387,5,611252.441,122250.48819999999,0.10384615384615385,35,13,5,164,12144.152384615387
1083,0,2,407678.742,203839.371,0.10000000000000002,15,6,4,587,16733.340333333337,2,407678.742,203839.371,0.10000000000000002,15,6,4,587,16733.340333333337
883,0,9,793823.8735,88202.65261111112,0.08095238095238096,45,21,5,109,9016.280642857144,9,793823.8735,88202.65261111112,0.08095238095238096,45,21,5,109,9016.280642857144
4671,0,6,662868.3175,110478.05291666667,0.11071428571428572,32,14,5,267,10298.845535714285,6,662868.3175,110478.05291666667,0.11071428571428572,32,14,5,267,10298.845535714285
4532,0,7,664580.852,94940.1217142857,0.12000000000000001,36,15,5,42,9967.213466666666,7,664580.852,94940.1217142857,0.12000000000000001,36,15,5,42,9967.213466666666
3933,1,3,391449.51,130483.17,0.10555555555555557,19,9,5,22,7893.606666666664,3,391449.51,130483.17,0.10555555555555557,19,9,5,22,7893.606666666664
3490,1,4,457490.747,114372.68675000001,0.07500000000000001,22,8,5,92,14663.003375,4,457490.747,114372.68675000001,0.07500000000000001,22,8,5,92,14663.003375
2620,0,6,952959.4565,158826.57608333335,0.1111111111111111,44,18,5,293,10629.165916666667,6,952959.4565,158826.57608333335,0.1111111111111111,44,18,5,293,10629.165916666667
3328,0,7,637403.544,91057.64914285715,0.09615384615384616,27,13,5,285,11785.264153846152,7,637403.544,91057.64914285715,0.09615384615384616,27,13,5,285,11785.264153846152
3002,0,5,415332.0525,83066.4105,0.10909090909090909,23,10,5,293,8128.847500000001,5,415332.0525,83066.4105,0.10909090909090909,23,10,5,293,8128.847500000001
2517,0,7,564689.5455,80669.93507142857,0.12692307692307694,35,13,4,46,6700.335038461539,7,564689.5455,80669.93507142857,0.12692307692307694,35,13,4,46,6700.335038461539
3718,1,4,408437.528,102109.382,0.09642857142857143,29,14,4,40,7900.148428571428,4,408437.528,102109.382,0.09642857142857143,29,14,4,40,7900.148428571428
19,1,8,845734.2445,105716.7805625,0.10277777777777779,42,17,5,219,8782.365805555555,8,845734.2445,105716.7805625,0.10277777777777779,42,17,5,219,8782.365805555555
976,1,2,229500.2745,114750.13725,0.10833333333333334,13,6,4,696,7796.629083333333,2,229500.2745,114750.13725,0.10833333333333334,13,6,4,696,7796.629083333333
3721,0,5,314931.302,62986.26040000001,0.125,29,10,4,569,6201.685166666667,5,314931.302,62986.26040000001,0.125,29,10,4,569,6201.685166666667
4767,0,4,638339.32,159584.83,0.12083333333333333,34,12,4,16,11552.245,4,638339.32,159584.83,0.12083333333333333,34,12,4,16,11552.245
1345,0,4,552449.5935000001,138112.39837500002,0.12142857142857143,35,14,5,115,8621.538821428574,4,552449.5935000001,138112.39837500002,0.12142857142857143,35,14,5,115,8621.538821428574
802,0,2,58941.033,29470.516499999998,0.1625,7,4,3,476,1494.3632499999994,2,58941.033,29470.516499999998,0.1625,7,4,3,476,1494.3632499999994
2294,0,6,746501.2435,124416.87391666666,0.08571428571428572,36,13,5,19,16176.66667857143,6,746501.2435,124416.87391666666,0.08571428571428572,36,13,5,19,16176.66667857143
1162,0,4,657655.3985,164413.849625,0.10625000000000001,25,8,4,64,19126.996062499995,4,657655.3985,164413.849625,0.10625000000000001,25,8,4,64,19126.996062499995
731,0,4,344921.943,86230.48574999999,0.13,27,10,5,299,7087.802300000001,4,344921.943,86230.48574999999,0.13,27,10,5,299,7087.802300000001
1437,0,5,642950.3,128590.06000000001,0.11071428571428572,34,14,5,19,12641.70785714286,5,642950.3,128590.06000000001,0.11071428571428572,34,14,5,19,12641.70785714286
4099,0,8,625181.322,78147.66525,0.11578947368421054,37,19,5,126,8181.292210526317,8,625181.322,78147.66525,0.11578947368421054,37,19,5,126,8181.292210526317
1590,1,6,607872.14,101312.02333333333,0.08076923076923077,33,13,5,158,12465.172307692306,6,607872.14,101312.02333333333,0.08076923076923077,33,13,5,158,12465.172307692306
682,0,6,672732.076,112122.01266666666,0.13571428571428573,41,14,5,248,11002.051857142858,6,672732.076,112122.01266666666,0.13571428571428573,41,14,5,248,11002.051857142858
4482,0,1,75516.4215,75516.4215,0.05,3,1,1,761,10338.181499999992,1,75516.4215,75516.4215,0.05,3,1,1,761,10338.181499999992
287,1,3,335544.777,111848.259,0.06,15,5,4,176,17031.245399999993,3,335544.777,111848.259,0.06,15,5,4,176,17031.245399999993
2400,0,7,1118677.904,159811.12914285716,0.09545454545454546,53,20,5,66,10928.962454545455,7,1118677.904,159811.12914285716,0.09545454545454546,53,20,5,66,10928.962454545455
4503,0,2,347389.629,173694.81449999998,0.125,18,6,3,620,13389.988166666668,2,347389.629,173694.81449999998,0.125,18,6,3,620,13389.988166666668
2025,0,5,430137.21900000004,86027.44380000001,0.1,21,9,4,72,9353.442111111111,5,430137.21900000004,86027.44380000001,0.1,21,9,4,72,9353.442111111111
494,1,7,970090.5155,138584.35935714285,0.1105263157894737,46,19,5,113,9831.317131578946,7,970090.5155,138584.35935714285,0.1105263157894737,46,19,5,113,9831.317131578946
4848,1,2,351714.749,175857.3745,0.1,11,4,3,7,30856.357250000005,2,351714.749,175857.3745,0.1,11,4,3,7,30856.357250000005
4171,0,5,499544.714,99908.94279999999,0.11153846153846156,30,13,4,85,7581.935692307693,5,499544.714,99908.94279999999,0.11153846153846156,30,13,4,85,7581.935692307693
74,0,5,809341.3435,161868.2687,0.084375,45,16,4,227,11082.69146875,5,809341.3435,161868.2687,0.084375,45,16,4,227,11082.69146875
2131,0,2,307855.8915,153927.94575,0.1285714285714286,15,7,3,125,8122.100214285718,2,307855.8915,153927.94575,0.1285714285714286,15,7,3,125,8122.100214285718
4362,0,3,367159.213,122386.40433333332,0.08888888888888889,21,9,4,68,7973.6458888888865,3,367159.213,122386.40433333332,0.08888888888888889,21,9,4,68,7973.6458888888865
1752,0,6,409711.6325,68285.27208333333,0.11000000000000001,26,10,5,315,7047.125250000002,6,409711.6325,68285.27208333333,0.11000000000000001,26,10,5,315,7047.125250000002
2657,1,2,66306.21,33153.104999999996,0.11000000000000001,11,5,4,199,2610.5340000000006,2,66306.21,33153.104999999996,0.11000000000000001,11,5,4,199,2610.5340000000006
4498,1,2,231530.795,115765.39749999999,0.0875,11,4,2,128,14384.288750000003,2,231530.795,115765.39749999999,0.0875,11,4,2,128,14384.288750000003
4814,0,4,289198.40849999996,72299.602125,0.13571428571428573,17,7,4,89,11553.55407142857,4,289198.40849999996,72299.602125,0.13571428571428573,17,7,4,89,11553.55407142857
319,1,5,586722.667,117344.5334,0.10769230769230768,34,11,5,381,8488.807461538461,5,586722.667,117344.5334,0.10769230769230768,34,11,5,381,8488.807461538461
3768,1,8,1016612.2315,127076.5289375,0.0825,50,20,4,74,14990.278075,8,1016612.2315,127076.5289375,0.0825,50,20,4,74,14990.278075
781,0,7,451812.306,64544.61514285714,0.08928571428571429,24,14,5,331,7696.151857142856,7,451812.306,64544.61514285714,0.08928571428571429,24,14,5,331,7696.151857142856
1587,0,5,499202.87749999994,99840.57549999999,0.08333333333333333,32,15,5,109,9267.243166666663,5,499202.87749999994,99840.57549999999,0.08333333333333333,32,15,5,109,9267.243166666663
4016,1,5,732838.31,146567.66199999998,0.0642857142857143,38,14,4,108,16157.855,5,732838.31,146567.66199999998,0.0642857142857143,38,14,4,108,16157.855
4054,0,2,86492.17050000001,43246.085250000004,0.125,6,2,2,360,8934.815250000007,2,86492.17050000001,43246.085250000004,0.125,6,2,2,360,8934.815250000007
587,0,3,524111.98,174703.99333333332,0.11666666666666665,17,6,3,722,25907.36833333333,3,524111.98,174703.99333333332,0.11666666666666665,17,6,3,722,25907.36833333333
1044,1,5,531385.354,106277.07080000002,0.10416666666666667,32,12,5,151,11781.532000000001,5,531385.354,106277.07080000002,0.10416666666666667,32,12,5,151,11781.532000000001
733,0,5,597287.9654999999,119457.59309999998,0.06538461538461539,35,13,5,164,11156.547346153846,5,597287.9654999999,119457.59309999998,0.06538461538461539,35,13,5,164,11156.547346153846
475,1,4,292794.651,73198.66275,0.10500000000000001,23,9,4,3,6332.459100000002,4,292794.651,73198.66275,0.10500000000000001,23,9,4,3,6332.459100000002
888,0,4,514093.6285,128523.407125,0.10454545454545454,29,11,5,312,13950.04440909091,4,514093.6285,128523.407125,0.10454545454545454,29,11,5,312,13950.04440909091
2820,0,5,795929.193,159185.8386,0.12352941176470589,38,17,4,10,9334.680764705885,5,795929.193,159185.8386,0.12352941176470589,38,17,4,10,9334.680764705885
594,0,2,173118.6335,86559.31675,0.125,11,4,3,661,13447.995874999997,2,173118.6335,86559.31675,0.125,11,4,3,661,13447.995874999997
4149,0,7,1015382.941,145054.70585714286,0.10500000000000001,47,20,4,25,11950.561550000002,7,1015382.941,145054.70585714286,0.10500000000000001,47,20,4,25,11950.561550000002
2239,1,9,1170275.3055,130030.5895,0.11086956521739132,65,21,5,25,12822.25545652174,9,1170275.3055,130030.5895,0.11086956521739132,65,21,5,25,12822.25545652174
694,1,4,380560.487,95140.12175,0.125,20,8,3,7,11010.543375000001,4,380560.487,95140.12175,0.125,20,8,3,7,11010.543375000001
2479,1,2,415467.227,207733.61349999998,0.10714285714285714,15,7,3,118,11869.129571428572,2,415467.227,207733.61349999998,0.10714285714285714,15,7,3,118,11869.129571428572
3956,0,3,153870.773,51290.257666666665,0.12222222222222223,16,9,4,321,4213.984777777777,3,153870.773,51290.257666666665,0.12222222222222223,16,9,4,321,4213.984777777777
3165,0,6,393525.98949999997,65587.66491666666,0.08461538461538462,29,13,5,119,9246.433038461537,6,393525.98949999997,65587.66491666666,0.08461538461538462,29,13,5,119,9246.433038461537
1377,0,2,252499.1205,126249.56025000001,0.08,15,5,4,542,10436.272099999998,2,252499.1205,126249.56025000001,0.08,15,5,4,542,10436.272099999998
1647,0,10,1713825.5829999999,171382.55829999998,0.10217391304347827,66,23,5,35,18348.464478260867,10,1713825.5829999999,171382.55829999998,0.10217391304347827,66,23,5,35,18348.464478260867
4343,1,6,1176672.9995,196112.1665833333,0.0975,49,20,5,98,14130.994975000003,6,1176672.9995,196112.1665833333,0.0975,49,20,5,98,14130.994975000003
4942,1,3,381716.854,127238.95133333335,0.08571428571428573,18,7,4,632,14076.562000000004,3,381716.854,127238.95133333335,0.08571428571428573,18,7,4,632,14076.562000000004
2106,0,7,672002.932,96000.41885714287,0.09473684210526316,39,19,5,596,8138.080631578945,7,672002.932,96000.41885714287,0.09473684210526316,39,19,5,596,8138.080631578945
3910,1,4,248706.76,62176.69,0.08571428571428573,16,7,4,59,6071.661428571427,4,248706.76,62176.69,0.08571428571428573,16,7,4,59,6071.661428571427
3975,0,2,218459.988,109229.994,0.125,8,2,1,5,16664.733999999997,2,218459.988,109229.994,0.125,8,2,1,5,16664.733999999997
61,1,2,194064.554,97032.277,0.1125,9,4,3,325,6065.610999999997,2,194064.554,97032.277,0.1125,9,4,3,325,6065.610999999997
3863,1,2,203092.85199999998,101546.42599999999,0.1,11,5,3,106,11750.630399999998,2,203092.85199999998,101546.42599999999,0.1,11,5,3,106,11750.630399999998
4094,1,3,311401.129,103800.37633333333,0.12142857142857144,13,7,4,151,13302.184142857144,3,311401.129,103800.37633333333,0.12142857142857144,13,7,4,151,13302.184142857144
1917,0,3,374541.12549999997,124847.04183333334,0.05500000000000001,21,10,4,438,8627.010549999997,3,374541.12549999997,124847.04183333334,0.05500000000000001,21,10,4,438,8627.010549999997
2304,1,12,1729272.531,144106.04425,0.08,73,29,5,146,15824.331366666664,12,1729272.531,144106.04425,0.08,73,29,5,146,15824.331366666664
611,0,7,1257049.7985,179578.54264285715,0.1159090909090909,54,21,5,80,11129.378568181817,7,1257049.7985,179578.54264285715,0.1159090909090909,54,21,5,80,11129.378568181817
3753,0,3,305124.424,101708.14133333333,0.1,17,5,4,340,13117.2828,3,305124.424,101708.14133333333,0.1,17,5,4,340,13117.2828
2434,1,6,607816.356,101302.72600000001,0.12333333333333334,28,14,5,94,6085.459733333335,6,607816.356,101302.72600000001,0.12333333333333334,28,14,5,94,6085.459733333335
4285,0,3,700998.1255,233666.04183333332,0.08181818181818182,28,11,5,56,19826.852318181816,3,700998.1255,233666.04183333332,0.08181818181818182,28,11,5,56,19826.852318181816
2441,1,5,683329.314,136665.8628,0.1,35,14,4,122,10584.347600000003,5,683329.314,136665.8628,0.1,35,14,4,122,10584.347600000003
4363,0,5,700840.149,140168.0298,0.109375,41,16,5,483,9352.0874375,5,700840.149,140168.0298,0.109375,41,16,5,483,9352.0874375
589,0,4,236274.77349999998,59068.693374999995,0.09444444444444444,23,9,4,196,6935.019277777777,4,236274.77349999998,59068.693374999995,0.09444444444444444,23,9,4,196,6935.019277777777
4698,0,4,236092.979,59023.24475,0.06666666666666667,15,6,3,207,10759.763166666666,4,236092.979,59023.24475,0.06666666666666667,15,6,3,207,10759.763166666666
4472,1,7,908841.171,129834.453,0.07857142857142858,39,14,5,0,20026.065785714283,7,908841.171,129834.453,0.07857142857142858,39,14,5,0,20026.065785714283
2942,1,6,930673.729,155112.28816666667,0.08571428571428572,39,14,5,149,16404.284214285715,6,930673.729,155112.28816666667,0.08571428571428572,39,14,5,149,16404.284214285715
1636,1,4,553713.7255,138428.431375,0.09375,29,8,5,257,17962.2919375,4,553713.7255,138428.431375,0.09375,29,8,5,257,17962.2919375
1780,0,3,337653.2275,112551.07583333332,0.07777777777777778,22,9,5,33,9341.4175,3,337653.2275,112551.07583333332,0.07777777777777778,22,9,5,33,9341.4175
1371,0,5,814564.2525,162912.8505,0.13076923076923078,37,12,5,260,14473.29942307692,5,814564.2525,162912.8505,0.13076923076923078,37,12,5,260,14473.29942307692
726,0,5,650375.832,130075.16640000002,0.07142857142857142,40,13,5,47,11138.780142857142,5,650375.832,130075.16640000002,0.07142857142857142,40,13,5,47,11138.780142857142
1705,1,8,874233.3345,109279.1668125,0.10789473684210528,46,19,5,1,11658.828657894739,8,874233.3345,109279.1668125,0.10789473684210528,46,19,5,1,11658.828657894739
3966,1,7,809566.175,115652.31071428572,0.10666666666666667,42,15,4,56,13409.494999999999,7,809566.175,115652.31071428572,0.10666666666666667,42,15,4,56,13409.494999999999
3041,0,7,1006670.8099999999,143810.11571428573,0.07727272727272727,54,22,4,46,12392.707727272727,7,1006670.8099999999,143810.11571428573,0.07727272727272727,54,22,4,46,12392.707727272727
2508,1,9,1487565.8515,165285.09461111113,0.09423076923076924,76,24,5,20,16670.57275,9,1487565.8515,165285.09461111113,0.09423076923076924,76,24,5,20,16670.57275
4766,1,8,887877.8555,110984.7319375,0.09736842105263159,54,19,5,92,10195.93344736842,8,887877.8555,110984.7319375,0.09736842105263159,54,19,5,92,10195.93344736842
167,0,5,498295.279,99659.0558,0.1,27,10,5,84,12401.250899999995,5,498295.279,99659.0558,0.1,27,10,5,84,12401.250899999995
3574,0,2,59936.287,29968.1435,0.15,6,4,4,65,1010.7092499999999,2,59936.287,29968.1435,0.15,6,4,4,65,1010.7092499999999
3300,0,5,632458.0650000001,126491.61300000001,0.125,33,12,5,34,10000.552916666666,5,632458.0650000001,126491.61300000001,0.125,33,12,5,34,10000.552916666666
96,1,7,756011.2855,108001.61221428572,0.128125,41,16,5,159,11073.83159375,7,756011.2855,108001.61221428572,0.128125,41,16,5,159,11073.83159375
409,0,3,153687.96,51229.32,0.09,13,5,3,496,7491.829999999999,3,153687.96,51229.32,0.09,13,5,3,496,7491.829999999999
3645,0,4,545145.8759999999,136286.46899999998,0.07,26,9,4,106,12824.8666,4,545145.8759999999,136286.46899999998,0.07,26,9,4,106,12824.8666
3712,1,8,1035719.576,129464.947,0.09047619047619047,56,19,5,85,9910.964095238094,8,1035719.576,129464.947,0.09047619047619047,56,19,5,85,9910.964095238094
251,0,4,481784.30549999996,120446.076375,0.10909090909090909,25,11,5,446,8336.64777272727,4,481784.30549999996,120446.076375,0.10909090909090909,25,11,5,446,8336.64777272727
3009,0,7,915086.6105,130726.65864285713,0.08666666666666667,35,15,5,115,18792.111366666668,7,915086.6105,130726.65864285713,0.08666666666666667,35,15,5,115,18792.111366666668
80,0,3,260145.7585,86715.25283333333,0.1142857142857143,14,7,3,263,6368.382642857143,3,260145.7585,86715.25283333333,0.1142857142857143,14,7,3,263,6368.382642857143
1403,0,3,502752.0385,167584.01283333334,0.10625,22,7,4,220,16906.401062499997,3,502752.0385,167584.01283333334,0.10625,22,7,4,220,16906.401062499997
3896,0,6,713079.7505,118846.62508333335,0.11666666666666667,36,15,5,312,10635.429366666669,6,713079.7505,118846.62508333335,0.11666666666666667,36,15,5,312,10635.429366666669
1971,0,7,657972.14,93996.02,0.10625,37,15,5,9,9739.30375,7,657972.14,93996.02,0.10625,37,15,5,9,9739.30375
2402,0,3,283466.506,94488.83533333334,0.09285714285714286,17,7,5,377,10396.008000000002,3,283466.506,94488.83533333334,0.09285714285714286,17,7,5,377,10396.008000000002
1226,0,6,610789.4985,101798.24975,0.0818181818181818,27,11,4,10,16348.70168181818,6,610789.4985,101798.24975,0.0818181818181818,27,11,4,10,16348.70168181818
2456,0,3,546760.342,182253.44733333332,0.06666666666666668,26,9,5,47,16476.028000000002,3,546760.342,182253.44733333332,0.06666666666666668,26,9,5,47,16476.028000000002
2080,0,5,552370.1935,110474.0387,0.125,37,13,5,9,5957.466678571431,5,552370.1935,110474.0387,0.125,37,13,5,9,5957.466678571431
4348,1,6,486335.73500000004,81055.95583333333,0.09642857142857143,30,14,4,213,7657.610357142858,6,486335.73500000004,81055.95583333333,0.09642857142857143,30,14,4,213,7657.610357142858
2562,0,5,110218.39799999999,22043.679599999996,0.1,11,5,3,80,4975.173599999999,5,110218.39799999999,22043.679599999996,0.1,11,5,3,80,4975.173599999999
836,0,5,581285.285,116257.05699999999,0.13076923076923078,34,11,4,349,10544.86269230769,5,581285.285,116257.05699999999,0.13076923076923078,34,11,4,349,10544.86269230769
4843,0,4,279969.1255,69992.281375,0.08333333333333333,25,9,5,241,7547.69727777778,4,279969.1255,69992.281375,0.08333333333333333,25,9,5,241,7547.69727777778
921,0,2,391822.136,195911.068,0.1142857142857143,20,7,3,49,12810.530857142852,2,391822.136,195911.068,0.1142857142857143,20,7,3,49,12810.530857142852
2585,1,3,302835.43899999995,100945.14633333332,0.11249999999999999,12,4,3,39,21587.454749999994,3,302835.43899999995,100945.14633333332,0.11249999999999999,12,4,3,39,21587.454749999994
4012,0,8,979765.6185,122470.7023125,0.11304347826086956,50,23,5,47,9567.407326086957,8,979765.6185,122470.7023125,0.11304347826086956,50,23,5,47,9567.407326086957
4856,0,6,905190.7905,150865.13175,0.1,37,14,5,336,13866.651464285711,6,905190.7905,150865.13175,0.1,37,14,5,336,13866.651464285711
4175,0,6,765807.7615,127634.62691666668,0.08333333333333333,42,13,5,34,12643.036766666666,6,765807.7615,127634.62691666668,0.08333333333333333,42,13,5,34,12643.036766666666
3182,0,4,507480.4015,126870.100375,0.07916666666666668,24,12,5,141,9184.674291666666,4,507480.4015,126870.100375,0.07916666666666668,24,12,5,141,9184.674291666666
2105,0,4,250047.116,62511.779,0.14285714285714285,14,7,4,24,3146.515142857143,4,250047.116,62511.779,0.14285714285714285,14,7,4,24,3146.515142857143
1619,0,2,165424.156,82712.07800000001,0.1,11,5,4,71,6314.929199999999,2,165424.156,82712.07800000001,0.1,11,5,4,71,6314.929199999999
2650,0,2,164254.151,82127.0755,0.06999999999999999,13,5,3,382,7520.374200000001,2,164254.151,82127.0755,0.06999999999999999,13,5,3,382,7520.374200000001
4125,0,8,1118909.1130000001,139863.63912500002,0.12,54,20,5,180,11376.764150000003,8,1118909.1130000001,139863.63912500002,0.12,54,20,5,180,11376.764150000003
3783,0,5,751865.404,150373.0808,0.065625,39,16,5,428,11363.43275,5,751865.404,150373.0808,0.065625,39,16,5,428,11363.43275
1314,0,3,283883.2725,94627.7575,0.07142857142857142,14,7,4,255,6392.9875,3,283883.2725,94627.7575,0.07142857142857142,14,7,4,255,6392.9875
2128,0,3,243179.248,81059.74933333333,0.15,17,6,2,278,7545.127999999997,3,243179.248,81059.74933333333,0.15,17,6,2,278,7545.127999999997
2951,0,8,1371611.9555,171451.4944375,0.06842105263157895,53,19,5,222,20056.097657894737,8,1371611.9555,171451.4944375,0.06842105263157895,53,19,5,222,20056.097657894737
309,1,3,476239.904,158746.63466666665,0.14,25,10,5,198,9019.070399999999,3,476239.904,158746.63466666665,0.14,25,10,5,198,9019.070399999999
2889,0,4,368537.9545,92134.488625,0.09,20,10,5,115,8657.79945,4,368537.9545,92134.488625,0.09,20,10,5,115,8657.79945
2091,1,6,527477.53,87912.92166666668,0.09583333333333334,33,12,4,121,9703.249166666666,6,527477.53,87912.92166666668,0.09583333333333334,33,12,4,121,9703.249166666666
3340,1,11,1561946.27,141995.11545454545,0.09137931034482759,83,28,5,7,13186.793793103447,11,1561946.27,141995.11545454545,0.09137931034482759,83,28,5,7,13186.793793103447
1725,1,3,406516.047,135505.34900000002,0.1142857142857143,18,7,4,345,11052.021000000002,3,406516.047,135505.34900000002,0.1142857142857143,18,7,4,345,11052.021000000002
4998,0,6,558732.4874999999,93122.08124999999,0.07083333333333333,30,12,5,94,10484.311458333332,6,558732.4874999999,93122.08124999999,0.07083333333333333,30,12,5,94,10484.311458333332
4121,0,6,922685.8325,153780.97208333333,0.09444444444444444,47,17,5,52,12588.510138888889,6,922685.8325,153780.97208333333,0.09444444444444444,47,17,5,52,12588.510138888889
2966,1,3,386100.894,128700.298,0.075,24,10,5,188,11964.8564,3,386100.894,128700.298,0.075,24,10,5,188,11964.8564
1963,0,7,1050654.2595,150093.46564285713,0.07631578947368421,54,18,5,219,13221.003131578946,7,1050654.2595,150093.46564285713,0.07631578947368421,54,18,5,219,13221.003131578946
2915,0,8,1001047.502,125130.93775,0.10250000000000001,59,17,5,141,11677.423599999998,8,1001047.502,125130.93775,0.10250000000000001,59,17,5,141,11677.423599999998
1387,0,7,504714.3595,72102.05135714285,0.09666666666666666,40,15,5,38,7295.7473,7,504714.3595,72102.05135714285,0.09666666666666666,40,15,5,38,7295.7473
4499,0,3,342308.592,114102.864,0.17142857142857143,18,7,4,466,7903.968857142858,3,342308.592,114102.864,0.17142857142857143,18,7,4,466,7903.968857142858
407,0,13,1848593.536,142199.50276923075,0.10757575757575759,87,32,5,22,13309.889575757577,13,1848593.536,142199.50276923075,0.10757575757575759,87,32,5,22,13309.889575757577
1764,0,5,393363.195,78672.639,0.095,18,10,4,93,8095.626500000001,5,393363.195,78672.639,0.095,18,10,4,93,8095.626500000001
1130,1,6,859392.4315000001,143232.07191666667,0.090625,36,16,5,16,15154.94071875,6,859392.4315000001,143232.07191666667,0.090625,36,16,5,16,15154.94071875
1114,0,5,628592.1375,125718.42750000002,0.12307692307692308,33,13,5,18,10949.955192307696,5,628592.1375,125718.42750000002,0.12307692307692308,33,13,5,18,10949.955192307696
4594,0,8,1181580.5555,147697.5694375,0.08157894736842106,51,19,5,53,13532.67607894737,8,1181580.5555,147697.5694375,0.08157894736842106,51,19,5,53,13532.67607894737
3109,0,9,1093590.2774999999,121510.03083333332,0.075,53,20,5,196,14126.067874999997,9,1093590.2774999999,121510.03083333332,0.075,53,20,5,196,14126.067874999997
3504,0,4,303830.2145,75957.553625,0.09285714285714286,24,7,4,299,12251.324928571426,4,303830.2145,75957.553625,0.09285714285714286,24,7,4,299,12251.324928571426
742,1,5,358689.05449999997,71737.8109,0.08636363636363636,27,11,5,165,6124.6213181818175,5,358689.05449999997,71737.8109,0.08636363636363636,27,11,5,165,6124.6213181818175
4496,1,3,240531.837,80177.279,0.05833333333333333,17,6,4,306,11415.4945,3,240531.837,80177.279,0.05833333333333333,17,6,4,306,11415.4945
1267,0,5,691133.8709999999,138226.7742,0.11666666666666667,36,15,5,266,11853.991399999997,5,691133.8709999999,138226.7742,0.11666666666666667,36,15,5,266,11853.991399999997
1732,0,4,589699.239,147424.80975000001,0.12272727272727274,32,11,4,49,12126.806272727274,4,589699.239,147424.80975000001,0.12272727272727274,32,11,4,49,12126.806272727274
3778,0,4,473537.38649999996,118384.346625,0.08499999999999999,25,10,3,365,12242.696649999998,4,473537.38649999996,118384.346625,0.08499999999999999,25,10,3,365,12242.696649999998
1204,0,7,1202592.7615,171798.96592857144,0.10909090909090909,60,22,5,145,10270.48825,7,1202592.7615,171798.96592857144,0.10909090909090909,60,22,5,145,10270.48825
4591,0,4,385613.97349999996,96403.49337499999,0.08888888888888889,21,9,4,159,10542.542611111108,4,385613.97349999996,96403.49337499999,0.08888888888888889,21,9,4,159,10542.542611111108
2191,0,5,721001.536,144200.30719999998,0.09230769230769233,35,13,5,58,11794.71276923077,5,721001.536,144200.30719999998,0.09230769230769233,35,13,5,58,11794.71276923077
3918,0,4,444632.3885,111158.097125,0.1142857142857143,19,7,4,160,12118.172642857147,4,444632.3885,111158.097125,0.1142857142857143,19,7,4,160,12118.172642857147
236,0,4,341494.2115,85373.552875,0.11666666666666667,20,9,4,403,7216.041277777778,4,341494.2115,85373.552875,0.11666666666666667,20,9,4,403,7216.041277777778
2827,0,6,613398.3945,102233.06575000001,0.09666666666666666,28,14,5,28,11498.5343,6,613398.3945,102233.06575000001,0.09666666666666666,28,14,5,28,11498.5343
3707,0,9,838212.658,93134.73977777777,0.0925,47,20,5,18,11549.4389,9,838212.658,93134.73977777777,0.0925,47,20,5,18,11549.4389
734,0,5,395956.935,79191.387,0.1,23,10,5,70,10786.6505,5,395956.935,79191.387,0.1,23,10,5,70,10786.6505
4968,0,6,309009.77150000003,51501.62858333334,0.0875,16,8,3,10,8736.826437500002,6,309009.77150000003,51501.62858333334,0.0875,16,8,3,10,8736.826437500002
4199,1,1,70041.144,70041.144,0.05,2,1,1,326,12885.964,1,70041.144,70041.144,0.05,2,1,1,326,12885.964
2133,1,5,798910.7715,159782.1543,0.115625,42,15,5,334,11406.90821875,5,798910.7715,159782.1543,0.115625,42,15,5,334,11406.90821875
1945,0,6,640841.2855,106806.88091666666,0.11785714285714287,31,14,4,38,9494.633250000003,6,640841.2855,106806.88091666666,0.11785714285714287,31,14,4,38,9494.633250000003
1443,0,8,752598.856,94074.857,0.10666666666666667,43,15,4,204,11417.757066666669,8,752598.856,94074.857,0.10666666666666667,43,15,4,204,11417.757066666669
203,0,4,495102.5275,123775.631875,0.11000000000000001,24,10,5,119,13128.53175,4,495102.5275,123775.631875,0.11000000000000001,24,10,5,119,13128.53175
499,0,4,327973.5545,81993.38862499999,0.09375,17,8,3,66,7146.365562500001,4,327973.5545,81993.38862499999,0.09375,17,8,3,66,7146.365562500001
4704,0,1,77626.02549999999,77626.02549999999,0.0875,9,4,3,717,2626.0763749999987,1,77626.02549999999,77626.02549999999,0.0875,9,4,3,717,2626.0763749999987
4703,0,3,287326.645,95775.54833333334,0.1125,13,4,3,190,14857.731250000006,3,287326.645,95775.54833333334,0.1125,13,4,3,190,14857.731250000006
343,0,1,158028.92750000002,158028.92750000002,0.09999999999999999,8,3,3,515,13162.315833333334,1,158028.92750000002,158028.92750000002,0.09999999999999999,8,3,3,515,13162.315833333334
1914,0,8,925982.1525,115747.7690625,0.10750000000000001,47,19,5,9,7629.989124999998,8,925982.1525,115747.7690625,0.10750000000000001,47,19,5,9,7629.989124999998
246,0,3,397241.862,132413.954,0.10833333333333334,17,6,4,325,14465.887000000002,3,397241.862,132413.954,0.10833333333333334,17,6,4,325,14465.887000000002
3939,0,6,935878.1245,155979.68741666668,0.09047619047619049,49,20,5,155,11880.763071428573,6,935878.1245,155979.68741666668,0.09047619047619049,49,20,5,155,11880.763071428573
4742,0,5,725174.8145,145034.9629,0.09705882352941177,35,17,5,5,11200.920264705883,5,725174.8145,145034.9629,0.09705882352941177,35,17,5,5,11200.920264705883
4799,0,7,632948.2135000001,90421.17335714285,0.07187500000000001,38,16,5,36,11367.92521875,7,632948.2135000001,90421.17335714285,0.07187500000000001,38,16,5,36,11367.92521875
1438,1,3,352389.569,117463.18966666667,0.06875,16,8,5,222,12847.097375,3,352389.569,117463.18966666667,0.06875,16,8,5,222,12847.097375
1776,0,2,408242.56850000005,204121.28425,0.125,19,6,4,52,16440.601416666672,2,408242.56850000005,204121.28425,0.125,19,6,4,52,16440.601416666672
3384,0,5,321421.25,64284.25,0.1388888888888889,18,9,4,7,5836.145555555557,5,321421.25,64284.25,0.1388888888888889,18,9,4,7,5836.145555555557
3544,0,8,756610.9395,94576.3674375,0.06875,45,16,5,21,12890.659343749998,8,756610.9395,94576.3674375,0.06875,45,16,5,21,12890.659343749998
600,1,3,399024.84900000005,133008.283,0.10625000000000001,19,8,5,517,12977.011125000003,3,399024.84900000005,133008.283,0.10625000000000001,19,8,5,517,12977.011125000003
4167,0,4,381334.63300000003,95333.65825000001,0.1,18,8,5,209,9142.704125,4,381334.63300000003,95333.65825000001,0.1,18,8,5,209,9142.704125
4162,1,5,467702.0905,93540.4181,0.08636363636363636,24,10,4,25,8513.370954545455,5,467702.0905,93540.4181,0.08636363636363636,24,10,4,25,8513.370954545455
2326,0,7,815069.9535,116438.56478571428,0.11176470588235295,43,16,5,0,10123.7955,7,815069.9535,116438.56478571428,0.11176470588235295,43,16,5,0,10123.7955
2334,1,5,916739.0819999999,183347.81639999998,0.134375,44,16,5,397,12441.22325,5,916739.0819999999,183347.81639999998,0.134375,44,16,5,397,12441.22325
4263,1,8,1050247.163,131280.895375,0.11000000000000001,54,16,5,70,11964.64765,8,1050247.163,131280.895375,0.11000000000000001,54,16,5,70,11964.64765
2426,0,2,166419.837,83209.9185,0.05833333333333333,11,6,4,795,6473.9945,2,166419.837,83209.9185,0.05833333333333333,11,6,4,795,6473.9945
901,1,5,298950.198,59790.0396,0.085,18,10,5,76,8295.882800000001,5,298950.198,59790.0396,0.085,18,10,5,76,8295.882800000001
2114,1,5,585868.4345,117173.6869,0.12307692307692308,37,13,5,200,12774.334192307693,5,585868.4345,117173.6869,0.12307692307692308,37,13,5,200,12774.334192307693
4782,0,8,744690.659,93086.332375,0.09666666666666666,40,15,5,175,11300.799933333334,8,744690.659,93086.332375,0.09666666666666666,40,15,5,175,11300.799933333334
643,0,3,276367.8395,92122.61316666666,0.13333333333333333,15,6,3,45,8061.9165833333345,3,276367.8395,92122.61316666666,0.13333333333333333,15,6,3,45,8061.9165833333345
973,0,2,207035.318,103517.659,0.1,10,4,2,220,12970.219499999997,2,207035.318,103517.659,0.1,10,4,2,220,12970.219499999997
428,0,5,792859.068,158571.8136,0.1,35,13,5,161,13592.458428571426,5,792859.068,158571.8136,0.1,35,13,5,161,13592.458428571426
4207,0,7,1115786.5,159398.07142857142,0.11470588235294117,51,17,5,269,17011.031764705884,7,1115786.5,159398.07142857142,0.11470588235294117,51,17,5,269,17011.031764705884
522,1,8,1068472.1345,133559.0168125,0.10714285714285714,54,20,5,5,14190.678785714284,8,1068472.1345,133559.0168125,0.10714285714285714,54,20,5,5,14190.678785714284
2249,1,6,380073.0505,63345.50841666667,0.08499999999999999,29,9,5,9,8206.514050000002,6,380073.0505,63345.50841666667,0.08499999999999999,29,9,5,9,8206.514050000002
2679,1,5,710321.096,142064.2192,0.10416666666666667,29,12,4,320,11412.662999999999,5,710321.096,142064.2192,0.10416666666666667,29,12,4,320,11412.662999999999
4020,0,5,465832.8295,93166.5659,0.04642857142857143,27,13,5,109,10318.930678571429,5,465832.8295,93166.5659,0.04642857142857143,27,13,5,109,10318.930678571429
159,1,5,695304.1325,139060.8265,0.1346153846153846,33,12,5,132,15517.04942307692,5,695304.1325,139060.8265,0.1346153846153846,33,12,5,132,15517.04942307692
767,0,4,593299.114,148324.77850000001,0.10555555555555557,23,9,5,407,16549.653777777774,4,593299.114,148324.77850000001,0.10555555555555557,23,9,5,407,16549.653777777774
3652,0,7,751328.4010000001,107332.62871428572,0.1323529411764706,38,17,5,100,10002.913588235295,7,751328.4010000001,107332.62871428572,0.1323529411764706,38,17,5,100,10002.913588235295
3684,0,7,1141796.9675,163113.8525,0.08421052631578947,54,19,5,94,14179.431973684212,7,1141796.9675,163113.8525,0.08421052631578947,54,19,5,94,14179.431973684212
1973,0,5,588371.669,117674.3338,0.06538461538461539,31,13,5,92,11400.178384615387,5,588371.669,117674.3338,0.06538461538461539,31,13,5,92,11400.178384615387
799,0,4,397824.135,99456.03375,0.08125,16,8,4,98,12931.218125,4,397824.135,99456.03375,0.08125,16,8,4,98,12931.218125
4861,0,4,333615.87899999996,83403.96975,0.10625000000000001,23,8,3,121,8223.082374999996,4,333615.87899999996,83403.96975,0.10625000000000001,23,8,3,121,8223.082374999996
3548,0,5,542258.594,108451.7188,0.13,28,10,5,99,15428.553399999999,5,542258.594,108451.7188,0.13,28,10,5,99,15428.553399999999
3336,0,2,133906.87099999998,66953.43549999999,0.05000000000000001,7,3,3,227,12600.493666666662,2,133906.87099999998,66953.43549999999,0.05000000000000001,7,3,3,227,12600.493666666662
990,0,4,655919.8790000001,163979.96975000002,0.09545454545454546,28,11,4,41,14149.733545454546,4,655919.8790000001,163979.96975000002,0.09545454545454546,28,11,4,41,14149.733545454546
2492,0,8,727774.516,90971.8145,0.08055555555555555,43,18,5,283,9425.231999999998,8,727774.516,90971.8145,0.08055555555555555,43,18,5,283,9425.231999999998
3243,1,7,611711.7175,87387.38821428572,0.12631578947368421,42,19,5,7,6411.819868421054,7,611711.7175,87387.38821428572,0.12631578947368421,42,19,5,7,6411.819868421054
3784,1,5,498269.622,99653.92439999999,0.125,26,10,4,14,4282.5181999999995,5,498269.622,99653.92439999999,0.125,26,10,4,14,4282.5181999999995
2682,0,6,411255.72500000003,68542.62083333333,0.07777777777777778,20,8,5,58,8660.218333333334,6,411255.72500000003,68542.62083333333,0.07777777777777778,20,8,5,58,8660.218333333334
189,0,2,460467.39450000005,230233.69725000003,0.12142857142857144,18,7,5,77,16769.257785714286,2,460467.39450000005,230233.69725000003,0.12142857142857144,18,7,5,77,16769.257785714286
1175,1,3,253411.51,84470.50333333334,0.08571428571428572,12,7,3,263,6033.674285714287,3,253411.51,84470.50333333334,0.08571428571428572,12,7,3,263,6033.674285714287
2464,0,1,53671.182,53671.182,0.025,5,2,1,186,6683.4259999999995,1,53671.182,53671.182,0.025,5,2,1,186,6683.4259999999995
2973,0,6,406565.535,67760.9225,0.12727272727272726,27,10,4,66,9221.064999999999,6,406565.535,67760.9225,0.12727272727272726,27,10,4,66,9221.064999999999
2306,1,4,621555.395,155388.84875,0.13,30,10,5,134,12820.116500000002,4,621555.395,155388.84875,0.13,30,10,5,134,12820.116500000002
131,0,4,464917.546,116229.3865,0.11363636363636363,25,11,5,220,12265.141454545455,4,464917.546,116229.3865,0.11363636363636363,25,11,5,220,12265.141454545455
1709,1,7,655998.3894999999,93714.05564285713,0.140625,38,16,5,94,7275.784968749998,7,655998.3894999999,93714.05564285713,0.140625,38,16,5,94,7275.784968749998
1612,0,6,624118.6195,104019.76991666667,0.09285714285714286,36,14,4,196,13094.717107142858,6,624118.6195,104019.76991666667,0.09285714285714286,36,14,4,196,13094.717107142858
872,0,3,399320.186,133106.72866666666,0.10625,23,8,3,390,8217.893249999997,3,399320.186,133106.72866666666,0.10625,23,8,3,390,8217.893249999997
3115,0,4,466826.3355,116706.583875,0.061111111111111116,20,9,5,254,16093.511722222223,4,466826.3355,116706.583875,0.061111111111111116,20,9,5,254,16093.511722222223
2599,0,4,842105.169,210526.29225,0.10357142857142856,37,14,5,674,14094.766357142857,4,842105.169,210526.29225,0.10357142857142856,37,14,5,674,14094.766357142857
4544,1,5,609692.7215,121938.5443,0.06875,23,8,4,86,19370.661437499995,5,609692.7215,121938.5443,0.06875,23,8,4,86,19370.661437499995
351,0,4,668786.321,167196.58025,0.04583333333333334,27,12,5,259,17445.253416666666,4,668786.321,167196.58025,0.04583333333333334,27,12,5,259,17445.253416666666
4243,0,7,786103.726,112300.53228571429,0.11,34,15,5,130,14235.4824,7,786103.726,112300.53228571429,0.11,34,15,5,130,14235.4824
771,0,6,285704.535,47617.42249999999,0.08888888888888889,21,9,5,30,5585.788333333332,6,285704.535,47617.42249999999,0.08888888888888889,21,9,5,30,5585.788333333332
1985,0,5,311744.1,62348.81999999999,0.10555555555555557,18,9,4,123,7739.572222222221,5,311744.1,62348.81999999999,0.10555555555555557,18,9,4,123,7739.572222222221
2327,0,5,554564.154,110912.8308,0.075,31,9,4,145,16870.306399999998,5,554564.154,110912.8308,0.075,31,9,4,145,16870.306399999998
1036,0,5,598937.373,119787.4746,0.12272727272727274,27,11,4,229,16423.174818181815,5,598937.373,119787.4746,0.12272727272727274,27,11,4,229,16423.174818181815
4269,0,4,120082.384,30020.595999999998,0.15,11,6,4,147,2904.9790000000007,4,120082.384,30020.595999999998,0.15,11,6,4,147,2904.9790000000007
4539,0,5,741424.5065,148284.9013,0.1375,42,15,5,382,7372.140406250001,5,741424.5065,148284.9013,0.1375,42,15,5,382,7372.140406250001
1500,0,3,287301.99,95767.33,0.1111111111111111,20,9,4,228,8906.00888888889,3,287301.99,95767.33,0.1111111111111111,20,9,4,228,8906.00888888889
2920,0,4,815935.3445,203983.83612499997,0.11000000000000001,32,10,4,48,19305.78445,4,815935.3445,203983.83612499997,0.11000000000000001,32,10,4,48,19305.78445
620,0,4,424989.07649999997,106247.26912499999,0.12777777777777777,23,8,5,45,8912.757388888886,4,424989.07649999997,106247.26912499999,0.12777777777777777,23,8,5,45,8912.757388888886
938,0,3,587102.96,195700.98666666666,0.09375,25,8,5,212,16976.4575,3,587102.96,195700.98666666666,0.09375,25,8,5,212,16976.4575
685,0,4,462645.211,115661.30275,0.12222222222222223,23,9,5,131,8373.377888888888,4,462645.211,115661.30275,0.12222222222222223,23,9,5,131,8373.377888888888
3513,0,6,1047325.252,174554.20866666667,0.10625,44,15,5,3,12281.82575,6,1047325.252,174554.20866666667,0.10625,44,15,5,3,12281.82575
1283,0,5,417096.105,83419.22099999999,0.05,23,8,4,20,15363.377222222221,5,417096.105,83419.22099999999,0.05,23,8,4,20,15363.377222222221
3242,0,3,269779.0755,89926.35849999999,0.1125,15,8,5,366,6205.145687499999,3,269779.0755,89926.35849999999,0.1125,15,8,5,366,6205.145687499999
2254,0,9,953857.525,105984.16944444444,0.12272727272727274,57,21,5,406,4858.322954545456,9,953857.525,105984.16944444444,0.12272727272727274,57,21,5,406,4858.322954545456
2853,0,6,519894.207,86649.0345,0.045454545454545456,27,11,4,90,11328.047909090908,6,519894.207,86649.0345,0.045454545454545456,27,11,4,90,11328.047909090908
4118,0,3,297891.95650000003,99297.31883333334,0.05,16,5,3,269,10715.723300000001,3,297891.95650000003,99297.31883333334,0.05,16,5,3,269,10715.723300000001
4627,1,7,1058355.763,151193.68042857145,0.1277777777777778,45,17,5,45,14358.216833333334,7,1058355.763,151193.68042857145,0.1277777777777778,45,17,5,45,14358.216833333334
2990,0,3,626488.4865,208829.49549999996,0.10909090909090909,29,11,5,254,10916.465136363635,3,626488.4865,208829.49549999996,0.10909090909090909,29,11,5,254,10916.465136363635
660,0,4,652947.1305000001,163236.782625,0.11153846153846156,35,12,4,48,11596.335423076924,4,652947.1305000001,163236.782625,0.11153846153846156,35,12,4,48,11596.335423076924
4066,0,6,553007.366,92167.89433333332,0.10312500000000001,37,16,5,10,8227.056624999997,6,553007.366,92167.89433333332,0.10312500000000001,37,16,5,10,8227.056624999997
1115,0,4,685697.446,171424.3615,0.07916666666666668,32,12,5,163,12730.674666666666,4,685697.446,171424.3615,0.07916666666666668,32,12,5,163,12730.674666666666
3662,0,4,643358.096,160839.524,0.075,23,10,4,53,14851.406599999998,4,643358.096,160839.524,0.075,23,10,4,53,14851.406599999998
303,0,6,1171963.6045,195327.26741666664,0.06578947368421052,45,18,5,44,14671.793921052631,6,1171963.6045,195327.26741666664,0.06578947368421052,45,18,5,44,14671.793921052631
2596,0,5,476489.292,95297.8584,0.13333333333333333,18,9,4,65,12265.684666666666,5,476489.292,95297.8584,0.13333333333333333,18,9,4,65,12265.684666666666
1983,0,6,1050118.699,175019.78316666666,0.0975,44,20,5,123,9889.53045,6,1050118.699,175019.78316666666,0.0975,44,20,5,123,9889.53045
3471,1,3,150864.818,50288.27266666666,0.08,13,5,4,176,7637.371599999999,3,150864.818,50288.27266666666,0.08,13,5,4,176,7637.371599999999
264,0,5,252583.96500000003,50516.793000000005,0.1,18,8,4,172,7608.794375,5,252583.96500000003,50516.793000000005,0.1,18,8,4,172,7608.794375
4559,0,5,646154.7595,129230.95189999999,0.13846153846153847,35,13,5,4,8291.031500000001,5,646154.7595,129230.95189999999,0.13846153846153847,35,13,5,4,8291.031500000001
3785,1,2,151410.014,75705.00700000001,0.1125,13,4,3,82,7597.566000000001,2,151410.014,75705.00700000001,0.1125,13,4,3,82,7597.566000000001
3536,0,5,619694.2934999999,123938.85869999998,0.09583333333333334,33,12,5,130,15378.649458333328,5,619694.2934999999,123938.85869999998,0.09583333333333334,33,12,5,130,15378.649458333328
1858,1,8,677584.0535,84698.0066875,0.1111111111111111,37,18,4,28,8356.259638888887,8,677584.0535,84698.0066875,0.1111111111111111,37,18,4,28,8356.259638888887
1386,0,5,497037.42350000003,99407.4847,0.08461538461538462,29,13,4,100,8821.23103846154,5,497037.42350000003,99407.4847,0.08461538461538462,29,13,4,100,8821.23103846154
2271,1,8,972757.1665,121594.6458125,0.09444444444444446,49,18,5,112,12044.472027777778,8,972757.1665,121594.6458125,0.09444444444444446,49,18,5,112,12044.472027777778
3909,1,4,497334.6015,124333.65037500001,0.10454545454545455,29,11,5,48,9561.280136363637,4,497334.6015,124333.65037500001,0.10454545454545455,29,11,5,48,9561.280136363637
3938,0,5,222544.106,44508.8212,0.13999999999999999,13,5,3,54,7166.235199999998,5,222544.106,44508.8212,0.13999999999999999,13,5,3,54,7166.235199999998
1405,0,1,124690.57350000001,124690.57350000001,0.15,9,3,2,11,4204.421166666669,1,124690.57350000001,124690.57350000001,0.15,9,3,2,11,4204.421166666669
4995,0,6,624426.541,104071.09016666666,0.07857142857142858,32,14,5,207,7399.410785714287,6,624426.541,104071.09016666666,0.07857142857142858,32,14,5,207,7399.410785714287
1365,0,5,512031.8145,102406.3629,0.08333333333333333,25,12,5,39,10466.119541666667,5,512031.8145,102406.3629,0.08333333333333333,25,12,5,39,10466.119541666667
3386,0,4,548110.47,137027.6175,0.08333333333333333,23,9,5,79,13550.026666666672,4,548110.47,137027.6175,0.08333333333333333,23,9,5,79,13550.026666666672
574,1,5,457964.354,91592.8708,0.05909090909090909,20,11,4,17,12117.321272727275,5,457964.354,91592.8708,0.05909090909090909,20,11,4,17,12117.321272727275
1989,0,3,235648.41449999998,78549.4715,0.049999999999999996,11,6,5,293,10265.344083333333,3,235648.41449999998,78549.4715,0.049999999999999996,11,6,5,293,10265.344083333333
1505,0,6,587445.2685,97907.54475,0.10416666666666667,33,12,5,177,11261.644041666666,6,587445.2685,97907.54475,0.10416666666666667,33,12,5,177,11261.644041666666
785,0,1,9555.411,9555.411,0.15,1,1,1,435,2096.5209999999997,1,9555.411,9555.411,0.15,1,1,1,435,2096.5209999999997
3296,0,4,376261.99450000003,94065.49862500001,0.13,23,10,4,114,10045.331450000001,4,376261.99450000003,94065.49862500001,0.13,23,10,4,114,10045.331450000001
325,0,4,483470.364,120867.591,0.09090909090909091,27,11,5,151,9921.42490909091,4,483470.364,120867.591,0.09090909090909091,27,11,5,151,9921.42490909091
30,1,5,530424.855,106084.97099999999,0.09166666666666667,26,12,4,14,12009.02625,5,530424.855,106084.97099999999,0.09166666666666667,26,12,4,14,12009.02625
3184,1,6,782419.5865,130403.26441666666,0.07916666666666668,37,12,5,296,20135.818041666666,6,782419.5865,130403.26441666666,0.07916666666666668,37,12,5,296,20135.818041666666
2959,1,7,599851.2440000001,85693.03485714285,0.11333333333333334,34,15,5,89,10874.692266666669,7,599851.2440000001,85693.03485714285,0.11333333333333334,34,15,5,89,10874.692266666669
3302,0,3,476142.3505,158714.11683333333,0.125,25,10,4,105,12823.499050000002,3,476142.3505,158714.11683333333,0.125,25,10,4,105,12823.499050000002
806,1,3,330874.1625,110291.3875,0.1111111111111111,20,9,5,163,8070.563611111109,3,330874.1625,110291.3875,0.1111111111111111,20,9,5,163,8070.563611111109
1188,0,6,647041.1295,107840.18825,0.0923076923076923,36,13,4,28,10802.141499999998,6,647041.1295,107840.18825,0.0923076923076923,36,13,4,28,10802.141499999998
2377,1,6,720317.656,120052.94266666665,0.10294117647058823,38,17,5,73,8912.295058823529,6,720317.656,120052.94266666665,0.10294117647058823,38,17,5,73,8912.295058823529
1391,0,4,565090.1305,141272.532625,0.11000000000000001,26,10,5,39,14360.794049999997,4,565090.1305,141272.532625,0.11000000000000001,26,10,5,39,14360.794049999997
4920,1,5,696885.4845,139377.0969,0.14,34,15,5,86,7477.947633333333,5,696885.4845,139377.0969,0.14,34,15,5,86,7477.947633333333
2634,1,3,173804.984,57934.994666666666,0.1,10,4,3,457,6255.816000000002,3,173804.984,57934.994666666666,0.1,10,4,3,457,6255.816000000002
4138,0,8,1149125.8625,143640.7328125,0.10500000000000001,56,20,5,11,10181.632125,8,1149125.8625,143640.7328125,0.10500000000000001,56,20,5,11,10181.632125
4216,0,4,843197.258,210799.3145,0.10416666666666667,33,12,5,124,15554.391500000003,4,843197.258,210799.3145,0.10416666666666667,33,12,5,124,15554.391500000003
4543,0,9,963232.219,107025.80211111112,0.10625,61,23,5,59,7504.185375,9,963232.219,107025.80211111112,0.10625,61,23,5,59,7504.185375
1174,1,1,49637.844,49637.844,0.10000000000000002,5,3,3,747,2362.4679999999994,1,49637.844,49637.844,0.10000000000000002,5,3,3,747,2362.4679999999994
4877,1,4,597498.736,149374.684,0.07916666666666668,34,12,5,277,10183.778000000002,4,597498.736,149374.684,0.07916666666666668,34,12,5,277,10183.778000000002
2314,0,4,525458.9585,131364.739625,0.08571428571428572,19,7,4,178,18314.858357142857,4,525458.9585,131364.739625,0.08571428571428572,19,7,4,178,18314.858357142857
2509,0,3,164322.065,54774.02166666667,0.08,12,5,3,87,5741.212999999999,3,164322.065,54774.02166666667,0.08,12,5,3,87,5741.212999999999
4072,0,10,969320.7505,96932.07505000001,0.10952380952380954,53,21,5,19,9231.001452380951,10,969320.7505,96932.07505000001,0.10952380952380954,53,21,5,19,9231.001452380951
4728,0,4,517185.008,129296.25200000001,0.095,25,10,5,181,12274.675799999999,4,517185.008,129296.25200000001,0.095,25,10,5,181,12274.675799999999
452,0,5,559716.732,111943.3464,0.1142857142857143,34,13,5,43,8186.6008571428565,5,559716.732,111943.3464,0.1142857142857143,34,13,5,43,8186.6008571428565
2828,0,4,694629.597,173657.39925,0.1,32,11,5,107,12077.997909090907,4,694629.597,173657.39925,0.1,32,11,5,107,12077.997909090907
2001,1,7,798365.1025,114052.1575,0.0823529411764706,39,17,5,184,15260.54544117647,7,798365.1025,114052.1575,0.0823529411764706,39,17,5,184,15260.54544117647
1638,0,2,284633.6685,142316.83425,0.09999999999999999,19,7,5,167,9862.498357142858,2,284633.6685,142316.83425,0.09999999999999999,19,7,5,167,9862.498357142858
3209,1,8,1537940.1775,192242.5221875,0.0880952380952381,60,18,5,23,19525.65369047619,8,1537940.1775,192242.5221875,0.0880952380952381,60,18,5,23,19525.65369047619
2207,0,3,330283.07999999996,110094.35999999999,0.08125,18,7,5,161,11000.537499999997,3,330283.07999999996,110094.35999999999,0.08125,18,7,5,161,11000.537499999997
4986,0,3,422284.704,140761.568,0.13571428571428573,18,5,3,183,9230.562000000004,3,422284.704,140761.568,0.13571428571428573,18,5,3,183,9230.562000000004
3989,0,5,906082.733,181216.5466,0.07666666666666667,42,14,4,131,16489.993533333334,5,906082.733,181216.5466,0.07666666666666667,42,14,4,131,16489.993533333334
4166,0,3,572121.287,190707.09566666666,0.08333333333333333,19,9,4,395,19563.86188888889,3,572121.287,190707.09566666666,0.08333333333333333,19,9,4,395,19563.86188888889
773,0,4,538908.268,134727.067,0.15000000000000002,25,9,4,57,11911.624222222224,4,538908.268,134727.067,0.15000000000000002,25,9,4,57,11911.624222222224
810,1,6,583424.4875,97237.41458333335,0.08928571428571429,34,13,5,32,7659.838392857144,6,583424.4875,97237.41458333335,0.08928571428571429,34,13,5,32,7659.838392857144
3908,0,2,252447.117,126223.55849999998,0.125,11,4,4,348,9658.596749999997,2,252447.117,126223.55849999998,0.125,11,4,4,348,9658.596749999997
17,0,5,939690.4824999999,187938.09649999999,0.10384615384615385,40,12,5,15,17690.281730769228,5,939690.4824999999,187938.09649999999,0.10384615384615385,40,12,5,15,17690.281730769228
3345,0,3,358618.53900000005,119539.51300000002,0.10625,19,8,4,307,7745.487375000002,3,358618.53900000005,119539.51300000002,0.10625,19,8,4,307,7745.487375000002
966,0,1,135527.075,135527.075,0.16666666666666666,6,3,2,622,3241.438333333334,1,135527.075,135527.075,0.16666666666666666,6,3,2,622,3241.438333333334
4827,0,2,201394.37900000002,100697.18950000001,0.11000000000000001,8,5,2,651,8173.565800000001,2,201394.37900000002,100697.18950000001,0.11000000000000001,8,5,2,651,8173.565800000001
1474,1,3,248364.3265,82788.10883333333,0.13333333333333333,14,6,4,40,9302.844416666667,3,248364.3265,82788.10883333333,0.13333333333333333,14,6,4,40,9302.844416666667
787,0,3,428946.57599999994,142982.192,0.06,14,5,3,188,25478.423199999994,3,428946.57599999994,142982.192,0.06,14,5,3,188,25478.423199999994
1561,0,3,357514.4425,119171.48083333333,0.1285714285714286,15,7,5,32,9240.480357142858,3,357514.4425,119171.48083333333,0.1285714285714286,15,7,5,32,9240.480357142858
4649,0,7,786881.709,112411.67271428571,0.12058823529411763,37,17,5,35,10771.406999999997,7,786881.709,112411.67271428571,0.12058823529411763,37,17,5,35,10771.406999999997
4547,1,4,250187.013,62546.75325000001,0.07777777777777778,24,9,4,26,8038.944777777779,4,250187.013,62546.75325000001,0.07777777777777778,24,9,4,26,8038.944777777779
2859,1,10,732739.4045000001,73273.94045,0.13421052631578947,42,18,5,227,7869.758657894738,10,732739.4045000001,73273.94045,0.13421052631578947,42,18,5,227,7869.758657894738
4110,0,6,855536.907,142589.4845,0.06944444444444445,43,18,5,14,10080.19372222222,6,855536.907,142589.4845,0.06944444444444445,43,18,5,14,10080.19372222222
4582,1,3,366139.8615,122046.6205,0.08125,16,8,4,394,13620.162687499998,3,366139.8615,122046.6205,0.08125,16,8,4,394,13620.162687499998
3510,0,5,756874.0045,151374.8009,0.11785714285714287,38,13,5,23,10203.095321428573,5,756874.0045,151374.8009,0.11785714285714287,38,13,5,23,10203.095321428573
3440,0,7,1277854.7989999999,182550.68557142856,0.1272727272727273,54,21,5,58,13672.249954545456,7,1277854.7989999999,182550.68557142856,0.1272727272727273,54,21,5,58,13672.249954545456
1027,1,3,204384.518,68128.17266666667,0.1625,11,4,3,607,5268.147,3,204384.518,68128.17266666667,0.1625,11,4,3,607,5268.147
3642,0,8,799741.947,99967.743375,0.10454545454545455,45,19,5,1,6388.028500000001,8,799741.947,99967.743375,0.10454545454545455,45,19,5,1,6388.028500000001
2288,0,6,522112.5575,87018.75958333335,0.08928571428571429,34,14,5,168,10361.775535714287,6,522112.5575,87018.75958333335,0.08928571428571429,34,14,5,168,10361.775535714287
3349,0,4,619783.383,154945.84574999998,0.07500000000000001,20,8,5,133,21660.507874999996,4,619783.383,154945.84574999998,0.07500000000000001,20,8,5,133,21660.507874999996
1834,1,5,937772.464,187554.4928,0.09000000000000001,41,15,5,14,16174.373599999999,5,937772.464,187554.4928,0.09000000000000001,41,15,5,14,16174.373599999999
3705,1,5,570251.1635,114050.23270000001,0.11666666666666665,30,12,5,197,6603.309458333332,5,570251.1635,114050.23270000001,0.11666666666666665,30,12,5,197,6603.309458333332
3564,0,4,163907.423,40976.85575,0.09285714285714286,18,7,3,36,3766.6447142857164,4,163907.423,40976.85575,0.09285714285714286,18,7,3,36,3766.6447142857164
1645,0,4,1077186.7249999999,269296.68125,0.10384615384615385,38,13,4,316,19584.341923076925,4,1077186.7249999999,269296.68125,0.10384615384615385,38,13,4,316,19584.341923076925
3070,0,8,1035573.504,129446.688,0.1,48,17,5,41,13738.878555555555,8,1035573.504,129446.688,0.1,48,17,5,41,13738.878555555555
2330,0,3,534293.6425,178097.88083333333,0.08,28,10,5,598,14008.200249999994,3,534293.6425,178097.88083333333,0.08,28,10,5,598,14008.200249999994
4749,0,2,243108.18099999998,121554.09049999999,0.12000000000000002,12,5,5,58,10203.034199999998,2,243108.18099999998,121554.09049999999,0.12000000000000002,12,5,5,58,10203.034199999998
9,1,3,449757.028,149919.00933333332,0.1388888888888889,22,9,5,317,12997.23088888889,3,449757.028,149919.00933333332,0.1388888888888889,22,9,5,317,12997.23088888889
3735,1,4,494067.2745,123516.81862499999,0.08333333333333333,24,9,4,49,11546.430499999999,4,494067.2745,123516.81862499999,0.08333333333333333,24,9,4,49,11546.430499999999
1991,0,4,372500.851,93125.21275,0.11000000000000001,26,10,4,31,9379.9921,4,372500.851,93125.21275,0.11000000000000001,26,10,4,31,9379.9921
926,1,3,591034.771,197011.59033333333,0.10555555555555556,27,9,4,482,13124.664555555555,3,591034.771,197011.59033333333,0.10555555555555556,27,9,4,482,13124.664555555555
3452,1,4,631638.631,157909.65775,0.1,29,10,5,24,12076.071100000001,4,631638.631,157909.65775,0.1,29,10,5,24,12076.071100000001
1591,0,8,1046829.2375,130853.6546875,0.08,57,24,5,25,9248.9283,8,1046829.2375,130853.6546875,0.08,57,24,5,25,9248.9283
2328,0,8,822160.7715,102770.0964375,0.1325,46,20,5,122,7096.876075,8,822160.7715,102770.0964375,0.1325,46,20,5,122,7096.876075
2723,0,2,302236.8015,151118.40074999997,0.09999999999999999,15,6,4,9,12659.56525,2,302236.8015,151118.40074999997,0.09999999999999999,15,6,4,9,12659.56525
1375,1,4,277337.1355,69334.283875,0.10625000000000001,17,8,3,102,6532.2981875,4,277337.1355,69334.283875,0.10625000000000001,17,8,3,102,6532.2981875
3415,0,2,687442.541,343721.2705,0.05,24,8,4,99,23064.508875,2,687442.541,343721.2705,0.05,24,8,4,99,23064.508875
1127,0,6,544893.699,90815.6165,0.12916666666666668,30,12,5,50,8146.174916666668,6,544893.699,90815.6165,0.12916666666666668,30,12,5,50,8146.174916666668
3733,1,8,426593.406,53324.17575,0.10416666666666667,24,12,5,49,7660.168833333332,8,426593.406,53324.17575,0.10416666666666667,24,12,5,49,7660.168833333332
3659,1,6,726258.5885000001,121043.09808333335,0.0911764705882353,35,17,5,96,10525.705205882354,6,726258.5885000001,121043.09808333335,0.0911764705882353,35,17,5,96,10525.705205882354
1760,0,10,936743.409,93674.3409,0.11818181818181818,58,21,5,15,10606.382681818182,10,936743.409,93674.3409,0.11818181818181818,58,21,5,15,10606.382681818182
1554,0,3,197087.3065,65695.76883333334,0.075,15,6,4,182,8988.794416666666,3,197087.3065,65695.76883333334,0.075,15,6,4,182,8988.794416666666
1805,0,4,645477.593,161369.39825,0.075,23,10,5,189,14430.454300000001,4,645477.593,161369.39825,0.075,23,10,5,189,14430.454300000001
3888,1,3,377552.95999999996,125850.98666666665,0.10833333333333334,13,6,5,383,17709.85333333333,3,377552.95999999996,125850.98666666665,0.10833333333333334,13,6,5,383,17709.85333333333
3200,0,3,423204.02249999996,141068.00749999998,0.09,24,10,4,63,10473.677249999999,3,423204.02249999996,141068.00749999998,0.09,24,10,4,63,10473.677249999999
513,0,5,395885.28500000003,79177.057,0.08499999999999999,23,10,5,232,5701.069500000002,5,395885.28500000003,79177.057,0.08499999999999999,23,10,5,232,5701.069500000002
3868,1,3,437715.8885,145905.29616666664,0.09999999999999999,15,6,4,507,21241.689749999998,3,437715.8885,145905.29616666664,0.09999999999999999,15,6,4,507,21241.689749999998
2298,0,2,34931.792,17465.896,0.1,5,2,2,556,2492.0810000000015,2,34931.792,17465.896,0.1,5,2,2,556,2492.0810000000015
3772,0,5,538395.228,107679.0456,0.09,28,10,5,95,13619.7458,5,538395.228,107679.0456,0.09,28,10,5,95,13619.7458
1180,0,6,970940.9495,161823.49158333332,0.09772727272727272,55,20,5,134,10208.624522727274,6,970940.9495,161823.49158333332,0.09772727272727272,55,20,5,134,10208.624522727274
1240,1,3,308252.1175,102750.70583333333,0.08571428571428572,15,7,3,511,7036.871071428572,3,308252.1175,102750.70583333333,0.08571428571428572,15,7,3,511,7036.871071428572
291,1,6,871078.7525000001,145179.79208333333,0.11875000000000001,47,16,5,202,13540.780781250001,6,871078.7525000001,145179.79208333333,0.11875000000000001,47,16,5,202,13540.780781250001
4655,0,1,6174.080000000001,6174.080000000001,0.2,2,1,1,708,1191.920000000001,1,6174.080000000001,6174.080000000001,0.2,2,1,1,708,1191.920000000001
3350,0,5,337612.7175,67522.5435,0.11666666666666665,27,12,5,72,6324.689791666667,5,337612.7175,67522.5435,0.11666666666666665,27,12,5,72,6324.689791666667
1943,0,10,963000.0329999999,96300.0033,0.07608695652173914,62,23,5,69,10378.196217391303,10,963000.0329999999,96300.0033,0.07608695652173914,62,23,5,69,10378.196217391303
3228,0,2,481191.9485,240595.97424999997,0.08750000000000001,21,8,5,339,9709.583562500002,2,481191.9485,240595.97424999997,0.08750000000000001,21,8,5,339,9709.583562500002
1342,0,4,607240.7000000001,151810.175,0.03181818181818182,28,11,4,36,19882.40090909091,4,607240.7000000001,151810.175,0.03181818181818182,28,11,4,36,19882.40090909091
1149,0,3,450159.1735,150053.05783333333,0.07222222222222223,18,9,4,58,13792.457055555553,3,450159.1735,150053.05783333333,0.07222222222222223,18,9,4,58,13792.457055555553
4052,1,11,1732444.341,157494.9400909091,0.07777777777777778,68,26,5,36,16662.87262962963,11,1732444.341,157494.9400909091,0.07777777777777778,68,26,5,36,16662.87262962963
2357,0,4,559469.5065,139867.376625,0.12000000000000002,28,10,5,23,14079.875649999998,4,559469.5065,139867.376625,0.12000000000000002,28,10,5,23,14079.875649999998
1922,1,6,1118732.743,186455.45716666666,0.10588235294117647,51,17,5,144,12467.406647058826,6,1118732.743,186455.45716666666,0.10588235294117647,51,17,5,144,12467.406647058826
2515,0,3,471588.09849999996,157196.03283333333,0.1,28,10,4,157,11016.79885,3,471588.09849999996,157196.03283333333,0.1,28,10,4,157,11016.79885
2977,0,3,201018.902,67006.30066666666,0.05,12,4,3,3,9092.955499999996,3,201018.902,67006.30066666666,0.05,12,4,3,3,9092.955499999996
1560,0,6,869501.1240000001,144916.85400000002,0.09473684210526316,47,19,5,119,12598.632842105264,6,869501.1240000001,144916.85400000002,0.09473684210526316,47,19,5,119,12598.632842105264
4373,0,8,1137247.8195,142155.9774375,0.09,48,19,5,20,12738.166475000002,8,1137247.8195,142155.9774375,0.09,48,19,5,20,12738.166475000002
835,1,6,893789.2925,148964.88208333333,0.09411764705882353,44,16,5,260,13594.11544117647,6,893789.2925,148964.88208333333,0.09411764705882353,44,16,5,260,13594.11544117647
2,1,5,427324.5355,85464.9071,0.10555555555555556,22,9,4,2,10004.752833333334,5,427324.5355,85464.9071,0.10555555555555556,22,9,4,2,10004.752833333334
56,0,3,429265.34200000006,143088.44733333334,0.06666666666666667,15,6,5,36,19687.083666666673,3,429265.34200000006,143088.44733333334,0.06666666666666667,15,6,5,36,19687.083666666673
162,0,4,653370.446,163342.6115,0.1,33,11,4,99,12099.922363636362,4,653370.446,163342.6115,0.1,33,11,4,99,12099.922363636362
3607,0,2,110707.639,55353.8195,0.1375,6,4,3,690,5174.749749999999,2,110707.639,55353.8195,0.1375,6,4,3,690,5174.749749999999
664,1,3,284927.105,94975.70166666666,0.09375,22,8,5,46,8460.328125,3,284927.105,94975.70166666666,0.09375,22,8,5,46,8460.328125
4434,0,2,224429.046,112214.52300000002,0.10714285714285714,16,7,5,730,7913.827999999999,2,224429.046,112214.52300000002,0.10714285714285714,16,7,5,730,7913.827999999999
3547,1,6,1209166.073,201527.67883333334,0.07631578947368421,54,19,5,35,18128.753842105263,6,1209166.073,201527.67883333334,0.07631578947368421,54,19,5,35,18128.753842105263
2917,1,4,481935.745,120483.93625,0.09583333333333333,28,12,5,72,9994.358750000001,4,481935.745,120483.93625,0.09583333333333333,28,12,5,72,9994.358750000001
218,1,2,199497.641,99748.8205,0.06,11,5,4,119,6885.5622,2,199497.641,99748.8205,0.06,11,5,4,119,6885.5622
1950,0,6,829776.9349999999,138296.15583333335,0.1105263157894737,48,19,5,94,9568.019736842105,6,829776.9349999999,138296.15583333335,0.1105263157894737,48,19,5,94,9568.019736842105
2423,0,6,555351.5185,92558.58641666667,0.09999999999999999,29,14,5,32,10132.80917857143,6,555351.5185,92558.58641666667,0.09999999999999999,29,14,5,32,10132.80917857143
145,0,2,389134.563,194567.28149999998,0.09285714285714286,16,7,2,194,16854.739,2,389134.563,194567.28149999998,0.09285714285714286,16,7,2,194,16854.739
832,1,6,844687.0299999999,140781.17166666666,0.08888888888888889,38,18,5,277,11515.491666666665,6,844687.0299999999,140781.17166666666,0.08888888888888889,38,18,5,277,11515.491666666665
304,0,2,424267.517,212133.7585,0.1142857142857143,17,7,5,123,14346.591,2,424267.517,212133.7585,0.1142857142857143,17,7,5,123,14346.591
3392,0,5,492556.2955,98511.2591,0.06818181818181818,23,11,5,11,10980.213227272725,5,492556.2955,98511.2591,0.06818181818181818,23,11,5,11,10980.213227272725
1021,0,2,130316.801,65158.4005,0.016666666666666666,7,3,2,88,9768.937,2,130316.801,65158.4005,0.016666666666666666,7,3,2,88,9768.937
928,1,4,394599.216,98649.804,0.1,18,8,3,66,12711.375750000001,4,394599.216,98649.804,0.1,18,8,3,66,12711.375750000001
1471,0,3,289934.005,96644.66833333333,0.1375,22,8,4,104,7501.230625,3,289934.005,96644.66833333333,0.1375,22,8,4,104,7501.230625
2719,0,4,508186.359,127046.58975,0.13,27,10,4,112,13322.794899999999,4,508186.359,127046.58975,0.13,27,10,4,112,13322.794899999999
1024,1,5,494621.9685,98924.39369999999,0.10833333333333334,25,12,5,37,6516.721541666667,5,494621.9685,98924.39369999999,0.10833333333333334,25,12,5,37,6516.721541666667
4308,0,6,701529.6655,116921.61091666667,0.09285714285714286,32,14,4,59,14634.65967857143,6,701529.6655,116921.61091666667,0.09285714285714286,32,14,4,59,14634.65967857143
1552,0,3,179239.37200000003,59746.45733333333,0.09,11,5,2,35,10325.656400000002,3,179239.37200000003,59746.45733333333,0.09,11,5,2,35,10325.656400000002
3955,0,5,519982.788,103996.55759999999,0.08636363636363636,26,11,5,508,9870.85618181818,5,519982.788,103996.55759999999,0.08636363636363636,26,11,5,508,9870.85618181818
3741,1,2,303576.717,151788.3585,0.13,12,5,4,106,14178.493400000003,2,303576.717,151788.3585,0.13,12,5,4,106,14178.493400000003
1288,0,4,134534.359,33633.58975,0.14,14,5,4,1,7361.8778,4,134534.359,33633.58975,0.14,14,5,4,1,7361.8778
3218,0,5,923974.355,184794.87099999998,0.09666666666666668,40,15,5,45,14852.419666666663,5,923974.355,184794.87099999998,0.09666666666666668,40,15,5,45,14852.419666666663
268,1,4,545908.8944999999,136477.22362499998,0.11363636363636363,22,11,5,8,12380.424045454547,4,545908.8944999999,136477.22362499998,0.11363636363636363,22,11,5,8,12380.424045454547
1562,1,9,924188.229,102687.581,0.09736842105263159,57,19,5,163,7532.459947368421,9,924188.229,102687.581,0.09736842105263159,57,19,5,163,7532.459947368421
152,1,5,715009.6390000001,143001.9278,0.075,32,11,3,370,13366.843250000005,5,715009.6390000001,143001.9278,0.075,32,11,3,370,13366.843250000005
3639,0,5,774909.9995,154981.9999,0.07333333333333333,37,14,5,130,14134.589300000001,5,774909.9995,154981.9999,0.07333333333333333,37,14,5,130,14134.589300000001
782,1,5,532458.6225,106491.72449999998,0.10833333333333334,32,11,5,582,9750.976875,5,532458.6225,106491.72449999998,0.10833333333333334,32,11,5,582,9750.976875
1239,1,2,430891.915,215445.9575,0.12142857142857144,21,7,4,98,12053.572142857143,2,430891.915,215445.9575,0.12142857142857144,21,7,4,98,12053.572142857143
4692,1,7,1188463.0304999999,169780.43292857142,0.1,59,21,5,301,15787.558204545452,7,1188463.0304999999,169780.43292857142,0.1,59,21,5,301,15787.558204545452
4970,1,4,569080.6984999999,142270.17462499999,0.07857142857142858,33,13,5,259,10880.89632142857,4,569080.6984999999,142270.17462499999,0.07857142857142858,33,13,5,259,10880.89632142857
51,1,7,933166.247,133309.46385714287,0.10555555555555557,53,18,5,6,10478.595944444443,7,933166.247,133309.46385714287,0.10555555555555557,53,18,5,6,10478.595944444443
2783,0,7,596286.2195,85183.74564285715,0.10333333333333333,33,13,4,30,8444.2833,7,596286.2195,85183.74564285715,0.10333333333333333,33,13,4,30,8444.2833
2846,0,6,833290.2525,138881.70875,0.10833333333333334,37,17,5,66,14120.639583333332,6,833290.2525,138881.70875,0.10833333333333334,37,17,5,66,14120.639583333332
2884,1,1,84546.012,84546.012,0.1,5,2,2,591,5018.225999999999,1,84546.012,84546.012,0.1,5,2,2,591,5018.225999999999
1154,0,2,199366.881,99683.4405,0.14,12,5,4,135,5215.9542,2,199366.881,99683.4405,0.14,12,5,4,135,5215.9542
4678,0,6,770870.1905,128478.36508333334,0.07333333333333333,38,15,5,186,12776.328033333331,6,770870.1905,128478.36508333334,0.07333333333333333,38,15,5,186,12776.328033333331
3493,0,7,683503.971,97643.42442857144,0.11071428571428572,36,13,4,53,6248.083642857142,7,683503.971,97643.42442857144,0.11071428571428572,36,13,4,53,6248.083642857142
4489,1,2,314623.33150000003,157311.66575,0.09999999999999999,12,6,4,700,12549.311916666667,2,314623.33150000003,157311.66575,0.09999999999999999,12,6,4,700,12549.311916666667
2875,1,5,458900.33150000003,91780.0663,0.11000000000000001,24,10,5,93,7961.369150000001,5,458900.33150000003,91780.0663,0.11000000000000001,24,10,5,93,7961.369150000001
2321,0,10,1322685.271,132268.5271,0.10434782608695652,61,23,5,36,14923.081782608695,10,1322685.271,132268.5271,0.10434782608695652,61,23,5,36,14923.081782608695
2822,0,5,617240.0655,123448.01310000001,0.13125,38,16,5,25,5929.674718750002,5,617240.0655,123448.01310000001,0.13125,38,16,5,25,5929.674718750002
1876,1,4,572593.9305,143148.482625,0.12,27,10,5,27,15309.702049999996,4,572593.9305,143148.482625,0.12,27,10,5,27,15309.702049999996
4255,1,5,666675.168,133335.0336,0.07857142857142858,35,14,4,110,12854.240571428569,5,666675.168,133335.0336,0.07857142857142858,35,14,4,110,12854.240571428569
1708,0,2,68230.822,34115.411,0.125,6,2,2,133,5733.760999999997,2,68230.822,34115.411,0.125,6,2,2,133,5733.760999999997
2180,0,2,194177.678,97088.839,0.1125,11,4,3,462,6213.797,2,194177.678,97088.839,0.1125,11,4,3,462,6213.797
2491,0,8,1098182.1505,137272.7688125,0.095,47,19,5,336,14898.923525,8,1098182.1505,137272.7688125,0.095,47,19,5,336,14898.923525
1543,0,5,802569.601,160513.9202,0.1423076923076923,37,13,5,198,12160.75546153846,5,802569.601,160513.9202,0.1423076923076923,37,13,5,198,12160.75546153846
1304,0,6,715969.233,119328.20549999998,0.1,38,16,5,104,7451.403117647057,6,715969.233,119328.20549999998,0.1,38,16,5,104,7451.403117647057
2797,0,6,725470.075,120911.67916666668,0.125,37,16,5,191,8071.579687500001,6,725470.075,120911.67916666668,0.125,37,16,5,191,8071.579687500001
2380,0,4,450911.9815,112727.995375,0.12222222222222223,16,9,4,310,10738.96683333333,4,450911.9815,112727.995375,0.12222222222222223,16,9,4,310,10738.96683333333
4144,0,4,630237.38,157559.345,0.09090909090909091,30,10,5,206,11052.062727272727,4,630237.38,157559.345,0.09090909090909091,30,10,5,206,11052.062727272727
3080,0,2,220599.03399999999,110299.51699999999,0.1125,10,4,4,185,9283.740999999998,2,220599.03399999999,110299.51699999999,0.1125,10,4,4,185,9283.740999999998
3661,0,2,289269.7025,144634.85125,0.15833333333333333,16,6,3,24,5353.930416666667,2,289269.7025,144634.85125,0.15833333333333333,16,6,3,24,5353.930416666667
4011,0,7,712214.2425,101744.8917857143,0.09444444444444444,41,17,5,14,8041.953472222222,7,712214.2425,101744.8917857143,0.09444444444444444,41,17,5,14,8041.953472222222
1853,0,5,681977.0715,136395.4143,0.10384615384615385,33,13,5,32,9512.180115384614,5,681977.0715,136395.4143,0.10384615384615385,33,13,5,32,9512.180115384614
4540,0,4,404236.9655,101059.241375,0.075,19,8,4,465,17533.645687499997,4,404236.9655,101059.241375,0.075,19,8,4,465,17533.645687499997
3112,0,8,707229.578,88403.69725,0.10800000000000001,55,24,5,55,6122.141119999999,8,707229.578,88403.69725,0.10800000000000001,55,24,5,55,6122.141119999999
3803,0,8,1061674.213,132709.276625,0.13043478260869565,57,23,5,106,8062.038826086957,8,1061674.213,132709.276625,0.13043478260869565,57,23,5,106,8062.038826086957
383,0,3,185411.52800000002,61803.842666666664,0.08750000000000001,13,4,3,123,13087.699500000002,3,185411.52800000002,61803.842666666664,0.08750000000000001,13,4,3,123,13087.699500000002
4335,0,3,213487.1265,71162.37550000001,0.11000000000000001,11,5,3,184,10446.297299999998,3,213487.1265,71162.37550000001,0.11000000000000001,11,5,3,184,10446.297299999998
4278,0,7,987230.893,141032.98471428573,0.11739130434782609,54,23,5,106,8858.133173913046,7,987230.893,141032.98471428573,0.11739130434782609,54,23,5,106,8858.133173913046
2904,1,6,1024795.9835,170799.33058333336,0.1105263157894737,54,19,5,43,11397.490184210526,6,1024795.9835,170799.33058333336,0.1105263157894737,54,19,5,43,11397.490184210526
3202,1,6,653584.466,108930.74433333334,0.10357142857142856,32,14,4,33,10269.733999999999,6,653584.466,108930.74433333334,0.10357142857142856,32,14,4,33,10269.733999999999
2609,0,5,549374.49,109874.898,0.09583333333333334,37,12,5,44,8122.3408333333355,5,549374.49,109874.898,0.09583333333333334,37,12,5,44,8122.3408333333355
2696,0,4,289668.506,72417.1265,0.1416666666666667,14,6,2,110,10470.587666666666,4,289668.506,72417.1265,0.1416666666666667,14,6,2,110,10470.587666666666
345,0,5,568859.8145,113771.9629,0.08750000000000001,24,11,5,269,13943.302041666668,5,568859.8145,113771.9629,0.08750000000000001,24,11,5,269,13943.302041666668
3424,1,3,301657.206,100552.402,0.08333333333333333,14,6,4,449,10271.862666666668,3,301657.206,100552.402,0.08333333333333333,14,6,4,449,10271.862666666668
4505,1,4,471306.966,117826.7415,0.1,29,9,5,285,13315.8736,4,471306.966,117826.7415,0.1,29,9,5,285,13315.8736
164,1,5,390609.8655,78121.9731,0.11923076923076924,26,13,4,49,7989.548115384615,5,390609.8655,78121.9731,0.11923076923076924,26,13,4,49,7989.548115384615
4690,1,2,224785.646,112392.82300000002,0.06666666666666667,10,3,3,48,20704.19533333334,2,224785.646,112392.82300000002,0.06666666666666667,10,3,3,48,20704.19533333334
29,1,6,1060243.8699999999,176707.31166666665,0.07500000000000001,53,21,5,32,13462.484545454545,6,1060243.8699999999,176707.31166666665,0.07500000000000001,53,21,5,32,13462.484545454545
1583,0,6,680254.3215,113375.72025,0.10666666666666667,32,15,5,58,8332.298099999998,6,680254.3215,113375.72025,0.10666666666666667,32,15,5,58,8332.298099999998
3224,1,5,495772.75549999997,99154.5511,0.07272727272727274,27,10,5,22,10467.930499999997,5,495772.75549999997,99154.5511,0.07272727272727274,27,10,5,22,10467.930499999997
4780,1,5,660823.282,132164.6564,0.08846153846153845,32,13,5,278,11433.917846153847,5,660823.282,132164.6564,0.08846153846153845,32,13,5,278,11433.917846153847
1105,0,9,1054631.6645,117181.29605555555,0.1075,47,20,5,61,13801.656224999999,9,1054631.6645,117181.29605555555,0.1075,47,20,5,61,13801.656224999999
3134,1,5,842959.4075,168591.8815,0.07857142857142858,38,14,5,54,14577.924107142859,5,842959.4075,168591.8815,0.07857142857142858,38,14,5,54,14577.924107142859
1644,0,3,267161.884,89053.96133333334,0.05833333333333334,10,6,5,218,13442.679000000004,3,267161.884,89053.96133333334,0.05833333333333334,10,6,5,218,13442.679000000004
1896,0,3,220978.83200000002,73659.61066666666,0.10714285714285714,14,7,4,773,6871.878857142859,3,220978.83200000002,73659.61066666666,0.10714285714285714,14,7,4,773,6871.878857142859
3738,1,5,770828.12,154165.624,0.10454545454545454,29,11,5,58,17384.62909090909,5,770828.12,154165.624,0.10454545454545454,29,11,5,58,17384.62909090909
1094,1,4,275338.391,68834.59775,0.1125,15,8,5,77,5798.538874999998,4,275338.391,68834.59775,0.1125,15,8,5,77,5798.538874999998
2821,1,5,705216.409,141043.2818,0.08076923076923077,36,13,5,391,18307.639923076924,5,705216.409,141043.2818,0.08076923076923077,36,13,5,391,18307.639923076924
1944,1,6,672961.6405,112160.27341666666,0.10384615384615385,31,12,5,85,13418.75696153846,6,672961.6405,112160.27341666666,0.10384615384615385,31,12,5,85,13418.75696153846
2101,0,4,690908.2095,172727.052375,0.12272727272727274,34,11,5,127,13302.610863636364,4,690908.2095,172727.052375,0.12272727272727274,34,11,5,127,13302.610863636364
3614,1,2,54922.328,27461.163999999997,0.037500000000000006,8,4,3,46,2897.6645,2,54922.328,27461.163999999997,0.037500000000000006,8,4,3,46,2897.6645
4083,0,5,881104.9295,176220.98590000003,0.09000000000000001,47,15,5,78,15507.333299999998,5,881104.9295,176220.98590000003,0.09000000000000001,47,15,5,78,15507.333299999998
296,0,1,65096.58,65096.58,0.0,2,1,1,537,18440.200000000004,1,65096.58,65096.58,0.0,2,1,1,537,18440.200000000004
1530,1,2,297225.9745,148612.98725,0.0875,10,4,3,8,16989.636124999994,2,297225.9745,148612.98725,0.0875,10,4,3,8,16989.636124999994
2637,1,6,1170066.4155,195011.06924999997,0.09722222222222222,53,16,5,101,17166.488083333334,6,1170066.4155,195011.06924999997,0.09722222222222222,53,16,5,101,17166.488083333334
285,0,3,802411.193,267470.39766666666,0.07916666666666666,33,12,5,348,17736.62775,3,802411.193,267470.39766666666,0.07916666666666666,33,12,5,348,17736.62775
1003,0,3,322100.783,107366.92766666667,0.10714285714285714,15,7,4,61,10709.781857142856,3,322100.783,107366.92766666667,0.10714285714285714,15,7,4,61,10709.781857142856
2646,0,6,657595.0920000001,109599.18200000002,0.09285714285714286,34,14,4,122,9355.977285714287,6,657595.0920000001,109599.18200000002,0.09285714285714286,34,14,4,122,9355.977285714287
3342,0,5,695878.267,139175.6534,0.08750000000000001,34,12,4,262,12396.023083333333,5,695878.267,139175.6534,0.08750000000000001,34,12,4,262,12396.023083333333
4120,1,5,762446.8815,152489.3763,0.1142857142857143,33,13,4,547,12502.450107142857,5,762446.8815,152489.3763,0.1142857142857143,33,13,4,547,12502.450107142857
1299,0,6,769682.5255,128280.42091666667,0.10625000000000001,40,16,5,173,11736.859718749998,6,769682.5255,128280.42091666667,0.10625000000000001,40,16,5,173,11736.859718749998
993,0,2,208720.277,104360.1385,0.11000000000000001,9,5,3,80,10454.9954,2,208720.277,104360.1385,0.11000000000000001,9,5,3,80,10454.9954
460,0,9,812733.378,90303.70866666667,0.09090909090909091,51,22,5,44,9270.674909090909,9,812733.378,90303.70866666667,0.09090909090909091,51,22,5,44,9270.674909090909
2776,1,3,361553.188,120517.72933333334,0.075,18,6,4,154,15417.663000000006,3,361553.188,120517.72933333334,0.075,18,6,4,154,15417.663000000006
367,0,5,745362.6745,149072.5349,0.09333333333333332,35,14,5,158,12591.650966666666,5,745362.6745,149072.5349,0.09333333333333332,35,14,5,158,12591.650966666666
2010,0,5,558828.023,111765.6046,0.09230769230769233,33,12,5,54,9851.96176923077,5,558828.023,111765.6046,0.09230769230769233,33,12,5,54,9851.96176923077
4600,0,6,946320.818,157720.13633333333,0.06666666666666667,36,15,5,74,18685.504533333336,6,946320.818,157720.13633333333,0.06666666666666667,36,15,5,74,18685.504533333336
4922,0,5,820537.1155000001,164107.4231,0.1142857142857143,45,14,4,109,15086.841107142858,5,820537.1155000001,164107.4231,0.1142857142857143,45,14,4,109,15086.841107142858
1122,0,6,443638.2595,73939.70991666667,0.09333333333333334,23,15,5,136,6614.2993,6,443638.2595,73939.70991666667,0.09333333333333334,23,15,5,136,6614.2993
1498,0,3,604899.1555,201633.05183333333,0.10555555555555557,24,9,4,365,15663.460611111115,3,604899.1555,201633.05183333333,0.10555555555555557,24,9,4,365,15663.460611111115
986,0,3,312840.7545,104280.2515,0.06875,15,8,4,41,10720.930562500002,3,312840.7545,104280.2515,0.06875,15,8,4,41,10720.930562500002
1873,1,4,395956.3725,98989.093125,0.08750000000000001,16,8,5,238,11484.8153125,4,395956.3725,98989.093125,0.08750000000000001,16,8,5,238,11484.8153125
3862,0,4,516997.74,129249.435,0.11875000000000001,22,7,4,123,12121.662499999999,4,516997.74,129249.435,0.11875000000000001,22,7,4,123,12121.662499999999
907,1,5,571434.246,114286.84920000001,0.1142857142857143,32,14,5,349,7187.337571428572,5,571434.246,114286.84920000001,0.1142857142857143,32,14,5,349,7187.337571428572
1393,0,4,732725.2275,183181.306875,0.1076923076923077,36,12,5,330,9491.627500000002,4,732725.2275,183181.306875,0.1076923076923077,36,12,5,330,9491.627500000002
2717,0,6,834612.35,139102.05833333332,0.096875,40,16,4,100,13080.481249999999,6,834612.35,139102.05833333332,0.096875,40,16,4,100,13080.481249999999
2737,1,4,365888.604,91472.15100000001,0.12,30,10,4,40,5628.195400000002,4,365888.604,91472.15100000001,0.12,30,10,4,40,5628.195400000002
4821,0,5,567225.9755000001,113445.19509999998,0.12666666666666668,35,15,5,214,8778.564366666667,5,567225.9755000001,113445.19509999998,0.12666666666666668,35,15,5,214,8778.564366666667
954,0,6,370987.2705,61831.211749999995,0.12000000000000002,28,10,4,177,5558.28405,6,370987.2705,61831.211749999995,0.12000000000000002,28,10,4,177,5558.28405
1510,0,7,914235.5735,130605.08192857142,0.11521739130434783,52,23,5,250,9410.61797826087,7,914235.5735,130605.08192857142,0.11521739130434783,52,23,5,250,9410.61797826087
3794,1,5,536877.8795,107375.57590000001,0.06923076923076923,29,13,5,64,9909.094576923078,5,536877.8795,107375.57590000001,0.06923076923076923,29,13,5,64,9909.094576923078
3507,0,5,640280.893,128056.17860000001,0.13214285714285715,29,14,5,38,9442.363785714286,5,640280.893,128056.17860000001,0.13214285714285715,29,14,5,38,9442.363785714286
2979,1,4,474508.43200000003,118627.10800000001,0.11000000000000001,25,10,5,97,12455.204200000002,4,474508.43200000003,118627.10800000001,0.11000000000000001,25,10,5,97,12455.204200000002
5000,0,8,1096786.6375,137098.32968750002,0.11666666666666667,53,21,5,15,10825.876547619047,8,1096786.6375,137098.32968750002,0.11666666666666667,53,21,5,15,10825.876547619047
4531,0,2,151848.42599999998,75924.21299999999,0.1125,8,4,3,185,8482.918999999998,2,151848.42599999998,75924.21299999999,0.1125,8,4,3,185,8482.918999999998
701,0,3,234880.22449999998,78293.40816666666,0.10714285714285714,18,7,4,252,6542.063499999999,3,234880.22449999998,78293.40816666666,0.10714285714285714,18,7,4,252,6542.063499999999
76,0,4,662574.6855,165643.671375,0.06999999999999999,22,10,5,314,18437.66555,4,662574.6855,165643.671375,0.06999999999999999,22,10,5,314,18437.66555
3848,0,4,406840.30100000004,101710.07525,0.11500000000000002,22,9,5,69,8501.760100000003,4,406840.30100000004,101710.07525,0.11500000000000002,22,9,5,69,8501.760100000003
4595,0,4,300360.81799999997,75090.2045,0.125,14,8,4,431,6759.10725,4,300360.81799999997,75090.2045,0.125,14,8,4,431,6759.10725
3445,1,2,237017.0455,118508.52275,0.1,9,4,3,281,14535.578874999997,2,237017.0455,118508.52275,0.1,9,4,3,281,14535.578874999997
4896,0,8,525647.1735,65705.8966875,0.10882352941176471,33,17,5,40,7841.6355,8,525647.1735,65705.8966875,0.10882352941176471,33,17,5,40,7841.6355
4336,1,3,335182.036,111727.34533333332,0.09375,22,8,5,123,7482.549500000001,3,335182.036,111727.34533333332,0.09375,22,8,5,123,7482.549500000001
3597,1,5,581692.9565,116338.5913,0.11363636363636363,26,11,5,266,10913.808772727272,5,581692.9565,116338.5913,0.11363636363636363,26,11,5,266,10913.808772727272
2211,1,7,496137.239,70876.74842857143,0.078125,26,16,5,43,8545.9768125,7,496137.239,70876.74842857143,0.078125,26,16,5,43,8545.9768125
2715,0,2,287591.398,143795.69900000002,0.14,11,5,5,575,8574.309600000004,2,287591.398,143795.69900000002,0.14,11,5,5,575,8574.309600000004
4249,0,2,293393.402,146696.70100000003,0.13333333333333333,10,3,3,430,29254.68733333334,2,293393.402,146696.70100000003,0.13333333333333333,10,3,3,430,29254.68733333334
1504,1,4,657502.964,164375.741,0.08333333333333333,27,9,5,265,21484.43488888889,4,657502.964,164375.741,0.08333333333333333,27,9,5,265,21484.43488888889
3650,0,5,626114.879,125222.97579999999,0.1590909090909091,26,11,4,28,11801.118999999999,5,626114.879,125222.97579999999,0.1590909090909091,26,11,4,28,11801.118999999999
969,0,3,532021.7224999999,177340.57416666663,0.1,24,7,4,12,23227.2140625,3,532021.7224999999,177340.57416666663,0.1,24,7,4,12,23227.2140625
2323,0,7,726894.2665,103842.03807142857,0.115625,41,16,5,140,9126.029156249999,7,726894.2665,103842.03807142857,0.115625,41,16,5,140,9126.029156249999
4605,0,7,863327.785,123332.54071428571,0.10263157894736842,42,19,5,444,10868.040263157895,7,863327.785,123332.54071428571,0.10263157894736842,42,19,5,444,10868.040263157895
740,0,6,655732.0845,109288.68075,0.09999999999999999,33,12,4,155,11561.002874999998,6,655732.0845,109288.68075,0.09999999999999999,33,12,4,155,11561.002874999998
2300,1,1,14918.84,14918.84,0.0,3,2,2,799,2638.8700000000003,1,14918.84,14918.84,0.0,3,2,2,799,2638.8700000000003
3600,0,6,750853.0595,125142.17658333333,0.12058823529411766,44,17,5,20,5012.3299705882355,6,750853.0595,125142.17658333333,0.12058823529411766,44,17,5,20,5012.3299705882355
4930,0,5,568826.627,113765.3254,0.07727272727272727,29,11,5,186,14902.169727272725,5,568826.627,113765.3254,0.07727272727272727,29,11,5,186,14902.169727272725
2026,0,3,304823.3605,101607.78683333333,0.09545454545454546,26,10,5,389,6043.61459090909,3,304823.3605,101607.78683333333,0.09545454545454546,26,10,5,389,6043.61459090909
3427,0,5,543294.0425,108658.8085,0.06923076923076923,29,13,5,71,9683.120192307693,5,543294.0425,108658.8085,0.06923076923076923,29,13,5,71,9683.120192307693
4013,0,4,190849.38999999998,47712.347499999996,0.09375,16,8,4,106,4955.341249999999,4,190849.38999999998,47712.347499999996,0.09375,16,8,4,106,4955.341249999999
3596,0,3,296342.766,98780.922,0.11000000000000001,14,5,2,61,18528.4892,3,296342.766,98780.922,0.11000000000000001,14,5,2,61,18528.4892
1501,0,4,478450.50899999996,119612.62724999999,0.10625,26,8,5,61,14825.049874999993,4,478450.50899999996,119612.62724999999,0.10625,26,8,5,61,14825.049874999993
578,0,7,926286.8505,132326.69292857143,0.059375,51,16,4,102,14526.60628125,7,926286.8505,132326.69292857143,0.059375,51,16,4,102,14526.60628125
4409,1,5,877337.8005,175467.56010000003,0.08750000000000001,37,16,4,210,14836.53940625,5,877337.8005,175467.56010000003,0.08750000000000001,37,16,4,210,14836.53940625
3476,0,5,375531.175,75106.235,0.0625,29,12,5,46,7275.455416666667,5,375531.175,75106.235,0.0625,29,12,5,46,7275.455416666667
55,0,5,547377.9920000001,109475.59840000002,0.1125,30,12,5,67,9859.096833333335,5,547377.9920000001,109475.59840000002,0.1125,30,12,5,67,9859.096833333335
1627,0,3,190879.5925,63626.53083333333,0.09166666666666667,15,6,4,204,7552.027083333333,3,190879.5925,63626.53083333333,0.09166666666666667,15,6,4,204,7552.027083333333
1141,1,4,330307.321,82576.83025,0.04375,22,8,3,318,10733.683875,4,330307.321,82576.83025,0.04375,22,8,3,318,10733.683875
4123,0,5,840234.973,168046.9946,0.12187500000000001,36,16,5,144,13757.740187500001,5,840234.973,168046.9946,0.12187500000000001,36,16,5,144,13757.740187500001
4919,1,4,787254.2715,196813.567875,0.09583333333333334,33,11,4,283,16884.050124999998,4,787254.2715,196813.567875,0.09583333333333334,33,11,4,283,16884.050124999998
3990,0,4,530675.556,132668.889,0.05833333333333333,36,12,5,286,11945.457166666665,4,530675.556,132668.889,0.05833333333333333,36,12,5,286,11945.457166666665
1713,0,5,491035.2895,98207.0579,0.11818181818181818,31,11,5,17,11755.908136363638,5,491035.2895,98207.0579,0.11818181818181818,31,11,5,17,11755.908136363638
1833,0,6,863072.5925,143845.43208333332,0.12142857142857143,42,14,4,276,12027.838749999999,6,863072.5925,143845.43208333332,0.12142857142857143,42,14,4,276,12027.838749999999
3526,1,1,190307.73599999998,190307.73599999998,0.08750000000000001,8,4,2,637,14590.951499999994,1,190307.73599999998,190307.73599999998,0.08750000000000001,8,4,2,637,14590.951499999994
1658,1,6,575418.549,95903.0915,0.1,33,13,4,80,12023.318384615384,6,575418.549,95903.0915,0.1,33,13,4,80,12023.318384615384
4032,0,5,399487.261,79897.4522,0.1272727272727273,22,11,5,109,7180.372818181818,5,399487.261,79897.4522,0.1272727272727273,22,11,5,109,7180.372818181818
1961,0,3,233031.392,77677.13066666666,0.049999999999999996,17,6,4,228,9110.928666666665,3,233031.392,77677.13066666666,0.049999999999999996,17,6,4,228,9110.928666666665
3615,1,6,679255.9475,113209.32458333333,0.10333333333333333,37,15,4,16,10066.621833333336,6,679255.9475,113209.32458333333,0.10333333333333333,37,15,4,16,10066.621833333336
3788,0,4,308077.463,77019.36575,0.07500000000000001,22,8,3,96,9044.442874999999,4,308077.463,77019.36575,0.07500000000000001,22,8,3,96,9044.442874999999
2293,0,3,567361.2165,189120.4055,0.09444444444444444,27,9,4,147,13852.220722222222,3,567361.2165,189120.4055,0.09444444444444444,27,9,4,147,13852.220722222222
13,0,3,424684.6575,141561.5525,0.09999999999999999,15,6,5,146,19119.18291666667,3,424684.6575,141561.5525,0.09999999999999999,15,6,5,146,19119.18291666667
4056,0,4,308848.2485,77212.062125,0.075,20,10,5,36,8843.67485,4,308848.2485,77212.062125,0.075,20,10,5,36,8843.67485
4510,0,4,813690.6190000001,203422.65475000002,0.09166666666666667,35,12,5,60,15535.066583333335,4,813690.6190000001,203422.65475000002,0.09166666666666667,35,12,5,60,15535.066583333335
3931,0,3,310882.776,103627.592,0.08888888888888889,19,9,5,82,8463.745111111111,3,310882.776,103627.592,0.08888888888888889,19,9,5,82,8463.745111111111
2993,1,5,626228.6465,125245.7293,0.11000000000000001,41,15,5,309,8380.409099999999,5,626228.6465,125245.7293,0.11000000000000001,41,15,5,309,8380.409099999999
1347,0,6,823503.8815,137250.64691666668,0.09000000000000001,42,14,5,121,12733.695433333332,6,823503.8815,137250.64691666668,0.09000000000000001,42,14,5,121,12733.695433333332
1965,1,6,943772.35,157295.39166666666,0.09722222222222222,44,18,5,67,11280.141111111112,6,943772.35,157295.39166666666,0.09722222222222222,44,18,5,67,11280.141111111112
994,0,3,318843.715,106281.23833333333,0.09375,16,8,4,460,11209.094375,3,318843.715,106281.23833333333,0.09375,16,8,4,460,11209.094375
2772,0,5,633356.1294999999,126671.22589999999,0.12142857142857143,33,13,4,194,9527.793535714281,5,633356.1294999999,126671.22589999999,0.12142857142857143,33,13,4,194,9527.793535714281
1895,0,5,906392.661,181278.5322,0.08529411764705884,37,16,5,20,11245.55594117647,5,906392.661,181278.5322,0.08529411764705884,37,16,5,20,11245.55594117647
1218,0,4,442279.92100000003,110569.98025,0.13333333333333333,19,9,5,253,9005.671222222225,4,442279.92100000003,110569.98025,0.13333333333333333,19,9,5,253,9005.671222222225
4481,1,8,818531.786,102316.47325000001,0.09666666666666666,45,15,5,230,11503.209733333333,8,818531.786,102316.47325000001,0.09666666666666666,45,15,5,230,11503.209733333333
3363,0,5,837101.9075,167420.38150000002,0.12941176470588237,46,17,4,170,12306.813382352942,5,837101.9075,167420.38150000002,0.12941176470588237,46,17,4,170,12306.813382352942
845,1,7,708053.112,101150.44457142857,0.1375,44,20,5,13,6165.9141,7,708053.112,101150.44457142857,0.1375,44,20,5,13,6165.9141
943,1,5,718923.844,143784.76880000002,0.1076923076923077,33,13,4,154,15310.129538461537,5,718923.844,143784.76880000002,0.1076923076923077,33,13,4,154,15310.129538461537
4656,0,7,717935.8814999999,102562.26878571429,0.10588235294117647,46,17,4,121,8609.271264705882,7,717935.8814999999,102562.26878571429,0.10588235294117647,46,17,4,121,8609.271264705882
793,0,5,600896.965,120179.393,0.12142857142857143,33,14,5,298,7828.688214285716,5,600896.965,120179.393,0.12142857142857143,33,14,5,298,7828.688214285716
3390,0,5,554743.607,110948.7214,0.08333333333333333,30,11,5,350,10983.753916666667,5,554743.607,110948.7214,0.08333333333333333,30,11,5,350,10983.753916666667
4725,0,5,630623.507,126124.70139999999,0.10500000000000001,23,9,5,352,15697.3647,5,630623.507,126124.70139999999,0.10500000000000001,23,9,5,352,15697.3647
3928,0,2,317441.73,158720.865,0.1125,17,8,3,208,7587.0999999999985,2,317441.73,158720.865,0.1125,17,8,3,208,7587.0999999999985
3752,0,2,322627.506,161313.75300000003,0.13,14,5,3,250,4574.2552000000005,2,322627.506,161313.75300000003,0.13,14,5,3,250,4574.2552000000005
4706,0,3,310704.168,103568.056,0.09166666666666667,16,6,3,22,13815.004666666666,3,310704.168,103568.056,0.09166666666666667,16,6,3,22,13815.004666666666
3230,0,6,714889.1745,119148.19575,0.10769230769230768,32,12,5,0,14620.091115384612,6,714889.1745,119148.19575,0.10769230769230768,32,12,5,0,14620.091115384612
1028,1,3,319276.74350000004,106425.58116666666,0.09375,21,8,4,150,9252.222937500002,3,319276.74350000004,106425.58116666666,0.09375,21,8,4,150,9252.222937500002
1335,0,6,942586.1555,157097.69258333332,0.08684210526315789,48,19,5,0,9887.250289473683,6,942586.1555,157097.69258333332,0.08684210526315789,48,19,5,0,9887.250289473683
4944,0,5,753984.038,150796.8076,0.08611111111111111,39,18,5,193,11624.837666666665,5,753984.038,150796.8076,0.08611111111111111,39,18,5,193,11624.837666666665
438,1,6,604647.5655,100774.59425000001,0.096875,37,15,4,182,9229.63846875,6,604647.5655,100774.59425000001,0.096875,37,15,4,182,9229.63846875
2285,0,2,214047.81399999998,107023.90699999999,0.075,8,2,2,151,24604.346999999994,2,214047.81399999998,107023.90699999999,0.075,8,2,2,151,24604.346999999994
520,0,9,1324344.2055,147149.35616666666,0.10576923076923077,64,26,5,19,11182.329826923076,9,1324344.2055,147149.35616666666,0.10576923076923077,64,26,5,19,11182.329826923076
3058,0,7,1338966.965,191280.99499999997,0.11428571428571428,57,20,5,237,16027.29309523809,7,1338966.965,191280.99499999997,0.11428571428571428,57,20,5,237,16027.29309523809
1701,1,3,398148.982,132716.32733333335,0.08888888888888889,27,9,5,93,9878.978000000003,3,398148.982,132716.32733333335,0.08888888888888889,27,9,5,93,9878.978000000003
4053,0,2,341909.875,170954.9375,0.09166666666666667,14,6,3,430,12261.370833333334,2,341909.875,170954.9375,0.09166666666666667,14,6,3,430,12261.370833333334
265,0,5,475098.5865,95019.71729999999,0.1142857142857143,17,7,3,288,13526.26092857143,5,475098.5865,95019.71729999999,0.1142857142857143,17,7,3,288,13526.26092857143
3418,0,4,184248.586,46062.1465,0.09166666666666667,16,6,3,31,5191.6010000000015,4,184248.586,46062.1465,0.09166666666666667,16,6,3,31,5191.6010000000015
3163,0,4,202760.197,50690.049250000004,0.07857142857142858,18,7,4,107,6545.336714285715,4,202760.197,50690.049250000004,0.07857142857142858,18,7,4,107,6545.336714285715
4629,1,5,382879.92799999996,76575.98559999999,0.07857142857142858,14,7,4,134,16550.529714285713,5,382879.92799999996,76575.98559999999,0.07857142857142858,14,7,4,134,16550.529714285713
3797,0,4,397920.903,99480.22575,0.13571428571428573,19,7,4,96,16834.503285714287,4,397920.903,99480.22575,0.13571428571428573,19,7,4,96,16834.503285714287
2848,0,5,468498.83999999997,93699.768,0.1318181818181818,32,11,5,15,10663.891818181815,5,468498.83999999997,93699.768,0.1318181818181818,32,11,5,15,10663.891818181815
3076,0,7,806218.712,115174.10171428572,0.11333333333333334,33,15,5,37,9611.695466666668,7,806218.712,115174.10171428572,0.11333333333333334,33,15,5,37,9611.695466666668
1323,0,6,770818.326,128469.721,0.09411764705882353,42,17,5,57,11347.070352941177,6,770818.326,128469.721,0.09411764705882353,42,17,5,57,11347.070352941177
4090,0,4,507518.5685,126879.64212500001,0.1125,17,7,3,54,18875.1123125,4,507518.5685,126879.64212500001,0.1125,17,7,3,54,18875.1123125
3479,1,7,753259.0395,107608.4342142857,0.09666666666666666,42,15,5,139,9444.377966666663,7,753259.0395,107608.4342142857,0.09666666666666666,42,15,5,139,9444.377966666663
171,0,4,456475.5195,114118.879875,0.14166666666666666,26,11,4,80,9121.908291666667,4,456475.5195,114118.879875,0.14166666666666666,26,11,4,80,9121.908291666667
2716,0,6,797699.3925,132949.89875,0.11538461538461539,34,13,5,17,14538.834807692307,6,797699.3925,132949.89875,0.11538461538461539,34,13,5,17,14538.834807692307
472,0,3,264326.25,88108.75,0.08750000000000001,22,8,4,400,7176.27875,3,264326.25,88108.75,0.08750000000000001,22,8,4,400,7176.27875
42,0,3,454803.704,151601.23466666669,0.12,25,10,4,343,6846.3364,3,454803.704,151601.23466666669,0.12,25,10,4,343,6846.3364
1379,0,2,137966.9715,68983.48575,0.11000000000000001,11,5,3,628,4784.986300000002,2,137966.9715,68983.48575,0.11000000000000001,11,5,3,628,4784.986300000002
2386,1,5,516692.888,103338.57759999999,0.06818181818181818,28,11,3,34,10311.58618181818,5,516692.888,103338.57759999999,0.06818181818181818,28,11,3,34,10311.58618181818
1206,0,3,357915.7745,119305.25816666667,0.09,24,10,4,400,7263.142449999999,3,357915.7745,119305.25816666667,0.09,24,10,4,400,7263.142449999999
3140,1,6,871182.514,145197.08566666665,0.09333333333333332,43,14,5,53,15291.190266666667,6,871182.514,145197.08566666665,0.09333333333333332,43,14,5,53,15291.190266666667
3131,1,6,676241.091,112706.84850000001,0.09285714285714286,38,14,5,109,7785.26935714286,6,676241.091,112706.84850000001,0.09285714285714286,38,14,5,109,7785.26935714286
495,0,7,891320.339,127331.477,0.10555555555555556,50,17,5,98,10344.928833333333,7,891320.339,127331.477,0.10555555555555556,50,17,5,98,10344.928833333333
732,0,5,719660.2215,143932.0443,0.10714285714285714,37,13,4,30,11646.330821428573,5,719660.2215,143932.0443,0.10714285714285714,37,13,4,30,11646.330821428573
1600,0,5,558696.008,111739.20159999999,0.07307692307692307,32,13,4,257,10019.107538461536,5,558696.008,111739.20159999999,0.07307692307692307,32,13,4,257,10019.107538461536
4599,1,4,544104.313,136026.07825,0.07272727272727274,28,11,5,51,10198.605727272725,4,544104.313,136026.07825,0.07272727272727274,28,11,5,51,10198.605727272725
3367,0,4,623677.8785,155919.469625,0.12272727272727274,23,11,5,3,16625.449863636364,4,623677.8785,155919.469625,0.12272727272727274,23,11,5,3,16625.449863636364
129,0,2,214466.421,107233.2105,0.1,12,5,3,83,7114.3802,2,214466.421,107233.2105,0.1,12,5,3,83,7114.3802
1136,0,8,1190015.105,148751.888125,0.0931818181818182,53,21,5,98,11737.638409090909,8,1190015.105,148751.888125,0.0931818181818182,53,21,5,98,11737.638409090909
1193,0,5,658337.7425,131667.5485,0.08750000000000001,30,12,5,59,16881.01104166667,5,658337.7425,131667.5485,0.08750000000000001,30,12,5,59,16881.01104166667
3900,1,2,220186.66499999998,110093.33249999999,0.06000000000000001,8,5,4,313,8698.565,2,220186.66499999998,110093.33249999999,0.06000000000000001,8,5,4,313,8698.565
1230,0,5,672457.1035,134491.4207,0.12000000000000001,41,15,5,50,6826.486233333331,5,672457.1035,134491.4207,0.12000000000000001,41,15,5,50,6826.486233333331
530,0,6,702883.513,117147.25216666667,0.0976190476190476,54,20,5,424,6860.106333333334,6,702883.513,117147.25216666667,0.0976190476190476,54,20,5,424,6860.106333333334
1968,1,6,657602.038,109600.33966666665,0.11764705882352941,35,17,5,74,7348.713411764706,6,657602.038,109600.33966666665,0.11764705882352941,35,17,5,74,7348.713411764706
4034,0,9,1059581.812,117731.31244444444,0.10476190476190476,51,21,5,80,10735.038666666667,9,1059581.812,117731.31244444444,0.10476190476190476,51,21,5,80,10735.038666666667
3090,0,4,438649.9305,109662.48262499999,0.08181818181818182,33,11,5,158,11596.1655,4,438649.9305,109662.48262499999,0.08181818181818182,33,11,5,158,11596.1655
1254,0,4,517703.72250000003,129425.93062500001,0.12272727272727274,24,11,4,72,13950.975681818183,4,517703.72250000003,129425.93062500001,0.12272727272727274,24,11,4,72,13950.975681818183
3180,0,5,444516.26749999996,88903.2535,0.08571428571428572,31,13,5,126,7025.676964285713,5,444516.26749999996,88903.2535,0.08571428571428572,31,13,5,126,7025.676964285713
3524,1,4,341257.9735,85314.493375,0.1,18,7,3,180,13241.550437499998,4,341257.9735,85314.493375,0.1,18,7,3,180,13241.550437499998
4890,0,10,898119.4175,89811.94175,0.0975,51,20,5,131,11713.845375,10,898119.4175,89811.94175,0.0975,51,20,5,131,11713.845375
4579,1,5,544550.923,108910.1846,0.09615384615384616,26,12,4,233,7158.787153846152,5,544550.923,108910.1846,0.09615384615384616,26,12,4,233,7158.787153846152
358,1,3,282776.864,94258.95466666667,0.07222222222222223,18,9,4,62,7696.881555555555,3,282776.864,94258.95466666667,0.07222222222222223,18,9,4,62,7696.881555555555
2832,0,4,489629.317,122407.32925,0.11666666666666665,33,12,5,255,7152.905583333333,4,489629.317,122407.32925,0.11666666666666665,33,12,5,255,7152.905583333333
753,1,2,388577.467,194288.7335,0.15,17,5,2,174,16661.401400000002,2,388577.467,194288.7335,0.15,17,5,2,174,16661.401400000002
2548,0,5,501673.52550000005,100334.7051,0.12777777777777777,25,9,4,273,11713.473944444446,5,501673.52550000005,100334.7051,0.12777777777777777,25,9,4,273,11713.473944444446
2047,0,3,523532.684,174510.89466666666,0.08888888888888889,27,9,5,282,14926.820444444447,3,523532.684,174510.89466666666,0.08888888888888889,27,9,5,282,14926.820444444447
3821,0,4,453840.02150000003,113460.00537500001,0.08125,17,7,4,67,14386.387687500002,4,453840.02150000003,113460.00537500001,0.08125,17,7,4,67,14386.387687500002
4027,0,6,600511.821,100085.3035,0.08750000000000001,30,12,5,113,11168.840083333336,6,600511.821,100085.3035,0.08750000000000001,30,12,5,113,11168.840083333336
1228,0,4,392032.1325,98008.03312500002,0.10625,18,8,4,166,10160.872812500002,4,392032.1325,98008.03312500002,0.10625,18,8,4,166,10160.872812500002
4282,0,2,197302.567,98651.2835,0.09,13,5,4,395,7970.549400000001,2,197302.567,98651.2835,0.09,13,5,4,395,7970.549400000001
780,0,4,403491.028,100872.757,0.08750000000000001,18,8,5,51,12994.092249999998,4,403491.028,100872.757,0.08750000000000001,18,8,5,51,12994.092249999998
3608,1,3,596821.6240000001,198940.54133333336,0.1318181818181818,32,11,4,63,10223.01672727273,3,596821.6240000001,198940.54133333336,0.1318181818181818,32,11,4,63,10223.01672727273
480,0,6,373606.2735,62267.712250000004,0.10384615384615385,32,13,5,56,7076.927961538462,6,373606.2735,62267.712250000004,0.10384615384615385,32,13,5,56,7076.927961538462
1564,0,3,584432.248,194810.74933333334,0.10555555555555557,25,9,5,425,17218.503111111113,3,584432.248,194810.74933333334,0.10555555555555557,25,9,5,425,17218.503111111113
4924,0,4,798949.146,199737.2865,0.08750000000000001,39,16,5,633,12947.910375,4,798949.146,199737.2865,0.08750000000000001,39,16,5,633,12947.910375
2236,1,3,404797.1305,134932.3768333333,0.1125,19,8,4,218,13764.0275625,3,404797.1305,134932.3768333333,0.1125,19,8,4,218,13764.0275625
541,1,2,372644.1155,186322.05775,0.07857142857142858,18,7,4,117,13557.123642857145,2,372644.1155,186322.05775,0.07857142857142858,18,7,4,117,13557.123642857145
3453,0,7,919542.025,131363.14642857143,0.0911764705882353,44,15,5,52,13236.735,7,919542.025,131363.14642857143,0.0911764705882353,44,15,5,52,13236.735
2952,0,5,764875.934,152975.1868,0.11538461538461539,35,13,5,371,9225.006461538462,5,764875.934,152975.1868,0.11538461538461539,35,13,5,371,9225.006461538462
840,0,8,791207.4915,98900.9364375,0.09473684210526316,45,19,5,165,8304.785342105262,8,791207.4915,98900.9364375,0.09473684210526316,45,19,5,165,8304.785342105262
155,1,3,451371.8365,150457.27883333332,0.05833333333333334,18,6,4,198,17517.989416666667,3,451371.8365,150457.27883333332,0.05833333333333334,18,6,4,198,17517.989416666667
429,1,3,290372.5425,96790.84750000002,0.09285714285714286,22,7,4,313,10232.344642857144,3,290372.5425,96790.84750000002,0.09285714285714286,22,7,4,313,10232.344642857144
237,0,2,182001.257,91000.62849999999,0.025,11,4,3,403,7522.036749999999,2,182001.257,91000.62849999999,0.025,11,4,3,403,7522.036749999999
2413,0,5,876614.2595,175322.8519,0.1125,38,12,5,177,18028.41079166667,5,876614.2595,175322.8519,0.1125,38,12,5,177,18028.41079166667
3379,0,5,593350.4275,118670.0855,0.12692307692307694,33,13,5,162,10738.757500000003,5,593350.4275,118670.0855,0.12692307692307694,33,13,5,162,10738.757500000003
2040,1,3,223458.41000000003,74486.13666666667,0.1416666666666667,17,6,5,369,8531.84666666667,3,223458.41000000003,74486.13666666667,0.1416666666666667,17,6,5,369,8531.84666666667
2775,0,4,223032.2155,55758.053875,0.09,10,5,3,7,10452.475100000001,4,223032.2155,55758.053875,0.09,10,5,3,7,10452.475100000001
4307,1,11,1234395.3855,112217.76231818182,0.08620689655172414,78,29,5,177,9565.022948275862,11,1234395.3855,112217.76231818182,0.08620689655172414,78,29,5,177,9565.022948275862
4273,1,4,354870.503,88717.62575,0.06,20,10,5,95,9116.8373,4,354870.503,88717.62575,0.06,20,10,5,95,9116.8373
1181,1,5,475047.44,95009.488,0.11818181818181818,28,11,4,100,10045.48909090909,5,475047.44,95009.488,0.11818181818181818,28,11,4,100,10045.48909090909
2295,0,6,901512.885,150252.1475,0.10333333333333333,36,14,4,251,13662.706333333334,6,901512.885,150252.1475,0.10333333333333333,36,14,4,251,13662.706333333334
1158,0,5,663596.979,132719.3958,0.09090909090909091,34,11,5,161,14301.050818181822,5,663596.979,132719.3958,0.09090909090909091,34,11,5,161,14301.050818181822
2480,0,4,512742.759,128185.68975,0.07916666666666668,25,11,5,208,10222.554083333333,4,512742.759,128185.68975,0.07916666666666668,25,11,5,208,10222.554083333333
3214,0,5,781498.3005,156299.66010000004,0.09642857142857143,35,14,5,123,10465.060035714287,5,781498.3005,156299.66010000004,0.09642857142857143,35,14,5,123,10465.060035714287
3887,0,7,993451.6755,141921.66792857143,0.11176470588235293,44,16,5,170,15961.084441176472,7,993451.6755,141921.66792857143,0.11176470588235293,44,16,5,170,15961.084441176472
2601,0,2,200485.336,100242.668,0.15000000000000002,7,2,2,289,20544.063000000002,2,200485.336,100242.668,0.15000000000000002,7,2,2,289,20544.063000000002
4325,0,4,787864.958,196966.2395,0.09615384615384616,34,12,5,254,14248.596000000001,4,787864.958,196966.2395,0.09615384615384616,34,12,5,254,14248.596000000001
1275,0,4,551629.6205,137907.405125,0.10909090909090909,32,11,5,87,10678.696409090911,4,551629.6205,137907.405125,0.10909090909090909,32,11,5,87,10678.696409090911
1346,0,5,464671.86799999996,92934.37359999999,0.125,24,8,4,249,13580.838499999996,5,464671.86799999996,92934.37359999999,0.125,24,8,4,249,13580.838499999996
4792,0,7,1261644.3125,180234.9017857143,0.10869565217391304,66,21,5,15,10297.210978260868,7,1261644.3125,180234.9017857143,0.10869565217391304,66,21,5,15,10297.210978260868
2152,1,5,618931.3254999999,123786.2651,0.09583333333333334,29,12,5,121,12610.113791666665,5,618931.3254999999,123786.2651,0.09583333333333334,29,12,5,121,12610.113791666665
4926,1,5,628197.3445,125639.4689,0.08499999999999999,28,10,5,317,16473.517450000003,5,628197.3445,125639.4689,0.08499999999999999,28,10,5,317,16473.517450000003
3267,0,4,463982.66449999996,115995.666125,0.10833333333333334,26,11,4,29,9318.389541666667,4,463982.66449999996,115995.666125,0.10833333333333334,26,11,4,29,9318.389541666667
3463,0,2,364739.94299999997,182369.9715,0.07,11,5,3,275,16225.6446,2,364739.94299999997,182369.9715,0.07,11,5,3,275,16225.6446
4626,0,7,926265.4245,132323.63207142855,0.095,48,19,5,182,9686.463225000001,7,926265.4245,132323.63207142855,0.095,48,19,5,182,9686.463225000001
3970,1,7,826256.4400000001,118036.63428571429,0.10312500000000001,38,16,5,158,12276.314375,7,826256.4400000001,118036.63428571429,0.10312500000000001,38,16,5,158,12276.314375
4315,0,2,214925.152,107462.576,0.0875,14,4,3,431,14314.728000000003,2,214925.152,107462.576,0.0875,14,4,3,431,14314.728000000003
109,1,7,1270103.8969999999,181443.41385714285,0.08095238095238096,57,17,5,108,15565.184142857139,7,1270103.8969999999,181443.41385714285,0.08095238095238096,57,17,5,108,15565.184142857139
288,0,3,653958.887,217986.2956666666,0.0875,23,8,5,53,23986.179624999997,3,653958.887,217986.2956666666,0.0875,23,8,5,53,23986.179624999997
693,0,6,485770.288,80961.71466666667,0.125,31,12,4,54,6943.659833333332,6,485770.288,80961.71466666667,0.125,31,12,4,54,6943.659833333332
62,0,2,203019.1165,101509.55825,0.09,12,4,3,414,11152.269299999998,2,203019.1165,101509.55825,0.09,12,4,3,414,11152.269299999998
3892,0,5,723947.8495,144789.5699,0.10263157894736842,46,18,5,227,10081.029973684212,5,723947.8495,144789.5699,0.10263157894736842,46,18,5,227,10081.029973684212
3194,0,5,529310.577,105862.11540000001,0.075,36,14,4,59,8524.332642857144,5,529310.577,105862.11540000001,0.075,36,14,4,59,8524.332642857144
3285,0,4,438886.923,109721.73075,0.1277777777777778,22,9,4,151,7269.338111111112,4,438886.923,109721.73075,0.1277777777777778,22,9,4,151,7269.338111111112
1479,0,3,439608.0425,146536.01416666666,0.09285714285714286,18,7,3,86,16397.021785714285,3,439608.0425,146536.01416666666,0.09285714285714286,18,7,3,86,16397.021785714285
1884,0,4,424099.2075,106024.801875,0.08636363636363636,25,11,5,99,8759.071590909092,4,424099.2075,106024.801875,0.08636363636363636,25,11,5,99,8759.071590909092
1140,0,5,469572.9575,93914.59150000001,0.05909090909090909,27,11,5,128,9691.452500000001,5,469572.9575,93914.59150000001,0.05909090909090909,27,11,5,128,9691.452500000001
4644,0,5,673129.0065,134625.8013,0.09999999999999999,34,11,4,136,14593.579708333331,5,673129.0065,134625.8013,0.09999999999999999,34,11,4,136,14593.579708333331
1939,0,3,255030.881,85010.29366666666,0.10714285714285714,15,6,4,5,6611.420142857145,3,255030.881,85010.29366666666,0.10714285714285714,15,6,4,5,6611.420142857145
4554,0,3,236126.83500000002,78708.94499999999,0.13333333333333333,16,5,4,102,6890.379166666667,3,236126.83500000002,78708.94499999999,0.13333333333333333,16,5,4,102,6890.379166666667
44,1,7,991429.144,141632.73485714284,0.09999999999999999,38,15,5,70,13026.059647058823,7,991429.144,141632.73485714284,0.09999999999999999,38,15,5,70,13026.059647058823
1933,0,6,702168.927,117028.15449999999,0.12333333333333334,38,14,4,193,8015.475133333334,6,702168.927,117028.15449999999,0.12333333333333334,38,14,4,193,8015.475133333334
3734,0,5,801343.3794999999,160268.6759,0.07916666666666668,34,11,5,48,12754.864958333332,5,801343.3794999999,160268.6759,0.07916666666666668,34,11,5,48,12754.864958333332
4095,0,7,1152768.0215,164681.1459285714,0.08,64,25,5,23,9971.606059999998,7,1152768.0215,164681.1459285714,0.08,64,25,5,23,9971.606059999998
3807,0,4,348854.44,87213.61,0.0625,14,4,3,407,21915.63,4,348854.44,87213.61,0.0625,14,4,3,407,21915.63
1569,1,3,273079.7835,91026.5945,0.15,15,6,3,600,1931.260583333334,3,273079.7835,91026.5945,0.15,15,6,3,600,1931.260583333334
3339,1,3,265114.984,88371.66133333334,0.041666666666666664,14,6,4,233,11513.639000000001,3,265114.984,88371.66133333334,0.041666666666666664,14,6,4,233,11513.639000000001
2811,0,6,583980.136,97330.02266666666,0.09000000000000001,35,15,5,172,9226.391066666667,6,583980.136,97330.02266666666,0.09000000000000001,35,15,5,172,9226.391066666667
4888,0,9,916100.6065,101788.95627777778,0.0880952380952381,52,20,5,60,11659.431738095238,9,916100.6065,101788.95627777778,0.0880952380952381,52,20,5,60,11659.431738095238
571,0,5,448461.695,89692.339,0.11153846153846153,33,13,5,222,8118.38576923077,5,448461.695,89692.339,0.11153846153846153,33,13,5,222,8118.38576923077
4746,0,8,890981.672,111372.709,0.125,52,21,5,84,7064.145545454545,8,890981.672,111372.709,0.125,52,21,5,84,7064.145545454545
1369,0,4,527956.8435,131989.210875,0.1,25,9,4,39,17200.40483333333,4,527956.8435,131989.210875,0.1,25,9,4,39,17200.40483333333
3233,0,5,607608.8075,121521.7615,0.07083333333333333,30,12,5,131,10072.438125000002,5,607608.8075,121521.7615,0.07083333333333333,30,12,5,131,10072.438125000002
1274,0,3,189722.086,63240.69533333333,0.07,10,5,2,259,8292.219200000001,3,189722.086,63240.69533333333,0.07,10,5,2,259,8292.219200000001
1796,0,3,405195.451,135065.15033333332,0.1,19,9,5,217,9634.223444444448,3,405195.451,135065.15033333332,0.1,19,9,5,217,9634.223444444448
489,0,6,751772.4959999999,125295.41599999998,0.1,38,15,5,231,11344.716625000001,6,751772.4959999999,125295.41599999998,0.1,38,15,5,231,11344.716625000001
269,0,5,494010.94,98802.188,0.1392857142857143,27,14,4,101,8299.492142857143,5,494010.94,98802.188,0.1392857142857143,27,14,4,101,8299.492142857143
3572,0,5,520397.1125,104079.4225,0.09545454545454546,23,11,4,38,9367.850227272727,5,520397.1125,104079.4225,0.09545454545454546,23,11,4,38,9367.850227272727
4701,0,5,783590.7425,156718.1485,0.115625,45,16,5,101,10029.136406250002,5,783590.7425,156718.1485,0.115625,45,16,5,101,10029.136406250002
4359,0,6,789484.405,131580.73416666666,0.10333333333333333,35,15,5,37,14089.090999999999,6,789484.405,131580.73416666666,0.10333333333333333,35,15,5,37,14089.090999999999
3398,1,10,1047949.846,104794.9846,0.095,49,19,5,91,13145.7358,10,1047949.846,104794.9846,0.095,49,19,5,91,13145.7358
3584,0,1,103894.0185,103894.0185,0.1125,13,4,3,26,6114.132124999999,1,103894.0185,103894.0185,0.1125,13,4,3,26,6114.132124999999
4272,0,4,418327.52849999996,104581.882125,0.085,23,10,3,245,14499.911849999999,4,418327.52849999996,104581.882125,0.085,23,10,3,245,14499.911849999999
2374,0,3,240529.5895,80176.52983333333,0.1,15,8,5,105,6491.891187500001,3,240529.5895,80176.52983333333,0.1,15,8,5,105,6491.891187500001
3362,0,3,614054.3674999999,204684.78916666665,0.10909090909090909,29,11,5,208,16629.455227272727,3,614054.3674999999,204684.78916666665,0.10909090909090909,29,11,5,208,16629.455227272727
4779,0,6,680696.208,113449.368,0.08666666666666667,33,14,5,162,7020.283866666667,6,680696.208,113449.368,0.08666666666666667,33,14,5,162,7020.283866666667
1146,0,6,831453.2805,138575.54675,0.095,50,20,5,322,11394.108025,6,831453.2805,138575.54675,0.095,50,20,5,322,11394.108025
1727,1,3,658036.0985,219345.36616666664,0.08750000000000001,26,8,5,382,22312.5048125,3,658036.0985,219345.36616666664,0.08750000000000001,26,8,5,382,22312.5048125
2621,1,2,159482.93899999998,79741.46949999999,0.09999999999999999,8,3,2,198,17717.48633333333,2,159482.93899999998,79741.46949999999,0.09999999999999999,8,3,2,198,17717.48633333333
2065,0,6,925489.628,154248.27133333334,0.0923076923076923,33,11,5,362,21108.81830769231,6,925489.628,154248.27133333334,0.0923076923076923,33,11,5,362,21108.81830769231
544,0,3,628538.466,209512.82200000001,0.08181818181818182,35,11,4,119,13505.97509090909,3,628538.466,209512.82200000001,0.08181818181818182,35,11,4,119,13505.97509090909
1827,0,2,72304.576,36152.288,0.15000000000000002,4,2,2,324,5862.048000000001,2,72304.576,36152.288,0.15000000000000002,4,2,2,324,5862.048000000001
770,0,2,245815.754,122907.877,0.1285714285714286,12,7,4,189,7824.94342857143,2,245815.754,122907.877,0.1285714285714286,12,7,4,189,7824.94342857143
4847,1,3,317027.76050000003,105675.92016666666,0.1,11,4,3,217,20815.485125000003,3,317027.76050000003,105675.92016666666,0.1,11,4,3,217,20815.485125000003
255,0,4,424802.1724999999,106200.543125,0.075,24,9,5,99,11767.663249999996,4,424802.1724999999,106200.543125,0.075,24,9,5,99,11767.663249999996
353,0,5,537064.173,107412.83459999999,0.07916666666666666,30,12,5,280,11850.626916666663,5,537064.173,107412.83459999999,0.07916666666666666,30,12,5,280,11850.626916666663
459,1,4,312986.985,78246.74625,0.065,25,10,5,49,8316.3375,4,312986.985,78246.74625,0.065,25,10,5,49,8316.3375
4033,0,6,686500.293,114416.71549999999,0.10666666666666667,36,15,5,22,11188.951533333333,6,686500.293,114416.71549999999,0.10666666666666667,36,15,5,22,11188.951533333333
4593,0,8,931136.8045,116392.1005625,0.1125,44,20,5,131,11694.377725,8,931136.8045,116392.1005625,0.1125,44,20,5,131,11694.377725
2179,0,1,147294.826,147294.826,0.025,8,4,3,539,10198.333999999999,1,147294.826,147294.826,0.025,8,4,3,539,10198.333999999999
3329,0,7,683249.694,97607.09914285713,0.084375,37,15,5,372,11422.726499999999,7,683249.694,97607.09914285713,0.084375,37,15,5,372,11422.726499999999
4684,0,7,1117406.7995,159629.5427857143,0.10500000000000001,57,20,5,23,13756.241474999999,7,1117406.7995,159629.5427857143,0.10500000000000001,57,20,5,23,13756.241474999999
4757,0,3,570986.871,190328.95700000002,0.10555555555555556,22,9,5,167,16674.87122222222,3,570986.871,190328.95700000002,0.10555555555555556,22,9,5,167,16674.87122222222
4479,1,5,425553.308,85110.6616,0.07777777777777778,22,9,4,49,9794.00088888889,5,425553.308,85110.6616,0.07777777777777778,22,9,4,49,9794.00088888889
3097,0,5,866587.716,173317.54320000001,0.08235294117647059,41,17,4,113,12740.244470588235,5,866587.716,173317.54320000001,0.08235294117647059,41,17,4,113,12740.244470588235
1818,0,2,308180.511,154090.2555,0.06666666666666667,11,3,2,750,32577.95033333334,2,308180.511,154090.2555,0.06666666666666667,11,3,2,750,32577.95033333334
482,0,5,538008.4924999999,107601.69849999998,0.08,27,10,4,32,8598.974249999997,5,538008.4924999999,107601.69849999998,0.08,27,10,4,32,8598.974249999997
331,0,3,443723.75800000003,147907.91933333335,0.09285714285714286,16,6,3,26,19105.311142857146,3,443723.75800000003,147907.91933333335,0.09285714285714286,16,6,3,26,19105.311142857146
2722,0,3,543029.079,181009.693,0.05,23,8,5,268,19954.415444444443,3,543029.079,181009.693,0.05,23,8,5,268,19954.415444444443
4132,0,3,182766.149,60922.049666666666,0.08,9,5,3,98,7729.5638000000035,3,182766.149,60922.049666666666,0.08,9,5,3,98,7729.5638000000035
59,1,1,226780.89,226780.89,0.0625,14,4,3,151,6211.157500000001,1,226780.89,226780.89,0.0625,14,4,3,151,6211.157500000001
3998,0,5,385468.4565,77093.69129999999,0.11666666666666668,28,11,4,41,9403.629708333334,5,385468.4565,77093.69129999999,0.11666666666666668,28,11,4,41,9403.629708333334
2056,0,3,583151.679,194383.89300000004,0.09285714285714286,22,7,4,61,23661.88985714286,3,583151.679,194383.89300000004,0.09285714285714286,22,7,4,61,23661.88985714286
4834,0,6,498973.4935,83162.24891666666,0.10909090909090909,27,11,4,286,10321.09668181818,6,498973.4935,83162.24891666666,0.10909090909090909,27,11,4,286,10321.09668181818
2503,0,3,325871.172,108623.724,0.11875,21,8,4,24,5149.808999999998,3,325871.172,108623.724,0.11875,21,8,4,24,5149.808999999998
4641,1,4,590337.616,147584.404,0.1,31,11,5,351,12367.763272727274,4,590337.616,147584.404,0.1,31,11,5,351,12367.763272727274
1107,0,6,612488.7965,102081.46608333335,0.1125,37,16,5,256,7407.98540625,6,612488.7965,102081.46608333335,0.1125,37,16,5,256,7407.98540625
401,1,6,792014.6455,132002.44091666667,0.078125,34,15,5,101,14408.784093750002,6,792014.6455,132002.44091666667,0.078125,34,15,5,101,14408.784093750002
2902,1,6,1119715.5475,186619.25791666665,0.09999999999999999,48,16,5,51,18846.28926470588,6,1119715.5475,186619.25791666665,0.09999999999999999,48,16,5,51,18846.28926470588
4771,0,2,120157.3505,60078.67525,0.08333333333333333,7,3,3,108,12082.970166666666,2,120157.3505,60078.67525,0.08333333333333333,7,3,3,108,12082.970166666666
4010,0,4,250261.2875,62565.321875,0.0642857142857143,17,7,4,293,10914.81392857143,4,250261.2875,62565.321875,0.0642857142857143,17,7,4,293,10914.81392857143
4319,1,8,949479.86,118684.9825,0.09130434782608696,52,23,5,270,10225.171304347825,8,949479.86,118684.9825,0.09130434782608696,52,23,5,270,10225.171304347825
4233,0,6,599251.305,99875.21750000001,0.1142857142857143,34,14,5,221,9773.451071428572,6,599251.305,99875.21750000001,0.1142857142857143,34,14,5,221,9773.451071428572
3588,1,3,306202.369,102067.45633333334,0.06666666666666667,14,6,3,34,14458.026499999998,3,306202.369,102067.45633333334,0.06666666666666667,14,6,3,34,14458.026499999998
2684,0,4,443115.11950000003,110778.77987500001,0.12307692307692308,29,12,5,286,8363.394576923078,4,443115.11950000003,110778.77987500001,0.12307692307692308,29,12,5,286,8363.394576923078
1615,0,5,679039.9665,135807.99330000003,0.05833333333333334,30,12,4,1,17777.095541666666,5,679039.9665,135807.99330000003,0.05833333333333334,30,12,4,1,17777.095541666666
3611,1,10,1331716.916,133171.6916,0.10571428571428572,82,32,5,3,10116.592171428572,10,1331716.916,133171.6916,0.10571428571428572,82,32,5,3,10116.592171428572
2255,0,4,327637.8695,81909.467375,0.10714285714285714,18,7,3,52,11715.892785714284,4,327637.8695,81909.467375,0.10714285714285714,18,7,3,52,11715.892785714284
1128,0,2,146850.468,73425.234,0.10000000000000002,7,3,3,38,14419.512666666664,2,146850.468,73425.234,0.10000000000000002,7,3,3,38,14419.512666666664
2662,0,5,563203.786,112640.7572,0.11000000000000001,23,10,4,72,10647.404599999998,5,563203.786,112640.7572,0.11000000000000001,23,10,4,72,10647.404599999998
373,0,2,286938.63300000003,143469.31650000002,0.08,14,5,3,441,15156.534600000003,2,286938.63300000003,143469.31650000002,0.08,14,5,3,441,15156.534600000003
3191,0,5,724040.4959999999,144808.0992,0.08214285714285716,34,14,5,42,14856.359714285712,5,724040.4959999999,144808.0992,0.08214285714285716,34,14,5,42,14856.359714285712
2073,1,4,501066.5615,125266.640375,0.09285714285714286,32,12,4,111,8793.910107142856,4,501066.5615,125266.640375,0.09285714285714286,32,12,4,111,8793.910107142856
4618,0,7,1125254.202,160750.6002857143,0.11750000000000001,57,20,5,245,12902.6446,7,1125254.202,160750.6002857143,0.11750000000000001,57,20,5,245,12902.6446
947,0,5,1077341.236,215468.2472,0.11333333333333333,44,14,5,86,19367.2044,5,1077341.236,215468.2472,0.11333333333333333,44,14,5,86,19367.2044
1467,0,2,307763.2745,153881.63724999997,0.15,18,7,5,677,9427.824928571426,2,307763.2745,153881.63724999997,0.15,18,7,5,677,9427.824928571426
284,1,5,776881.652,155376.3304,0.12000000000000001,43,15,5,106,12173.2348,5,776881.652,155376.3304,0.12000000000000001,43,15,5,106,12173.2348
3246,1,4,653363.0835,163340.770875,0.095,25,10,4,346,17020.07035,4,653363.0835,163340.770875,0.095,25,10,4,346,17020.07035
3244,0,3,311899.67500000005,103966.55833333335,0.10000000000000002,14,5,5,265,12323.160833333337,3,311899.67500000005,103966.55833333335,0.10000000000000002,14,5,5,265,12323.160833333337
1378,0,5,337050.315,67410.063,0.08636363636363636,27,11,5,248,6386.601363636364,5,337050.315,67410.063,0.08636363636363636,27,11,5,248,6386.601363636364
4006,0,3,150834.9265,50278.308833333336,0.1375,6,4,3,113,10936.061624999998,3,150834.9265,50278.308833333336,0.1375,6,4,3,113,10936.061624999998
3451,0,4,326032.21150000003,81508.052875,0.11500000000000002,18,10,5,309,7697.55315,4,326032.21150000003,81508.052875,0.11500000000000002,18,10,5,309,7697.55315
971,0,7,467784.42699999997,66826.34671428571,0.10833333333333334,30,12,5,126,9032.778916666664,7,467784.42699999997,66826.34671428571,0.10833333333333334,30,12,5,126,9032.778916666664
4743,0,4,179144.8075,44786.201875,0.09285714285714286,18,7,4,407,6468.986785714286,4,179144.8075,44786.201875,0.09285714285714286,18,7,4,407,6468.986785714286
1728,1,4,413124.494,103281.1235,0.10909090909090909,21,11,4,310,8259.75218181818,4,413124.494,103281.1235,0.10909090909090909,21,11,4,310,8259.75218181818
3529,1,1,146129.688,146129.688,0.15,6,2,2,417,11339.263999999996,1,146129.688,146129.688,0.15,6,2,2,417,11339.263999999996
3787,1,7,708329.225,101189.8892857143,0.09615384615384616,37,13,5,192,15129.150384615386,7,708329.225,101189.8892857143,0.09615384615384616,37,13,5,192,15129.150384615386
3266,0,7,1035639.756,147948.5365714286,0.1,46,17,5,76,12538.08977777778,7,1035639.756,147948.5365714286,0.1,46,17,5,76,12538.08977777778
3078,1,3,475511.587,158503.86233333332,0.07142857142857142,19,7,4,141,18404.098142857143,3,475511.587,158503.86233333332,0.07142857142857142,19,7,4,141,18404.098142857143
1631,0,2,370328.3085,185164.15425,0.11000000000000001,16,5,3,333,19086.125699999997,2,370328.3085,185164.15425,0.11000000000000001,16,5,3,333,19086.125699999997
3822,0,3,502812.8895,167604.29650000003,0.125,22,8,3,133,14315.992437500001,3,502812.8895,167604.29650000003,0.125,22,8,3,133,14315.992437500001
1073,0,5,823553.5425,164710.7085,0.08928571428571429,37,14,4,34,15017.318035714285,5,823553.5425,164710.7085,0.08928571428571429,37,14,4,34,15017.318035714285
1436,0,3,370634.47199999995,123544.82400000001,0.08333333333333333,15,6,4,372,16642.68033333333,3,370634.47199999995,123544.82400000001,0.08333333333333333,15,6,4,372,16642.68033333333
1001,1,6,893908.0645,148984.67741666667,0.09210526315789473,49,19,4,124,10949.287605263156,6,893908.0645,148984.67741666667,0.09210526315789473,49,19,4,124,10949.287605263156
1022,0,4,192472.862,48118.2155,0.11000000000000001,13,5,4,161,6861.284399999999,4,192472.862,48118.2155,0.11000000000000001,13,5,4,161,6861.284399999999
290,1,9,814986.635,90554.07055555556,0.09772727272727272,48,21,5,60,8968.4475,9,814986.635,90554.07055555556,0.09772727272727272,48,21,5,60,8968.4475
930,0,6,660023.4445,110003.90741666667,0.09736842105263159,51,17,5,9,8071.6755,6,660023.4445,110003.90741666667,0.09736842105263159,51,17,5,9,8071.6755
1101,0,5,552680.7405000001,110536.14810000002,0.10625,38,16,5,163,9866.933156250003,5,552680.7405000001,110536.14810000002,0.10625,38,16,5,163,9866.933156250003
545,1,5,484501.352,96900.27040000001,0.09000000000000001,34,15,5,235,6843.453466666669,5,484501.352,96900.27040000001,0.09000000000000001,34,15,5,235,6843.453466666669
2570,0,7,757442.075,108206.0107142857,0.090625,37,15,5,150,11121.845937499998,7,757442.075,108206.0107142857,0.090625,37,15,5,150,11121.845937499998
997,0,5,550005.214,110001.04280000001,0.0923076923076923,34,13,5,12,6206.217230769232,5,550005.214,110001.04280000001,0.0923076923076923,34,13,5,12,6206.217230769232
1477,0,5,618339.4815,123667.8963,0.12000000000000001,31,14,4,315,7653.927433333335,5,618339.4815,123667.8963,0.12000000000000001,31,14,4,315,7653.927433333335
1993,1,6,908393.3225,151398.88708333333,0.10555555555555556,43,18,5,33,11419.382361111111,6,908393.3225,151398.88708333333,0.10555555555555556,43,18,5,33,11419.382361111111
442,0,3,645663.369,215221.123,0.045,28,10,5,80,16823.0359,3,645663.369,215221.123,0.045,28,10,5,80,16823.0359
585,0,6,255842.638,42640.439666666665,0.09999999999999999,15,6,4,5,11821.703,6,255842.638,42640.439666666665,0.09999999999999999,15,6,4,5,11821.703
2610,0,5,575487.7385,115097.5477,0.14,28,10,5,40,11275.81485,5,575487.7385,115097.5477,0.14,28,10,5,40,11275.81485
2670,1,6,852810.9715,142135.16191666666,0.084375,42,16,5,144,12489.36071875,6,852810.9715,142135.16191666666,0.084375,42,16,5,144,12489.36071875
266,1,6,829880.904,138313.48400000003,0.1,49,18,5,177,8872.626333333335,6,829880.904,138313.48400000003,0.1,49,18,5,177,8872.626333333335
3951,1,7,767661.5785,109665.93978571428,0.09736842105263159,40,19,5,28,9325.343078947368,7,767661.5785,109665.93978571428,0.09736842105263159,40,19,5,28,9325.343078947368
735,0,9,1278528.803,142058.7558888889,0.12692307692307694,60,25,5,101,9911.7255,9,1278528.803,142058.7558888889,0.12692307692307694,60,25,5,101,9911.7255
4036,0,6,605006.5555,100834.42591666667,0.07857142857142858,30,14,5,456,10267.698250000001,6,605006.5555,100834.42591666667,0.07857142857142858,30,14,5,456,10267.698250000001
1574,0,4,448806.366,112201.5915,0.10909090909090909,26,11,5,179,8636.729636363636,4,448806.366,112201.5915,0.10909090909090909,26,11,5,179,8636.729636363636
2690,0,5,712276.605,142455.321,0.09000000000000001,40,13,5,282,11700.247666666666,5,712276.605,142455.321,0.09000000000000001,40,13,5,282,11700.247666666666
4178,1,4,459849.9855,114962.49637499999,0.095,26,9,5,62,6758.72355,4,459849.9855,114962.49637499999,0.095,26,9,5,62,6758.72355
1996,1,2,265941.89650000003,132970.94825000002,0.09,10,5,3,388,4191.645300000005,2,265941.89650000003,132970.94825000002,0.09,10,5,3,388,4191.645300000005
1312,0,5,853937.732,170787.5464,0.10454545454545454,30,10,5,118,20787.70745454545,5,853937.732,170787.5464,0.10454545454545454,30,10,5,118,20787.70745454545
1515,1,4,446059.8945,111514.97362500001,0.13,22,10,5,83,10182.513450000002,4,446059.8945,111514.97362500001,0.13,22,10,5,83,10182.513450000002
961,1,5,464372.295,92874.459,0.08,26,10,4,161,11706.7325,5,464372.295,92874.459,0.08,26,10,4,161,11706.7325
4736,0,8,1140495.667,142561.958375,0.09347826086956522,57,22,5,104,12208.013782608696,8,1140495.667,142561.958375,0.09347826086956522,57,22,5,104,12208.013782608696
1281,1,4,690412.527,172603.13175,0.08076923076923077,35,13,5,149,14080.27976923077,4,690412.527,172603.13175,0.08076923076923077,35,13,5,149,14080.27976923077
977,0,5,661970.8655000001,132394.1731,0.1076923076923077,30,13,4,140,11826.949653846154,5,661970.8655000001,132394.1731,0.1076923076923077,30,13,4,140,11826.949653846154
4037,1,5,611307.5839999999,122261.51679999998,0.08181818181818182,30,11,5,410,16959.671272727268,5,611307.5839999999,122261.51679999998,0.08181818181818182,30,11,5,410,16959.671272727268
355,0,1,57503.2,57503.2,0.0,4,1,1,368,8966.159999999996,1,57503.2,57503.2,0.0,4,1,1,368,8966.159999999996
3967,0,2,208990.44700000001,104495.22350000001,0.09166666666666667,10,6,5,41,8339.866166666669,2,208990.44700000001,104495.22350000001,0.09166666666666667,10,6,5,41,8339.866166666669
3054,0,3,123254.6175,41084.872500000005,0.10833333333333334,13,6,3,290,5978.769583333334,3,123254.6175,41084.872500000005,0.10833333333333334,13,6,3,290,5978.769583333334
3885,0,3,641130.342,213710.11400000003,0.05714285714285715,22,7,4,336,30183.048857142858,3,641130.342,213710.11400000003,0.05714285714285715,22,7,4,336,30183.048857142858
4384,1,6,552718.72,92119.78666666667,0.10357142857142856,30,14,5,28,7652.431428571428,6,552718.72,92119.78666666667,0.10357142857142856,30,14,5,28,7652.431428571428
187,0,2,372039.564,186019.782,0.1,21,8,4,79,10807.085499999997,2,372039.564,186019.782,0.1,21,8,4,79,10807.085499999997
471,0,2,153637.3465,76818.67324999999,0.09166666666666667,11,6,4,39,5552.864416666667,2,153637.3465,76818.67324999999,0.09166666666666667,11,6,4,39,5552.864416666667
2275,0,5,637486.191,127497.23819999999,0.11000000000000001,29,9,5,39,10080.8621,5,637486.191,127497.23819999999,0.11000000000000001,29,9,5,39,10080.8621
3773,0,4,313294.849,78323.71225,0.12916666666666668,25,12,5,355,4976.537416666665,4,313294.849,78323.71225,0.12916666666666668,25,12,5,355,4976.537416666665
490,0,6,631633.296,105272.21600000001,0.11071428571428572,31,13,5,168,12802.809714285713,6,631633.296,105272.21600000001,0.11071428571428572,31,13,5,168,12802.809714285713
2647,0,3,441501.0395,147167.01316666667,0.1,22,9,5,95,10194.534388888891,3,441501.0395,147167.01316666667,0.1,22,9,5,95,10194.534388888891
4176,1,6,1034617.8555,172436.30925,0.08499999999999999,52,20,5,13,13805.563274999999,6,1034617.8555,172436.30925,0.08499999999999999,52,20,5,13,13805.563274999999
1433,0,6,831509.807,138584.96783333333,0.1576923076923077,40,13,5,82,9929.270538461538,6,831509.807,138584.96783333333,0.1576923076923077,40,13,5,82,9929.270538461538
884,0,4,504015.12600000005,126003.78150000001,0.13,23,10,4,48,11485.132600000003,4,504015.12600000005,126003.78150000001,0.13,23,10,4,48,11485.132600000003
2291,1,3,211239.698,70413.23266666668,0.075,15,6,3,21,7285.024666666667,3,211239.698,70413.23266666668,0.075,15,6,3,21,7285.024666666667
1102,0,6,782922.0805,130487.01341666667,0.08,39,15,5,4,12863.937366666669,6,782922.0805,130487.01341666667,0.08,39,15,5,4,12863.937366666669
415,1,4,576946.0735,144236.51837499999,0.11923076923076924,29,13,4,342,10727.293346153847,4,576946.0735,144236.51837499999,0.11923076923076924,29,13,4,342,10727.293346153847
506,0,3,412178.144,137392.71466666667,0.061111111111111116,20,8,4,330,10456.698222222221,3,412178.144,137392.71466666667,0.061111111111111116,20,8,4,330,10456.698222222221
4002,0,6,647580.4005,107930.06675,0.11875,36,16,5,18,7304.8075312500005,6,647580.4005,107930.06675,0.11875,36,16,5,18,7304.8075312500005
4008,0,4,457213.837,114303.45925,0.095,24,10,5,148,7427.0497000000005,4,457213.837,114303.45925,0.095,24,10,5,148,7427.0497000000005
3437,0,5,626201.563,125240.31259999999,0.06999999999999999,22,10,5,373,17082.6663,5,626201.563,125240.31259999999,0.06999999999999999,22,10,5,373,17082.6663
4446,0,4,361526.9405,90381.735125,0.1111111111111111,20,9,5,145,8443.958944444446,4,361526.9405,90381.735125,0.1111111111111111,20,9,5,145,8443.958944444446
4999,0,10,958622.429,95862.2429,0.1125,52,17,5,15,12131.21945,10,958622.429,95862.2429,0.1125,52,17,5,15,12131.21945
2804,0,4,389378.853,97344.71325,0.08499999999999999,21,10,5,21,9093.7293,4,389378.853,97344.71325,0.08499999999999999,21,10,5,21,9093.7293
853,1,5,620988.1930000001,124197.63859999999,0.11538461538461539,35,13,4,198,11084.054076923077,5,620988.1930000001,124197.63859999999,0.11538461538461539,35,13,4,198,11084.054076923077
2746,0,7,1225572.1535,175081.73621428572,0.09285714285714286,64,21,5,1,12132.452547619047,7,1225572.1535,175081.73621428572,0.09285714285714286,64,21,5,1,12132.452547619047
2181,0,2,152789.671,76394.8355,0.11000000000000001,10,5,4,740,6951.910199999997,2,152789.671,76394.8355,0.11000000000000001,10,5,4,740,6951.910199999997
2279,1,3,376841.8085,125613.93616666667,0.125,25,10,5,30,9305.88085,3,376841.8085,125613.93616666667,0.125,25,10,5,30,9305.88085
4154,1,5,351175.8905,70235.17809999999,0.08125,21,8,5,104,11055.531312499998,5,351175.8905,70235.17809999999,0.08125,21,8,5,104,11055.531312499998
487,1,5,560583.578,112116.7156,0.10666666666666667,31,15,5,194,5935.568533333334,5,560583.578,112116.7156,0.10666666666666667,31,15,5,194,5935.568533333334
670,0,3,564274.0380000001,188091.34600000002,0.1,24,9,4,58,15095.139777777782,3,564274.0380000001,188091.34600000002,0.1,24,9,4,58,15095.139777777782
3216,1,5,684650.674,136930.1348,0.06923076923076923,33,13,5,25,13496.139538461539,5,684650.674,136930.1348,0.06923076923076923,33,13,5,25,13496.139538461539
1090,1,3,219370.244,73123.41466666666,0.075,12,6,4,150,8409.005666666666,3,219370.244,73123.41466666666,0.075,12,6,4,150,8409.005666666666
4453,0,6,511735.462,85289.24366666666,0.10312500000000001,35,16,5,10,7315.285125000001,6,511735.462,85289.24366666666,0.10312500000000001,35,16,5,10,7315.285125000001
4865,0,4,779617.971,194904.49275000003,0.05500000000000001,31,10,4,236,22801.6031,4,779617.971,194904.49275000003,0.05500000000000001,31,10,4,236,22801.6031
4424,0,3,562186.546,187395.51533333331,0.08125,22,8,4,481,21958.496999999996,3,562186.546,187395.51533333331,0.08125,22,8,4,481,21958.496999999996
968,0,2,393248.231,196624.1155,0.11666666666666665,17,6,3,227,17870.8835,2,393248.231,196624.1155,0.11666666666666665,17,6,3,227,17870.8835
2032,0,7,1052049.3895,150292.76992857145,0.12941176470588237,42,17,5,88,13150.445264705882,7,1052049.3895,150292.76992857145,0.12941176470588237,42,17,5,88,13150.445264705882
4405,0,6,479407.029,79901.17150000001,0.11153846153846153,36,12,5,392,9351.288384615385,6,479407.029,79901.17150000001,0.11153846153846153,36,12,5,392,9351.288384615385
213,1,3,215471.6695,71823.88983333333,0.0875,15,8,5,305,6011.656187499999,3,215471.6695,71823.88983333333,0.0875,15,8,5,305,6011.656187499999
3313,0,5,729801.19,145960.23799999998,0.08461538461538462,28,12,5,61,16374.136153846152,5,729801.19,145960.23799999998,0.08461538461538462,28,12,5,61,16374.136153846152
867,0,10,709529.3925,70952.93925,0.1,41,18,5,6,8549.75847222222,10,709529.3925,70952.93925,0.1,41,18,5,6,8549.75847222222
1551,0,5,1230892.9585,246178.59170000005,0.09642857142857143,46,14,5,284,17712.56417857143,5,1230892.9585,246178.59170000005,0.09642857142857143,46,14,5,284,17712.56417857143
4669,1,3,320598.306,106866.102,0.10625000000000001,23,7,2,135,10802.609499999999,3,320598.306,106866.102,0.10625000000000001,23,7,2,135,10802.609499999999
3651,0,3,326779.62,108926.54,0.09375,16,8,3,269,11888.530000000002,3,326779.62,108926.54,0.09375,16,8,3,269,11888.530000000002
3416,0,4,421578.49,105394.6225,0.125,20,8,4,253,15079.483750000001,4,421578.49,105394.6225,0.125,20,8,4,253,15079.483750000001
1216,0,3,345888.619,115296.20633333334,0.11000000000000001,15,5,3,81,19914.963800000005,3,345888.619,115296.20633333334,0.11000000000000001,15,5,3,81,19914.963800000005
4117,1,3,471991.594,157330.53133333332,0.07222222222222223,22,7,4,92,13239.160444444444,3,471991.594,157330.53133333332,0.07222222222222223,22,7,4,92,13239.160444444444
3145,0,4,253366.495,63341.62375,0.12142857142857144,12,7,4,20,6453.476428571427,4,253366.495,63341.62375,0.12142857142857144,12,7,4,20,6453.476428571427
1271,0,4,409856.113,102464.02825,0.07857142857142858,22,7,4,104,13165.311857142859,4,409856.113,102464.02825,0.07857142857142858,22,7,4,104,13165.311857142859
477,0,3,213500.587,71166.86233333334,0.10714285714285714,18,7,4,214,7691.605285714285,3,213500.587,71166.86233333334,0.10714285714285714,18,7,4,214,7691.605285714285
2792,0,3,175493.858,58497.95266666667,0.1,12,5,4,214,4764.931599999999,3,175493.858,58497.95266666667,0.1,12,5,4,214,4764.931599999999
7,0,8,1142872.0745,142859.0093125,0.10500000000000001,58,20,5,57,11554.733725000002,8,1142872.0745,142859.0093125,0.10500000000000001,58,20,5,57,11554.733725000002
2767,0,6,868704.336,144784.056,0.06666666666666667,44,15,5,96,13972.631733333334,6,868704.336,144784.056,0.06666666666666667,44,15,5,96,13972.631733333334
2721,0,2,128840.8845,64420.44225,0.1,12,5,4,179,5466.438900000001,2,128840.8845,64420.44225,0.1,12,5,4,179,5466.438900000001
1205,0,5,707162.5480000001,141432.50960000002,0.09666666666666666,40,15,5,9,12540.525866666665,5,707162.5480000001,141432.50960000002,0.09666666666666666,40,15,5,9,12540.525866666665
4751,0,5,756827.9445,151365.5889,0.1,36,14,5,6,12948.7443,5,756827.9445,151365.5889,0.1,36,14,5,6,12948.7443
4822,1,6,550418.745,91736.4575,0.11071428571428572,38,14,5,365,7963.250357142858,6,550418.745,91736.4575,0.11071428571428572,38,14,5,365,7963.250357142858
4737,1,6,622541.694,103756.94900000001,0.10833333333333334,30,12,5,1,11052.442833333334,6,622541.694,103756.94900000001,0.10833333333333334,30,12,5,1,11052.442833333334
2514,0,4,311434.12100000004,77858.53025000001,0.10714285714285714,19,7,4,237,9293.630142857144,4,311434.12100000004,77858.53025000001,0.10714285714285714,19,7,4,237,9293.630142857144
1462,0,3,257607.803,85869.26766666667,0.14285714285714285,16,7,5,619,7572.376142857142,3,257607.803,85869.26766666667,0.14285714285714285,16,7,5,619,7572.376142857142
3850,1,3,649491.878,216497.29266666668,0.1111111111111111,26,9,5,0,19530.643111111112,3,649491.878,216497.29266666668,0.1111111111111111,26,9,5,0,19530.643111111112
1904,0,3,563297.4890000001,187765.8296666667,0.08571428571428572,20,7,5,37,13781.987000000006,3,563297.4890000001,187765.8296666667,0.08571428571428572,20,7,5,37,13781.987000000006
1308,0,4,413594.147,103398.53675,0.12,20,10,4,136,8135.565699999999,4,413594.147,103398.53675,0.12,20,10,4,136,8135.565699999999
453,0,4,704815.31,176203.8275,0.09583333333333334,32,12,5,241,13682.396666666667,4,704815.31,176203.8275,0.09583333333333334,32,12,5,241,13682.396666666667
4214,0,7,1051991.7655,150284.53792857143,0.1261904761904762,56,21,5,292,10823.585023809523,7,1051991.7655,150284.53792857143,0.1261904761904762,56,21,5,292,10823.585023809523
3341,0,2,315879.1335,157939.56675,0.0875,12,4,3,61,23380.340874999998,2,315879.1335,157939.56675,0.0875,12,4,3,61,23380.340874999998
1238,0,6,603440.471,100573.41183333333,0.08333333333333333,39,15,5,117,8884.0674,6,603440.471,100573.41183333333,0.08333333333333333,39,15,5,117,8884.0674
746,0,6,877804.224,146300.704,0.13,44,15,5,115,11109.059600000002,6,877804.224,146300.704,0.13,44,15,5,115,11109.059600000002
4126,0,8,745556.9545,93194.6193125,0.096875,40,16,5,209,10982.57153125,8,745556.9545,93194.6193125,0.096875,40,16,5,209,10982.57153125
4172,0,2,228104.0545,114052.02725,0.06999999999999999,13,5,4,74,13704.436899999997,2,228104.0545,114052.02725,0.06999999999999999,13,5,4,74,13704.436899999997
738,1,9,1729227.1035,192136.34483333334,0.10740740740740741,73,25,5,17,19179.55087037037,9,1729227.1035,192136.34483333334,0.10740740740740741,73,25,5,17,19179.55087037037
2784,0,2,159986.7095,79993.35475,0.16666666666666666,16,6,4,316,1908.7699166666673,2,159986.7095,79993.35475,0.16666666666666666,16,6,4,316,1908.7699166666673
4835,0,4,583653.4795,145913.369875,0.1076923076923077,33,13,5,143,9722.542269230771,4,583653.4795,145913.369875,0.1076923076923077,33,13,5,143,9722.542269230771
602,1,4,602190.2660000001,150547.56650000002,0.09,23,10,5,50,13963.695600000001,4,602190.2660000001,150547.56650000002,0.09,23,10,5,50,13963.695600000001
2076,0,2,339989.815,169994.90749999997,0.10833333333333334,13,6,3,280,14960.719166666668,2,339989.815,169994.90749999997,0.10833333333333334,13,6,3,280,14960.719166666668
1740,0,5,487780.74700000003,97556.1494,0.08333333333333333,21,9,4,200,12299.570777777779,5,487780.74700000003,97556.1494,0.08333333333333333,21,9,4,200,12299.570777777779
2983,0,3,121822.674,40607.558,0.016666666666666666,4,3,2,374,16067.284666666666,3,121822.674,40607.558,0.016666666666666666,4,3,2,374,16067.284666666666
789,0,5,216779.9855,43355.99709999999,0.125,18,8,4,243,4659.015687499999,5,216779.9855,43355.99709999999,0.125,18,8,4,243,4659.015687499999
1259,0,7,855355.6735,122193.66764285714,0.11333333333333333,40,15,5,69,11881.459566666665,7,855355.6735,122193.66764285714,0.11333333333333333,40,15,5,69,11881.459566666665
404,0,2,185405.745,92702.8725,0.09999999999999999,11,6,3,34,9351.085833333333,2,185405.745,92702.8725,0.09999999999999999,11,6,3,34,9351.085833333333
741,1,4,264917.117,66229.27924999999,0.07272727272727274,27,11,5,167,5261.050636363637,4,264917.117,66229.27924999999,0.07272727272727274,27,11,5,167,5261.050636363637
1881,0,2,37263.354,18631.677,0.07500000000000001,5,2,2,531,6474.127,2,37263.354,18631.677,0.07500000000000001,5,2,2,531,6474.127
3809,0,4,344752.52499999997,86188.13125,0.10454545454545454,24,11,4,103,7742.573181818181,4,344752.52499999997,86188.13125,0.10454545454545454,24,11,4,103,7742.573181818181
4407,0,4,746458.1,186614.525,0.11818181818181818,33,11,4,59,10165.746363636361,4,746458.1,186614.525,0.11818181818181818,33,11,4,59,10165.746363636361
913,0,2,288824.5365,144412.26825,0.07857142857142858,19,7,4,207,12789.253785714285,2,288824.5365,144412.26825,0.07857142857142858,19,7,4,207,12789.253785714285
3937,0,4,565672.647,141418.16175,0.075,26,10,5,86,11094.935700000002,4,565672.647,141418.16175,0.075,26,10,5,86,11094.935700000002
298,0,5,651774.135,130354.827,0.1,34,14,4,168,9257.12178571429,5,651774.135,130354.827,0.1,34,14,4,168,9257.12178571429
3701,0,5,501038.236,100207.6472,0.1111111111111111,24,9,4,460,10309.192888888887,5,501038.236,100207.6472,0.1111111111111111,24,9,4,460,10309.192888888887
1212,1,3,244561.048,81520.34933333333,0.16666666666666666,17,6,3,1,10295.123000000001,3,244561.048,81520.34933333333,0.16666666666666666,17,6,3,1,10295.123000000001
2851,0,4,503594.06,125898.515,0.1111111111111111,28,9,5,231,9631.121111111112,4,503594.06,125898.515,0.1111111111111111,28,9,5,231,9631.121111111112
3765,0,4,468708.98850000004,117177.24712500001,0.10833333333333334,32,11,4,317,5449.910708333334,4,468708.98850000004,117177.24712500001,0.10833333333333334,32,11,4,317,5449.910708333334
1131,0,3,193130.178,64376.726,0.09166666666666667,14,6,3,605,5655.068,3,193130.178,64376.726,0.09166666666666667,14,6,3,605,5655.068
468,0,5,794809.8175,158961.9635,0.1,40,16,5,165,12573.69046875,5,794809.8175,158961.9635,0.1,40,16,5,165,12573.69046875
2998,0,6,458054.3485,76342.39141666667,0.12083333333333335,27,12,5,148,10254.237374999999,6,458054.3485,76342.39141666667,0.12083333333333335,27,12,5,148,10254.237374999999
368,1,3,293151.031,97717.01033333334,0.09999999999999999,20,7,4,325,6140.22157142857,3,293151.031,97717.01033333334,0.09999999999999999,20,7,4,325,6140.22157142857
2642,0,5,361838.164,72367.63279999999,0.07727272727272728,17,11,5,226,9912.800363636365,5,361838.164,72367.63279999999,0.07727272727272728,17,11,5,226,9912.800363636365
2247,0,5,555941.026,111188.2052,0.10625000000000001,21,8,4,22,20002.0095,5,555941.026,111188.2052,0.10625000000000001,21,8,4,22,20002.0095
308,0,6,595396.6749999999,99232.77916666667,0.09062500000000001,34,16,5,65,7686.322812499999,6,595396.6749999999,99232.77916666667,0.09062500000000001,34,16,5,65,7686.322812499999
515,1,3,193853.676,64617.892,0.13333333333333333,15,6,4,138,5999.100999999999,3,193853.676,64617.892,0.13333333333333333,15,6,4,138,5999.100999999999
3757,0,3,283258.316,94419.43866666667,0.12,12,5,4,293,9187.0392,3,283258.316,94419.43866666667,0.12,12,5,4,293,9187.0392
1261,1,7,801394.4555,114484.92221428572,0.078125,40,16,5,162,13270.37909375,7,801394.4555,114484.92221428572,0.078125,40,16,5,162,13270.37909375
4569,0,6,823743.279,137290.5465,0.12666666666666668,47,15,5,73,11138.589266666668,6,823743.279,137290.5465,0.12666666666666668,47,15,5,73,11138.589266666668
1527,1,2,370985.48000000004,185492.74,0.125,17,6,4,494,15637.423333333334,2,370985.48000000004,185492.74,0.125,17,6,4,494,15637.423333333334
2671,0,5,706248.046,141249.6092,0.109375,35,15,5,82,12170.757875000001,5,706248.046,141249.6092,0.109375,35,15,5,82,12170.757875000001
4129,0,6,788914.755,131485.79249999998,0.07941176470588235,41,14,4,70,11773.053235294115,6,788914.755,131485.79249999998,0.07941176470588235,41,14,4,70,11773.053235294115
3460,1,2,301331.6405,150665.82025,0.08333333333333333,16,6,4,303,12323.101750000002,2,301331.6405,150665.82025,0.08333333333333333,16,6,4,303,12323.101750000002
4240,0,10,1385018.1365,138501.81365,0.11612903225806452,84,31,5,64,9095.308274193549,10,1385018.1365,138501.81365,0.11612903225806452,84,31,5,64,9095.308274193549
1624,1,5,805638.2315,161127.6463,0.11666666666666667,36,15,5,82,12743.05343333333,5,805638.2315,161127.6463,0.11666666666666667,36,15,5,82,12743.05343333333
3851,1,7,1123612.199,160516.02842857144,0.05789473684210527,49,19,5,183,18613.49889473684,7,1123612.199,160516.02842857144,0.05789473684210527,49,19,5,183,18613.49889473684
4610,1,4,700610.3369999999,175152.58424999999,0.09166666666666667,37,12,5,28,16013.201416666663,4,700610.3369999999,175152.58424999999,0.09166666666666667,37,12,5,28,16013.201416666663
2159,0,6,679126.669,113187.77816666667,0.08928571428571429,32,13,5,129,10762.786357142859,6,679126.669,113187.77816666667,0.08928571428571429,32,13,5,129,10762.786357142859
1284,0,3,408191.5255,136063.84183333334,0.10000000000000002,16,6,3,563,14789.157583333334,3,408191.5255,136063.84183333334,0.10000000000000002,16,6,3,563,14789.157583333334
4516,0,3,574783.4909999999,191594.497,0.10625,26,8,4,373,15205.101374999997,3,574783.4909999999,191594.497,0.10625,26,8,4,373,15205.101374999997
3515,0,7,500187.355,71455.33642857142,0.09615384615384616,30,12,5,91,9617.510384615382,7,500187.355,71455.33642857142,0.09615384615384616,30,12,5,91,9617.510384615382
1594,1,6,745431.9085,124238.65141666667,0.10769230769230768,34,13,4,173,13129.482192307694,6,745431.9085,124238.65141666667,0.10769230769230768,34,13,4,173,13129.482192307694
427,0,8,1112502.185,139062.773125,0.11875000000000001,47,16,5,68,16658.9734375,8,1112502.185,139062.773125,0.11875000000000001,47,16,5,68,16658.9734375
3728,0,5,511424.974,102284.9948,0.12727272727272726,27,11,5,146,11478.053999999998,5,511424.974,102284.9948,0.12727272727272726,27,11,5,146,11478.053999999998
3795,0,2,251729.07900000003,125864.5395,0.0625,10,4,2,368,16251.702250000006,2,251729.07900000003,125864.5395,0.0625,10,4,2,368,16251.702250000006
4442,1,7,693567.1195,99081.01707142858,0.1264705882352941,49,17,5,43,8383.309382352942,7,693567.1195,99081.01707142858,0.1264705882352941,49,17,5,43,8383.309382352942
1951,0,3,222819.01,74273.00333333333,0.15,15,5,4,184,6419.031999999999,3,222819.01,74273.00333333333,0.15,15,5,4,184,6419.031999999999
4941,1,5,505877.39149999997,101175.4783,0.09999999999999999,34,12,4,279,9510.353458333333,5,505877.39149999997,101175.4783,0.09999999999999999,34,12,4,279,9510.353458333333
356,0,5,728054.587,145610.9174,0.13333333333333333,40,15,5,304,7108.098466666669,5,728054.587,145610.9174,0.13333333333333333,40,15,5,304,7108.098466666669
75,0,2,260045.673,130022.8365,0.0625,9,4,3,112,9306.508249999999,2,260045.673,130022.8365,0.0625,9,4,3,112,9306.508249999999
640,0,8,943557.4785,117944.6848125,0.10476190476190476,45,20,5,10,11685.07469047619,8,943557.4785,117944.6848125,0.10476190476190476,45,20,5,10,11685.07469047619
1486,0,6,750872.9375,125145.48958333333,0.1,37,15,5,179,12292.301833333335,6,750872.9375,125145.48958333333,0.1,37,15,5,179,12292.301833333335
1523,1,3,328764.717,109588.23900000002,0.125,18,8,5,307,5826.207125000001,3,328764.717,109588.23900000002,0.125,18,8,5,307,5826.207125000001
3972,0,3,440847.447,146949.149,0.11499999999999999,22,10,4,92,8007.865700000002,3,440847.447,146949.149,0.11499999999999999,22,10,4,92,8007.865700000002
4111,1,9,816910.846,90767.87177777778,0.1,44,18,5,13,12295.616444444444,9,816910.846,90767.87177777778,0.1,44,18,5,13,12295.616444444444
3743,0,3,194370.201,64790.067,0.03,13,5,3,30,12387.136199999999,3,194370.201,64790.067,0.03,13,5,3,30,12387.136199999999
249,1,4,533390.76,133347.69,0.11818181818181818,25,11,4,37,12481.988181818182,4,533390.76,133347.69,0.11818181818181818,25,11,4,37,12481.988181818182
253,1,3,663669.6179999999,221223.206,0.08,28,10,5,7,17031.8308,3,663669.6179999999,221223.206,0.08,28,10,5,7,17031.8308
4397,0,4,292066.528,73016.632,0.0625,16,8,5,4,9974.474749999998,4,292066.528,73016.632,0.0625,16,8,5,4,9974.474749999998
655,1,4,265080.54099999997,66270.13524999999,0.1416666666666667,15,6,3,467,10417.826833333333,4,265080.54099999997,66270.13524999999,0.1416666666666667,15,6,3,467,10417.826833333333
1473,0,3,430596.7205,143532.24016666668,0.13,20,10,4,49,9107.62705,3,430596.7205,143532.24016666668,0.13,20,10,4,49,9107.62705
4900,1,5,852304.7764999999,170460.95529999997,0.1,41,17,5,279,11667.194249999999,5,852304.7764999999,170460.95529999997,0.1,41,17,5,279,11667.194249999999
1817,0,3,337371.65,112457.21666666667,0.12727272727272726,26,11,4,24,3933.9272727272732,3,337371.65,112457.21666666667,0.12727272727272726,26,11,4,24,3933.9272727272732
2104,0,5,373940.276,74788.0552,0.10454545454545454,19,11,4,13,10627.860545454545,5,373940.276,74788.0552,0.10454545454545454,19,11,4,13,10627.860545454545
1215,1,4,596150.8095,149037.702375,0.11666666666666667,24,9,3,119,21693.282166666664,4,596150.8095,149037.702375,0.11666666666666667,24,9,3,119,21693.282166666664
4790,0,1,112337.937,112337.937,0.05,4,2,1,840,16475.6885,1,112337.937,112337.937,0.05,4,2,1,840,16475.6885
1444,0,5,681945.1405,136389.0281,0.1,35,12,4,45,10662.263884615386,5,681945.1405,136389.0281,0.1,35,12,4,45,10662.263884615386
2286,0,6,788579.009,131429.83483333333,0.11071428571428572,42,14,4,26,13993.74707142857,6,788579.009,131429.83483333333,0.11071428571428572,42,14,4,26,13993.74707142857
1541,0,3,654819.051,218273.017,0.095,28,10,4,388,15220.034099999999,3,654819.051,218273.017,0.095,28,10,4,388,15220.034099999999
3491,0,7,687388.1875,98198.3125,0.10882352941176471,36,17,5,210,8592.524558823528,7,687388.1875,98198.3125,0.10882352941176471,36,17,5,210,8592.524558823528
2269,1,3,392917.107,130972.36900000002,0.1142857142857143,16,7,5,120,15249.818142857144,3,392917.107,130972.36900000002,0.1142857142857143,16,7,5,120,15249.818142857144
3681,0,7,840387.4575,120055.35107142858,0.08157894736842106,48,19,5,132,11198.342499999999,7,840387.4575,120055.35107142858,0.08157894736842106,48,19,5,132,11198.342499999999
2355,0,6,858897.406,143149.56766666667,0.09166666666666667,45,18,5,128,11940.655333333334,6,858897.406,143149.56766666667,0.09166666666666667,45,18,5,128,11940.655333333334
2454,0,6,1017718.4164999999,169619.73608333332,0.08888888888888889,48,17,5,155,14541.762027777777,6,1017718.4164999999,169619.73608333332,0.08888888888888889,48,17,5,155,14541.762027777777
2710,1,5,524496.1235,104899.22469999999,0.1,31,13,4,109,11096.341807692308,5,524496.1235,104899.22469999999,0.1,31,13,4,109,11096.341807692308
2497,0,3,562375.244,187458.41466666665,0.1111111111111111,26,9,5,313,13375.15044444444,3,562375.244,187458.41466666665,0.1111111111111111,26,9,5,313,13375.15044444444
1465,0,3,421811.978,140603.99266666666,0.125,20,6,4,257,10321.759666666665,3,421811.978,140603.99266666666,0.125,20,6,4,257,10321.759666666665
328,0,5,758140.0655,151628.0131,0.11538461538461539,39,13,4,44,12455.631961538464,5,758140.0655,151628.0131,0.11538461538461539,39,13,4,44,12455.631961538464
2815,1,4,662463.713,165615.92825,0.1,28,10,4,30,20265.97390909091,4,662463.713,165615.92825,0.1,28,10,4,30,20265.97390909091
728,1,5,1127816.388,225563.2776,0.10625000000000001,48,16,5,187,17700.95675,5,1127816.388,225563.2776,0.10625000000000001,48,16,5,187,17700.95675
2839,1,7,907710.7405,129672.96292857143,0.09772727272727272,54,21,5,250,9554.293659090908,7,907710.7405,129672.96292857143,0.09772727272727272,54,21,5,250,9554.293659090908
1830,1,3,362398.1835,120799.39450000001,0.15,17,7,5,86,6638.546214285716,3,362398.1835,120799.39450000001,0.15,17,7,5,86,6638.546214285716
1151,0,8,1019143.5835,127392.9479375,0.10227272727272728,58,22,5,138,9549.647886363637,8,1019143.5835,127392.9479375,0.10227272727272728,58,22,5,138,9549.647886363637
1507,0,5,838442.935,167688.587,0.06785714285714285,39,14,5,36,16107.746785714286,5,838442.935,167688.587,0.06785714285714285,39,14,5,36,16107.746785714286
313,1,7,740429.8435000001,105775.69192857144,0.109375,37,15,5,269,11129.295218750003,7,740429.8435000001,105775.69192857144,0.109375,37,15,5,269,11129.295218750003
935,0,6,735956.4985,122659.41641666666,0.08666666666666667,37,14,5,16,14387.76123333333,6,735956.4985,122659.41641666666,0.08666666666666667,37,14,5,16,14387.76123333333
4364,0,8,934367.738,116795.96725,0.0782608695652174,57,23,5,98,9413.200347826087,8,934367.738,116795.96725,0.0782608695652174,57,23,5,98,9413.200347826087
892,1,6,520529.28250000003,86754.88041666667,0.11071428571428572,37,14,5,141,7192.573035714285,6,520529.28250000003,86754.88041666667,0.11071428571428572,37,14,5,141,7192.573035714285
1472,1,3,271732.298,90577.43266666667,0.08125,22,8,5,468,9365.884750000001,3,271732.298,90577.43266666667,0.08125,22,8,5,468,9365.884750000001
2701,1,6,783309.449,130551.57483333333,0.09999999999999999,34,12,5,286,14173.805750000001,6,783309.449,130551.57483333333,0.09999999999999999,34,12,5,286,14173.805750000001
1639,0,4,351603.159,87900.78975,0.049999999999999996,20,6,4,153,12337.868166666669,4,351603.159,87900.78975,0.049999999999999996,20,6,4,153,12337.868166666669
364,0,3,647637.4845,215879.16150000002,0.07222222222222223,25,9,3,200,24318.15272222222,3,647637.4845,215879.16150000002,0.07222222222222223,25,9,3,200,24318.15272222222
936,1,5,472748.4175,94549.6835,0.1272727272727273,29,11,5,58,7125.356136363636,5,472748.4175,94549.6835,0.1272727272727273,29,11,5,58,7125.356136363636
3577,0,4,518041.7665,129510.44162499999,0.11666666666666667,27,9,3,97,9612.742944444446,4,518041.7665,129510.44162499999,0.11666666666666667,27,9,3,97,9612.742944444446
1841,1,2,277635.676,138817.838,0.05,12,4,3,143,24390.433999999997,2,277635.676,138817.838,0.05,12,4,3,143,24390.433999999997
2810,0,4,635224.0920000001,158806.02300000002,0.075,29,9,5,15,16003.664200000005,4,635224.0920000001,158806.02300000002,0.075,29,9,5,15,16003.664200000005
2617,1,8,1381412.954,172676.61925,0.07894736842105263,54,19,5,7,20643.869684210524,8,1381412.954,172676.61925,0.07894736842105263,54,19,5,7,20643.869684210524
1336,0,3,109333.531,36444.51033333333,0.11000000000000001,8,5,4,252,2685.1882,3,109333.531,36444.51033333333,0.11000000000000001,8,5,4,252,2685.1882
1766,0,6,724123.346,120687.22433333333,0.12666666666666665,37,15,5,256,9172.5044,6,724123.346,120687.22433333333,0.12666666666666665,37,15,5,256,9172.5044
3276,1,1,153247.618,153247.618,0.1,8,2,2,801,15450.468999999994,1,153247.618,153247.618,0.1,8,2,2,801,15450.468999999994
333,0,4,623599.2665,155899.81662499998,0.08846153846153845,33,13,5,258,10884.448961538463,4,623599.2665,155899.81662499998,0.08846153846153845,33,13,5,258,10884.448961538463
2447,0,3,260284.812,86761.604,0.06666666666666667,9,6,4,86,13935.345333333333,3,260284.812,86761.604,0.06666666666666667,9,6,4,86,13935.345333333333
1469,0,5,757929.4994999999,151585.8999,0.071875,40,16,4,145,12650.23246875,5,757929.4994999999,151585.8999,0.071875,40,16,4,145,12650.23246875
3391,0,6,626517.3755,104419.56258333333,0.08571428571428572,35,14,5,127,10109.923249999998,6,626517.3755,104419.56258333333,0.08571428571428572,35,14,5,127,10109.923249999998
346,0,2,290277.02249999996,145138.51124999998,0.09,13,5,4,371,15803.656500000001,2,290277.02249999996,145138.51124999998,0.09,13,5,4,371,15803.656500000001
1695,0,6,877597.0835,146266.18058333333,0.08947368421052632,53,18,5,140,12545.317026315786,6,877597.0835,146266.18058333333,0.08947368421052632,53,18,5,140,12545.317026315786
3127,0,4,513784.7185,128446.179625,0.095,24,10,4,113,14308.791849999998,4,513784.7185,128446.179625,0.095,24,10,4,113,14308.791849999998
4789,0,6,691890.215,115315.03583333334,0.11538461538461539,32,13,5,71,13336.088076923075,6,691890.215,115315.03583333334,0.11538461538461539,32,13,5,71,13336.088076923075
1025,0,6,946036.156,157672.69266666667,0.08571428571428572,46,21,5,28,9505.850285714285,6,946036.156,157672.69266666667,0.08571428571428572,46,21,5,28,9505.850285714285
878,0,6,597820.333,99636.72216666666,0.10909090909090911,30,11,4,86,14602.74027272727,6,597820.333,99636.72216666666,0.10909090909090911,30,11,4,86,14602.74027272727
4115,0,5,303236.6455,60647.329099999995,0.09166666666666667,24,11,4,138,7381.604625,5,303236.6455,60647.329099999995,0.09166666666666667,24,11,4,138,7381.604625
2476,0,7,529786.2975,75683.75678571429,0.09444444444444444,27,9,5,134,10994.779722222218,7,529786.2975,75683.75678571429,0.09444444444444444,27,9,5,134,10994.779722222218
133,0,6,1156218.073,192703.01216666668,0.06999999999999999,46,20,5,152,13187.69465,6,1156218.073,192703.01216666668,0.06999999999999999,46,20,5,152,13187.69465
1749,1,4,463626.2135,115906.55337499999,0.09,23,10,4,492,9904.75335,4,463626.2135,115906.55337499999,0.09,23,10,4,492,9904.75335
3882,0,4,290428.721,72607.18025,0.12,13,5,4,213,13061.772200000001,4,290428.721,72607.18025,0.12,13,5,4,213,13061.772200000001
324,1,4,663189.045,165797.26125,0.12307692307692308,32,13,5,164,11799.34730769231,4,663189.045,165797.26125,0.12307692307692308,32,13,5,164,11799.34730769231
1394,1,11,1153752.452,104886.58654545456,0.10370370370370371,63,25,5,67,9664.310814814813,11,1153752.452,104886.58654545456,0.10370370370370371,63,25,5,67,9664.310814814813
2845,1,5,687364.9135,137472.9827,0.13076923076923078,33,13,4,282,12741.732576923077,5,687364.9135,137472.9827,0.13076923076923078,33,13,4,282,12741.732576923077
1539,0,4,444365.945,111091.48625,0.125,25,10,4,161,9513.8155,4,444365.945,111091.48625,0.125,25,10,4,161,9513.8155
3304,1,5,851063.8445,170212.7689,0.09999999999999999,39,17,5,388,11484.733205882352,5,851063.8445,170212.7689,0.09999999999999999,39,17,5,388,11484.733205882352
2931,0,2,299721.6295,149860.81475000002,0.09999999999999999,13,6,3,309,10437.029916666661,2,299721.6295,149860.81475000002,0.09999999999999999,13,6,3,309,10437.029916666661
2348,1,5,778004.1394999999,155600.82789999997,0.125,40,16,5,227,11952.170593750001,5,778004.1394999999,155600.82789999997,0.125,40,16,5,227,11952.170593750001
1546,0,6,437775.68,72962.61333333333,0.1,20,10,4,298,9679.580000000002,6,437775.68,72962.61333333333,0.1,20,10,4,298,9679.580000000002
3162,0,6,744301.346,124050.22433333333,0.09615384615384616,43,13,5,115,16104.706615384617,6,744301.346,124050.22433333333,0.09615384615384616,43,13,5,115,16104.706615384617
2521,0,5,472467.8395,94493.5679,0.10500000000000001,24,10,4,62,10793.001949999998,5,472467.8395,94493.5679,0.10500000000000001,24,10,4,62,10793.001949999998
2957,1,5,496320.8365,99264.1673,0.09545454545454546,26,11,4,82,8905.731499999998,5,496320.8365,99264.1673,0.09545454545454546,26,11,4,82,8905.731499999998
2166,1,2,245369.439,122684.7195,0.1,14,5,5,617,13232.7978,2,245369.439,122684.7195,0.1,14,5,5,617,13232.7978
2071,0,1,396149.70550000004,396149.70550000004,0.1,13,4,3,576,24218.821375000007,1,396149.70550000004,396149.70550000004,0.1,13,4,3,576,24218.821375000007
1900,0,4,514883.64999999997,128720.91249999999,0.11000000000000001,25,9,5,12,12524.594999999998,4,514883.64999999997,128720.91249999999,0.11000000000000001,25,9,5,12,12524.594999999998
3402,0,4,252919.92599999998,63229.981499999994,0.08,13,5,4,29,14410.275199999998,4,252919.92599999998,63229.981499999994,0.08,13,5,4,29,14410.275199999998
983,1,4,861077.561,215269.39025,0.057692307692307696,35,13,5,566,17815.154692307697,4,861077.561,215269.39025,0.057692307692307696,35,13,5,566,17815.154692307697
4147,0,7,827124.0455,118160.57792857142,0.08421052631578947,50,17,5,41,8291.137131578946,7,827124.0455,118160.57792857142,0.08421052631578947,50,17,5,41,8291.137131578946
563,1,4,471111.67,117777.9175,0.08125,20,8,4,76,11959.938750000001,4,471111.67,117777.9175,0.08125,20,8,4,76,11959.938750000001
4983,0,2,123087.828,61543.914,0.125,9,4,4,48,7010.526999999998,2,123087.828,61543.914,0.125,9,4,4,48,7010.526999999998
4323,0,4,486871.6105,121717.902625,0.125,24,10,5,31,11003.461050000002,4,486871.6105,121717.902625,0.125,24,10,5,31,11003.461050000002
3465,0,6,641840.2644999999,106973.37741666666,0.125,35,13,5,41,10583.150321428568,6,641840.2644999999,106973.37741666666,0.125,35,13,5,41,10583.150321428568
1227,0,5,523894.848,104778.9696,0.10769230769230768,37,13,5,262,5220.61676923077,5,523894.848,104778.9696,0.10769230769230768,37,13,5,262,5220.61676923077
3196,0,5,775473.3345,155094.6669,0.1375,35,12,4,77,10232.417875000001,5,775473.3345,155094.6669,0.1375,35,12,4,77,10232.417875000001
2376,0,6,741448.1005000001,123574.68341666668,0.08666666666666667,37,15,5,208,12993.22536666667,6,741448.1005000001,123574.68341666668,0.08666666666666667,37,15,5,208,12993.22536666667
4858,0,7,838099.673,119728.52471428571,0.07777777777777778,41,18,5,68,12627.00738888889,7,838099.673,119728.52471428571,0.07777777777777778,41,18,5,68,12627.00738888889
4401,0,9,1386558.414,154062.04599999997,0.11304347826086956,61,21,5,285,13562.455826086958,9,1386558.414,154062.04599999997,0.11304347826086956,61,21,5,285,13562.455826086958
1409,0,6,891365.079,148560.8465,0.1,35,13,5,31,14205.242230769229,6,891365.079,148560.8465,0.1,35,13,5,31,14205.242230769229
2939,0,5,454819.055,90963.81100000002,0.125,21,9,4,232,9205.680500000002,5,454819.055,90963.81100000002,0.125,21,9,4,232,9205.680500000002
4344,1,6,610044.801,101674.13350000001,0.10833333333333334,37,12,5,55,9223.77425,6,610044.801,101674.13350000001,0.10833333333333334,37,12,5,55,9223.77425
891,1,6,849010.75,141501.79166666666,0.08928571428571429,27,12,5,50,17167.89,6,849010.75,141501.79166666666,0.08928571428571429,27,12,5,50,17167.89
2425,0,6,692603.0145,115433.83574999998,0.0911764705882353,32,17,4,58,8568.865558823527,6,692603.0145,115433.83574999998,0.0911764705882353,32,17,4,58,8568.865558823527
4839,1,3,545894.7895,181964.92983333333,0.09444444444444446,24,9,4,191,15675.128833333334,3,545894.7895,181964.92983333333,0.09444444444444446,24,9,4,191,15675.128833333334
4019,0,8,770256.488,96282.061,0.11470588235294119,38,16,5,119,10998.302235294119,8,770256.488,96282.061,0.11470588235294119,38,16,5,119,10998.302235294119
4832,0,5,408449.79250000004,81689.95850000001,0.1125,27,12,4,350,8177.069375000002,5,408449.79250000004,81689.95850000001,0.1125,27,12,4,350,8177.069375000002
4981,0,6,914857.1175,152476.18625,0.090625,43,16,5,163,15941.67671875,6,914857.1175,152476.18625,0.090625,43,16,5,163,15941.67671875
1331,0,3,351989.4,117329.8,0.14,18,5,3,301,13244.900000000003,3,351989.4,117329.8,0.14,18,5,3,301,13244.900000000003
1209,1,5,774093.1535,154818.6307,0.09615384615384616,34,12,5,45,16379.07719230769,5,774093.1535,154818.6307,0.09615384615384616,34,12,5,45,16379.07719230769
3358,0,3,151288.3955,50429.46516666667,0.0875,11,4,3,210,9619.523875000003,3,151288.3955,50429.46516666667,0.0875,11,4,3,210,9619.523875000003
4506,1,3,434040.35900000005,144680.1196666667,0.05,21,8,2,50,12552.768625000004,3,434040.35900000005,144680.1196666667,0.05,21,8,2,50,12552.768625000004
100,0,6,681620.9494999999,113603.4915833333,0.07727272727272727,29,11,4,144,17439.779954545447,6,681620.9494999999,113603.4915833333,0.07727272727272727,29,11,4,144,17439.779954545447
3875,0,5,364893.5325,72978.7065,0.12,24,10,5,1,5093.054249999999,5,364893.5325,72978.7065,0.12,24,10,5,1,5093.054249999999
4069,0,6,1067309.818,177884.96966666667,0.10526315789473684,50,18,5,193,14689.091473684208,6,1067309.818,177884.96966666667,0.10526315789473684,50,18,5,193,14689.091473684208
2814,0,1,152292.007,152292.007,0.1375,9,4,3,423,3357.0867500000013,1,152292.007,152292.007,0.1375,9,4,3,423,3357.0867500000013
1237,0,6,692370.6510000001,115395.10850000002,0.075,38,12,5,192,15540.62925,6,692370.6510000001,115395.10850000002,0.075,38,12,5,192,15540.62925
466,0,4,424138.471,106034.61775,0.1375,31,8,4,109,12777.601375,4,424138.471,106034.61775,0.1375,31,8,4,109,12777.601375
4658,1,4,492491.52799999993,123122.882,0.12,22,10,5,473,14519.271799999997,4,492491.52799999993,123122.882,0.12,22,10,5,473,14519.271799999997
1788,0,7,685283.2455,97897.6065,0.11923076923076924,36,13,5,27,12963.10196153846,7,685283.2455,97897.6065,0.11923076923076924,36,13,5,27,12963.10196153846
3901,0,2,99979.0175,49989.50875000001,0.125,11,4,4,71,6154.129375,2,99979.0175,49989.50875000001,0.125,11,4,4,71,6154.129375
1046,0,4,486949.4765,121737.369125,0.1,28,10,4,328,9711.38865,4,486949.4765,121737.369125,0.1,28,10,4,328,9711.38865
2652,0,5,602584.5365,120516.90729999999,0.11923076923076924,25,13,5,253,12726.721269230768,5,602584.5365,120516.90729999999,0.11923076923076924,25,13,5,253,12726.721269230768
3531,1,3,349473.404,116491.13466666668,0.1,16,7,4,233,13932.39342857143,3,349473.404,116491.13466666668,0.1,16,7,4,233,13932.39342857143
1512,0,3,484610.278,161536.75933333332,0.1111111111111111,25,9,4,17,9666.838666666663,3,484610.278,161536.75933333332,0.1111111111111111,25,9,4,17,9666.838666666663
558,1,7,1019072.3165000001,145581.75950000001,0.10882352941176471,49,17,5,132,14731.857441176471,7,1019072.3165000001,145581.75950000001,0.10882352941176471,49,17,5,132,14731.857441176471
3497,0,5,795949.8944999999,159189.97890000002,0.046875,40,16,5,221,13349.46965625,5,795949.8944999999,159189.97890000002,0.046875,40,16,5,221,13349.46965625
491,1,5,377652.5195,75530.5039,0.12142857142857143,16,7,5,67,10162.99992857143,5,377652.5195,75530.5039,0.12142857142857143,16,7,5,67,10162.99992857143
1699,0,2,377802.74,188901.37,0.07142857142857142,24,7,3,71,16937.4,2,377802.74,188901.37,0.07142857142857142,24,7,3,71,16937.4
2043,0,3,254500.19199999998,84833.39733333333,0.10833333333333334,15,6,4,396,9067.985333333332,3,254500.19199999998,84833.39733333333,0.10833333333333334,15,6,4,396,9067.985333333332
3792,1,4,432072.478,108018.1195,0.11875,20,8,5,125,12771.189750000001,4,432072.478,108018.1195,0.11875,20,8,5,125,12771.189750000001
3059,0,4,327176.787,81794.19675,0.08333333333333333,18,9,4,58,9792.068555555556,4,327176.787,81794.19675,0.08333333333333333,18,9,4,58,9792.068555555556
3107,0,3,536936.7525,178978.91749999998,0.07777777777777778,26,9,4,134,14587.3025,3,536936.7525,178978.91749999998,0.07777777777777778,26,9,4,134,14587.3025
1992,1,5,647812.81,129562.562,0.09615384615384616,34,13,5,130,11314.726923076923,5,647812.81,129562.562,0.09615384615384616,34,13,5,130,11314.726923076923
1839,0,6,662358.58,110393.09666666666,0.07916666666666668,31,12,3,205,11035.720833333331,6,662358.58,110393.09666666666,0.07916666666666668,31,12,3,205,11035.720833333331
2069,0,5,777800.241,155560.0482,0.07272727272727274,29,11,5,113,16323.95372727273,5,777800.241,155560.0482,0.07272727272727274,29,11,5,113,16323.95372727273
4141,1,4,625798.048,156449.512,0.075,28,10,5,189,19966.993799999997,4,625798.048,156449.512,0.075,28,10,5,189,19966.993799999997
1279,1,6,866289.7795,144381.6299166667,0.13214285714285715,41,14,5,66,13941.712821428571,6,866289.7795,144381.6299166667,0.13214285714285715,41,14,5,66,13941.712821428571
139,0,2,141794.788,70897.394,0.12000000000000002,9,4,2,53,7276.2256,2,141794.788,70897.394,0.12000000000000002,9,4,2,53,7276.2256
3856,0,6,808586.0825,134764.34708333333,0.14666666666666667,41,15,5,256,12237.398833333333,6,808586.0825,134764.34708333333,0.14666666666666667,41,15,5,256,12237.398833333333
2971,0,3,543702.39,181234.13,0.1,20,8,4,216,17867.736249999998,3,543702.39,181234.13,0.1,20,8,4,216,17867.736249999998
430,0,6,855679.55,142613.25833333333,0.1075,49,20,5,141,8522.472,6,855679.55,142613.25833333333,0.1075,49,20,5,141,8522.472
3136,1,2,179853.45799999998,89926.72899999999,0.125,14,6,3,572,6448.652999999998,2,179853.45799999998,89926.72899999999,0.125,14,6,3,572,6448.652999999998
4422,0,1,202905.006,202905.006,0.13333333333333333,10,3,3,726,14238.522000000003,1,202905.006,202905.006,0.13333333333333333,10,3,3,726,14238.522000000003
4733,1,2,254101.088,127050.544,0.09166666666666667,14,6,4,831,9746.051333333333,2,254101.088,127050.544,0.09166666666666667,14,6,4,831,9746.051333333333
3,0,4,370637.797,92659.44925,0.05714285714285715,21,7,5,258,12674.289571428573,4,370637.797,92659.44925,0.05714285714285715,21,7,5,258,12674.289571428573
3397,0,6,528415.5630000001,88069.26050000002,0.11923076923076924,34,13,5,129,8786.127923076923,6,528415.5630000001,88069.26050000002,0.11923076923076924,34,13,5,129,8786.127923076923
904,0,4,534761.28,133690.32,0.07307692307692308,32,13,5,142,10703.891538461537,4,534761.28,133690.32,0.07307692307692308,32,13,5,142,10703.891538461537
3051,0,4,504508.6715,126127.167875,0.08333333333333333,25,8,5,169,17901.529055555555,4,504508.6715,126127.167875,0.08333333333333333,25,8,5,169,17901.529055555555
3442,0,7,814111.848,116301.69257142858,0.07187500000000001,30,16,5,136,16547.621124999998,7,814111.848,116301.69257142858,0.07187500000000001,30,16,5,136,16547.621124999998
2150,0,10,801200.6895000001,80120.06895000002,0.12380952380952381,43,20,5,50,8804.572833333335,10,801200.6895000001,80120.06895000002,0.12380952380952381,43,20,5,50,8804.572833333335
1023,1,6,402005.451,67000.9085,0.095,24,10,4,217,7133.7651,6,402005.451,67000.9085,0.095,24,10,4,217,7133.7651
2964,0,8,1424917.9345,178114.7418125,0.10625,66,24,5,92,15063.513520833332,8,1424917.9345,178114.7418125,0.10625,66,24,5,92,15063.513520833332
3157,0,7,751885.378,107412.19685714286,0.1,45,16,5,144,8851.454875,7,751885.378,107412.19685714286,0.1,45,16,5,144,8851.454875
2675,1,5,374294.268,74858.8536,0.11666666666666667,22,8,4,137,8934.151999999998,5,374294.268,74858.8536,0.11666666666666667,22,8,4,137,8934.151999999998
65,0,4,364915.4135,91228.853375,0.10500000000000001,27,10,4,187,6739.112350000001,4,364915.4135,91228.853375,0.10500000000000001,27,10,4,187,6739.112350000001
1598,0,4,562156.934,140539.2335,0.10454545454545454,25,10,4,395,12746.448545454547,4,562156.934,140539.2335,0.10454545454545454,25,10,4,395,12746.448545454547
422,0,3,519679.23099999997,173226.41033333333,0.08499999999999999,23,10,4,116,12327.692099999998,3,519679.23099999997,173226.41033333333,0.08499999999999999,23,10,4,116,12327.692099999998
3347,0,8,767620.973,95952.621625,0.12333333333333334,43,15,5,14,10046.8522,8,767620.973,95952.621625,0.12333333333333334,43,15,5,14,10046.8522
2806,0,5,739979.4995,147995.89990000002,0.075,41,14,5,393,10475.794964285715,5,739979.4995,147995.89990000002,0.075,41,14,5,393,10475.794964285715
85,0,3,595994.4175,198664.80583333332,0.11818181818181818,32,11,4,180,13390.388863636363,3,595994.4175,198664.80583333332,0.11818181818181818,32,11,4,180,13390.388863636363
4664,0,3,152222.42200000002,50740.80733333334,0.09000000000000001,11,5,3,216,8846.584400000002,3,152222.42200000002,50740.80733333334,0.09000000000000001,11,5,3,216,8846.584400000002
2079,1,2,336437.489,168218.74449999997,0.1,14,4,3,405,20541.42725,2,336437.489,168218.74449999997,0.1,14,4,3,405,20541.42725
1153,0,2,351775.7715,175887.88575,0.08,10,5,3,204,24755.3123,2,351775.7715,175887.88575,0.08,10,5,3,204,24755.3123
3534,1,4,299906.939,74976.73475,0.08333333333333333,13,6,3,386,12096.438166666667,4,299906.939,74976.73475,0.08333333333333333,13,6,3,386,12096.438166666667
1249,0,5,969907.0634999999,193981.4127,0.10714285714285714,43,14,5,100,16958.651678571427,5,969907.0634999999,193981.4127,0.10714285714285714,43,14,5,100,16958.651678571427
857,0,8,1076156.406,134519.55075,0.08695652173913043,60,23,5,3,11926.28895652174,8,1076156.406,134519.55075,0.08695652173913043,60,23,5,3,11926.28895652174
2852,0,6,1132270.266,188711.71099999998,0.10250000000000001,51,20,5,229,14953.9383,6,1132270.266,188711.71099999998,0.10250000000000001,51,20,5,229,14953.9383
1273,0,4,718965.047,179741.26175,0.13571428571428573,40,14,5,69,11804.856928571431,4,718965.047,179741.26175,0.13571428571428573,40,14,5,69,11804.856928571431
592,1,7,846286.8865,120898.12664285714,0.08823529411764706,35,17,5,17,11829.92861764706,7,846286.8865,120898.12664285714,0.08823529411764706,35,17,5,17,11829.92861764706
2791,0,5,396415.326,79283.0652,0.1409090909090909,26,11,4,230,7578.08418181818,5,396415.326,79283.0652,0.1409090909090909,26,11,4,230,7578.08418181818
2009,1,4,423916.17949999997,105979.04487499999,0.08181818181818183,27,11,4,233,8291.217227272726,4,423916.17949999997,105979.04487499999,0.08181818181818183,27,11,4,233,8291.217227272726
4130,0,4,353214.717,88303.67925,0.1,21,8,5,85,10326.514625,4,353214.717,88303.67925,0.1,21,8,5,85,10326.514625
3806,1,3,299010.88800000004,99670.29600000002,0.10833333333333334,14,6,4,207,7368.473000000002,3,299010.88800000004,99670.29600000002,0.10833333333333334,14,6,4,207,7368.473000000002
3599,0,3,327091.837,109030.61233333334,0.12222222222222223,21,9,4,189,9824.669666666667,3,327091.837,109030.61233333334,0.12222222222222223,21,9,4,189,9824.669666666667
3946,0,5,950348.5995,190069.7199,0.096875,43,16,5,70,13275.561843750002,5,950348.5995,190069.7199,0.096875,43,16,5,70,13275.561843750002
3802,0,6,724586.481,120764.41350000001,0.09705882352941175,44,17,5,504,11345.751823529412,6,724586.481,120764.41350000001,0.09705882352941175,44,17,5,504,11345.751823529412
1514,0,4,762904.369,190726.09225,0.07857142857142858,38,14,4,212,12679.598500000002,4,762904.369,190726.09225,0.07857142857142858,38,14,4,212,12679.598500000002
3980,1,3,336300.03500000003,112100.01166666667,0.08,26,10,4,61,4304.206500000003,3,336300.03500000003,112100.01166666667,0.08,26,10,4,61,4304.206500000003
2538,1,5,871364.738,174272.9476,0.140625,42,15,4,14,8063.407375000001,5,871364.738,174272.9476,0.140625,42,15,4,14,8063.407375000001
4073,0,3,320558.64400000003,106852.88133333334,0.13999999999999999,15,5,2,229,20416.3808,3,320558.64400000003,106852.88133333334,0.13999999999999999,15,5,2,229,20416.3808
3455,0,5,594145.11,118829.022,0.1111111111111111,25,9,5,221,18114.95111111111,5,594145.11,118829.022,0.1111111111111111,25,9,5,221,18114.95111111111
3290,1,4,396844.884,99211.22099999999,0.1,19,8,4,61,10471.938,4,396844.884,99211.22099999999,0.1,19,8,4,61,10471.938
3671,1,6,788339.206,131389.86766666666,0.0875,46,18,5,63,9981.398799999999,6,788339.206,131389.86766666666,0.0875,46,18,5,63,9981.398799999999
4683,1,8,1304851.5015,163106.4376875,0.10800000000000001,70,23,5,4,13170.26966,8,1304851.5015,163106.4376875,0.10800000000000001,70,23,5,4,13170.26966
2780,0,2,93277.484,46638.742,0.15,7,3,2,329,4631.494666666665,2,93277.484,46638.742,0.15,7,3,2,329,4631.494666666665
4484,1,4,454538.1945,113634.548625,0.1611111111111111,25,9,5,59,7934.1982777777785,4,454538.1945,113634.548625,0.1611111111111111,25,9,5,59,7934.1982777777785
2896,0,4,592090.08,148022.52,0.09545454545454546,30,11,4,316,11285.56,4,592090.08,148022.52,0.09545454545454546,30,11,4,316,11285.56
4982,0,5,753452.066,150690.4132,0.11333333333333334,34,15,5,444,10511.110400000001,5,753452.066,150690.4132,0.11333333333333334,34,15,5,444,10511.110400000001
1303,0,5,698653.1875,139730.6375,0.12083333333333333,27,11,5,188,15078.975625,5,698653.1875,139730.6375,0.12083333333333333,27,11,5,188,15078.975625
1316,0,6,620371.0505,103395.17508333334,0.109375,32,16,4,229,6793.156281250001,6,620371.0505,103395.17508333334,0.109375,32,16,4,229,6793.156281250001
3589,0,7,1064415.326,152059.33228571428,0.07894736842105263,52,18,5,117,13184.171368421052,7,1064415.326,152059.33228571428,0.07894736842105263,52,18,5,117,13184.171368421052
2325,0,4,821992.548,205498.13700000002,0.07666666666666666,40,15,5,247,13955.868533333334,4,821992.548,205498.13700000002,0.07666666666666666,40,15,5,247,13955.868533333334
2198,0,3,491815.4825,163938.49416666667,0.10625000000000001,17,8,4,90,20102.7878125,3,491815.4825,163938.49416666667,0.10625000000000001,17,8,4,90,20102.7878125
3098,0,3,331929.482,110643.16066666668,0.125,18,6,3,475,6580.958666666668,3,331929.482,110643.16066666668,0.125,18,6,3,475,6580.958666666668
2490,0,3,622792.494,207597.49800000002,0.09,28,10,4,297,16805.169400000002,3,622792.494,207597.49800000002,0.09,28,10,4,297,16805.169400000002
2766,0,3,335065.326,111688.442,0.09,16,5,4,405,19519.965200000002,3,335065.326,111688.442,0.09,16,5,4,405,19519.965200000002
3225,0,3,481004.573,160334.85766666665,0.1,24,11,3,49,10159.964818181817,3,481004.573,160334.85766666665,0.1,24,11,3,49,10159.964818181817
63,0,4,586685.923,146671.48075000002,0.095,26,10,4,131,11682.869300000002,4,586685.923,146671.48075000002,0.095,26,10,4,131,11682.869300000002
754,0,3,344213.7535,114737.91783333333,0.09375,15,8,4,392,10686.8166875,3,344213.7535,114737.91783333333,0.09375,15,8,4,392,10686.8166875
1707,1,6,743376.7170000001,123896.11949999999,0.08823529411764706,43,17,4,444,12826.740411764706,6,743376.7170000001,123896.11949999999,0.08823529411764706,43,17,4,444,12826.740411764706
2867,0,5,553758.3275,110751.6655,0.10666666666666667,37,15,5,36,8014.762499999998,5,553758.3275,110751.6655,0.10666666666666667,37,15,5,36,8014.762499999998
4606,0,5,560009.431,112001.8862,0.061111111111111116,23,9,4,49,21927.31122222222,5,560009.431,112001.8862,0.061111111111111116,23,9,4,49,21927.31122222222
4161,1,5,350242.212,70048.4424,0.13125,23,8,4,110,10082.557750000002,5,350242.212,70048.4424,0.13125,23,8,4,110,10082.557750000002
1756,0,5,354193.85000000003,70838.76999999999,0.09,24,10,5,7,6977.956999999999,5,354193.85000000003,70838.76999999999,0.09,24,10,5,7,6977.956999999999
3312,0,4,355430.55700000003,88857.63925000001,0.12222222222222223,20,9,4,157,8259.828555555556,4,355430.55700000003,88857.63925000001,0.12222222222222223,20,9,4,157,8259.828555555556
432,0,2,241605.06800000003,120802.53400000001,0.12000000000000002,15,5,4,476,12337.597600000005,2,241605.06800000003,120802.53400000001,0.12000000000000002,15,5,4,476,12337.597600000005
4710,0,3,313530.5245,104510.17483333335,0.1125,17,8,4,218,9536.539312500003,3,313530.5245,104510.17483333335,0.1125,17,8,4,218,9536.539312500003
2499,0,2,538726.758,269363.37899999996,0.10714285714285714,20,7,4,326,24572.615428571433,2,538726.758,269363.37899999996,0.10714285714285714,20,7,4,326,24572.615428571433
3272,0,6,622911.034,103818.50566666666,0.11153846153846153,27,13,4,115,12801.938769230768,6,622911.034,103818.50566666666,0.11153846153846153,27,13,4,115,12801.938769230768
2754,0,5,703476.231,140695.2462,0.075,29,12,5,113,15100.580785714285,5,703476.231,140695.2462,0.075,29,12,5,113,15100.580785714285
334,0,4,383047.244,95761.811,0.07222222222222223,19,9,5,207,11723.963777777777,4,383047.244,95761.811,0.07222222222222223,19,9,5,207,11723.963777777777
2157,0,5,729968.2295,145993.6459,0.13333333333333333,33,11,5,81,10546.372458333335,5,729968.2295,145993.6459,0.13333333333333333,33,11,5,81,10546.372458333335
276,1,7,670042.414,95720.34485714286,0.10750000000000001,44,19,5,170,9994.3912,7,670042.414,95720.34485714286,0.10750000000000001,44,19,5,170,9994.3912
3727,0,6,601698.4890000001,100283.08150000001,0.10909090909090911,26,11,5,13,11615.599,6,601698.4890000001,100283.08150000001,0.10909090909090911,26,11,5,13,11615.599
2531,0,2,104167.61499999999,52083.807499999995,0.1125,9,4,3,492,6628.708749999998,2,104167.61499999999,52083.807499999995,0.1125,9,4,3,492,6628.708749999998
2718,0,2,309616.375,154808.1875,0.12142857142857144,18,6,5,134,7990.012142857142,2,309616.375,154808.1875,0.12142857142857144,18,6,5,134,7990.012142857142
3310,0,5,646901.968,129380.3936,0.08928571428571429,33,14,5,98,10375.572,5,646901.968,129380.3936,0.08928571428571429,33,14,5,98,10375.572
557,0,4,374257.31700000004,93564.32925,0.05714285714285715,18,7,4,117,16062.323857142857,4,374257.31700000004,93564.32925,0.05714285714285715,18,7,4,117,16062.323857142857
2600,0,5,605409.128,121081.82560000001,0.08499999999999999,27,10,4,227,18686.777800000003,5,605409.128,121081.82560000001,0.08499999999999999,27,10,4,227,18686.777800000003
1488,0,4,483427.58,120856.89500000002,0.10500000000000001,24,10,3,247,10955.379,4,483427.58,120856.89500000002,0.10500000000000001,24,10,3,247,10955.379
3704,0,3,792004.378,264001.45933333336,0.045,25,10,4,245,23947.392799999998,3,792004.378,264001.45933333336,0.045,25,10,4,245,23947.392799999998
3934,0,4,499973.03099999996,124993.25774999999,0.11499999999999999,25,10,5,67,11033.806099999998,4,499973.03099999996,124993.25774999999,0.11499999999999999,25,10,5,67,11033.806099999998
1054,0,8,758622.2019999999,94827.77524999999,0.08750000000000001,40,15,5,3,13387.697,8,758622.2019999999,94827.77524999999,0.08750000000000001,40,15,5,3,13387.697
2268,0,2,370196.109,185098.0545,0.1,13,4,2,70,17409.749750000003,2,370196.109,185098.0545,0.1,13,4,2,70,17409.749750000003
4634,1,3,618949.0675,206316.35583333333,0.13333333333333333,28,9,4,19,16605.16972222222,3,618949.0675,206316.35583333333,0.13333333333333333,28,9,4,19,16605.16972222222
292,0,3,279390.397,93130.13233333333,0.075,24,7,4,221,7974.679625000001,3,279390.397,93130.13233333333,0.075,24,7,4,221,7974.679625000001
1844,0,3,476843.362,158947.78733333334,0.12777777777777777,25,9,4,104,11231.200222222225,3,476843.362,158947.78733333334,0.12777777777777777,25,9,4,104,11231.200222222225
4937,0,3,300776.32499999995,100258.77500000001,0.1142857142857143,19,7,3,461,7837.074999999998,3,300776.32499999995,100258.77500000001,0.1142857142857143,19,7,3,461,7837.074999999998
273,0,8,1358336.1025,169792.0128125,0.125,71,24,5,248,12840.933854166666,8,1358336.1025,169792.0128125,0.125,71,24,5,248,12840.933854166666
4248,0,5,724763.07,144952.614,0.10357142857142858,36,14,5,8,8327.529285714283,5,724763.07,144952.614,0.10357142857142858,36,14,5,8,8327.529285714283
4334,1,4,312152.8795,78038.219875,0.07500000000000001,17,8,4,314,6638.206187499998,4,312152.8795,78038.219875,0.07500000000000001,17,8,4,314,6638.206187499998
1224,0,5,862635.248,172527.0496,0.09285714285714286,37,13,5,57,17986.35342857143,5,862635.248,172527.0496,0.09285714285714286,37,13,5,57,17986.35342857143
4264,0,6,819992.8505,136665.47508333332,0.07352941176470588,48,17,5,193,10669.670617647058,6,819992.8505,136665.47508333332,0.07352941176470588,48,17,5,193,10669.670617647058
3388,0,4,217676.185,54419.04625,0.13125,24,8,4,187,5396.863125,4,217676.185,54419.04625,0.13125,24,8,4,187,5396.863125
4440,0,5,406103.60099999997,81220.7202,0.11499999999999999,17,10,5,47,9885.2741,5,406103.60099999997,81220.7202,0.11499999999999999,17,10,5,47,9885.2741
366,0,1,84823.757,84823.757,0.11666666666666665,4,3,3,405,5355.879,1,84823.757,84823.757,0.11666666666666665,4,3,3,405,5355.879
1179,1,7,763116.179,109016.597,0.10789473684210528,45,19,5,348,9752.247315789473,7,763116.179,109016.597,0.10789473684210528,45,19,5,348,9752.247315789473
1797,1,4,392650.8415,98162.710375,0.11000000000000001,25,9,4,228,8787.67015,4,392650.8415,98162.710375,0.11000000000000001,25,9,4,228,8787.67015
3268,0,5,588479.7755,117695.95509999999,0.11071428571428572,40,14,5,22,10072.402535714285,5,588479.7755,117695.95509999999,0.11071428571428572,40,14,5,22,10072.402535714285
699,0,3,523732.226,174577.40866666668,0.09166666666666667,19,6,4,50,25828.770999999997,3,523732.226,174577.40866666668,0.09166666666666667,19,6,4,50,25828.770999999997
1053,0,5,715627.461,143125.4922,0.1285714285714286,42,13,4,36,10740.276500000002,5,715627.461,143125.4922,0.1285714285714286,42,13,4,36,10740.276500000002
3061,0,7,653153.095,93307.58499999999,0.10882352941176471,35,17,5,142,8401.875588235293,7,653153.095,93307.58499999999,0.10882352941176471,35,17,5,142,8401.875588235293
4156,0,3,626211.084,208737.02800000002,0.14500000000000002,24,10,5,272,12277.412400000001,3,626211.084,208737.02800000002,0.14500000000000002,24,10,5,272,12277.412400000001
561,1,1,197272.162,197272.162,0.09999999999999999,8,3,2,578,18192.293999999998,1,197272.162,197272.162,0.09999999999999999,8,3,2,578,18192.293999999998
4967,1,3,330511.9525,110170.65083333333,0.07777777777777778,26,9,5,339,7527.333611111111,3,330511.9525,110170.65083333333,0.07777777777777778,26,9,5,339,7527.333611111111
1359,0,5,548185.998,109637.1996,0.10500000000000001,32,10,5,352,9924.9558,5,548185.998,109637.1996,0.10500000000000001,32,10,5,352,9924.9558
3709,1,7,690771.219,98681.60271428572,0.1275,40,20,5,53,6542.37195,7,690771.219,98681.60271428572,0.1275,40,20,5,53,6542.37195
239,1,5,694850.689,138970.1378,0.10500000000000001,28,10,5,207,18630.6959,5,694850.689,138970.1378,0.10500000000000001,28,10,5,207,18630.6959
4070,1,4,816465.3985,204116.349625,0.11153846153846156,34,13,5,254,16339.56757692308,4,816465.3985,204116.349625,0.11153846153846156,34,13,5,254,16339.56757692308
2525,0,8,1194813.7745,149351.7218125,0.11200000000000002,69,24,5,170,9456.844580000003,8,1194813.7745,149351.7218125,0.11200000000000002,69,24,5,170,9456.844580000003
1919,0,7,686556.1895,98079.45564285714,0.109375,36,16,4,96,11157.133718750001,7,686556.1895,98079.45564285714,0.109375,36,16,4,96,11157.133718750001
2706,0,2,574989.406,287494.703,0.1125,21,8,4,75,19140.49325,2,574989.406,287494.703,0.1125,21,8,4,75,19140.49325
1412,0,2,368132.972,184066.486,0.05,19,5,3,19,19728.8044,2,368132.972,184066.486,0.05,19,5,3,19,19728.8044
4342,0,8,1108500.4695000001,138562.55868750002,0.146875,49,15,5,190,11237.970593750004,8,1108500.4695000001,138562.55868750002,0.146875,49,15,5,190,11237.970593750004
4195,1,4,637702.8505,159425.712625,0.09583333333333334,32,12,4,261,10323.811708333333,4,637702.8505,159425.712625,0.09583333333333334,32,12,4,261,10323.811708333333
1455,0,3,441442.29799999995,147147.43266666666,0.044444444444444446,23,9,4,122,13554.406444444445,3,441442.29799999995,147147.43266666666,0.044444444444444446,23,9,4,122,13554.406444444445
1192,0,6,987290.801,164548.46683333334,0.09999999999999999,43,14,5,22,20787.834357142856,6,987290.801,164548.46683333334,0.09999999999999999,43,14,5,22,20787.834357142856
2082,0,7,1031952.2805,147421.75435714284,0.08823529411764706,45,17,5,7,14973.541794117646,7,1031952.2805,147421.75435714284,0.08823529411764706,45,17,5,7,14973.541794117646
1009,1,3,413136.793,137712.26433333333,0.1111111111111111,24,9,4,304,8800.872555555554,3,413136.793,137712.26433333333,0.1111111111111111,24,9,4,304,8800.872555555554
4057,0,5,549767.0055,109953.40109999999,0.075,32,12,5,100,11355.072124999999,5,549767.0055,109953.40109999999,0.075,32,12,5,100,11355.072124999999
2974,1,4,586326.478,146581.6195,0.11363636363636363,29,11,5,121,10548.011636363635,4,586326.478,146581.6195,0.11363636363636363,29,11,5,121,10548.011636363635
173,0,4,1032640.623,258160.15575,0.12666666666666668,44,15,5,74,13460.379533333336,4,1032640.623,258160.15575,0.12666666666666668,44,15,5,74,13460.379533333336
548,1,7,987247.0725,141035.29607142857,0.09772727272727272,50,20,5,13,9439.964659090909,7,987247.0725,141035.29607142857,0.09772727272727272,50,20,5,13,9439.964659090909
121,0,2,437724.84,218862.42,0.10625000000000001,19,8,4,411,9654.545000000002,2,437724.84,218862.42,0.10625000000000001,19,8,4,411,9654.545000000002
1263,0,3,408257.71749999997,136085.90583333332,0.08571428571428573,17,7,5,141,13536.00107142857,3,408257.71749999997,136085.90583333332,0.08571428571428573,17,7,5,141,13536.00107142857
617,0,4,285075.951,71268.98775,0.14285714285714285,12,7,5,346,6433.204428571428,4,285075.951,71268.98775,0.14285714285714285,12,7,5,346,6433.204428571428
817,0,1,20259.248000000003,20259.248000000003,0.2,2,1,1,686,652.3680000000022,1,20259.248000000003,20259.248000000003,0.2,2,1,1,686,652.3680000000022
3278,1,5,392415.1805,78483.0361,0.11538461538461539,27,12,5,51,4968.101576923075,5,392415.1805,78483.0361,0.11538461538461539,27,12,5,51,4968.101576923075
4388,0,2,248004.1395,124002.06975,0.09,13,5,3,297,13269.735900000003,2,248004.1395,124002.06975,0.09,13,5,3,297,13269.735900000003
4157,0,3,322256.714,107418.90466666665,0.1125,17,8,5,458,8406.46175,3,322256.714,107418.90466666665,0.1125,17,8,5,458,8406.46175
4523,0,3,475987.042,158662.34733333334,0.15,15,5,3,350,25919.124400000004,3,475987.042,158662.34733333334,0.15,15,5,3,350,25919.124400000004
1910,1,5,879125.107,175825.0214,0.09375,37,15,5,31,9737.3891875,5,879125.107,175825.0214,0.09375,37,15,5,31,9737.3891875
1191,1,4,389000.97250000003,97250.24312500001,0.125,14,6,4,258,13253.392083333334,4,389000.97250000003,97250.24312500001,0.125,14,6,4,258,13253.392083333334
4879,0,3,333115.755,111038.585,0.12142857142857144,17,7,4,10,9001.780714285716,3,333115.755,111038.585,0.12142857142857144,17,7,4,10,9001.780714285716
3593,1,3,506801.59349999996,168933.8645,0.13571428571428573,20,7,3,19,19392.174785714284,3,506801.59349999996,168933.8645,0.13571428571428573,20,7,3,19,19392.174785714284
856,0,2,271812.854,135906.42700000003,0.1,13,5,4,172,14189.6108,2,271812.854,135906.42700000003,0.1,13,5,4,172,14189.6108
1946,1,3,204373.5315,68124.5105,0.1375,11,4,3,549,7555.300374999999,3,204373.5315,68124.5105,0.1375,11,4,3,549,7555.300374999999
1432,0,5,523215.023,104643.0046,0.09333333333333332,32,14,5,182,6101.649533333333,5,523215.023,104643.0046,0.09333333333333332,32,14,5,182,6101.649533333333
3677,0,2,197393.7095,98696.85475,0.06666666666666667,8,3,3,269,20598.8965,2,197393.7095,98696.85475,0.06666666666666667,8,3,3,269,20598.8965
4077,0,3,226571.79200000002,75523.93066666667,0.11000000000000001,9,5,4,56,10746.018400000003,3,226571.79200000002,75523.93066666667,0.11000000000000001,9,5,4,56,10746.018400000003
175,0,4,429867.4855,107466.871375,0.08750000000000001,29,12,5,238,8712.190458333333,4,429867.4855,107466.871375,0.08750000000000001,29,12,5,238,8712.190458333333
1516,0,7,1167668.6615,166809.80878571427,0.09047619047619049,58,19,5,10,11754.600547619048,7,1167668.6615,166809.80878571427,0.09047619047619049,58,19,5,10,11754.600547619048
4650,0,3,235581.9625,78527.32083333335,0.10714285714285714,14,7,4,214,8846.594642857144,3,235581.9625,78527.32083333335,0.10714285714285714,14,7,4,214,8846.594642857144
4230,0,4,561481.314,140370.3285,0.1,29,11,4,611,12656.227636363636,4,561481.314,140370.3285,0.1,29,11,4,611,12656.227636363636
396,0,5,1022998.763,204599.7526,0.1131578947368421,51,19,5,295,10292.370157894737,5,1022998.763,204599.7526,0.1131578947368421,51,19,5,295,10292.370157894737
3633,0,3,507486.7665,169162.2555,0.08,24,10,4,193,12033.272650000003,3,507486.7665,169162.2555,0.08,24,10,4,193,12033.272650000003
4817,0,11,1330109.0855,120919.00777272727,0.09821428571428571,63,26,5,133,11322.983767857144,11,1330109.0855,120919.00777272727,0.09821428571428571,63,26,5,133,11322.983767857144
3370,1,6,673957.5449999999,112326.25749999999,0.060000000000000005,42,15,5,274,12574.33233333333,6,673957.5449999999,112326.25749999999,0.060000000000000005,42,15,5,274,12574.33233333333
2231,1,2,199139.4495,99569.72475,0.1,6,2,2,107,24000.939749999983,2,199139.4495,99569.72475,0.1,6,2,2,107,24000.939749999983
2838,1,6,765674.809,127612.46816666667,0.08214285714285716,38,14,5,93,12628.709214285715,6,765674.809,127612.46816666667,0.08214285714285716,38,14,5,93,12628.709214285715
2353,0,3,245362.575,81787.52500000001,0.075,12,6,3,202,10392.522500000001,3,245362.575,81787.52500000001,0.075,12,6,3,202,10392.522500000001
2655,1,3,377157.1015,125719.03383333333,0.1357142857142857,19,7,4,16,11518.40592857143,3,377157.1015,125719.03383333333,0.1357142857142857,19,7,4,16,11518.40592857143
4182,1,4,999197.1935,249799.298375,0.09285714285714286,40,14,5,25,19631.55025,4,999197.1935,249799.298375,0.09285714285714286,40,14,5,25,19631.55025
1040,0,5,486837.938,97367.5876,0.07272727272727274,23,10,5,108,9365.441636363637,5,486837.938,97367.5876,0.07272727272727274,23,10,5,108,9365.441636363637
2088,0,8,1122314.332,140289.2915,0.11086956521739132,65,23,5,85,12547.172260869565,8,1122314.332,140289.2915,0.11086956521739132,65,23,5,85,12547.172260869565
1374,1,4,636525.659,159131.41475,0.07727272727272727,30,11,4,114,12370.364454545454,4,636525.659,159131.41475,0.07727272727272727,30,11,4,114,12370.364454545454
1416,0,5,440906.2995,88181.25989999999,0.08181818181818182,26,11,4,88,10175.678136363636,5,440906.2995,88181.25989999999,0.08181818181818182,26,11,4,88,10175.678136363636
2347,1,2,480071.95499999996,240035.97749999998,0.10833333333333334,17,6,3,82,20439.48083333333,2,480071.95499999996,240035.97749999998,0.10833333333333334,17,6,3,82,20439.48083333333
2299,0,1,69639.774,69639.774,0.075,6,2,2,205,5410.926999999999,1,69639.774,69639.774,0.075,6,2,2,205,5410.926999999999
583,0,3,245700.74349999998,81900.24783333333,0.1142857142857143,13,7,2,80,11083.766214285713,3,245700.74349999998,81900.24783333333,0.1142857142857143,13,7,2,80,11083.766214285713
1822,0,4,519594.5095,129898.62737500001,0.09,26,10,4,85,11139.782949999999,4,519594.5095,129898.62737500001,0.09,26,10,4,85,11139.782949999999
1385,0,8,852964.963,106620.620375,0.08043478260869566,61,23,5,143,9715.856217391305,8,852964.963,106620.620375,0.08043478260869566,61,23,5,143,9715.856217391305
1311,0,3,629256.8520000001,209752.284,0.09545454545454546,31,11,5,417,15682.279272727274,3,629256.8520000001,209752.284,0.09545454545454546,31,11,5,417,15682.279272727274
483,0,5,579788.9695,115957.7939,0.10333333333333333,37,14,5,66,7786.325966666667,5,579788.9695,115957.7939,0.10333333333333333,37,14,5,66,7786.325966666667
4680,0,3,462525.226,154175.07533333334,0.155,28,10,4,73,10746.966600000003,3,462525.226,154175.07533333334,0.155,28,10,4,73,10746.966600000003
2149,1,6,569689.1565,94948.19275,0.1125,40,16,5,25,5601.54915625,6,569689.1565,94948.19275,0.1125,40,16,5,25,5601.54915625
4274,1,7,1299258.6945,185608.38492857144,0.11086956521739132,57,23,5,171,15324.304108695653,7,1299258.6945,185608.38492857144,0.11086956521739132,57,23,5,171,15324.304108695653
3295,0,4,604790.045,151197.51125,0.11538461538461539,34,13,5,210,6983.890384615384,4,604790.045,151197.51125,0.11538461538461539,34,13,5,210,6983.890384615384
3144,0,5,612551.303,122510.2606,0.05416666666666667,28,12,5,45,13834.639416666665,5,612551.303,122510.2606,0.05416666666666667,28,12,5,45,13834.639416666665
3283,0,8,809684.0915,101210.5114375,0.09523809523809523,54,19,5,40,9267.978166666666,8,809684.0915,101210.5114375,0.09523809523809523,54,19,5,40,9267.978166666666
1573,0,2,242473.236,121236.618,0.13333333333333333,16,6,4,369,6628.474333333332,2,242473.236,121236.618,0.13333333333333333,16,6,4,369,6628.474333333332
2153,0,5,803928.0005,160785.60009999998,0.09333333333333334,42,15,4,319,10237.224699999999,5,803928.0005,160785.60009999998,0.09333333333333334,42,15,4,319,10237.224699999999
375,0,5,641215.152,128243.0304,0.12272727272727274,29,11,5,114,13909.010181818185,5,641215.152,128243.0304,0.12272727272727274,29,11,5,114,13909.010181818185
1277,1,4,355538.9265,88884.731625,0.08333333333333333,19,9,3,32,8427.971833333331,4,355538.9265,88884.731625,0.08333333333333333,19,9,3,32,8427.971833333331
1580,0,6,519864.345,86644.0575,0.13076923076923078,31,13,5,234,5419.098076923076,6,519864.345,86644.0575,0.13076923076923078,31,13,5,234,5419.098076923076
4403,0,4,427118.8895,106779.722375,0.11666666666666667,20,9,4,164,10245.418833333335,4,427118.8895,106779.722375,0.11666666666666667,20,9,4,164,10245.418833333335
2953,0,2,114973.95,57486.975,0.1375,8,4,4,5,7163.412499999999,2,114973.95,57486.975,0.1375,8,4,4,5,7163.412499999999
1665,0,2,324513.951,162256.9755,0.09166666666666667,13,6,4,494,12163.14683333333,2,324513.951,162256.9755,0.09166666666666667,13,6,4,494,12163.14683333333
2765,1,4,824191.4475,206047.861875,0.09999999999999999,34,12,5,249,18177.362291666668,4,824191.4475,206047.861875,0.09999999999999999,34,12,5,249,18177.362291666668
1186,0,4,367347.62600000005,91836.9065,0.09999999999999999,19,7,4,228,7107.452285714288,4,367347.62600000005,91836.9065,0.09999999999999999,19,7,4,228,7107.452285714288
261,0,4,581070.5775,145267.64437499997,0.11785714285714285,39,14,5,206,8701.866249999997,4,581070.5775,145267.64437499997,0.11785714285714285,39,14,5,206,8701.866249999997
437,0,2,308177.7955,154088.89775,0.1375,14,4,2,255,8820.551374999997,2,308177.7955,154088.89775,0.1375,14,4,2,255,8820.551374999997
3676,0,4,120277.501,30069.37525,0.09285714285714286,16,7,3,191,4590.935857142858,4,120277.501,30069.37525,0.09285714285714286,16,7,3,191,4590.935857142858
247,1,3,347204.691,115734.897,0.1142857142857143,17,7,4,271,8495.612999999998,3,347204.691,115734.897,0.1142857142857143,17,7,4,271,8495.612999999998
3930,1,4,401837.2635,100459.315875,0.08125,20,8,4,8,9637.500437499999,4,401837.2635,100459.315875,0.08125,20,8,4,8,9637.500437499999
1485,0,2,326365.6815,163182.84075,0.125,19,6,3,130,11440.088583333336,2,326365.6815,163182.84075,0.125,19,6,3,130,11440.088583333336
229,0,4,728504.9255,182126.231375,0.05909090909090909,27,11,4,97,16227.573227272725,4,728504.9255,182126.231375,0.05909090909090909,27,11,4,97,16227.573227272725
439,0,3,286681.2295,95560.40983333334,0.1111111111111111,20,9,4,11,7072.5188333333335,3,286681.2295,95560.40983333334,0.1111111111111111,20,9,4,11,7072.5188333333335
1470,0,3,532899.4015,177633.13383333336,0.12,30,10,3,368,13641.610150000002,3,532899.4015,177633.13383333336,0.12,30,10,3,368,13641.610150000002
3595,1,5,672696.3165,134539.2633,0.08,38,12,3,12,9102.773766666664,5,672696.3165,134539.2633,0.08,38,12,3,12,9102.773766666664
4317,1,3,155403.587,51801.19566666667,0.15,8,3,2,0,6053.3823333333385,3,155403.587,51801.19566666667,0.15,8,3,2,0,6053.3823333333385
2537,0,4,438045.3605,109511.340125,0.09999999999999999,33,14,5,333,6798.057892857142,4,438045.3605,109511.340125,0.09999999999999999,33,14,5,333,6798.057892857142
3332,0,5,711620.028,142324.00559999997,0.11818181818181818,30,11,5,59,17516.059818181817,5,711620.028,142324.00559999997,0.11818181818181818,30,11,5,59,17516.059818181817
2894,0,1,4496.2480000000005,4496.2480000000005,0.2,1,1,1,465,1142.1780000000003,1,4496.2480000000005,4496.2480000000005,0.2,1,1,1,465,1142.1780000000003
1315,0,3,260814.426,86938.142,0.09,12,5,3,326,16427.7092,3,260814.426,86938.142,0.09,12,5,3,326,16427.7092
1568,0,3,605322.4285,201774.14283333335,0.125,30,10,5,201,14280.52085,3,605322.4285,201774.14283333335,0.125,30,10,5,201,14280.52085
2794,1,2,403089.22750000004,201544.61375000002,0.10714285714285714,20,7,5,97,12124.341071428575,2,403089.22750000004,201544.61375000002,0.10714285714285714,20,7,5,97,12124.341071428575
2303,1,7,717570.954,102510.1362857143,0.08823529411764706,46,16,5,18,9474.856117647058,7,717570.954,102510.1362857143,0.08823529411764706,46,16,5,18,9474.856117647058
3356,0,7,976003.816,139429.11657142857,0.10526315789473684,50,19,5,112,9871.625578947367,7,976003.816,139429.11657142857,0.10526315789473684,50,19,5,112,9871.625578947367
3627,0,2,276593.654,138296.827,0.1142857142857143,21,7,4,18,8239.192000000001,2,276593.654,138296.827,0.1142857142857143,21,7,4,18,8239.192000000001
3173,0,2,172311.619,86155.8095,0.1142857142857143,18,7,4,404,3587.4569999999994,2,172311.619,86155.8095,0.1142857142857143,18,7,4,404,3587.4569999999994
987,0,5,559558.476,111911.6952,0.1125,33,11,5,44,11116.398000000003,5,559558.476,111911.6952,0.1125,33,11,5,44,11116.398000000003
4950,0,4,386007.86,96501.965,0.10714285714285714,20,7,3,518,12381.141428571427,4,386007.86,96501.965,0.10714285714285714,20,7,3,518,12381.141428571427
1643,0,3,347016.206,115672.06866666667,0.044444444444444446,19,9,5,295,9589.973999999998,3,347016.206,115672.06866666667,0.044444444444444446,19,9,5,295,9589.973999999998
1905,0,4,372833.207,93208.30175,0.11666666666666667,20,9,4,15,11547.359666666669,4,372833.207,93208.30175,0.11666666666666667,20,9,4,15,11547.359666666669
613,0,3,363095.427,121031.80900000001,0.10833333333333334,17,6,4,121,14937.244500000003,3,363095.427,121031.80900000001,0.10833333333333334,17,6,4,121,14937.244500000003
2847,0,6,378846.933,63141.1555,0.07307692307692308,27,12,5,291,6323.680230769231,6,378846.933,63141.1555,0.07307692307692308,27,12,5,291,6323.680230769231
3800,0,6,640246.142,106707.69033333333,0.13571428571428573,34,14,5,202,9136.08585714286,6,640246.142,106707.69033333333,0.13571428571428573,34,14,5,202,9136.08585714286
4806,1,6,395153.3025,65858.88375,0.12272727272727274,27,11,5,81,6681.247499999999,6,395153.3025,65858.88375,0.12272727272727274,27,11,5,81,6681.247499999999
2115,1,5,648392.0235,129678.4047,0.09583333333333333,32,12,4,1,11833.468625,5,648392.0235,129678.4047,0.09583333333333333,32,12,4,1,11833.468625
2318,0,2,295079.512,147539.756,0.1416666666666667,17,6,4,225,13982.056999999999,2,295079.512,147539.756,0.1416666666666667,17,6,4,225,13982.056999999999
1509,0,2,377159.24,188579.62,0.1416666666666667,15,6,3,177,12200.845000000003,2,377159.24,188579.62,0.1416666666666667,15,6,3,177,12200.845000000003
4271,0,5,787770.9825,157554.19650000002,0.09285714285714286,35,13,5,65,14723.198035714287,5,787770.9825,157554.19650000002,0.09285714285714286,35,13,5,65,14723.198035714287
2681,0,3,387860.86899999995,129286.95633333334,0.13333333333333333,19,6,3,106,11475.07983333333,3,387860.86899999995,129286.95633333334,0.13333333333333333,19,6,3,106,11475.07983333333
2870,0,4,351837.929,87959.48225,0.1388888888888889,21,9,5,172,8237.798777777776,4,351837.929,87959.48225,0.1388888888888889,21,9,5,172,8237.798777777776
4529,0,4,549416.0605,137354.015125,0.08,24,10,4,164,14736.908049999998,4,549416.0605,137354.015125,0.08,24,10,4,164,14736.908049999998
873,0,6,565285.0565,94214.17608333332,0.09166666666666667,34,12,4,161,13641.224708333333,6,565285.0565,94214.17608333332,0.09166666666666667,34,12,4,161,13641.224708333333
4376,0,3,466604.8865,155534.9621666667,0.1388888888888889,21,9,5,32,5508.476277777781,3,466604.8865,155534.9621666667,0.1388888888888889,21,9,5,32,5508.476277777781
1613,0,7,1214222.244,173460.32057142857,0.10500000000000001,58,20,5,220,16986.0582,7,1214222.244,173460.32057142857,0.10500000000000001,58,20,5,220,16986.0582
2125,1,4,398578.961,99644.74025,0.12727272727272726,26,11,4,306,6328.239181818184,4,398578.961,99644.74025,0.12727272727272726,26,11,4,306,6328.239181818184
433,1,2,412937.5585,206468.77925,0.10625,22,8,4,389,13284.663562499996,2,412937.5585,206468.77925,0.10625,22,8,4,389,13284.663562499996
622,1,4,649731.8685,162432.96712500002,0.1,32,12,5,122,13719.741423076923,4,649731.8685,162432.96712500002,0.1,32,12,5,122,13719.741423076923
2624,0,4,272824.154,68206.0385,0.13333333333333333,14,6,4,88,5891.069,4,272824.154,68206.0385,0.13333333333333333,14,6,4,88,5891.069
2734,0,4,483911.918,120977.9795,0.1111111111111111,23,8,4,195,14371.016444444445,4,483911.918,120977.9795,0.1111111111111111,23,8,4,195,14371.016444444445
4346,0,3,457435.93799999997,152478.64599999998,0.09,15,5,4,10,25798.5956,3,457435.93799999997,152478.64599999998,0.09,15,5,4,10,25798.5956
2457,0,7,1006520.1875,143788.5982142857,0.10882352941176471,43,17,5,12,14989.975735294118,7,1006520.1875,143788.5982142857,0.10882352941176471,43,17,5,12,14989.975735294118
3008,0,3,277381.326,92460.442,0.13333333333333333,14,6,4,79,4354.384333333335,3,277381.326,92460.442,0.13333333333333333,14,6,4,79,4354.384333333335
630,0,4,452771.694,113192.9235,0.1,18,6,3,172,18244.524857142864,4,452771.694,113192.9235,0.1,18,6,3,172,18244.524857142864
372,0,2,42509.9015,21254.95075,0.075,3,2,2,745,2413.4757499999996,2,42509.9015,21254.95075,0.075,3,2,2,745,2413.4757499999996
4454,0,3,161222.8815,53740.960499999994,0.08333333333333333,14,6,3,498,7877.873583333331,3,161222.8815,53740.960499999994,0.08333333333333333,14,6,3,498,7877.873583333331
2482,1,8,1053504.08,131688.01,0.08888888888888889,45,18,5,207,13791.621111111112,8,1053504.08,131688.01,0.08888888888888889,45,18,5,207,13791.621111111112
2880,0,3,196512.90050000002,65504.300166666675,0.05000000000000001,10,6,4,397,9728.950083333335,3,196512.90050000002,65504.300166666675,0.05000000000000001,10,6,4,397,9728.950083333335
4370,1,4,493981.697,123495.42425000001,0.1,25,10,4,375,10586.7147,4,493981.697,123495.42425000001,0.1,25,10,4,375,10586.7147
1248,0,2,110270.34100000001,55135.17050000001,0.0625,7,3,2,279,6474.305250000001,2,110270.34100000001,55135.17050000001,0.0625,7,3,2,279,6474.305250000001
4081,1,3,564601.7760000001,188200.59200000003,0.09166666666666667,21,6,4,90,29880.126,3,564601.7760000001,188200.59200000003,0.09166666666666667,21,6,4,90,29880.126
4418,1,2,246910.137,123455.06850000001,0.1125,9,4,3,118,14445.83925,2,246910.137,123455.06850000001,0.1125,9,4,3,118,14445.83925
933,0,5,496770.3535,99354.0707,0.11363636363636363,25,10,5,158,10611.663045454545,5,496770.3535,99354.0707,0.11363636363636363,25,10,5,158,10611.663045454545
2700,0,2,273340.188,136670.094,0.041666666666666664,15,6,5,260,14928.031333333334,2,273340.188,136670.094,0.041666666666666664,15,6,5,260,14928.031333333334
1733,0,6,809002.058,134833.67633333334,0.11071428571428572,33,14,5,169,15725.531285714287,6,809002.058,134833.67633333334,0.11071428571428572,33,14,5,169,15725.531285714287
3022,0,5,653293.38,130658.676,0.10416666666666667,29,12,4,106,11238.672499999999,5,653293.38,130658.676,0.10416666666666667,29,12,4,106,11238.672499999999
4483,1,9,774266.414,86029.60155555555,0.11599999999999999,60,24,5,120,6692.566560000001,9,774266.414,86029.60155555555,0.11599999999999999,60,24,5,120,6692.566560000001
584,0,4,427887.3125,106971.828125,0.10500000000000001,19,10,5,195,10657.216250000001,4,427887.3125,106971.828125,0.10500000000000001,19,10,5,195,10657.216250000001
4881,0,3,253227.2455,84409.08183333334,0.1125,20,8,5,101,6788.061937499999,3,253227.2455,84409.08183333334,0.1125,20,8,5,101,6788.061937499999
507,0,3,433834.7545,144611.58483333336,0.1125,25,8,4,86,15058.935562499999,3,433834.7545,144611.58483333336,0.1125,25,8,4,86,15058.935562499999
4349,0,5,515619.21300000005,103123.8426,0.1388888888888889,23,9,3,28,14348.227,5,515619.21300000005,103123.8426,0.1388888888888889,23,9,3,28,14348.227
2825,0,5,667773.9945,133554.7989,0.08750000000000001,29,12,5,167,11186.901208333335,5,667773.9945,133554.7989,0.08750000000000001,29,12,5,167,11186.901208333335
3432,0,6,818932.2575000001,136488.70958333332,0.08611111111111111,43,18,5,50,7890.249861111111,6,818932.2575000001,136488.70958333332,0.08611111111111111,43,18,5,50,7890.249861111111
385,0,4,714358.406,178589.6015,0.06818181818181818,33,11,5,40,17704.72145454545,4,714358.406,178589.6015,0.06818181818181818,33,11,5,40,17704.72145454545
4601,0,6,633012.1494999999,105502.02491666666,0.09999999999999999,37,17,5,426,8597.12526470588,6,633012.1494999999,105502.02491666666,0.09999999999999999,37,17,5,426,8597.12526470588
1879,0,5,729274.7150000001,145854.94300000003,0.075,32,11,5,28,16192.027916666668,5,729274.7150000001,145854.94300000003,0.075,32,11,5,28,16192.027916666668
3666,1,3,95077.0725,31692.3575,0.04,10,5,4,443,5066.488500000001,3,95077.0725,31692.3575,0.04,10,5,4,443,5066.488500000001
1634,1,3,229878.027,76626.009,0.07500000000000001,9,4,3,36,17185.88675,3,229878.027,76626.009,0.07500000000000001,9,4,3,36,17185.88675
4584,0,2,136470.214,68235.10699999999,0.05833333333333333,15,6,3,113,5186.070666666666,2,136470.214,68235.10699999999,0.05833333333333333,15,6,3,113,5186.070666666666
4553,0,3,477893.196,159297.732,0.09444444444444444,25,9,4,325,16468.631777777777,3,477893.196,159297.732,0.09444444444444444,25,9,4,325,16468.631777777777
3286,0,3,364724.48,121574.82666666666,0.08888888888888889,17,9,5,303,10380.604444444443,3,364724.48,121574.82666666666,0.08888888888888889,17,9,5,303,10380.604444444443
1351,0,4,760554.0805,190138.52012499998,0.13846153846153847,32,13,5,134,12990.778499999999,4,760554.0805,190138.52012499998,0.13846153846153847,32,13,5,134,12990.778499999999
3936,0,4,535847.02,133961.755,0.07916666666666668,30,12,5,117,10872.429166666669,4,535847.02,133961.755,0.07916666666666668,30,12,5,117,10872.429166666669
927,0,4,306051.05950000003,76512.76487500001,0.10909090909090909,21,11,5,167,5546.646318181819,4,306051.05950000003,76512.76487500001,0.10909090909090909,21,11,5,167,5546.646318181819
3997,0,7,684196.6934999999,97742.38478571428,0.11538461538461539,34,13,5,220,13996.411807692308,7,684196.6934999999,97742.38478571428,0.11538461538461539,34,13,5,220,13996.411807692308
476,0,3,317484.689,105828.22966666667,0.12000000000000002,12,5,4,101,7924.739800000005,3,317484.689,105828.22966666667,0.12000000000000002,12,5,4,101,7924.739800000005
4508,1,4,579167.9285,144791.982125,0.07777777777777778,26,9,4,54,16392.418722222224,4,579167.9285,144791.982125,0.07777777777777778,26,9,4,54,16392.418722222224
1306,0,3,483695.51800000004,161231.83933333334,0.13,24,10,5,287,9413.596800000001,3,483695.51800000004,161231.83933333334,0.13,24,10,5,287,9413.596800000001
4206,0,2,261415.091,130707.5455,0.11000000000000001,17,5,3,168,14779.970199999996,2,261415.091,130707.5455,0.11000000000000001,17,5,3,168,14779.970199999996
4429,0,2,99014.46650000001,49507.233250000005,0.049999999999999996,4,3,2,299,13097.042166666668,2,99014.46650000001,49507.233250000005,0.049999999999999996,4,3,2,299,13097.042166666668
3590,1,3,461641.9595,153880.65316666666,0.10625000000000001,19,8,5,18,14655.519937499997,3,461641.9595,153880.65316666666,0.10625000000000001,19,8,5,18,14655.519937499997
2485,0,4,623855.348,155963.837,0.08461538461538462,28,13,5,337,13826.753692307691,4,623855.348,155963.837,0.08461538461538462,28,13,5,337,13826.753692307691
4810,1,3,563282.4965,187760.83216666666,0.08499999999999999,23,10,4,193,16625.296649999997,3,563282.4965,187760.83216666666,0.08499999999999999,23,10,4,193,16625.296649999997
2871,0,3,503485.2005,167828.4001666667,0.11875,19,8,4,60,10162.615062500001,3,503485.2005,167828.4001666667,0.11875,19,8,4,60,10162.615062500001
1006,0,7,892649.6555,127521.37935714285,0.1,48,19,5,49,10250.968184210526,7,892649.6555,127521.37935714285,0.1,48,19,5,49,10250.968184210526
3354,0,5,520021.403,104004.2806,0.05416666666666667,25,12,5,41,12119.47275,5,520021.403,104004.2806,0.05416666666666667,25,12,5,41,12119.47275
737,1,3,477795.889,159265.29633333333,0.08636363636363636,27,10,5,47,9251.929000000004,3,477795.889,159265.29633333333,0.08636363636363636,27,10,5,47,9251.929000000004
2777,0,7,787190.448,112455.77828571429,0.084375,45,16,5,119,9046.669249999999,7,787190.448,112455.77828571429,0.084375,45,16,5,119,9046.669249999999
1077,0,5,715910.84,143182.168,0.12142857142857144,35,14,5,36,12834.710714285713,5,715910.84,143182.168,0.12142857142857144,35,14,5,36,12834.710714285713
2333,0,9,1039428.2665,115492.02961111111,0.08409090909090909,51,21,5,77,11880.959386363636,9,1039428.2665,115492.02961111111,0.08409090909090909,51,21,5,77,11880.959386363636
1442,0,4,594228.6515,148557.16287499998,0.10833333333333334,34,11,5,396,12121.322625,4,594228.6515,148557.16287499998,0.10833333333333334,34,11,5,396,12121.322625
3713,0,6,554318.5045,92386.41741666668,0.1272727272727273,27,11,5,256,13520.989500000001,6,554318.5045,92386.41741666668,0.1272727272727273,27,11,5,256,13520.989500000001
2004,0,4,715191.75,178797.9375,0.08333333333333333,26,12,4,302,13819.631666666666,4,715191.75,178797.9375,0.08333333333333333,26,12,4,302,13819.631666666666
618,0,5,622563.0725,124512.6145,0.08333333333333333,26,12,5,283,11278.336875,5,622563.0725,124512.6145,0.08333333333333333,26,12,5,283,11278.336875
510,0,3,309072.9705,103024.3235,0.11666666666666667,18,9,4,290,9187.87338888889,3,309072.9705,103024.3235,0.11666666666666667,18,9,4,290,9187.87338888889
2770,0,2,280648.61100000003,140324.3055,0.1,13,5,4,168,13020.276199999997,2,280648.61100000003,140324.3055,0.1,13,5,4,168,13020.276199999997
2134,1,3,237753.82799999998,79251.276,0.13125,18,8,5,183,4402.952249999999,3,237753.82799999998,79251.276,0.13125,18,8,5,183,4402.952249999999
1139,0,2,129835.111,64917.5555,0.16,9,5,3,41,1720.2202000000004,2,129835.111,64917.5555,0.16,9,5,3,41,1720.2202000000004
2581,0,6,614594.8985,102432.48308333334,0.1285714285714286,35,14,5,345,6813.446321428571,6,614594.8985,102432.48308333334,0.1285714285714286,35,14,5,345,6813.446321428571
2202,0,4,436841.1095,109210.277375,0.095,26,10,4,180,9571.96895,4,436841.1095,109210.277375,0.095,26,10,4,180,9571.96895
2571,0,4,434569.6,108642.4,0.11499999999999999,23,10,4,131,9310.473999999998,4,434569.6,108642.4,0.11499999999999999,23,10,4,131,9310.473999999998
4047,0,4,1035364.973,258841.24325,0.05909090909090909,36,11,4,293,22653.38663636364,4,1035364.973,258841.24325,0.05909090909090909,36,11,4,293,22653.38663636364
3158,1,3,405455.7525,135151.9175,0.125,24,8,3,215,6090.109062500002,3,405455.7525,135151.9175,0.125,24,8,3,215,6090.109062500002
632,1,6,585804.224,97634.03733333334,0.125,31,12,5,53,10483.954500000005,6,585804.224,97634.03733333334,0.125,31,12,5,53,10483.954500000005
2702,1,7,547533.5555,78219.07935714287,0.109375,36,16,5,233,6302.42096875,7,547533.5555,78219.07935714287,0.109375,36,16,5,233,6302.42096875
4700,0,1,68328.84,68328.84,0.2,3,1,1,876,-650.4300000000076,1,68328.84,68328.84,0.2,3,1,1,876,-650.4300000000076
359,0,3,191898.68949999998,63966.229833333324,0.12,14,5,3,109,7206.7118999999975,3,191898.68949999998,63966.229833333324,0.12,14,5,3,109,7206.7118999999975
183,0,2,234564.0035,117282.00175,0.09166666666666667,14,6,3,572,5408.105583333335,2,234564.0035,117282.00175,0.09166666666666667,14,6,3,572,5408.105583333335
4467,0,8,718333.175,89791.646875,0.09736842105263159,48,19,5,177,8668.741315789475,8,718333.175,89791.646875,0.09736842105263159,48,19,5,177,8668.741315789475
2934,1,3,591783.475,197261.15833333333,0.11499999999999999,31,10,5,216,14445.655499999999,3,591783.475,197261.15833333333,0.11499999999999999,31,10,5,216,14445.655499999999
3056,0,5,315363.8305,63072.76609999999,0.08181818181818182,21,11,5,43,7255.334590909091,5,315363.8305,63072.76609999999,0.08181818181818182,21,11,5,43,7255.334590909091
849,0,4,709554.461,177388.61525,0.1142857142857143,34,14,5,358,11063.25792857143,4,709554.461,177388.61525,0.1142857142857143,34,14,5,358,11063.25792857143
1247,1,5,270919.3705,54183.87409999999,0.07272727272727274,26,11,5,115,4268.006409090908,5,270919.3705,54183.87409999999,0.07272727272727274,26,11,5,115,4268.006409090908
4933,1,1,280734.02999999997,280734.02999999997,0.15,11,3,3,604,26067.10666666667,1,280734.02999999997,280734.02999999997,0.15,11,3,3,604,26067.10666666667
282,0,7,651386.9425,93055.2775,0.08750000000000001,36,16,5,127,8096.985156249999,7,651386.9425,93055.2775,0.08750000000000001,36,16,5,127,8096.985156249999
4295,0,7,749720.899,107102.98557142858,0.08,42,15,5,132,11995.9786,7,749720.899,107102.98557142858,0.08,42,15,5,132,11995.9786
3245,0,9,1102572.1935,122508.0215,0.11346153846153847,71,25,5,34,8129.446288461537,9,1102572.1935,122508.0215,0.11346153846153847,71,25,5,34,8129.446288461537
3159,0,1,86090.2,86090.2,0.0,4,1,1,433,32109.439999999995,1,86090.2,86090.2,0.0,4,1,1,433,32109.439999999995
2709,0,3,195515.4705,65171.8235,0.09285714285714286,11,7,3,153,3994.0429285714263,3,195515.4705,65171.8235,0.09285714285714286,11,7,3,153,3994.0429285714263
518,1,8,1505124.8635,188140.6079375,0.08076923076923077,70,26,5,220,14593.665903846153,8,1505124.8635,188140.6079375,0.08076923076923077,70,26,5,220,14593.665903846153
3637,0,8,713743.5009999999,89217.93762499999,0.09666666666666666,35,14,5,103,10207.209399999998,8,713743.5009999999,89217.93762499999,0.09666666666666666,35,14,5,103,10207.209399999998
451,0,6,371286.197,61881.03283333334,0.1,17,9,5,121,11829.300777777778,6,371286.197,61881.03283333334,0.1,17,9,5,121,11829.300777777778
4246,1,4,830590.6950000001,207647.67375000002,0.09333333333333334,40,15,4,38,15517.152999999998,4,830590.6950000001,207647.67375000002,0.09333333333333334,40,15,4,38,15517.152999999998
463,1,4,476957.979,119239.49474999998,0.06,23,10,5,183,14362.851899999998,4,476957.979,119239.49474999998,0.06,23,10,5,183,14362.851899999998
2550,0,4,393808.277,98452.06925,0.04,28,10,5,59,11155.7247,4,393808.277,98452.06925,0.04,28,10,5,59,11155.7247
4040,0,4,461967.439,115491.85975,0.1318181818181818,18,11,4,290,7341.319909090909,4,461967.439,115491.85975,0.1318181818181818,18,11,4,290,7341.319909090909
2688,0,4,642953.018,160738.2545,0.11499999999999999,27,10,5,291,15744.812800000003,4,642953.018,160738.2545,0.11499999999999999,27,10,5,291,15744.812800000003
1332,0,5,785552.0605,157110.41210000002,0.13529411764705881,32,17,4,84,8936.054147058823,5,785552.0605,157110.41210000002,0.13529411764705881,32,17,4,84,8936.054147058823
4091,0,4,509365.175,127341.29375,0.09999999999999999,25,12,5,103,11714.470416666665,4,509365.175,127341.29375,0.09999999999999999,25,12,5,103,11714.470416666665
4801,0,4,523053.4105,130763.352625,0.09545454545454546,25,11,5,2,9799.025499999998,4,523053.4105,130763.352625,0.09545454545454546,25,11,5,2,9799.025499999998
2572,1,4,364216.963,91054.24075,0.085,23,10,5,13,5928.779300000002,4,364216.963,91054.24075,0.085,23,10,5,13,5928.779300000002
2524,0,5,305317.2575,61063.4515,0.08571428571428573,23,7,5,326,11935.426785714284,5,305317.2575,61063.4515,0.08571428571428573,23,7,5,326,11935.426785714284
2465,0,5,733110.3865,146622.0773,0.1,39,14,5,34,13630.769100000001,5,733110.3865,146622.0773,0.1,39,14,5,34,13630.769100000001
689,1,6,733123.5665,122187.26108333335,0.12142857142857143,37,13,5,14,12061.35975,6,733123.5665,122187.26108333335,0.12142857142857143,37,13,5,14,12061.35975
4945,0,5,708944.0650000001,141788.81300000002,0.13076923076923078,39,13,3,195,11403.955769230774,5,708944.0650000001,141788.81300000002,0.13076923076923078,39,13,3,195,11403.955769230774
207,0,2,332232.717,166116.35849999997,0.15,19,7,3,470,12207.52957142857,2,332232.717,166116.35849999997,0.15,19,7,3,470,12207.52957142857
4808,1,3,445761.51999999996,148587.1733333333,0.08571428571428572,24,7,4,276,14532.99857142857,3,445761.51999999996,148587.1733333333,0.08571428571428572,24,7,4,276,14532.99857142857
431,1,9,812981.94,90331.32666666666,0.10652173913043479,58,22,5,30,8022.4,9,812981.94,90331.32666666666,0.10652173913043479,58,22,5,30,8022.4
4391,0,4,208613.7055,52153.426375,0.17500000000000002,14,6,4,97,899.6409166666681,4,208613.7055,52153.426375,0.17500000000000002,14,6,4,97,899.6409166666681
3172,0,3,314462.477,104820.82566666667,0.1,23,8,5,198,8406.209625000001,3,314462.477,104820.82566666667,0.1,23,8,5,198,8406.209625000001
1144,1,3,423591.90249999997,141197.3008333333,0.11666666666666667,26,9,4,275,10101.550277777777,3,423591.90249999997,141197.3008333333,0.11666666666666667,26,9,4,275,10101.550277777777
1801,0,1,85461.20999999999,85461.20999999999,0.1,2,1,1,144,31278.52999999999,1,85461.20999999999,85461.20999999999,0.1,2,1,1,144,31278.52999999999
1211,0,4,593202.5415,148300.635375,0.05555555555555555,23,9,5,42,23297.233500000006,4,593202.5415,148300.635375,0.05555555555555555,23,9,5,42,23297.233500000006
3254,0,6,1058765.8675,176460.97791666666,0.11190476190476191,51,20,5,75,10365.53511904762,6,1058765.8675,176460.97791666666,0.11190476190476191,51,20,5,75,10365.53511904762
142,0,2,284586.61799999996,142293.30899999998,0.07500000000000001,14,4,3,470,17997.774499999992,2,284586.61799999996,142293.30899999998,0.07500000000000001,14,4,3,470,17997.774499999992
2586,0,5,994324.067,198864.8134,0.1131578947368421,45,19,5,150,13737.476157894736,5,994324.067,198864.8134,0.1131578947368421,45,19,5,150,13737.476157894736
4262,0,3,237726.59600000002,79242.19866666668,0.06666666666666667,8,3,2,130,23703.205333333335,3,237726.59600000002,79242.19866666668,0.06666666666666667,8,3,2,130,23703.205333333335
252,0,3,361727.9065,120575.96883333333,0.09285714285714286,17,7,4,87,15970.430928571426,3,361727.9065,120575.96883333333,0.09285714285714286,17,7,4,87,15970.430928571426
1452,0,3,325258.5835,108419.52783333334,0.11000000000000001,17,5,2,90,14680.2347,3,325258.5835,108419.52783333334,0.11000000000000001,17,5,2,90,14680.2347
3380,0,5,456294.8455,91258.9691,0.13636363636363635,23,11,4,406,7387.152318181817,5,456294.8455,91258.9691,0.13636363636363635,23,11,4,406,7387.152318181817
1170,0,6,696383.73,116063.955,0.09166666666666667,29,12,5,151,15113.624166666666,6,696383.73,116063.955,0.09166666666666667,29,12,5,151,15113.624166666666
4088,0,5,219594.654,43918.9308,0.12272727272727274,26,11,4,73,2465.157636363636,5,219594.654,43918.9308,0.12272727272727274,26,11,4,73,2465.157636363636
2516,0,3,172570.956,57523.652,0.1,15,5,5,148,9345.783200000002,3,172570.956,57523.652,0.1,15,5,5,148,9345.783200000002
2713,1,4,306752.9185,76688.22962499999,0.1,22,9,5,5,8191.466499999999,4,306752.9185,76688.22962499999,0.1,22,9,5,5,8191.466499999999
666,1,6,539095.848,89849.308,0.08571428571428573,29,14,4,11,8399.072714285716,6,539095.848,89849.308,0.08571428571428573,29,14,4,11,8399.072714285716
4169,0,4,411074.0155,102768.503875,0.09285714285714286,17,7,5,506,12588.63935714286,4,411074.0155,102768.503875,0.09285714285714286,17,7,5,506,12588.63935714286
1782,0,2,168926.872,84463.43600000002,0.13333333333333333,8,3,3,147,10795.027333333339,2,168926.872,84463.43600000002,0.13333333333333333,8,3,3,147,10795.027333333339
2885,1,3,557252.5125,185750.8375,0.11666666666666665,26,12,5,578,9827.521041666665,3,557252.5125,185750.8375,0.11666666666666665,26,12,5,578,9827.521041666665
951,0,3,140441.963,46813.98766666666,0.09999999999999999,16,7,4,225,4669.3075714285715,3,140441.963,46813.98766666666,0.09999999999999999,16,7,4,225,4669.3075714285715
3542,0,9,1637157.077,181906.34188888888,0.0810344827586207,75,29,5,14,14080.662655172411,9,1637157.077,181906.34188888888,0.0810344827586207,75,29,5,14,14080.662655172411
2205,0,6,454896.9535,75816.15891666667,0.08333333333333333,38,15,4,126,6695.871566666667,6,454896.9535,75816.15891666667,0.08333333333333333,38,15,4,126,6695.871566666667
315,0,2,373929.624,186964.812,0.08571428571428572,17,7,4,490,14475.717714285714,2,373929.624,186964.812,0.08571428571428572,17,7,4,490,14475.717714285714
4400,1,6,466675.619,77779.26983333334,0.08499999999999999,22,10,4,21,13563.161900000001,6,466675.619,77779.26983333334,0.08499999999999999,22,10,4,21,13563.161900000001
4964,1,3,420150.2135,140050.07116666666,0.09999999999999999,16,7,3,193,19315.913357142857,3,420150.2135,140050.07116666666,0.09999999999999999,16,7,3,193,19315.913357142857
2084,0,6,582013.8445,97002.30741666666,0.10666666666666667,36,15,4,20,7289.436966666665,6,582013.8445,97002.30741666666,0.10666666666666667,36,15,4,20,7289.436966666665
1425,0,7,1102250.374,157464.33914285715,0.09999999999999999,43,16,4,65,15288.904352941177,7,1102250.374,157464.33914285715,0.09999999999999999,43,16,4,65,15288.904352941177
3125,0,4,602187.693,150546.92325,0.12727272727272726,30,11,4,47,13443.316636363637,4,602187.693,150546.92325,0.12727272727272726,30,11,4,47,13443.316636363637
210,0,7,438322.82,62617.54571428571,0.10384615384615385,34,13,5,82,7376.415384615385,7,438322.82,62617.54571428571,0.10384615384615385,34,13,5,82,7376.415384615385
4604,1,3,351878.837,117292.94566666667,0.05714285714285715,17,7,5,602,12810.606714285715,3,351878.837,117292.94566666667,0.05714285714285715,17,7,5,602,12810.606714285715
1202,0,5,594212.441,118842.48819999999,0.1,21,10,5,224,17201.219099999995,5,594212.441,118842.48819999999,0.1,21,10,5,224,17201.219099999995
1453,1,3,247670.70750000002,82556.90250000001,0.12142857142857143,16,7,4,28,6653.389642857146,3,247670.70750000002,82556.90250000001,0.12142857142857143,16,7,4,28,6653.389642857146
1781,1,3,497425.63300000003,165808.54433333335,0.09999999999999999,17,5,3,82,15063.437166666665,3,497425.63300000003,165808.54433333335,0.09999999999999999,17,5,3,82,15063.437166666665
4908,0,6,1072350.209,178725.03483333334,0.07105263157894737,44,19,5,167,17165.114684210526,6,1072350.209,178725.03483333334,0.07105263157894737,44,19,5,167,17165.114684210526
34,0,4,732505.069,183126.26725,0.10357142857142858,36,14,5,714,9151.710642857144,4,732505.069,183126.26725,0.10357142857142858,36,14,5,714,9151.710642857144
542,1,3,220866.815,73622.27166666667,0.025,11,4,3,210,19613.20875,3,220866.815,73622.27166666667,0.025,11,4,3,210,19613.20875
591,1,3,304802.708,101600.90266666666,0.075,23,8,5,41,7233.877249999998,3,304802.708,101600.90266666666,0.075,23,8,5,41,7233.877249999998
4862,1,2,138514.631,69257.3155,0.08333333333333333,7,6,3,200,6074.3535,2,138514.631,69257.3155,0.08333333333333333,7,6,3,200,6074.3535
434,1,3,343766.929,114588.97633333334,0.15,14,6,3,110,17011.3665,3,343766.929,114588.97633333334,0.15,14,6,3,110,17011.3665
3084,0,4,458385.793,114596.44825,0.12916666666666668,29,12,5,137,9186.09025,4,458385.793,114596.44825,0.12916666666666668,29,12,5,137,9186.09025
4638,0,2,293851.914,146925.957,0.1,13,5,3,401,8797.770799999998,2,293851.914,146925.957,0.1,13,5,3,401,8797.770799999998
444,1,3,102841.195,34280.39833333334,0.1,11,4,2,79,3235.361250000001,3,102841.195,34280.39833333334,0.1,11,4,2,79,3235.361250000001
3610,0,3,315687.54099999997,105229.18033333332,0.07777777777777778,18,9,4,107,8703.284555555554,3,315687.54099999997,105229.18033333332,0.07777777777777778,18,9,4,107,8703.284555555554
1628,0,3,142074.60950000002,47358.20316666667,0.09999999999999999,12,6,4,497,4754.589928571429,3,142074.60950000002,47358.20316666667,0.09999999999999999,12,6,4,497,4754.589928571429
2437,1,5,545274.412,109054.8824,0.09285714285714286,37,13,5,29,8870.914428571428,5,545274.412,109054.8824,0.09285714285714286,37,13,5,29,8870.914428571428
2943,1,7,678379.2609999999,96911.323,0.1,37,12,4,24,12685.645461538461,7,678379.2609999999,96911.323,0.1,37,12,4,24,12685.645461538461
1584,0,5,676696.319,135339.26380000002,0.06363636363636363,27,11,5,68,17927.453545454544,5,676696.319,135339.26380000002,0.06363636363636363,27,11,5,68,17927.453545454544
879,0,4,289205.236,72301.30900000001,0.09999999999999999,15,6,5,342,7090.512285714283,4,289205.236,72301.30900000001,0.09999999999999999,15,6,5,342,7090.512285714283
2012,0,5,575540.3775,115108.0755,0.085,28,10,5,368,10888.833750000002,5,575540.3775,115108.0755,0.085,28,10,5,368,10888.833750000002
4682,0,3,569891.3175,189963.7725,0.13,27,10,4,507,8894.139750000002,3,569891.3175,189963.7725,0.13,27,10,4,507,8894.139750000002
680,0,4,729554.1349999999,182388.53375,0.06818181818181818,31,11,4,7,21088.589545454543,4,729554.1349999999,182388.53375,0.06818181818181818,31,11,4,7,21088.589545454543
1582,1,3,464971.689,154990.563,0.1,31,11,4,173,10611.004454545457,3,464971.689,154990.563,0.1,31,11,4,173,10611.004454545457
1809,0,4,607654.2945,151913.57362500002,0.10416666666666667,35,12,4,13,14369.454541666668,4,607654.2945,151913.57362500002,0.10416666666666667,35,12,4,13,14369.454541666668
3257,0,5,577680.0305,115536.0061,0.09285714285714286,28,14,4,61,13214.431464285712,5,577680.0305,115536.0061,0.09285714285714286,28,14,4,61,13214.431464285712
1755,1,6,532698.924,88783.154,0.09999999999999999,28,12,5,36,11176.044500000002,6,532698.924,88783.154,0.09999999999999999,28,12,5,36,11176.044500000002
4358,1,2,187021.1315,93510.56575,0.07,10,5,3,324,8022.660299999999,2,187021.1315,93510.56575,0.07,10,5,3,324,8022.660299999999
3486,1,7,933518.0295000001,133359.71850000002,0.09736842105263159,46,19,5,60,10739.590500000002,7,933518.0295000001,133359.71850000002,0.09736842105263159,46,19,5,60,10739.590500000002
2022,0,3,320139.6645,106713.2215,0.1111111111111111,21,8,4,46,5368.032722222223,3,320139.6645,106713.2215,0.1111111111111111,21,8,4,46,5368.032722222223
107,0,3,391367.3235,130455.7745,0.07142857142857142,17,7,4,109,12957.006214285715,3,391367.3235,130455.7745,0.07142857142857142,17,7,4,109,12957.006214285715
3263,0,1,213375.124,213375.124,0.03333333333333333,9,3,2,236,21983.378,1,213375.124,213375.124,0.03333333333333333,9,3,2,236,21983.378
2645,0,2,189659.536,94829.768,0.0625,11,4,4,464,5322.069000000001,2,189659.536,94829.768,0.0625,11,4,4,464,5322.069000000001
1296,0,2,522243.439,261121.7195,0.07500000000000001,22,8,5,574,14913.684875,2,522243.439,261121.7195,0.07500000000000001,22,8,5,574,14913.684875
567,1,1,227951.32099999997,227951.32099999997,0.1,9,4,2,316,17192.75024999999,1,227951.32099999997,227951.32099999997,0.1,9,4,2,316,17192.75024999999
1520,0,4,572841.413,143210.35325000001,0.13125,23,7,4,409,20020.055374999996,4,572841.413,143210.35325000001,0.13125,23,7,4,409,20020.055374999996
4536,0,4,333459.7115,83364.927875,0.09545454545454546,26,11,4,2,7301.190136363636,4,333459.7115,83364.927875,0.09545454545454546,26,11,4,2,7301.190136363636
1511,0,4,250464.336,62616.084,0.15,18,6,3,33,6678.417666666665,4,250464.336,62616.084,0.15,18,6,3,33,6678.417666666665
3019,1,3,198168.661,66056.22033333333,0.08,11,5,3,90,8475.288199999999,3,198168.661,66056.22033333333,0.08,11,5,3,90,8475.288199999999
281,1,4,241743.534,60435.8835,0.12,10,5,3,9,10900.780800000002,4,241743.534,60435.8835,0.12,10,5,3,9,10900.780800000002
4473,0,4,769297.181,192324.29524999997,0.08888888888888889,25,9,5,64,28226.665666666664,4,769297.181,192324.29524999997,0.08888888888888889,25,9,5,64,28226.665666666664
562,1,6,691808.981,115301.49683333334,0.07333333333333333,34,15,4,0,12504.126733333334,6,691808.981,115301.49683333334,0.07333333333333333,34,15,4,0,12504.126733333334
1936,0,4,195924.235,48981.05875,0.07142857142857142,13,6,3,139,9078.67214285714,4,195924.235,48981.05875,0.07142857142857142,13,6,3,139,9078.67214285714
918,0,3,424790.8105,141596.93683333334,0.1125,21,8,5,125,10596.217562500002,3,424790.8105,141596.93683333334,0.1125,21,8,5,125,10596.217562500002
41,1,3,617766.7005,205922.2335,0.09090909090909091,25,11,4,115,12812.863681818184,3,617766.7005,205922.2335,0.09090909090909091,25,11,4,115,12812.863681818184
2654,1,3,215706.846,71902.282,0.014285714285714287,15,7,4,160,8887.875142857143,3,215706.846,71902.282,0.014285714285714287,15,7,4,160,8887.875142857143
2167,0,4,412409.8955,103102.473875,0.1,22,10,5,318,7756.388549999998,4,412409.8955,103102.473875,0.1,22,10,5,318,7756.388549999998
2391,1,5,585165.2555,117033.0511,0.08750000000000001,28,12,5,98,14220.462125,5,585165.2555,117033.0511,0.08750000000000001,28,12,5,98,14220.462125
4494,0,5,631470.818,126294.1636,0.07083333333333335,30,12,5,276,13750.428166666667,5,631470.818,126294.1636,0.07083333333333335,30,12,5,276,13750.428166666667
2144,1,2,222626.007,111313.00349999999,0.13333333333333333,16,6,4,65,6064.1545,2,222626.007,111313.00349999999,0.13333333333333333,16,6,4,65,6064.1545
1266,0,2,218786.874,109393.437,0.1,10,4,2,434,12371.111000000003,2,218786.874,109393.437,0.1,10,4,2,434,12371.111000000003
2422,0,5,477693.173,95538.6346,0.1,28,11,5,27,8174.7984545454565,5,477693.173,95538.6346,0.1,28,11,5,27,8174.7984545454565
985,0,3,279393.6165,93131.20549999998,0.05,18,7,4,161,8313.410812499997,3,279393.6165,93131.20549999998,0.05,18,7,4,161,8313.410812499997
3485,0,5,245088.0415,49017.6083,0.1,26,10,5,67,4852.347150000001,5,245088.0415,49017.6083,0.1,26,10,5,67,4852.347150000001
2248,0,4,619643.754,154910.9385,0.08461538461538462,33,13,5,249,14241.850307692308,4,619643.754,154910.9385,0.08461538461538462,33,13,5,249,14241.850307692308
2430,1,6,1128810.3205,188135.0534166667,0.09444444444444444,56,18,5,48,13715.69447222222,6,1128810.3205,188135.0534166667,0.09444444444444444,56,18,5,48,13715.69447222222
4705,0,6,1030309.0599999999,171718.17666666667,0.10625000000000001,50,24,5,45,11016.574583333333,6,1030309.0599999999,171718.17666666667,0.10625000000000001,50,24,5,45,11016.574583333333
2733,1,4,422037.33850000007,105509.33462500002,0.08181818181818182,23,11,5,113,8202.391681818184,4,422037.33850000007,105509.33462500002,0.08181818181818182,23,11,5,113,8202.391681818184
2193,0,4,333245.5505,83311.387625,0.1142857142857143,13,7,4,202,9480.950071428573,4,333245.5505,83311.387625,0.1142857142857143,13,7,4,202,9480.950071428573
559,1,2,302165.168,151082.584,0.1,14,5,3,154,15234.323599999998,2,302165.168,151082.584,0.1,14,5,3,154,15234.323599999998
3675,0,5,813469.003,162693.80060000002,0.07692307692307693,38,12,4,55,16499.454846153843,5,813469.003,162693.80060000002,0.07692307692307693,38,12,4,55,16499.454846153843
3489,0,3,322876.711,107625.57033333332,0.11875000000000001,22,8,4,218,10369.540125000001,3,322876.711,107625.57033333332,0.11875000000000001,22,8,4,218,10369.540125000001
3033,0,2,345846.179,172923.0895,0.1142857142857143,18,7,5,240,14621.11414285714,2,345846.179,172923.0895,0.1142857142857143,18,7,5,240,14621.11414285714
1660,0,2,216938.58000000002,108469.29000000001,0.1,13,5,4,146,6140.652,2,216938.58000000002,108469.29000000001,0.1,13,5,4,146,6140.652
1029,1,3,593933.1749999999,197977.725,0.13333333333333333,30,9,4,267,15582.406111111108,3,593933.1749999999,197977.725,0.13333333333333333,30,9,4,267,15582.406111111108
1062,0,7,357314.29199999996,51044.89885714285,0.12307692307692308,34,13,5,241,5100.178615384614,7,357314.29199999996,51044.89885714285,0.12307692307692308,34,13,5,241,5100.178615384614
2590,0,4,395448.6125,98862.153125,0.075,14,6,4,94,18664.65875,4,395448.6125,98862.153125,0.075,14,6,4,94,18664.65875
4984,0,1,268211.68,268211.68,0.05,8,4,4,372,23020.57,1,268211.68,268211.68,0.05,8,4,4,372,23020.57
3780,0,4,412620.77099999995,103155.19275,0.12,27,10,4,276,10389.4681,4,412620.77099999995,103155.19275,0.12,27,10,4,276,10389.4681
974,0,3,191743.7995,63914.599833333334,0.06875,15,8,4,20,5898.0261875,3,191743.7995,63914.599833333334,0.06875,15,8,4,20,5898.0261875
1052,0,2,622636.3265,311318.16325,0.1,21,7,4,89,21913.009500000004,2,622636.3265,311318.16325,0.1,21,7,4,89,21913.009500000004
436,0,5,901449.3420000001,180289.8684,0.08928571428571429,39,14,5,151,19319.857285714283,5,901449.3420000001,180289.8684,0.08928571428571429,39,14,5,151,19319.857285714283
3509,0,10,1237116.149,123711.6149,0.07391304347826087,58,23,5,38,13604.183869565217,10,1237116.149,123711.6149,0.07391304347826087,58,23,5,38,13604.183869565217
3419,1,9,929340.9015,103260.10016666667,0.10625000000000001,57,23,5,153,8209.403395833333,9,929340.9015,103260.10016666667,0.10625000000000001,57,23,5,153,8209.403395833333
2139,0,2,194432.1455,97216.07275,0.11000000000000001,9,5,4,310,6209.4070999999985,2,194432.1455,97216.07275,0.11000000000000001,9,5,4,310,6209.4070999999985
1759,0,6,512796.4195,85466.06991666667,0.12333333333333334,32,14,5,155,5950.021966666667,6,512796.4195,85466.06991666667,0.12333333333333334,32,14,5,155,5950.021966666667
3458,0,6,934308.5725,155718.09541666668,0.09285714285714286,41,13,5,68,15690.660178571428,6,934308.5725,155718.09541666668,0.09285714285714286,41,13,5,68,15690.660178571428
2393,1,6,343991.484,57331.914,0.11500000000000002,23,10,4,33,8911.2974,6,343991.484,57331.914,0.11500000000000002,23,10,4,33,8911.2974
3871,1,5,730849.903,146169.9806,0.11,32,14,5,14,9361.864866666667,5,730849.903,146169.9806,0.11,32,14,5,14,9361.864866666667
906,0,4,330339.2655,82584.816375,0.07222222222222223,18,9,4,176,10714.390611111114,4,330339.2655,82584.816375,0.07222222222222223,18,9,4,176,10714.390611111114
4730,0,7,602239.014,86034.14485714285,0.103125,38,16,5,407,7128.513999999998,7,602239.014,86034.14485714285,0.103125,38,16,5,407,7128.513999999998
135,1,2,132481.076,66240.538,0.1375,12,4,3,171,5617.551500000003,2,132481.076,66240.538,0.1375,12,4,3,171,5617.551500000003
3843,1,4,371974.924,92993.731,0.065,22,10,5,309,10476.7824,4,371974.924,92993.731,0.065,22,10,5,309,10476.7824
4934,0,1,25487.616,25487.616,0.2,4,1,1,832,1265.2160000000003,1,25487.616,25487.616,0.2,4,1,1,832,1265.2160000000003
4714,0,3,305506.706,101835.56866666667,0.1111111111111111,20,9,5,131,9997.820666666667,3,305506.706,101835.56866666667,0.1111111111111111,20,9,5,131,9997.820666666667
3016,0,3,311753.3565,103917.7855,0.10909090909090909,30,11,3,171,6379.622409090908,3,311753.3565,103917.7855,0.10909090909090909,30,11,3,171,6379.622409090908
4956,0,5,368658.17100000003,73731.6342,0.11499999999999999,23,10,4,35,8513.3361,5,368658.17100000003,73731.6342,0.11499999999999999,23,10,4,35,8513.3361
3032,1,5,302588.995,60517.799,0.0642857142857143,16,7,4,89,7786.960714285715,5,302588.995,60517.799,0.0642857142857143,16,7,4,89,7786.960714285715
4611,1,3,272159.883,90719.96100000001,0.0625,18,8,4,116,8378.116625,3,272159.883,90719.96100000001,0.0625,18,8,4,116,8378.116625
1496,0,2,293045.1835,146522.59175000002,0.05833333333333334,14,6,4,239,8200.310583333332,2,293045.1835,146522.59175000002,0.05833333333333334,14,6,4,239,8200.310583333332
3487,0,4,181830.90099999998,45457.72525,0.12142857142857143,14,7,4,496,3336.5387142857144,4,181830.90099999998,45457.72525,0.12142857142857143,14,7,4,496,3336.5387142857144
2856,0,2,558123.8225,279061.91125,0.0875,20,8,5,319,18276.3153125,2,558123.8225,279061.91125,0.0875,20,8,5,319,18276.3153125
3994,0,2,224375.77250000002,112187.88625000001,0.09,14,5,4,483,9929.9865,2,224375.77250000002,112187.88625000001,0.09,14,5,4,483,9929.9865
1197,0,5,726529.9295,145305.9859,0.07500000000000001,38,16,5,188,8715.283093749997,5,726529.9295,145305.9859,0.07500000000000001,38,16,5,188,8715.283093749997
4133,0,2,137838.418,68919.209,0.1,12,5,3,295,5188.933599999998,2,137838.418,68919.209,0.1,12,5,3,295,5188.933599999998
1763,0,7,586191.4265,83741.63235714285,0.10555555555555557,45,16,5,198,7486.860361111109,7,586191.4265,83741.63235714285,0.10555555555555557,45,16,5,198,7486.860361111109
1557,0,7,673529.7525,96218.53607142856,0.12142857142857144,33,13,5,75,10835.006607142857,7,673529.7525,96218.53607142856,0.12142857142857144,33,13,5,75,10835.006607142857
4055,0,2,416270.482,208135.24100000004,0.14375,17,8,5,263,10787.790250000002,2,416270.482,208135.24100000004,0.14375,17,8,5,263,10787.790250000002
3594,0,3,214378.5575,71459.51916666667,0.11666666666666665,17,6,4,309,5995.916250000002,3,214378.5575,71459.51916666667,0.11666666666666665,17,6,4,309,5995.916250000002
3273,1,4,407067.94,101766.985,0.1,22,9,5,64,9980.13222222222,4,407067.94,101766.985,0.1,22,9,5,64,9980.13222222222
4421,1,6,393183.3075,65530.55125,0.10416666666666667,26,12,5,41,6842.882291666668,6,393183.3075,65530.55125,0.10416666666666667,26,12,5,41,6842.882291666668
4570,0,4,633572.865,158393.21625,0.125,29,12,5,121,12300.862916666667,4,633572.865,158393.21625,0.125,29,12,5,121,12300.862916666667
970,1,3,193642.52300000002,64547.50766666667,0.15,12,7,4,293,5494.559000000001,3,193642.52300000002,64547.50766666667,0.15,12,7,4,293,5494.559000000001
952,0,6,645462.887,107577.14783333334,0.09615384615384616,38,13,5,115,12892.09746153846,6,645462.887,107577.14783333334,0.09615384615384616,38,13,5,115,12892.09746153846
830,1,7,689277.8755000001,98468.26792857144,0.125,50,18,5,58,8714.810861111113,7,689277.8755000001,98468.26792857144,0.125,50,18,5,58,8714.810861111113
1082,1,2,147439.704,73719.852,0.09,9,5,3,93,9050.6888,2,147439.704,73719.852,0.09,9,5,3,93,9050.6888
576,0,2,277916.56200000003,138958.28100000002,0.14,11,5,4,344,9428.614400000002,2,277916.56200000003,138958.28100000002,0.14,11,5,4,344,9428.614400000002
4812,1,3,433649.829,144549.943,0.08750000000000001,22,8,4,77,13333.946124999999,3,433649.829,144549.943,0.08750000000000001,22,8,4,77,13333.946124999999
3261,0,5,643650.2655,128730.05309999999,0.10555555555555557,43,18,4,399,7360.982527777777,5,643650.2655,128730.05309999999,0.10555555555555557,43,18,4,399,7360.982527777777
885,1,1,13122.72,13122.72,0.0,1,1,1,855,5510.5199999999995,1,13122.72,13122.72,0.0,1,1,1,855,5510.5199999999995
4966,1,4,445529.08550000004,111382.271375,0.07727272727272728,27,10,5,166,9535.389590909093,4,445529.08550000004,111382.271375,0.07727272727272728,27,10,5,166,9535.389590909093
1807,0,2,417966.768,208983.384,0.09285714285714286,19,7,3,144,12139.562571428572,2,417966.768,208983.384,0.09285714285714286,19,7,3,144,12139.562571428572
157,0,3,131267.554,43755.85133333333,0.09999999999999999,11,6,3,167,3182.5623333333338,3,131267.554,43755.85133333333,0.09999999999999999,11,6,3,167,3182.5623333333338
2000,0,4,362791.307,90697.82675,0.10833333333333334,29,12,4,201,6623.370583333332,4,362791.307,90697.82675,0.10833333333333334,29,12,4,201,6623.370583333332
3480,1,2,428631.124,214315.562,0.07500000000000001,19,8,4,141,13982.921750000001,2,428631.124,214315.562,0.07500000000000001,19,8,4,141,13982.921750000001
3935,1,4,572285.263,143071.31575,0.0642857142857143,33,14,4,103,7693.343071428572,4,572285.263,143071.31575,0.0642857142857143,33,14,4,103,7693.343071428572
416,0,3,629107.348,209702.44933333332,0.03888888888888889,27,9,5,103,15693.367555555555,3,629107.348,209702.44933333332,0.03888888888888889,27,9,5,103,15693.367555555555
153,0,4,575534.516,143883.629,0.10909090909090909,28,10,5,168,11688.34781818182,4,575534.516,143883.629,0.10909090909090909,28,10,5,168,11688.34781818182
2534,0,4,376185.28150000004,94046.32037500001,0.10416666666666667,28,12,5,322,5394.135125000001,4,376185.28150000004,94046.32037500001,0.10416666666666667,28,12,5,322,5394.135125000001
4923,0,3,466434.5445,155478.1815,0.08888888888888889,19,9,4,246,15180.707166666667,3,466434.5445,155478.1815,0.08888888888888889,19,9,4,246,15180.707166666667
1063,0,6,511828.355,85304.72583333333,0.13181818181818183,32,10,4,39,7054.572272727271,6,511828.355,85304.72583333333,0.13181818181818183,32,10,4,39,7054.572272727271
3128,0,4,264478.897,66119.72425,0.09285714285714286,12,6,3,28,6962.655285714286,4,264478.897,66119.72425,0.09285714285714286,12,6,3,28,6962.655285714286
2265,1,2,131362.521,65681.2605,0.125,6,2,1,85,8675.230499999998,2,131362.521,65681.2605,0.125,6,2,1,85,8675.230499999998
349,1,3,507566.1925,169188.73083333333,0.06818181818181818,23,11,3,308,8938.250227272727,3,507566.1925,169188.73083333333,0.06818181818181818,23,11,3,308,8938.250227272727
3949,0,3,220986.2205,73662.0735,0.11875,17,8,4,33,4334.2800625,3,220986.2205,73662.0735,0.11875,17,8,4,33,4334.2800625
4468,0,5,348217.255,69643.451,0.12222222222222223,17,9,4,348,8077.958333333337,5,348217.255,69643.451,0.12222222222222223,17,9,4,348,8077.958333333337
327,0,6,764022.1705,127337.02841666665,0.10769230769230768,38,13,5,53,11456.69619230769,6,764022.1705,127337.02841666665,0.10769230769230768,38,13,5,53,11456.69619230769
4316,1,1,119998.3935,119998.3935,0.15,8,4,3,562,4926.338374999999,1,119998.3935,119998.3935,0.15,8,4,3,562,4926.338374999999
1597,0,6,672917.0125,112152.83541666665,0.11000000000000001,35,15,4,74,9070.186833333333,6,672917.0125,112152.83541666665,0.11000000000000001,35,15,4,74,9070.186833333333
1031,1,4,454639.7835,113659.945875,0.075,20,8,3,15,15159.9841875,4,454639.7835,113659.945875,0.075,20,8,3,15,15159.9841875
3578,0,5,622148.6315,124429.72630000001,0.1,27,10,4,325,15310.39831818182,5,622148.6315,124429.72630000001,0.1,27,10,4,325,15310.39831818182
1233,0,3,148329.296,49443.098666666665,0.11666666666666665,10,6,3,236,5155.036000000001,3,148329.296,49443.098666666665,0.11666666666666665,10,6,3,236,5155.036000000001
1484,0,2,260680.398,130340.199,0.08,13,5,4,139,13256.7196,2,260680.398,130340.199,0.08,13,5,4,139,13256.7196
2996,0,6,521645.33400000003,86940.88900000001,0.07333333333333333,31,15,5,63,7911.854266666666,6,521645.33400000003,86940.88900000001,0.07333333333333333,31,15,5,63,7911.854266666666
2698,0,4,664089.8319999999,166022.45799999998,0.07083333333333335,31,12,5,254,16050.180166666667,4,664089.8319999999,166022.45799999998,0.07083333333333335,31,12,5,254,16050.180166666667
1949,0,5,271974.336,54394.8672,0.12777777777777777,19,9,5,172,6003.847333333334,5,271974.336,54394.8672,0.12777777777777777,19,9,5,172,6003.847333333334
33,1,8,927760.3225,115970.0403125,0.08,40,15,4,27,14057.732166666665,8,927760.3225,115970.0403125,0.08,40,15,4,27,14057.732166666665
89,0,4,463346.57399999996,115836.64349999999,0.09166666666666667,17,6,3,337,21910.924,4,463346.57399999996,115836.64349999999,0.09166666666666667,17,6,3,337,21910.924
1659,0,3,402855.07050000003,134285.0235,0.09375,24,8,3,142,7274.395062500002,3,402855.07050000003,134285.0235,0.09375,24,8,3,142,7274.395062500002
2164,0,4,685768.267,171442.06675,0.10500000000000001,28,10,5,3,17202.307700000005,4,685768.267,171442.06675,0.10500000000000001,28,10,5,3,17202.307700000005
4791,1,2,173301.62550000002,86650.81275000001,0.11666666666666665,9,3,3,292,7124.921833333338,2,173301.62550000002,86650.81275000001,0.11666666666666665,9,3,3,292,7124.921833333338
4177,0,3,467145.26050000003,155715.08683333333,0.08571428571428573,17,7,4,332,18808.91721428572,3,467145.26050000003,155715.08683333333,0.08571428571428573,17,7,4,332,18808.91721428572
621,1,4,379740.301,94935.07525,0.10625000000000001,23,8,4,134,9090.688874999998,4,379740.301,94935.07525,0.10625000000000001,23,8,4,134,9090.688874999998
2387,0,6,567363.6015,94560.60025,0.11578947368421054,38,19,5,43,3966.420078947368,6,567363.6015,94560.60025,0.11578947368421054,38,19,5,43,3966.420078947368
1134,0,4,369533.984,92383.496,0.1,20,7,4,273,12218.101999999999,4,369533.984,92383.496,0.1,20,7,4,273,12218.101999999999
4921,0,4,495822.506,123955.6265,0.10416666666666667,27,12,5,463,11688.825499999999,4,495822.506,123955.6265,0.10416666666666667,27,12,5,463,11688.825499999999
3474,0,2,210301.679,105150.8395,0.15,9,3,3,633,14845.833,2,210301.679,105150.8395,0.15,9,3,3,633,14845.833
4279,0,9,886955.6235,98550.62483333334,0.1125,65,23,5,153,5565.343479166667,9,886955.6235,98550.62483333334,0.1125,65,23,5,153,5565.343479166667
2274,0,6,549321.128,91553.52133333334,0.09666666666666666,32,14,4,42,10202.367866666666,6,549321.128,91553.52133333334,0.09666666666666666,32,14,4,42,10202.367866666666
1964,0,4,424194.148,106048.537,0.1111111111111111,25,9,5,320,9205.201999999997,4,424194.148,106048.537,0.1111111111111111,25,9,5,320,9205.201999999997
4918,0,3,527367.5655,175789.18850000002,0.09999999999999999,17,6,4,154,21161.857583333334,3,527367.5655,175789.18850000002,0.09999999999999999,17,6,4,154,21161.857583333334
1595,0,4,518532.6595,129633.16487499999,0.07916666666666668,27,12,5,131,12233.239958333332,4,518532.6595,129633.16487499999,0.07916666666666668,27,12,5,131,12233.239958333332
3759,0,2,215527.5185,107763.75924999999,0.06999999999999999,9,5,4,249,12528.325700000001,2,215527.5185,107763.75924999999,0.06999999999999999,9,5,4,249,12528.325700000001
2799,0,3,320709.64,106903.21333333333,0.09444444444444444,20,9,3,315,8581.574444444446,3,320709.64,106903.21333333333,0.09444444444444444,20,9,3,315,8581.574444444446
3622,0,6,743353.5425,123892.25708333333,0.08333333333333333,40,15,5,128,10433.008166666667,6,743353.5425,123892.25708333333,0.08333333333333333,40,15,5,128,10433.008166666667
4840,0,2,254668.836,127334.418,0.09,15,5,3,173,7360.645200000002,2,254668.836,127334.418,0.09,15,5,3,173,7360.645200000002
553,0,1,23420.312,23420.312,0.05,6,2,2,445,3999.596,1,23420.312,23420.312,0.05,6,2,2,445,3999.596
1812,0,4,637494.377,159373.59425,0.11923076923076924,29,13,5,204,8185.708999999999,4,637494.377,159373.59425,0.11923076923076924,29,13,5,204,8185.708999999999
833,0,2,228885.716,114442.85799999998,0.1,12,5,4,52,9411.519199999999,2,228885.716,114442.85799999998,0.1,12,5,4,52,9411.519199999999
2097,0,5,645114.441,129022.88820000002,0.09615384615384616,33,13,5,99,13148.834692307693,5,645114.441,129022.88820000002,0.09615384615384616,33,13,5,99,13148.834692307693
508,0,1,173234.06,173234.06,0.05000000000000001,9,3,3,335,17855.33666666667,1,173234.06,173234.06,0.05000000000000001,9,3,3,335,17855.33666666667
4770,0,4,240653.445,60163.36125,0.07857142857142858,13,7,3,277,6194.859285714288,4,240653.445,60163.36125,0.07857142857142858,13,7,3,277,6194.859285714288
2504,0,6,824176.4940000001,137362.749,0.115625,41,16,5,19,12261.712750000002,6,824176.4940000001,137362.749,0.115625,41,16,5,19,12261.712750000002
1630,0,4,241296.995,60324.24875,0.075,11,6,4,72,10749.802499999998,4,241296.995,60324.24875,0.075,11,6,4,72,10749.802499999998
2188,1,4,605955.0365,151488.759125,0.08,27,10,5,130,14099.496650000006,4,605955.0365,151488.759125,0.08,27,10,5,130,14099.496650000006
260,0,6,716765.414,119460.90233333333,0.07692307692307693,38,13,5,117,11386.271846153844,6,716765.414,119460.90233333333,0.07692307692307693,38,13,5,117,11386.271846153844
2214,0,4,501848.922,125462.2305,0.06666666666666667,22,8,4,401,14522.084666666668,4,501848.922,125462.2305,0.06666666666666667,22,8,4,401,14522.084666666668
1579,1,3,222447.358,74149.11933333334,0.12222222222222223,24,9,5,90,5896.639777777779,3,222447.358,74149.11933333334,0.12222222222222223,24,9,5,90,5896.639777777779
958,1,2,247625.3035,123812.65175000002,0.09166666666666667,17,6,4,42,10468.372250000002,2,247625.3035,123812.65175000002,0.09166666666666667,17,6,4,42,10468.372250000002
1832,0,6,827092.2945,137848.71575,0.12105263157894736,43,19,5,129,8129.7723421052615,6,827092.2945,137848.71575,0.12105263157894736,43,19,5,129,8129.7723421052615
714,0,5,706206.551,141241.3102,0.09285714285714286,35,14,5,122,13345.868642857142,5,706206.551,141241.3102,0.09285714285714286,35,14,5,122,13345.868642857142
1383,0,2,299028.382,149514.191,0.09999999999999999,15,6,4,331,11847.771999999999,2,299028.382,149514.191,0.09999999999999999,15,6,4,331,11847.771999999999
4522,0,5,666004.569,133200.9138,0.08461538461538462,28,13,5,202,15794.91684615385,5,666004.569,133200.9138,0.08461538461538462,28,13,5,202,15794.91684615385
2031,1,2,545980.393,272990.1965,0.075,17,6,4,458,25282.198833333332,2,545980.393,272990.1965,0.075,17,6,4,458,25282.198833333332
3320,1,3,425559.4875,141853.1625,0.11666666666666665,17,5,4,67,16155.129583333337,3,425559.4875,141853.1625,0.11666666666666665,17,5,4,67,16155.129583333337
2258,1,3,190739.035,63579.678333333344,0.125,15,8,4,304,5075.679375000002,3,190739.035,63579.678333333344,0.125,15,8,4,304,5075.679375000002
4954,0,2,37232.89,18616.445,0.0,2,2,2,713,2666.555000000002,2,37232.89,18616.445,0.0,2,2,2,713,2666.555000000002
1121,0,4,915877.072,228969.26799999998,0.10769230769230768,41,13,5,49,18573.554,4,915877.072,228969.26799999998,0.10769230769230768,41,13,5,49,18573.554
3035,0,4,281984.307,70496.07675000001,0.09999999999999999,14,7,4,143,12192.89957142857,4,281984.307,70496.07675000001,0.09999999999999999,14,7,4,143,12192.89957142857
24,1,5,865042.28,173008.456,0.11923076923076924,40,13,5,340,12704.377692307691,5,865042.28,173008.456,0.11923076923076924,40,13,5,340,12704.377692307691
4575,0,2,429922.833,214961.4165,0.125,17,8,3,759,17605.164125,2,429922.833,214961.4165,0.125,17,8,3,759,17605.164125
2462,0,3,198998.968,66332.98933333333,0.12,12,5,4,532,11061.9336,3,198998.968,66332.98933333333,0.12,12,5,4,532,11061.9336
233,0,4,634359.4469999999,158589.86174999998,0.11363636363636363,28,11,5,181,9378.414272727272,4,634359.4469999999,158589.86174999998,0.11363636363636363,28,11,5,181,9378.414272727272
3626,1,4,494308.441,123577.11025,0.10500000000000001,21,10,4,343,11523.534099999999,4,494308.441,123577.11025,0.10500000000000001,21,10,4,343,11523.534099999999
3779,1,3,444164.29,148054.76333333334,0.07222222222222223,22,9,4,8,12660.522222222222,3,444164.29,148054.76333333334,0.07222222222222223,22,9,4,8,12660.522222222222
3417,1,2,336708.443,168354.22149999999,0.09166666666666667,15,6,4,27,12060.542166666666,2,336708.443,168354.22149999999,0.09166666666666667,15,6,4,27,12060.542166666666
672,0,3,364646.52400000003,121548.84133333334,0.15,16,5,3,478,12617.282800000004,3,364646.52400000003,121548.84133333334,0.15,16,5,3,478,12617.282800000004
479,1,5,512582.6945,102516.5389,0.08181818181818182,31,11,5,79,8426.211318181817,5,512582.6945,102516.5389,0.08181818181818182,31,11,5,79,8426.211318181817
4997,0,3,270685.8725,90228.62416666666,0.12142857142857143,15,7,3,529,8699.528928571428,3,270685.8725,90228.62416666666,0.12142857142857143,15,7,3,529,8699.528928571428
1074,0,4,573580.7285,143395.182125,0.08214285714285714,36,14,5,52,7883.761321428569,4,573580.7285,143395.182125,0.08214285714285714,36,14,5,52,7883.761321428569
1544,0,3,291356.6605,97118.88683333334,0.09999999999999999,13,5,4,203,12206.725083333331,3,291356.6605,97118.88683333334,0.09999999999999999,13,5,4,203,12206.725083333331
4071,0,5,698408.3645,139681.6729,0.08076923076923077,36,12,5,287,11409.572653846153,5,698408.3645,139681.6729,0.08076923076923077,36,12,5,287,11409.572653846153
54,0,4,989541.3555000001,247385.33887500002,0.1,39,14,5,161,17684.66110714286,4,989541.3555000001,247385.33887500002,0.1,39,14,5,161,17684.66110714286
1691,0,4,382625.54500000004,95656.38625,0.1,19,10,4,8,7065.207727272727,4,382625.54500000004,95656.38625,0.1,19,10,4,8,7065.207727272727
1748,0,6,564735.5445,94122.59074999999,0.09545454545454546,21,11,4,211,13393.338590909088,6,564735.5445,94122.59074999999,0.09545454545454546,21,11,4,211,13393.338590909088
3439,0,7,1084862.1625,154980.30892857144,0.09761904761904763,54,21,5,115,10594.035357142859,7,1084862.1625,154980.30892857144,0.09761904761904763,54,21,5,115,10594.035357142859
1300,0,2,152666.16999999998,76333.08499999999,0.08333333333333333,6,3,2,337,17633.423333333332,2,152666.16999999998,76333.08499999999,0.08333333333333333,6,3,2,337,17633.423333333332
607,1,4,318544.92949999997,79636.23237499999,0.06875,21,8,5,124,11812.9786875,4,318544.92949999997,79636.23237499999,0.06875,21,8,5,124,11812.9786875
1408,0,4,338276.6165,84569.15412499999,0.11666666666666665,30,11,5,113,5910.498041666665,4,338276.6165,84569.15412499999,0.11666666666666665,30,11,5,113,5910.498041666665
4288,0,4,763744.295,190936.07374999998,0.1,33,11,5,29,21214.715909090915,4,763744.295,190936.07374999998,0.1,33,11,5,29,21214.715909090915
108,1,6,926296.6995,154382.78325,0.10588235294117647,43,17,5,277,13347.272911764705,6,926296.6995,154382.78325,0.10588235294117647,43,17,5,277,13347.272911764705
2424,0,2,139511.5485,69755.77425,0.06999999999999999,16,5,4,794,4998.8437,2,139511.5485,69755.77425,0.06999999999999999,16,5,4,794,4998.8437
2539,0,6,729786.7885,121631.13141666666,0.1142857142857143,37,14,5,2,12543.997749999999,6,729786.7885,121631.13141666666,0.1142857142857143,37,14,5,2,12543.997749999999
4103,0,1,181846.025,181846.025,0.08333333333333333,7,3,2,17,19730.968333333334,1,181846.025,181846.025,0.08333333333333333,7,3,2,17,19730.968333333334
2338,0,5,732770.005,146554.001,0.08571428571428572,40,14,5,292,11700.686071428572,5,732770.005,146554.001,0.08571428571428572,40,14,5,292,11700.686071428572
242,0,3,392566.5195,130855.50649999997,0.1142857142857143,17,7,4,139,13242.06564285714,3,392566.5195,130855.50649999997,0.1142857142857143,17,7,4,139,13242.06564285714
2677,0,4,797007.1925,199251.798125,0.09545454545454546,30,11,5,192,19419.074772727276,4,797007.1925,199251.798125,0.09545454545454546,30,11,5,192,19419.074772727276
866,0,5,690467.125,138093.425,0.12692307692307692,27,13,5,0,13272.657307692309,5,690467.125,138093.425,0.12692307692307692,27,13,5,0,13272.657307692309
4410,0,5,494088.42350000003,98817.68470000001,0.1111111111111111,20,9,5,182,14306.122611111114,5,494088.42350000003,98817.68470000001,0.1111111111111111,20,9,5,182,14306.122611111114
2156,0,2,218897.0,109448.5,0.11666666666666668,11,3,2,379,15571.223333333333,2,218897.0,109448.5,0.11666666666666668,11,3,2,379,15571.223333333333
1540,1,2,153919.92200000002,76959.96100000001,0.1375,11,4,3,503,10655.713,2,153919.92200000002,76959.96100000001,0.1375,11,4,3,503,10655.713
1635,1,4,338469.898,84617.4745,0.10555555555555557,29,9,4,87,9327.892,4,338469.898,84617.4745,0.10555555555555557,29,9,4,87,9327.892
2829,1,6,524770.245,87461.7075,0.13214285714285715,37,14,4,36,8111.0703571428585,6,524770.245,87461.7075,0.13214285714285715,37,14,4,36,8111.0703571428585
596,0,2,204735.182,102367.591,0.1,13,5,4,140,10975.316399999996,2,204735.182,102367.591,0.1,13,5,4,140,10975.316399999996
608,1,3,423919.1035,141306.36783333332,0.12777777777777777,24,9,3,270,8576.883722222223,3,423919.1035,141306.36783333332,0.12777777777777777,24,9,3,270,8576.883722222223
1016,0,6,767046.811,127841.13516666666,0.10588235294117647,44,16,5,39,12404.444764705884,6,767046.811,127841.13516666666,0.10588235294117647,44,16,5,39,12404.444764705884
784,1,3,263477.89599999995,87825.96533333331,0.09285714285714286,15,7,4,118,8977.289428571425,3,263477.89599999995,87825.96533333331,0.09285714285714286,15,7,4,118,8977.289428571425
2665,0,3,538782.068,179594.02266666666,0.14444444444444446,28,9,4,254,11195.200888888889,3,538782.068,179594.02266666666,0.14444444444444446,28,9,4,254,11195.200888888889
3192,0,7,955190.6335,136455.80478571428,0.1236842105263158,47,19,5,50,11223.213868421051,7,955190.6335,136455.80478571428,0.1236842105263158,47,19,5,50,11223.213868421051
1775,0,4,421545.4055,105386.351375,0.11000000000000001,27,10,5,87,9878.56155,4,421545.4055,105386.351375,0.11000000000000001,27,10,5,87,9878.56155
3478,0,7,955505.442,136500.77742857143,0.06764705882352941,49,17,5,66,15106.285411764708,7,955505.442,136500.77742857143,0.06764705882352941,49,17,5,66,15106.285411764708
3029,1,6,647001.2609999999,107833.54349999999,0.13214285714285715,39,14,5,141,7636.2365,6,647001.2609999999,107833.54349999999,0.13214285714285715,39,14,5,141,7636.2365
1061,1,4,715397.2065,178849.301625,0.05,29,10,4,81,19718.13365,4,715397.2065,178849.301625,0.05,29,10,4,81,19718.13365
3376,1,4,339783.38300000003,84945.84575000001,0.08888888888888889,22,9,4,502,10576.260333333332,4,339783.38300000003,84945.84575000001,0.08888888888888889,22,9,4,502,10576.260333333332
3484,0,2,221908.782,110954.391,0.05,12,4,4,134,12174.953,2,221908.782,110954.391,0.05,12,4,4,134,12174.953
1547,0,4,528787.51,132196.8775,0.135,31,10,5,238,11373.791,4,528787.51,132196.8775,0.135,31,10,5,238,11373.791
3668,1,4,804599.0859999999,201149.77149999997,0.09583333333333333,34,12,4,448,19109.070499999998,4,804599.0859999999,201149.77149999997,0.09583333333333333,34,12,4,448,19109.070499999998
4102,1,4,462595.522,115648.8805,0.12272727272727274,23,10,4,106,8630.642909090908,4,462595.522,115648.8805,0.12272727272727274,23,10,4,106,8630.642909090908
4642,0,4,337528.587,84382.14675,0.13125,17,8,5,24,7461.883374999999,4,337528.587,84382.14675,0.13125,17,8,5,24,7461.883374999999
4063,0,7,1065276.938,152182.41971428573,0.14761904761904762,55,21,5,58,8334.602285714287,7,1065276.938,152182.41971428573,0.14761904761904762,55,21,5,58,8334.602285714287
1666,1,4,489743.85400000005,122435.96350000001,0.12,25,10,5,223,10249.006400000002,4,489743.85400000005,122435.96350000001,0.12,25,10,5,223,10249.006400000002
2213,0,2,231134.257,115567.1285,0.15833333333333335,13,6,3,33,5523.259500000001,2,231134.257,115567.1285,0.15833333333333335,13,6,3,33,5523.259500000001
2127,0,2,299082.06,149541.03,0.13,16,5,3,312,14973.16,2,299082.06,149541.03,0.13,16,5,3,312,14973.16
3874,1,4,431783.485,107945.87125,0.085,22,10,5,66,10740.752500000002,4,431783.485,107945.87125,0.085,22,10,5,66,10740.752500000002
529,1,6,432806.105,72134.35083333334,0.06153846153846154,29,12,5,71,6077.306538461541,6,432806.105,72134.35083333334,0.06153846153846154,29,12,5,71,6077.306538461541
2495,1,1,156496.242,156496.242,0.08333333333333333,11,3,3,141,14218.137333333334,1,156496.242,156496.242,0.08333333333333333,11,3,3,141,14218.137333333334
1792,1,4,392939.239,98234.80975,0.10555555555555556,22,9,4,269,9567.476555555555,4,392939.239,98234.80975,0.10555555555555556,22,9,4,269,9567.476555555555
2339,0,6,851936.073,141989.3455,0.07857142857142858,43,14,5,6,18673.777357142855,6,851936.073,141989.3455,0.07857142857142858,43,14,5,6,18673.777357142855
4438,0,5,634488.8570000001,126897.7714,0.10909090909090909,29,10,4,50,13122.059727272728,5,634488.8570000001,126897.7714,0.10909090909090909,29,10,4,50,13122.059727272728
707,0,2,237324.704,118662.352,0.07500000000000001,11,4,1,735,11047.266000000001,2,237324.704,118662.352,0.07500000000000001,11,4,1,735,11047.266000000001
4353,0,2,113008.467,56504.2335,0.05,9,4,4,716,6465.244249999999,2,113008.467,56504.2335,0.05,9,4,4,716,6465.244249999999
3132,0,1,81464.117,81464.117,0.15000000000000002,3,2,2,696,7617.3835,1,81464.117,81464.117,0.15000000000000002,3,2,2,696,7617.3835
101,0,6,718178.6345,119696.43908333332,0.078125,39,15,5,131,13189.390906249999,6,718178.6345,119696.43908333332,0.078125,39,15,5,131,13189.390906249999
1802,0,1,63152.149,63152.149,0.16666666666666666,5,3,1,428,1560.2463333333326,1,63152.149,63152.149,0.16666666666666666,5,3,1,428,1560.2463333333326
1223,1,6,940547.065,156757.84416666665,0.125,42,19,5,317,10801.41675,6,940547.065,156757.84416666665,0.125,42,19,5,317,10801.41675
2287,1,1,147527.30649999998,147527.30649999998,0.09999999999999999,7,3,2,298,12533.825499999999,1,147527.30649999998,147527.30649999998,0.09999999999999999,7,3,2,298,12533.825499999999
2192,1,5,722709.9615,144541.99229999998,0.09166666666666667,32,12,5,430,11303.63679166667,5,722709.9615,144541.99229999998,0.09166666666666667,32,12,5,430,11303.63679166667
4501,0,4,416192.971,104048.24275,0.10909090909090911,29,11,5,47,4079.9328181818187,4,416192.971,104048.24275,0.10909090909090911,29,11,5,47,4079.9328181818187
3880,0,7,1089090.216,155584.3165714286,0.1,57,20,5,236,15245.632190476192,7,1089090.216,155584.3165714286,0.1,57,20,5,236,15245.632190476192
4124,0,4,319524.3925,79881.098125,0.1,19,7,3,306,13015.7703125,4,319524.3925,79881.098125,0.1,19,7,3,306,13015.7703125
4044,0,2,562535.849,281267.92449999996,0.09375,23,8,5,659,14050.088625,2,562535.849,281267.92449999996,0.09375,23,8,5,659,14050.088625
3731,1,5,429521.1395,85904.2279,0.08461538461538462,26,13,4,60,8788.045346153844,5,429521.1395,85904.2279,0.08461538461538462,26,13,4,60,8788.045346153844
834,0,3,293200.1495,97733.38316666667,0.125,12,6,3,737,11112.25825,3,293200.1495,97733.38316666667,0.125,12,6,3,737,11112.25825
2383,1,2,396147.9195,198073.95975,0.06666666666666667,19,6,4,310,15321.06491666667,2,396147.9195,198073.95975,0.06666666666666667,19,6,4,310,15321.06491666667
395,1,3,559247.0585,186415.68616666668,0.135,20,10,4,144,13850.37885,3,559247.0585,186415.68616666668,0.135,20,10,4,144,13850.37885
2545,1,2,101958.23349999999,50979.11675,0.09999999999999999,9,3,2,245,3716.224499999998,2,101958.23349999999,50979.11675,0.09999999999999999,9,3,2,245,3716.224499999998
4152,0,3,514460.26,171486.75333333333,0.10555555555555556,28,9,5,29,16462.452222222222,3,514460.26,171486.75333333333,0.10555555555555556,28,9,5,29,16462.452222222222
2793,1,5,824835.524,164967.1048,0.1,38,15,5,142,16256.238933333334,5,824835.524,164967.1048,0.1,38,15,5,142,16256.238933333334
843,0,4,407617.184,101904.296,0.085,28,10,4,44,5976.943399999998,4,407617.184,101904.296,0.085,28,10,4,44,5976.943399999998
3293,1,3,912328.047,304109.349,0.075,29,11,5,388,24272.016416666665,3,912328.047,304109.349,0.075,29,11,5,388,24272.016416666665
2748,0,3,306126.123,102042.04100000001,0.09,21,10,5,82,5663.2492999999995,3,306126.123,102042.04100000001,0.09,21,10,5,82,5663.2492999999995
1337,0,6,727094.533,121182.42216666667,0.09375,38,16,5,147,12042.158937500002,6,727094.533,121182.42216666667,0.09375,38,16,5,147,12042.158937500002
2736,0,5,460116.07050000003,92023.21410000001,0.07083333333333335,31,12,5,37,9327.669208333333,5,460116.07050000003,92023.21410000001,0.07083333333333335,31,12,5,37,9327.669208333333
2197,0,4,395910.3425,98977.585625,0.09375,15,8,5,137,8902.830312499998,4,395910.3425,98977.585625,0.09375,15,8,5,137,8902.830312499998
3954,0,4,568338.304,142084.576,0.08750000000000001,34,11,4,112,9547.868666666669,4,568338.304,142084.576,0.08750000000000001,34,11,4,112,9547.868666666669
4101,0,4,434632.8815,108658.220375,0.09375,21,8,4,232,13518.120187500004,4,434632.8815,108658.220375,0.09375,21,8,4,232,13518.120187500004
4598,1,2,317750.6405,158875.32025,0.09999999999999999,13,7,4,98,9511.837214285715,2,317750.6405,158875.32025,0.09999999999999999,13,7,4,98,9511.837214285715
2062,0,1,200130.428,200130.428,0.15000000000000002,6,2,2,795,18133.614,1,200130.428,200130.428,0.15000000000000002,6,2,2,795,18133.614
2242,0,2,225098.528,112549.264,0.05000000000000001,8,3,3,61,23310.92933333333,2,225098.528,112549.264,0.05000000000000001,8,3,3,61,23310.92933333333
1694,0,2,137449.566,68724.783,0.08750000000000001,11,4,2,169,6107.698999999999,2,137449.566,68724.783,0.08750000000000001,11,4,2,169,6107.698999999999
382,0,5,522965.09750000003,104593.01950000001,0.09642857142857143,29,13,5,89,10224.150535714287,5,522965.09750000003,104593.01950000001,0.09642857142857143,29,13,5,89,10224.150535714287
3706,1,2,262998.3495,131499.17475,0.041666666666666664,14,6,4,301,11031.601583333331,2,262998.3495,131499.17475,0.041666666666666664,14,6,4,301,11031.601583333331
1799,0,2,377074.716,188537.35799999998,0.09166666666666667,20,6,4,479,6987.079333333331,2,377074.716,188537.35799999998,0.09166666666666667,20,6,4,479,6987.079333333331
2315,0,5,545545.314,109109.0628,0.095,29,10,5,86,10958.771400000001,5,545545.314,109109.0628,0.095,29,10,5,86,10958.771400000001
657,0,8,703068.358,87883.54475,0.09375,45,16,5,121,9369.131749999999,8,703068.358,87883.54475,0.09375,45,16,5,121,9369.131749999999
4723,1,2,262124.659,131062.32949999999,0.14285714285714285,20,7,5,399,3549.351285714285,2,262124.659,131062.32949999999,0.14285714285714285,20,7,5,399,3549.351285714285
2151,0,2,389367.154,194683.577,0.1125,24,8,5,795,5449.54675,2,389367.154,194683.577,0.1125,24,8,5,795,5449.54675
1092,0,2,104664.92499999999,52332.462499999994,0.13333333333333333,7,3,2,505,3812.514999999999,2,104664.92499999999,52332.462499999994,0.13333333333333333,7,3,2,505,3812.514999999999
2873,1,3,566052.6085,188684.20283333337,0.1285714285714286,22,7,5,151,19354.64835714286,3,566052.6085,188684.20283333337,0.1285714285714286,22,7,5,151,19354.64835714286
4745,0,3,323734.43200000003,107911.47733333334,0.06666666666666667,13,6,4,414,20404.523666666668,3,323734.43200000003,107911.47733333334,0.06666666666666667,13,6,4,414,20404.523666666668
4899,0,4,414295.2565,103573.814125,0.09,16,10,5,77,10859.423649999997,4,414295.2565,103573.814125,0.09,16,10,5,77,10859.423649999997
3570,1,4,421340.0765,105335.019125,0.13,18,10,5,109,9366.978650000001,4,421340.0765,105335.019125,0.13,18,10,5,109,9366.978650000001
3045,1,3,484071.169,161357.05633333334,0.11000000000000001,26,10,4,519,10105.583900000001,3,484071.169,161357.05633333334,0.11000000000000001,26,10,4,519,10105.583900000001
3240,1,3,505608.363,168536.121,0.09090909090909091,27,11,5,29,12096.866636363638,3,505608.363,168536.121,0.09090909090909091,27,11,5,29,12096.866636363638
2395,1,2,195622.189,97811.0945,0.13,14,5,3,352,2917.693800000001,2,195622.189,97811.0945,0.13,14,5,3,352,2917.693800000001
4891,0,1,15162.723000000002,15162.723000000002,0.1,1,1,1,379,1503.1730000000025,1,15162.723000000002,15162.723000000002,0.1,1,1,1,379,1503.1730000000025
2419,0,6,857656.418,142942.73633333333,0.052941176470588235,50,17,5,372,15951.547529411762,6,857656.418,142942.73633333333,0.052941176470588235,50,17,5,372,15951.547529411762
1696,1,5,542292.365,108458.473,0.06000000000000001,26,10,3,16,15614.787499999997,5,542292.365,108458.473,0.06000000000000001,26,10,3,16,15614.787499999997
723,0,2,200639.06699999998,100319.53349999999,0.025,7,2,2,93,21912.743499999997,2,200639.06699999998,100319.53349999999,0.025,7,2,2,93,21912.743499999997
847,1,5,551224.341,110244.8682,0.08750000000000001,29,12,4,643,11316.615083333332,5,551224.341,110244.8682,0.08750000000000001,29,12,4,643,11316.615083333332
3146,0,4,490317.8835,122579.470875,0.1,24,8,5,24,18965.8204375,4,490317.8835,122579.470875,0.1,24,8,5,24,18965.8204375
3211,1,5,634029.0175,126805.80350000001,0.10357142857142856,27,14,5,125,10642.876964285713,5,634029.0175,126805.80350000001,0.10357142857142856,27,14,5,125,10642.876964285713
4061,0,4,382774.07700000005,95693.51925000001,0.13571428571428573,21,7,4,276,9491.053857142859,4,382774.07700000005,95693.51925000001,0.13571428571428573,21,7,4,276,9491.053857142859
4460,0,3,249374.9765,83124.99216666668,0.05,18,8,5,188,7414.207062500001,3,249374.9765,83124.99216666668,0.05,18,8,5,188,7414.207062500001
880,1,2,193340.346,96670.17300000001,0.1375,9,4,2,223,8956.619,2,193340.346,96670.17300000001,0.1375,9,4,2,223,8956.619
3088,0,4,376997.368,94249.342,0.1125,25,11,4,242,3841.4298333333336,4,376997.368,94249.342,0.1125,25,11,4,242,3841.4298333333336
3031,1,2,307743.848,153871.924,0.15000000000000002,12,4,2,466,12749.617000000004,2,307743.848,153871.924,0.15000000000000002,12,4,2,466,12749.617000000004
3215,0,5,596625.112,119325.02240000002,0.13333333333333333,41,15,4,64,9516.140800000001,5,596625.112,119325.02240000002,0.13333333333333333,41,15,4,64,9516.140800000001
794,1,2,129173.37400000001,64586.687000000005,0.18333333333333335,9,3,2,507,8083.108,2,129173.37400000001,64586.687000000005,0.18333333333333335,9,3,2,507,8083.108
3922,0,1,15174.837000000001,15174.837000000001,0.1,3,1,1,420,5112.627,1,15174.837000000001,15174.837000000001,0.1,3,1,1,420,5112.627
763,0,3,633443.5495,211147.8498333333,0.1375,25,8,5,96,19501.4099375,3,633443.5495,211147.8498333333,0.1375,25,8,5,96,19501.4099375
2263,0,3,327884.064,109294.68800000001,0.0625,17,8,4,519,11249.9205,3,327884.064,109294.68800000001,0.0625,17,8,4,519,11249.9205
1607,0,4,253540.836,63385.209,0.10555555555555557,16,9,3,22,7680.2840000000015,4,253540.836,63385.209,0.10555555555555557,16,9,3,22,7680.2840000000015
2319,1,4,426601.477,106650.36925,0.125,24,10,4,203,12196.571700000002,4,426601.477,106650.36925,0.125,24,10,4,203,12196.571700000002
4946,0,2,126557.458,63278.72900000001,0.08,7,5,3,7,4955.681599999999,2,126557.458,63278.72900000001,0.08,7,5,3,7,4955.681599999999
3006,0,5,637417.4385,127483.48769999998,0.125,27,10,5,350,17992.955850000002,5,637417.4385,127483.48769999998,0.125,27,10,5,350,17992.955850000002
2183,0,3,400457.8185,133485.9395,0.11666666666666667,25,9,4,309,7036.974277777777,3,400457.8185,133485.9395,0.11666666666666667,25,9,4,309,7036.974277777777
3338,0,4,327380.201,81845.05025,0.1,10,7,5,491,12981.897285714289,4,327380.201,81845.05025,0.1,10,7,5,491,12981.897285714289
4457,1,5,455048.0395,91009.6079,0.05625,21,8,4,96,13736.731187500003,5,455048.0395,91009.6079,0.05625,21,8,4,96,13736.731187500003
4231,0,5,517626.683,103525.33660000001,0.125,30,10,4,28,9759.276300000001,5,517626.683,103525.33660000001,0.125,30,10,4,28,9759.276300000001
403,0,7,979854.0275,139979.14678571429,0.10681818181818183,49,22,5,68,11443.87534090909,7,979854.0275,139979.14678571429,0.10681818181818183,49,22,5,68,11443.87534090909
329,1,2,491987.448,245993.724,0.09375,24,8,5,19,17029.18475,2,491987.448,245993.724,0.09375,24,8,5,19,17029.18475
759,0,5,567124.1245,113424.8249,0.09333333333333334,34,15,4,10,7677.1483,5,567124.1245,113424.8249,0.09333333333333334,34,15,4,10,7677.1483
1318,1,5,458263.197,91652.63940000001,0.09583333333333334,24,12,5,34,10668.024749999999,5,458263.197,91652.63940000001,0.09583333333333334,24,12,5,34,10668.024749999999
3618,0,3,459793.66250000003,153264.5541666667,0.08636363636363636,27,11,5,90,8207.786590909092,3,459793.66250000003,153264.5541666667,0.08636363636363636,27,11,5,90,8207.786590909092
161,0,5,497544.0355,99508.8071,0.12000000000000002,25,10,3,63,8584.209549999998,5,497544.0355,99508.8071,0.12000000000000002,25,10,3,63,8584.209549999998
1042,1,6,449158.4685,74859.74475,0.10454545454545455,29,10,5,44,6836.24713636364,6,449158.4685,74859.74475,0.10454545454545455,29,10,5,44,6836.24713636364
166,0,1,28985.67,28985.67,0.1,2,1,1,835,4365.289999999997,1,28985.67,28985.67,0.1,2,1,1,835,4365.289999999997
2410,0,2,485131.511,242565.7555,0.09166666666666667,17,6,5,147,22051.476833333334,2,485131.511,242565.7555,0.09166666666666667,17,6,5,147,22051.476833333334
2903,0,3,405482.6665,135160.88883333333,0.10555555555555556,22,9,4,8,11907.8185,3,405482.6665,135160.88883333333,0.10555555555555556,22,9,4,8,11907.8185
2520,0,4,466926.381,116731.59525,0.1125,28,12,4,75,8781.58175,4,466926.381,116731.59525,0.1125,28,12,4,75,8781.58175
3598,0,4,399655.936,99913.984,0.07142857142857142,18,7,4,111,18652.272285714283,4,399655.936,99913.984,0.07142857142857142,18,7,4,111,18652.272285714283
4988,1,3,448851.857,149617.28566666666,0.11000000000000001,17,5,3,7,28916.4314,3,448851.857,149617.28566666666,0.11000000000000001,17,5,3,7,28916.4314
3926,0,3,144767.34,48255.78,0.15714285714285717,12,7,5,82,2013.540000000001,3,144767.34,48255.78,0.15714285714285717,12,7,5,82,2013.540000000001
2469,0,1,43716.67,43716.67,0.0,2,2,2,673,6560.089999999999,1,43716.67,43716.67,0.0,2,2,2,673,6560.089999999999
1454,0,4,609834.7795000001,152458.694875,0.1142857142857143,34,14,5,109,10102.762821428574,4,609834.7795000001,152458.694875,0.1142857142857143,34,14,5,109,10102.762821428574
4493,0,2,350909.927,175454.9635,0.09285714285714286,14,7,4,277,14802.611000000003,2,350909.927,175454.9635,0.09285714285714286,14,7,4,277,14802.611000000003
70,0,3,194243.848,64747.94933333333,0.08750000000000001,9,4,4,158,8666.877000000002,3,194243.848,64747.94933333333,0.08750000000000001,9,4,4,158,8666.877000000002
730,0,4,728993.3505000001,182248.33762500001,0.09583333333333334,29,11,4,268,12924.931708333337,4,728993.3505000001,182248.33762500001,0.09583333333333334,29,11,4,268,12924.931708333337
4089,0,3,608918.691,202972.897,0.11875,23,8,5,288,13340.258875000001,3,608918.691,202972.897,0.11875,23,8,5,288,13340.258875000001
4768,0,4,521406.844,130351.71100000001,0.11499999999999999,30,10,4,534,7228.4804,4,521406.844,130351.71100000001,0.11499999999999999,30,10,4,534,7228.4804
4828,0,6,753668.15,125611.35833333334,0.125,35,14,4,65,12906.878571428571,6,753668.15,125611.35833333334,0.125,35,14,4,65,12906.878571428571
4038,0,3,281159.757,93719.919,0.15,13,6,4,96,6823.556166666666,3,281159.757,93719.919,0.15,13,6,4,96,6823.556166666666
995,0,3,496147.663,165382.55433333336,0.065,25,9,4,248,13245.809300000003,3,496147.663,165382.55433333336,0.065,25,9,4,248,13245.809300000003
4254,0,4,491761.556,122940.389,0.095,19,10,5,72,11654.709600000002,4,491761.556,122940.389,0.095,19,10,5,72,11654.709600000002
1976,0,2,479280.311,239640.1555,0.13125,20,8,4,197,12620.390125000002,2,479280.311,239640.1555,0.13125,20,8,4,197,12620.390125000002
1463,0,2,304657.287,152328.6435,0.15,15,6,2,444,6085.302833333335,2,304657.287,152328.6435,0.15,15,6,2,444,6085.302833333335
3841,0,3,392193.813,130731.27100000001,0.1,20,8,4,104,11599.387875000004,3,392193.813,130731.27100000001,0.1,20,8,4,104,11599.387875000004
301,0,4,236268.6345,59067.158625,0.09999999999999999,18,7,4,80,10203.999214285714,4,236268.6345,59067.158625,0.09999999999999999,18,7,4,80,10203.999214285714
4398,1,1,92198.47,92198.47,0.05,6,2,2,69,10135.194999999996,1,92198.47,92198.47,0.05,6,2,2,69,10135.194999999996
511,0,3,129454.072,43151.35733333333,0.1285714285714286,16,7,4,180,4453.274571428571,3,129454.072,43151.35733333333,0.1285714285714286,16,7,4,180,4453.274571428571
3469,0,2,408582.44,204291.22,0.08125,19,8,3,209,15392.352499999999,2,408582.44,204291.22,0.08125,19,8,3,209,15392.352499999999
1272,1,1,13537.31,13537.31,0.05,1,1,1,91,2904.41,1,13537.31,13537.31,0.05,1,1,1,91,2904.41
3161,0,3,393907.02999999997,131302.34333333332,0.075,19,8,3,635,11728.294999999998,3,393907.02999999997,131302.34333333332,0.075,19,8,3,635,11728.294999999998
2397,0,1,73259.36,73259.36,0.2,4,1,1,680,17975.559999999998,1,73259.36,73259.36,0.2,4,1,1,680,17975.559999999998
3554,1,2,329380.876,164690.438,0.1285714285714286,18,7,3,72,6776.866571428573,2,329380.876,164690.438,0.1285714285714286,18,7,3,72,6776.866571428573
277,1,2,185511.0625,92755.53125,0.09999999999999999,12,4,3,456,10613.478124999996,2,185511.0625,92755.53125,0.09999999999999999,12,4,3,456,10613.478124999996
2444,0,4,623188.3595,155797.089875,0.1125,31,12,5,70,11981.832458333332,4,623188.3595,155797.089875,0.1125,31,12,5,70,11981.832458333332
47,1,4,586548.668,146637.167,0.14583333333333334,33,12,4,68,8899.584833333332,4,586548.668,146637.167,0.14583333333333334,33,12,4,68,8899.584833333332
3024,1,6,492870.0105,82145.00175,0.145,24,10,4,30,8951.947049999997,6,492870.0105,82145.00175,0.145,24,10,4,30,8951.947049999997
3657,1,4,400337.7385,100084.43462500001,0.06818181818181818,21,11,4,87,8340.448045454546,4,400337.7385,100084.43462500001,0.06818181818181818,21,11,4,87,8340.448045454546
3106,0,2,337508.076,168754.038,0.11000000000000001,14,5,3,238,18392.327200000003,2,337508.076,168754.038,0.11000000000000001,14,5,3,238,18392.327200000003
410,1,8,601319.384,75164.923,0.06875,39,15,5,181,8457.245249999998,8,601319.384,75164.923,0.06875,39,15,5,181,8457.245249999998
3091,1,2,286021.8805,143010.94025,0.125,19,7,4,492,5772.958812500003,2,286021.8805,143010.94025,0.125,19,7,4,492,5772.958812500003
2483,0,2,366604.28449999995,183302.14224999998,0.08571428571428573,21,7,4,53,14915.042071428568,2,366604.28449999995,183302.14224999998,0.08571428571428573,21,7,4,53,14915.042071428568
4748,0,1,50049.51,50049.51,0.07500000000000001,3,2,2,328,5942.97,1,50049.51,50049.51,0.07500000000000001,3,2,2,328,5942.97
1113,1,4,415765.2675,103941.31687499999,0.0875,17,8,4,128,14245.643437499997,4,415765.2675,103941.31687499999,0.0875,17,8,4,128,14245.643437499997
4685,0,5,636054.2115,127210.84229999999,0.12692307692307694,41,13,5,72,10645.623961538458,5,636054.2115,127210.84229999999,0.12692307692307694,41,13,5,72,10645.623961538458
4051,1,2,315953.519,157976.7595,0.075,16,6,4,621,11787.391499999998,2,315953.519,157976.7595,0.075,16,6,4,621,11787.391499999998
2204,0,4,565380.8125,141345.203125,0.08636363636363636,23,11,5,0,12475.780227272726,4,565380.8125,141345.203125,0.08636363636363636,23,11,5,0,12475.780227272726
336,0,4,472507.2265,118126.80662500001,0.06999999999999999,22,10,4,47,14540.049649999997,4,472507.2265,118126.80662500001,0.06999999999999999,22,10,4,47,14540.049649999997
2697,1,4,638114.6884999999,159528.67212499998,0.1,39,14,4,115,8328.91275,4,638114.6884999999,159528.67212499998,0.1,39,14,4,115,8328.91275
1382,1,7,1020208.0599999999,145744.00857142857,0.08684210526315789,51,19,5,33,13469.909999999998,7,1020208.0599999999,145744.00857142857,0.08684210526315789,51,19,5,33,13469.909999999998
1302,0,4,748449.376,187112.344,0.1142857142857143,38,14,5,9,8992.732571428573,4,748449.376,187112.344,0.1142857142857143,38,14,5,9,8992.732571428573
3502,0,5,356499.6935,71299.9387,0.16,20,10,4,193,9720.77435,5,356499.6935,71299.9387,0.16,20,10,4,193,9720.77435
1609,0,3,140404.77850000001,46801.592833333336,0.16,12,5,4,154,5102.2057,3,140404.77850000001,46801.592833333336,0.16,12,5,4,154,5102.2057
4519,0,3,197384.146,65794.71533333334,0.09285714285714286,10,7,5,130,3540.8265714285712,3,197384.146,65794.71533333334,0.09285714285714286,10,7,5,130,3540.8265714285712
3925,0,2,354211.68100000004,177105.84050000002,0.039999999999999994,11,5,4,16,19739.184200000003,2,354211.68100000004,177105.84050000002,0.039999999999999994,11,5,4,16,19739.184200000003
829,1,1,132537.26,132537.26,0.075,8,4,3,293,9836.772500000003,1,132537.26,132537.26,0.075,8,4,3,293,9836.772500000003
2751,0,4,465528.992,116382.24799999999,0.05,30,13,5,154,8351.866571428573,4,465528.992,116382.24799999999,0.05,30,13,5,154,8351.866571428573
223,0,3,429739.6185,143246.5395,0.09999999999999999,19,6,3,290,18375.75975,3,429739.6185,143246.5395,0.09999999999999999,19,6,3,290,18375.75975
4330,0,3,147051.485,49017.16166666666,0.1,15,8,3,166,3398.4406249999993,3,147051.485,49017.16166666666,0.1,15,8,3,166,3398.4406249999993
1489,0,3,284771.46249999997,94923.82083333332,0.05,11,5,4,93,16621.5905,3,284771.46249999997,94923.82083333332,0.05,11,5,4,93,16621.5905
1106,1,4,777024.361,194256.09025,0.075,34,12,4,158,19041.230083333332,4,777024.361,194256.09025,0.075,34,12,4,158,19041.230083333332
3074,0,7,670099.695,95728.52785714285,0.07222222222222223,41,17,5,25,9484.156944444443,7,670099.695,95728.52785714285,0.07222222222222223,41,17,5,25,9484.156944444443
1145,0,2,297126.44399999996,148563.222,0.0625,9,4,3,584,24892.3785,2,297126.44399999996,148563.222,0.0625,9,4,3,584,24892.3785
1441,0,1,27300.181,27300.181,0.15,2,1,1,355,-143.6389999999992,1,27300.181,27300.181,0.15,2,1,1,355,-143.6389999999992
2007,0,3,575576.764,191858.92133333333,0.08636363636363636,22,11,5,218,15425.450363636364,3,575576.764,191858.92133333333,0.08636363636363636,22,11,5,218,15425.450363636364
4838,0,4,299914.1235,74978.530875,0.11666666666666667,21,9,5,248,7476.807055555557,4,299914.1235,74978.530875,0.11666666666666667,21,9,5,248,7476.807055555557
1297,0,2,183045.868,91522.93400000001,0.15,7,3,2,293,8412.762666666667,2,183045.868,91522.93400000001,0.15,7,3,2,293,8412.762666666667
64,1,2,188806.93899999998,94403.46949999999,0.06000000000000001,11,5,4,706,11196.989799999994,2,188806.93899999998,94403.46949999999,0.06000000000000001,11,5,4,706,11196.989799999994
414,0,3,257859.536,85953.17866666667,0.1,22,9,3,109,6540.821777777776,3,257859.536,85953.17866666667,0.1,22,9,3,109,6540.821777777776
606,0,3,116998.804,38999.60133333333,0.11000000000000001,12,5,4,419,4658.208799999999,3,116998.804,38999.60133333333,0.11000000000000001,12,5,4,419,4658.208799999999
1178,0,5,812514.2645,162502.8529,0.09583333333333334,35,12,5,19,17675.79704166667,5,812514.2645,162502.8529,0.09583333333333334,35,12,5,19,17675.79704166667
2498,0,3,99074.16399999999,33024.72133333333,0.07999999999999999,10,5,3,106,4842.408799999999,3,99074.16399999999,33024.72133333333,0.07999999999999999,10,5,3,106,4842.408799999999
3148,1,4,857677.5730000001,214419.39325000002,0.1,37,15,5,278,13738.882866666669,4,857677.5730000001,214419.39325000002,0.1,37,15,5,278,13738.882866666669
1897,0,5,548991.2195,109798.2439,0.12666666666666665,33,15,5,7,5584.288633333334,5,548991.2195,109798.2439,0.12666666666666665,33,15,5,7,5584.288633333334
2250,1,4,687411.505,171852.87625,0.09333333333333334,35,15,5,185,12214.606333333331,4,687411.505,171852.87625,0.09333333333333334,35,15,5,185,12214.606333333331
828,1,5,466798.578,93359.7156,0.10555555555555557,19,9,4,149,11605.895333333332,5,466798.578,93359.7156,0.10555555555555557,19,9,4,149,11605.895333333332
2890,0,3,196991.45,65663.81666666667,0.0875,8,4,3,97,13481.357499999998,3,196991.45,65663.81666666667,0.0875,8,4,3,97,13481.357499999998
2412,0,4,706088.322,176522.08049999998,0.10833333333333334,27,12,3,173,14787.4685,4,706088.322,176522.08049999998,0.10833333333333334,27,12,3,173,14787.4685
1621,0,4,413130.601,103282.65024999999,0.12,23,10,4,137,6715.3841,4,413130.601,103282.65024999999,0.12,23,10,4,137,6715.3841
1596,1,3,419134.153,139711.38433333335,0.09999999999999999,16,7,3,99,16388.087571428572,3,419134.153,139711.38433333335,0.09999999999999999,16,7,3,99,16388.087571428572
220,0,5,775374.2075,155074.8415,0.07916666666666668,35,11,5,418,12012.719791666665,5,775374.2075,155074.8415,0.07916666666666668,35,11,5,418,12012.719791666665
3482,0,5,363597.7205,72719.5441,0.07727272727272728,27,10,5,122,7360.932772727273,5,363597.7205,72719.5441,0.07727272727272728,27,10,5,122,7360.932772727273
2189,0,2,264986.225,132493.1125,0.125,13,4,3,207,10590.008749999997,2,264986.225,132493.1125,0.125,13,4,3,207,10590.008749999997
749,0,4,739100.3855,184775.096375,0.044444444444444446,28,9,4,285,22541.83505555555,4,739100.3855,184775.096375,0.044444444444444446,28,9,4,285,22541.83505555555
4258,0,2,145347.90399999998,72673.95199999999,0.06666666666666667,7,3,3,578,13267.944666666664,2,145347.90399999998,72673.95199999999,0.06666666666666667,7,3,3,578,13267.944666666664
4017,0,2,382950.2595,191475.12975000002,0.10000000000000002,18,6,3,135,18413.07325,2,382950.2595,191475.12975000002,0.10000000000000002,18,6,3,135,18413.07325
4475,0,2,273331.461,136665.7305,0.1285714285714286,18,7,4,475,8215.104428571429,2,273331.461,136665.7305,0.1285714285714286,18,7,4,475,8215.104428571429
1921,0,3,93937.9635,31312.654500000004,0.075,6,4,3,86,4732.005875000001,3,93937.9635,31312.654500000004,0.075,6,4,3,86,4732.005875000001
690,0,4,443796.4185,110949.104625,0.125,26,12,5,45,9318.446541666668,4,443796.4185,110949.104625,0.125,26,12,5,45,9318.446541666668
2745,0,3,587860.447,195953.48233333335,0.1111111111111111,24,9,5,462,12603.484111111116,3,587860.447,195953.48233333335,0.1111111111111111,24,9,5,462,12603.484111111116
3763,0,6,648081.2305,108013.53841666666,0.10666666666666667,34,15,3,212,11238.255366666666,6,648081.2305,108013.53841666666,0.10666666666666667,34,15,3,212,11238.255366666666
2292,0,2,401213.043,200606.5215,0.10714285714285714,17,7,5,228,15979.234714285718,2,401213.043,200606.5215,0.10714285714285714,17,7,5,228,15979.234714285718
1856,0,3,189082.11849999998,63027.37283333333,0.07,13,5,3,208,8341.9057,3,189082.11849999998,63027.37283333333,0.07,13,5,3,208,8341.9057
4093,0,3,399260.1275,133086.7091666667,0.095,23,10,4,389,9127.42375,3,399260.1275,133086.7091666667,0.095,23,10,4,389,9127.42375
1606,0,1,37865.304,37865.304,0.1,4,1,1,486,5939.783999999996,1,37865.304,37865.304,0.1,4,1,1,486,5939.783999999996
4939,0,6,769992.1845,128332.03074999999,0.09411764705882353,46,16,5,17,8734.390264705884,6,769992.1845,128332.03074999999,0.09411764705882353,46,16,5,17,8734.390264705884
1558,0,3,229290.243,76430.08099999999,0.10833333333333334,14,5,3,428,7191.215499999998,3,229290.243,76430.08099999999,0.10833333333333334,14,5,3,428,7191.215499999998
514,1,2,155030.513,77515.2565,0.11666666666666665,9,6,3,9,2971.9055000000008,2,155030.513,77515.2565,0.11666666666666665,9,6,3,9,2971.9055000000008
2506,0,5,346217.761,69243.5522,0.11785714285714287,29,12,5,46,5436.355785714286,5,346217.761,69243.5522,0.11785714285714287,29,12,5,46,5436.355785714286
3697,0,4,638711.4075,159677.851875,0.08499999999999999,25,10,4,200,17836.55575,4,638711.4075,159677.851875,0.08499999999999999,25,10,4,200,17836.55575
3089,0,3,312552.3995,104184.13316666667,0.07142857142857142,15,7,5,179,13035.414214285714,3,312552.3995,104184.13316666667,0.07142857142857142,15,7,5,179,13035.414214285714
2938,0,5,690142.7365,138028.5473,0.12916666666666668,35,12,4,3,14030.433041666663,5,690142.7365,138028.5473,0.12916666666666668,35,12,4,3,14030.433041666663
1737,0,7,865175.218,123596.45971428571,0.10500000000000001,41,20,5,39,11252.0814,7,865175.218,123596.45971428571,0.10500000000000001,41,20,5,39,11252.0814
2175,0,3,178317.276,59439.092000000004,0.06666666666666667,10,6,4,188,8489.404333333334,3,178317.276,59439.092000000004,0.06666666666666667,10,6,4,188,8489.404333333334
1913,1,3,197183.395,65727.79833333334,0.05,11,4,2,106,19052.701250000002,3,197183.395,65727.79833333334,0.05,11,4,2,106,19052.701250000002
2653,1,2,336326.1355,168163.06775,0.11666666666666665,20,6,4,481,10346.295916666664,2,336326.1355,168163.06775,0.11666666666666665,20,6,4,481,10346.295916666664
1150,1,4,354882.2565,88720.564125,0.075,20,8,5,7,10246.118312500003,4,354882.2565,88720.564125,0.075,20,8,5,7,10246.118312500003
2448,0,1,138480.064,138480.064,0.16666666666666666,6,3,3,616,11366.838000000003,1,138480.064,138480.064,0.16666666666666666,6,3,3,616,11366.838000000003
3698,0,4,446253.366,111563.3415,0.08333333333333333,21,9,3,47,14650.128444444443,4,446253.366,111563.3415,0.08333333333333333,21,9,3,47,14650.128444444443
3782,1,4,442035.986,110508.99650000001,0.07777777777777778,23,9,4,229,13663.029555555557,4,442035.986,110508.99650000001,0.07777777777777778,23,9,4,229,13663.029555555557
2494,1,3,617618.164,205872.72133333332,0.045,34,10,5,383,13719.754400000002,3,617618.164,205872.72133333332,0.045,34,10,5,383,13719.754400000002
3804,0,4,321503.332,80375.833,0.095,25,10,4,201,4558.3212,4,321503.332,80375.833,0.095,25,10,4,201,4558.3212
4380,1,2,146725.978,73362.989,0.0625,11,4,3,156,7593.532000000001,2,146725.978,73362.989,0.0625,11,4,3,156,7593.532000000001
144,0,4,447112.02900000004,111778.00725000001,0.041666666666666664,18,6,5,381,20943.74983333334,4,447112.02900000004,111778.00725000001,0.041666666666666664,18,6,5,381,20943.74983333334
3916,0,5,588420.743,117684.1486,0.13846153846153847,29,12,4,87,11189.052538461538,5,588420.743,117684.1486,0.13846153846153847,29,12,4,87,11189.052538461538
1222,0,3,239524.63900000002,79841.54633333333,0.13571428571428573,12,7,4,203,7764.9270000000015,3,239524.63900000002,79841.54633333333,0.13571428571428573,12,7,4,203,7764.9270000000015
3950,0,3,629340.5215,209780.17383333333,0.1,24,8,5,154,19667.183937499998,3,629340.5215,209780.17383333333,0.1,24,8,5,154,19667.183937499998
1967,1,2,381625.897,190812.9485,0.08333333333333333,16,6,4,72,9474.554500000002,2,381625.897,190812.9485,0.08333333333333333,16,6,4,72,9474.554500000002
4210,0,2,205181.07549999998,102590.53774999999,0.06,13,5,4,26,10800.177099999997,2,205181.07549999998,102590.53774999999,0.06,13,5,4,26,10800.177099999997
2416,0,2,153706.712,76853.35599999999,0.11249999999999999,9,4,2,374,8654.125499999998,2,153706.712,76853.35599999999,0.11249999999999999,9,4,2,374,8654.125499999998
2680,1,5,422649.735,84529.947,0.10500000000000001,23,10,5,100,8751.1515,5,422649.735,84529.947,0.10500000000000001,23,10,5,100,8751.1515
4504,0,3,336896.281,112298.76033333332,0.09999999999999999,15,6,3,42,12361.95683333333,3,336896.281,112298.76033333332,0.09999999999999999,15,6,3,42,12361.95683333333
1704,0,3,327266.64499999996,109088.88166666667,0.06666666666666667,12,6,4,218,13989.177499999998,3,327266.64499999996,109088.88166666667,0.06666666666666667,12,6,4,218,13989.177499999998
1662,0,2,305111.407,152555.7035,0.12000000000000002,12,5,3,226,16665.393400000004,2,305111.407,152555.7035,0.12000000000000002,12,5,3,226,16665.393400000004
397,0,2,41911.079,20955.5395,0.1,9,4,4,298,2074.0822499999995,2,41911.079,20955.5395,0.1,9,4,4,298,2074.0822499999995
4741,0,8,840365.2095,105045.6511875,0.109375,38,16,4,114,13050.37809375,8,840365.2095,105045.6511875,0.109375,38,16,4,114,13050.37809375
3099,0,1,173844.39500000002,173844.39500000002,0.11666666666666665,7,3,3,575,14288.73833333333,1,173844.39500000002,173844.39500000002,0.11666666666666665,7,3,3,575,14288.73833333333
467,1,3,303749.179,101249.72633333334,0.13571428571428573,15,7,4,240,6225.161285714287,3,303749.179,101249.72633333334,0.13571428571428573,15,7,4,240,6225.161285714287
2302,0,3,217415.724,72471.908,0.1,16,5,3,446,14498.4848,3,217415.724,72471.908,0.1,16,5,3,446,14498.4848
1129,1,2,326886.87,163443.43500000003,0.07,18,5,2,4,18421.978,2,326886.87,163443.43500000003,0.07,18,5,2,4,18421.978
387,0,2,303443.287,151721.6435,0.1,12,5,3,515,16170.353400000002,2,303443.287,151721.6435,0.1,12,5,3,515,16170.353400000002
2699,0,2,113410.1445,56705.07225,0.075,4,2,2,31,12374.702250000002,2,113410.1445,56705.07225,0.075,4,2,2,31,12374.702250000002
3996,1,3,199019.676,66339.892,0.12142857142857143,14,7,2,97,3456.265142857143,3,199019.676,66339.892,0.12142857142857143,14,7,2,97,3456.265142857143
1182,0,3,604965.294,201655.098,0.09583333333333333,31,12,5,324,12105.087,3,604965.294,201655.098,0.09583333333333333,31,12,5,324,12105.087
3186,0,2,657206.0700000001,328603.03500000003,0.10714285714285714,24,6,4,243,28589.865714285716,2,657206.0700000001,328603.03500000003,0.10714285714285714,24,6,4,243,28589.865714285716
3496,0,1,38995.579,38995.579,0.075,2,2,1,501,4877.7395,1,38995.579,38995.579,0.075,2,2,1,501,4877.7395
2835,1,4,326508.545,81627.13625,0.09999999999999999,21,7,4,42,9681.51357142857,4,326508.545,81627.13625,0.09999999999999999,21,7,4,42,9681.51357142857
3207,1,4,565528.4990000001,141382.12475000002,0.12916666666666668,27,12,4,284,7944.847416666668,4,565528.4990000001,141382.12475000002,0.12916666666666668,27,12,4,284,7944.847416666668
4775,0,4,435486.6845,108871.67112500001,0.125,27,10,4,107,11118.18845,4,435486.6845,108871.67112500001,0.125,27,10,4,107,11118.18845
4294,1,1,209422.88199999998,209422.88199999998,0.07500000000000001,9,4,3,778,12259.805500000002,1,209422.88199999998,209422.88199999998,0.07500000000000001,9,4,3,778,12259.805500000002
4769,0,5,294914.14,58982.828,0.13,20,9,4,62,6653.759000000001,5,294914.14,58982.828,0.13,20,9,4,62,6653.759000000001
4819,1,2,285757.23449999996,142878.61725,0.07857142857142858,13,7,4,648,11133.514928571427,2,285757.23449999996,142878.61725,0.07857142857142858,13,7,4,648,11133.514928571427
2132,0,2,230727.46600000001,115363.73300000001,0.13,16,5,4,774,8052.5092,2,230727.46600000001,115363.73300000001,0.13,16,5,4,774,8052.5092
2141,1,5,508518.92199999996,101703.7844,0.11923076923076924,29,13,5,46,8576.625538461538,5,508518.92199999996,101703.7844,0.11923076923076924,29,13,5,46,8576.625538461538
2929,0,4,669406.3685,167351.592125,0.075,28,9,5,232,19257.921849999995,4,669406.3685,167351.592125,0.075,28,9,5,232,19257.921849999995
2428,0,3,535287.711,178429.237,0.08333333333333333,23,9,5,519,14922.625666666669,3,535287.711,178429.237,0.08333333333333333,23,9,5,519,14922.625666666669
3377,1,4,777169.647,194292.41175,0.10666666666666667,34,15,5,369,12885.003133333334,4,777169.647,194292.41175,0.10666666666666667,34,15,5,369,12885.003133333334
1706,1,5,454404.224,90880.84479999999,0.08181818181818182,22,11,4,153,8047.604,5,454404.224,90880.84479999999,0.08181818181818182,22,11,4,153,8047.604
4238,1,4,644730.093,161182.52325,0.07692307692307693,32,12,4,77,13956.906384615384,4,644730.093,161182.52325,0.07692307692307693,32,12,4,77,13956.906384615384
4200,1,1,85319.4725,85319.4725,0.15,6,3,2,695,7623.000833333333,1,85319.4725,85319.4725,0.15,6,3,2,695,7623.000833333333
2882,0,7,673729.505,96247.07214285714,0.12000000000000001,31,15,5,94,8660.003666666666,7,673729.505,96247.07214285714,0.12000000000000001,31,15,5,94,8660.003666666666
143,0,3,373634.7945,124544.9315,0.14375,22,8,5,13,10398.9605625,3,373634.7945,124544.9315,0.14375,22,8,5,13,10398.9605625
3889,1,4,242952.4595,60738.114875,0.125,23,6,3,332,5917.013250000001,4,242952.4595,60738.114875,0.125,23,6,3,332,5917.013250000001
3450,1,3,268350.75,89450.25,0.09166666666666667,14,6,4,221,12090.658333333335,3,268350.75,89450.25,0.09166666666666667,14,6,4,221,12090.658333333335
2536,0,4,675686.1695,168921.542375,0.1,31,11,5,301,15170.43268181818,4,675686.1695,168921.542375,0.1,31,11,5,301,15170.43268181818
2390,0,4,622701.8200000001,155675.45500000002,0.15555555555555556,27,9,5,141,11364.271111111113,4,622701.8200000001,155675.45500000002,0.15555555555555556,27,9,5,141,11364.271111111113
934,0,4,686426.7585,171606.689625,0.08333333333333333,27,12,4,142,14661.375708333335,4,686426.7585,171606.689625,0.08333333333333333,27,12,4,142,14661.375708333335
3467,0,1,264717.022,264717.022,0.1375,11,4,3,255,12858.273000000003,1,264717.022,264717.022,0.1375,11,4,3,255,12858.273000000003
2206,0,4,520314.852,130078.713,0.06153846153846154,30,13,4,97,7631.740153846155,4,520314.852,130078.713,0.06153846153846154,30,13,4,97,7631.740153846155
2898,1,4,462442.64300000004,115610.66075000001,0.1,28,11,4,281,9111.804818181818,4,462442.64300000004,115610.66075000001,0.1,28,11,4,281,9111.804818181818
2064,0,3,305222.688,101740.89600000001,0.11000000000000001,13,5,3,737,14615.6116,3,305222.688,101740.89600000001,0.11000000000000001,13,5,3,737,14615.6116
4074,0,3,541578.563,180526.1876666667,0.07083333333333335,31,12,5,51,12417.858583333335,3,541578.563,180526.1876666667,0.07083333333333335,31,12,5,51,12417.858583333335
1997,1,1,163840.88,163840.88,0.125,6,2,2,703,7414.699999999993,1,163840.88,163840.88,0.125,6,2,2,703,7414.699999999993
262,0,1,110115.555,110115.555,0.11666666666666665,9,3,2,639,4100.741666666662,1,110115.555,110115.555,0.11666666666666665,9,3,2,639,4100.741666666662
4681,1,3,499218.5595,166406.18649999998,0.10555555555555556,28,9,4,50,12738.646611111113,3,499218.5595,166406.18649999998,0.10555555555555556,28,9,4,50,12738.646611111113
992,0,7,897531.3799999999,128218.76857142856,0.096875,40,16,5,176,15368.570624999997,7,897531.3799999999,128218.76857142856,0.096875,40,16,5,176,15368.570624999997
764,0,3,329024.043,109674.681,0.11666666666666665,17,6,3,405,16194.4505,3,329024.043,109674.681,0.11666666666666665,17,6,3,405,16194.4505
2840,1,1,30388.872000000003,30388.872000000003,0.2,3,1,1,365,978.5520000000033,1,30388.872000000003,30388.872000000003,0.2,3,1,1,365,978.5520000000033
3174,0,1,79393.59650000001,79393.59650000001,0.1625,11,4,4,130,4917.231625,1,79393.59650000001,79393.59650000001,0.1625,11,4,4,130,4917.231625
363,0,2,343473.488,171736.744,0.05,10,4,2,224,18273.481999999996,2,343473.488,171736.744,0.05,10,4,2,224,18273.481999999996
875,0,1,89337.79299999999,89337.79299999999,0.11666666666666665,9,3,2,223,2890.5043333333306,1,89337.79299999999,89337.79299999999,0.11666666666666665,9,3,2,223,2890.5043333333306
2037,1,3,654831.103,218277.03433333334,0.08750000000000001,25,8,5,246,18614.102874999997,3,654831.103,218277.03433333334,0.08750000000000001,25,8,5,246,18614.102874999997
2796,1,5,413321.762,82664.3524,0.15833333333333333,20,6,4,260,10121.177000000001,5,413321.762,82664.3524,0.15833333333333333,20,6,4,260,10121.177000000001
4284,1,2,283490.39900000003,141745.19950000002,0.11000000000000001,10,4,3,394,13818.653800000006,2,283490.39900000003,141745.19950000002,0.11000000000000001,10,4,3,394,13818.653800000006
294,0,5,591921.5755,118384.3151,0.09090909090909091,31,11,5,167,10735.402318181817,5,591921.5755,118384.3151,0.09090909090909091,31,11,5,167,10735.402318181817
3897,0,5,715064.935,143012.98700000002,0.11923076923076924,34,13,5,0,12802.249615384617,5,715064.935,143012.98700000002,0.11923076923076924,34,13,5,0,12802.249615384617
2190,1,3,347330.368,115776.78933333333,0.1,17,7,4,270,9885.032571428572,3,347330.368,115776.78933333333,0.1,17,7,4,270,9885.032571428572
1373,0,1,211927.267,211927.267,0.06666666666666667,10,3,2,29,14898.462333333335,1,211927.267,211927.267,0.06666666666666667,10,3,2,29,14898.462333333335
151,0,2,126167.861,63083.930499999995,0.15,6,3,3,225,4777.647,2,126167.861,63083.930499999995,0.15,6,3,3,225,4777.647
4747,0,3,346853.641,115617.88033333333,0.11666666666666668,16,6,3,154,12116.581833333335,3,346853.641,115617.88033333333,0.11666666666666668,16,6,3,154,12116.581833333335
259,0,3,612382.439,204127.47966666668,0.10416666666666667,28,11,5,209,11666.796583333335,3,612382.439,204127.47966666668,0.10416666666666667,28,11,5,209,11666.796583333335
1744,0,4,618951.827,154737.95675,0.13636363636363635,33,11,4,362,8487.979727272728,4,618951.827,154737.95675,0.13636363636363635,33,11,4,362,8487.979727272728
4994,1,3,297614.14,99204.71333333333,0.11000000000000001,13,5,3,559,19587.379999999997,3,297614.14,99204.71333333333,0.11000000000000001,13,5,3,559,19587.379999999997
4566,1,3,155274.191,51758.06366666666,0.13999999999999999,8,5,4,168,3816.0001999999995,3,155274.191,51758.06366666666,0.13999999999999999,8,5,4,168,3816.0001999999995
165,1,4,393171.56299999997,98292.89074999999,0.08181818181818182,25,11,5,368,8191.587545454546,4,393171.56299999997,98292.89074999999,0.08181818181818182,25,11,5,368,8191.587545454546
1185,0,2,535733.115,267866.5575,0.10714285714285714,22,7,4,33,20001.219285714284,2,535733.115,267866.5575,0.10714285714285714,22,7,4,33,20001.219285714284
4229,0,1,70632.705,70632.705,0.175,4,2,2,708,4570.932500000001,1,70632.705,70632.705,0.175,4,2,2,708,4570.932500000001
1087,0,2,151501.61549999999,75750.80774999999,0.1,11,4,3,470,9048.648874999995,2,151501.61549999999,75750.80774999999,0.1,11,4,3,470,9048.648874999995
988,0,1,229554.0325,229554.0325,0.03333333333333333,11,3,3,218,21362.504166666666,1,229554.0325,229554.0325,0.03333333333333333,11,3,3,218,21362.504166666666
3004,0,3,147018.45799999998,49006.15266666666,0.1,7,4,3,134,7294.972,3,147018.45799999998,49006.15266666666,0.1,7,4,3,134,7294.972
4630,0,4,529621.6984999999,132405.424625,0.0625,19,8,4,36,17225.4773125,4,529621.6984999999,132405.424625,0.0625,19,8,4,36,17225.4773125
4662,0,6,665693.717,110948.95283333333,0.11153846153846153,34,13,4,28,8648.292846153845,6,665693.717,110948.95283333333,0.11153846153846153,34,13,4,28,8648.292846153845
4907,0,4,526856.2315,131714.057875,0.10500000000000001,25,10,4,214,12169.492150000002,4,526856.2315,131714.057875,0.10500000000000001,25,10,4,214,12169.492150000002
4378,0,1,11010.881000000001,11010.881000000001,0.15000000000000002,5,2,2,686,96.72550000000001,1,11010.881000000001,11010.881000000001,0.15000000000000002,5,2,2,686,96.72550000000001
2345,0,3,516074.3035,172024.76783333335,0.09444444444444444,20,9,3,93,12491.308166666668,3,516074.3035,172024.76783333335,0.09444444444444444,20,9,3,93,12491.308166666668
169,0,3,482555.243,160851.74766666666,0.12777777777777777,24,9,4,6,15220.891444444444,3,482555.243,160851.74766666666,0.12777777777777777,24,9,4,6,15220.891444444444
2401,0,5,568791.7829999999,113758.35659999998,0.1076923076923077,26,13,4,103,8213.922538461538,5,568791.7829999999,113758.35659999998,0.1076923076923077,26,13,4,103,8213.922538461538
536,0,1,199136.80450000003,199136.80450000003,0.1125,10,4,3,641,14382.671125000004,1,199136.80450000003,199136.80450000003,0.1125,10,4,3,641,14382.671125000004
3371,0,2,260561.882,130280.94100000002,0.10833333333333334,17,6,5,442,9956.362000000003,2,260561.882,130280.94100000002,0.10833333333333334,17,6,5,442,9956.362000000003
1,0,5,354142.12700000004,70828.4254,0.11363636363636363,21,11,4,42,6219.985181818181,5,354142.12700000004,70828.4254,0.11363636363636363,21,11,4,42,6219.985181818181
1532,0,1,349969.509,349969.509,0.125,13,4,3,867,20137.784750000006,1,349969.509,349969.509,0.125,13,4,3,867,20137.784750000006
720,1,6,682360.2255,113726.70425,0.09642857142857143,30,14,5,191,13535.04682142857,6,682360.2255,113726.70425,0.09642857142857143,30,14,5,191,13535.04682142857
4215,0,5,987563.2220000001,197512.64440000002,0.08333333333333333,44,15,5,64,17997.473466666666,5,987563.2220000001,197512.64440000002,0.08333333333333333,44,15,5,64,17997.473466666666
4802,0,2,249253.56249999997,124626.78124999997,0.09,12,4,4,305,8246.040499999994,2,249253.56249999997,124626.78124999997,0.09,12,4,4,305,8246.040499999994
15,1,2,221332.00199999998,110666.00099999999,0.0625,13,4,2,35,15598.023000000003,2,221332.00199999998,110666.00099999999,0.0625,13,4,2,35,15598.023000000003
3401,1,4,414497.053,103624.26324999999,0.08888888888888889,16,9,5,51,11393.560333333335,4,414497.053,103624.26324999999,0.08888888888888889,16,9,5,51,11393.560333333335
370,1,3,592737.953,197579.31766666667,0.12000000000000002,25,10,5,73,13004.613300000003,3,592737.953,197579.31766666667,0.12000000000000002,25,10,5,73,13004.613300000003
791,0,1,111815.24849999999,111815.24849999999,0.1,3,2,2,163,12777.809249999995,1,111815.24849999999,111815.24849999999,0.1,3,2,2,163,12777.809249999995
130,0,4,604759.0505,151189.762625,0.1,28,11,5,285,13651.458227272728,4,604759.0505,151189.762625,0.1,28,11,5,285,13651.458227272728
2961,1,6,762161.986,127026.99766666668,0.12333333333333334,43,15,5,390,11392.9624,6,762161.986,127026.99766666668,0.12333333333333334,43,15,5,390,11392.9624
1298,1,5,453753.97500000003,90750.79500000001,0.08,19,10,4,89,10155.6535,5,453753.97500000003,90750.79500000001,0.08,19,10,4,89,10155.6535
3301,0,3,275661.6425,91887.21416666667,0.09285714285714286,15,7,3,294,9866.617500000002,3,275661.6425,91887.21416666667,0.09285714285714286,15,7,3,294,9866.617500000002
625,0,4,350887.11250000005,87721.77812500001,0.08888888888888889,24,9,5,342,10013.451388888892,4,350887.11250000005,87721.77812500001,0.08888888888888889,24,9,5,342,10013.451388888892
1988,0,3,366205.8835,122068.62783333333,0.09999999999999999,20,6,4,367,13877.723357142857,3,366205.8835,122068.62783333333,0.09999999999999999,20,6,4,367,13877.723357142857
4357,1,2,294376.851,147188.42549999998,0.13999999999999999,13,5,4,555,8588.726199999997,2,294376.851,147188.42549999998,0.13999999999999999,13,5,4,555,8588.726199999997
4268,1,1,57503.2,57503.2,0.0,4,1,1,590,8966.159999999996,1,57503.2,57503.2,0.0,4,1,1,590,8966.159999999996
1478,1,2,219706.043,109853.02149999999,0.13333333333333333,10,6,4,256,11169.358833333332,2,219706.043,109853.02149999999,0.13333333333333333,10,6,4,256,11169.358833333332
2689,0,3,243659.44700000001,81219.81566666668,0.1357142857142857,11,7,5,14,6097.063857142857,3,243659.44700000001,81219.81566666668,0.1357142857142857,11,7,5,14,6097.063857142857
2048,1,3,267702.022,89234.00733333333,0.09,13,5,3,214,11475.480400000004,3,267702.022,89234.00733333333,0.09,13,5,3,214,11475.480400000004
1908,0,4,425806.042,106451.5105,0.075,19,8,4,51,15942.798999999999,4,425806.042,106451.5105,0.075,19,8,4,51,15942.798999999999
3948,1,1,275754.854,275754.854,0.05,11,4,2,667,20727.898500000003,1,275754.854,275754.854,0.05,11,4,2,667,20727.898500000003
2987,0,4,424763.995,106190.99875,0.08571428571428573,20,7,4,266,14505.363571428572,4,424763.995,106190.99875,0.08571428571428573,20,7,4,266,14505.363571428572
519,0,2,220554.30450000003,110277.15225000001,0.075,12,6,3,228,7767.454083333337,2,220554.30450000003,110277.15225000001,0.075,12,6,3,228,7767.454083333337
1201,1,3,262603.85,87534.61666666668,0.11000000000000001,16,5,4,140,12659.184000000001,3,262603.85,87534.61666666668,0.11000000000000001,16,5,4,140,12659.184000000001
4753,0,6,1061166.0475,176861.00791666665,0.10625,48,16,4,54,14612.11609375,6,1061166.0475,176861.00791666665,0.10625,48,16,4,54,14612.11609375
2021,0,4,422789.0505,105697.262625,0.09545454545454546,22,11,5,100,6011.643681818183,4,422789.0505,105697.262625,0.09545454545454546,22,11,5,100,6011.643681818183
1957,1,3,345813.34949999995,115271.1165,0.09999999999999999,18,6,3,205,17163.48658333333,3,345813.34949999995,115271.1165,0.09999999999999999,18,6,3,205,17163.48658333333
2763,0,3,346683.247,115561.08233333332,0.05625,19,8,3,174,10916.413374999996,3,346683.247,115561.08233333332,0.05625,19,8,3,174,10916.413374999996
687,0,2,360166.27300000004,180083.1365,0.06,16,5,3,282,13590.146600000002,2,360166.27300000004,180083.1365,0.06,16,5,3,282,13590.146600000002
3660,0,4,830280.333,207570.08325,0.065,29,9,3,204,23577.5643,4,830280.333,207570.08325,0.065,29,9,3,204,23577.5643
1513,0,2,210991.529,105495.7645,0.15,8,3,2,150,16208.01633333334,2,210991.529,105495.7645,0.15,8,3,2,150,16208.01633333334
502,0,4,330078.659,82519.66475,0.1285714285714286,19,7,3,286,10734.145571428571,4,330078.659,82519.66475,0.1285714285714286,19,7,3,286,10734.145571428571
3791,0,3,214811.7955,71603.93183333334,0.07857142857142858,21,7,4,108,8707.557928571428,3,214811.7955,71603.93183333334,0.07857142857142858,21,7,4,108,8707.557928571428
905,0,3,433220.6135,144406.87116666665,0.125,26,9,4,426,9339.45835,3,433220.6135,144406.87116666665,0.125,26,9,4,426,9339.45835
3071,0,1,104024.468,104024.468,0.15,7,3,3,9,9077.556000000002,1,104024.468,104024.468,0.15,7,3,3,9,9077.556000000002
2147,0,1,17035.921,17035.921,0.15,1,1,1,579,2821.1809999999987,1,17035.921,17035.921,0.15,1,1,1,579,2821.1809999999987
2901,1,3,557758.6630000001,185919.55433333336,0.11000000000000001,25,10,4,640,14581.0293,3,557758.6630000001,185919.55433333336,0.11000000000000001,25,10,4,640,14581.0293
1014,0,5,353253.193,70650.63859999999,0.11000000000000001,25,15,4,27,4366.8295333333335,5,353253.193,70650.63859999999,0.11000000000000001,25,15,4,27,4366.8295333333335
2574,0,3,299828.5725,99942.8575,0.08333333333333333,17,6,4,306,13930.620416666667,3,299828.5725,99942.8575,0.08333333333333333,17,6,4,306,13930.620416666667
2841,0,2,496855.6925,248427.84625,0.075,18,6,3,442,24600.990416666664,2,496855.6925,248427.84625,0.075,18,6,3,442,24600.990416666664
3971,0,3,314018.2155,104672.73849999999,0.07142857142857142,13,7,3,353,17164.956499999997,3,314018.2155,104672.73849999999,0.07142857142857142,13,7,3,353,17164.956499999997
2466,0,4,224410.362,56102.5905,0.11666666666666668,15,6,5,46,7490.123666666666,4,224410.362,56102.5905,0.11666666666666668,15,6,5,46,7490.123666666666
4987,1,2,68771.835,34385.917499999996,0.1125,11,4,3,85,4100.74375,2,68771.835,34385.917499999996,0.1125,11,4,3,85,4100.74375
197,1,3,646405.8415,215468.61383333334,0.095,27,10,5,16,20212.382149999998,3,646405.8415,215468.61383333334,0.095,27,10,5,16,20212.382149999998
3636,0,4,408906.2745,102226.568625,0.125,23,10,4,322,9950.591450000002,4,408906.2745,102226.568625,0.125,23,10,4,322,9950.591450000002
2640,1,3,339895.468,113298.48933333333,0.1142857142857143,21,7,4,80,9067.096857142855,3,339895.468,113298.48933333333,0.1142857142857143,21,7,4,80,9067.096857142855
1446,0,3,317651.65099999995,105883.88366666665,0.15714285714285717,16,7,3,164,7441.812999999999,3,317651.65099999995,105883.88366666665,0.15714285714285717,16,7,3,164,7441.812999999999
461,0,4,546877.753,136719.43825,0.10833333333333334,24,12,5,32,12704.842750000002,4,546877.753,136719.43825,0.10833333333333334,24,12,5,32,12704.842750000002
2473,0,3,191281.90399999998,63760.63466666666,0.07857142857142858,14,7,4,94,5080.901999999997,3,191281.90399999998,63760.63466666666,0.07857142857142858,14,7,4,94,5080.901999999997
751,0,2,336409.949,168204.9745,0.075,18,6,2,153,17872.87816666667,2,336409.949,168204.9745,0.075,18,6,2,153,17872.87816666667
3638,0,5,539595.103,107919.0206,0.08461538461538462,31,13,5,269,11033.379461538463,5,539595.103,107919.0206,0.08461538461538462,31,13,5,269,11033.379461538463
2916,0,2,69886.813,34943.4065,0.09999999999999999,5,3,2,167,3353.0243333333324,2,69886.813,34943.4065,0.09999999999999999,5,3,2,167,3353.0243333333324
2611,1,2,334726.371,167363.1855,0.037500000000000006,11,4,3,101,21629.80275,2,334726.371,167363.1855,0.037500000000000006,11,4,3,101,21629.80275
2324,0,6,494738.736,82456.456,0.1,20,9,4,131,14256.537333333334,6,494738.736,82456.456,0.1,20,9,4,131,14256.537333333334
1406,0,2,206833.404,103416.702,0.11666666666666665,8,3,2,38,17451.568,2,206833.404,103416.702,0.11666666666666665,8,3,2,38,17451.568
4105,0,3,540020.0105,180006.67016666665,0.10555555555555556,22,9,4,278,19390.285611111103,3,540020.0105,180006.67016666665,0.10555555555555556,22,9,4,278,19390.285611111103
1837,1,3,406270.18,135423.39333333334,0.09285714285714286,16,7,5,263,18335.66571428572,3,406270.18,135423.39333333334,0.09285714285714286,16,7,5,263,18335.66571428572
4719,1,4,626245.684,156561.421,0.1125,34,12,5,5,12794.442000000001,4,626245.684,156561.421,0.1125,34,12,5,5,12794.442000000001
280,0,1,87135.654,87135.654,0.175,5,2,1,514,9399.546999999995,1,87135.654,87135.654,0.175,5,2,1,514,9399.546999999995
4738,0,3,575558.6025,191852.86750000002,0.065,22,10,3,212,14983.76225,3,575558.6025,191852.86750000002,0.065,22,10,3,212,14983.76225
1829,0,1,6936.6375,6936.6375,0.15,1,1,1,140,89.61749999999938,1,6936.6375,6936.6375,0.15,1,1,1,140,89.61749999999938
2883,1,2,109268.38399999999,54634.191999999995,0.10000000000000002,6,3,2,125,10049.587999999998,2,109268.38399999999,54634.191999999995,0.10000000000000002,6,3,2,125,10049.587999999998
3983,0,4,472114.1995,118028.549875,0.08333333333333333,23,9,5,208,17001.74438888889,4,472114.1995,118028.549875,0.08333333333333333,23,9,5,208,17001.74438888889
4332,0,5,1069648.988,213929.7976,0.09166666666666667,44,17,5,164,17535.297666666665,5,1069648.988,213929.7976,0.09166666666666667,44,17,5,164,17535.297666666665
341,0,4,413925.394,103481.3485,0.17777777777777778,25,9,5,334,8172.137111111111,4,413925.394,103481.3485,0.17777777777777778,25,9,5,334,8172.137111111111
3860,0,2,179011.788,89505.894,0.08750000000000001,12,4,4,34,10651.791999999998,2,179011.788,89505.894,0.08750000000000001,12,4,4,34,10651.791999999998
1883,0,4,827611.144,206902.786,0.09333333333333332,41,15,5,35,13186.917599999997,4,827611.144,206902.786,0.09333333333333332,41,15,5,35,13186.917599999997
3952,0,2,286970.79899999994,143485.3995,0.1,15,5,4,454,9427.693799999994,2,286970.79899999994,143485.3995,0.1,15,5,4,454,9427.693799999994
3839,1,1,252081.677,252081.677,0.049999999999999996,10,3,3,259,14779.852333333329,1,252081.677,252081.677,0.049999999999999996,10,3,3,259,14779.852333333329
1814,1,2,415118.239,207559.1195,0.07857142857142858,14,7,3,108,19247.015571428572,2,415118.239,207559.1195,0.07857142857142858,14,7,3,108,19247.015571428572
1765,0,1,56533.3785,56533.3785,0.08750000000000001,6,4,2,556,2777.0321249999997,1,56533.3785,56533.3785,0.08750000000000001,6,4,2,556,2777.0321249999997
441,0,5,435791.786,87158.3572,0.11071428571428572,27,14,5,346,5907.913285714286,5,435791.786,87158.3572,0.11071428571428572,27,14,5,346,5907.913285714286
783,1,3,315183.0655,105061.02183333335,0.12142857142857144,18,6,2,8,9838.690785714289,3,315183.0655,105061.02183333335,0.12142857142857144,18,6,2,8,9838.690785714289
2808,0,2,221816.2415,110908.12075,0.16,14,5,4,96,8230.4923,2,221816.2415,110908.12075,0.16,14,5,4,96,8230.4923
4892,1,4,535344.952,133836.238,0.1409090909090909,24,11,4,1,8373.57472727273,4,535344.952,133836.238,0.1409090909090909,24,11,4,1,8373.57472727273
1419,0,5,639949.0495,127989.8099,0.12142857142857143,29,14,5,20,9966.36425,5,639949.0495,127989.8099,0.12142857142857143,29,14,5,20,9966.36425
3072,1,3,424092.073,141364.02433333333,0.1,25,7,4,195,9835.861857142856,3,424092.073,141364.02433333333,0.1,25,7,4,195,9835.861857142856
1160,0,1,23164.98,23164.98,0.1,5,2,2,465,2077.0,1,23164.98,23164.98,0.1,5,2,2,465,2077.0
586,0,1,135462.68149999998,135462.68149999998,0.025,4,2,2,102,23443.060749999997,1,135462.68149999998,135462.68149999998,0.025,4,2,2,102,23443.060749999997
3895,0,2,363307.1175,181653.55875,0.12142857142857143,18,7,5,521,7625.356785714285,2,363307.1175,181653.55875,0.12142857142857143,18,7,5,521,7625.356785714285
1203,0,4,449287.0285,112321.757125,0.12272727272727274,24,11,5,558,7510.0944090909115,4,449287.0285,112321.757125,0.12272727272727274,24,11,5,558,7510.0944090909115
1571,0,3,174821.8715,58273.95716666667,0.15,12,6,4,29,7819.9352499999995,3,174821.8715,58273.95716666667,0.15,12,6,4,29,7819.9352499999995
3494,0,3,412055.98949999997,137351.9965,0.08636363636363636,25,11,5,108,9834.772681818182,3,412055.98949999997,137351.9965,0.08636363636363636,25,11,5,108,9834.772681818182
4048,0,1,103505.622,103505.622,0.15,3,1,1,420,21206.892000000007,1,103505.622,103505.622,0.15,3,1,1,420,21206.892000000007
721,0,2,269180.2725,134590.13625,0.15,13,4,3,226,1833.3006250000026,2,269180.2725,134590.13625,0.15,13,4,3,226,1833.3006250000026
3873,0,3,613310.275,204436.75833333333,0.10500000000000001,31,10,4,252,13534.3985,3,613310.275,204436.75833333333,0.10500000000000001,31,10,4,252,13534.3985
2034,1,2,339135.517,169567.7585,0.09999999999999999,16,7,3,163,13880.462428571429,2,339135.517,169567.7585,0.09999999999999999,16,7,3,163,13880.462428571429
2580,1,2,161726.754,80863.377,0.05,12,4,2,73,12422.330999999998,2,161726.754,80863.377,0.05,12,4,2,73,12422.330999999998
3824,0,2,119700.38,59850.19,0.0,4,2,2,159,24010.02,2,119700.38,59850.19,0.0,4,2,2,159,24010.02
3523,0,2,183165.062,91582.531,0.1125,8,4,4,98,9802.993,2,183165.062,91582.531,0.1125,8,4,4,98,9802.993
3265,0,1,69762.645,69762.645,0.06666666666666667,7,3,2,469,8268.581666666665,1,69762.645,69762.645,0.06666666666666667,7,3,2,469,8268.581666666665
1282,1,2,366868.3005,183434.15025,0.10714285714285714,16,7,3,416,13353.07292857143,2,366868.3005,183434.15025,0.10714285714285714,16,7,3,416,13353.07292857143
2243,0,2,267105.94700000004,133552.97350000002,0.13,14,5,2,83,15086.603400000004,2,267105.94700000004,133552.97350000002,0.13,14,5,2,83,15086.603400000004
1717,0,3,352942.657,117647.55233333334,0.10714285714285714,20,7,3,145,15978.50814285714,3,352942.657,117647.55233333334,0.10714285714285714,20,7,3,145,15978.50814285714
4372,0,3,210915.44400000002,70305.148,0.05,14,5,3,96,13768.7608,3,210915.44400000002,70305.148,0.05,14,5,3,96,13768.7608
3844,0,1,44284.24,44284.24,0.0,4,1,1,658,18302.159999999996,1,44284.24,44284.24,0.0,4,1,1,658,18302.159999999996
1535,0,2,148819.61599999998,74409.80799999999,0.2,7,2,2,68,19209.612999999994,2,148819.61599999998,74409.80799999999,0.2,7,2,2,68,19209.612999999994
3378,1,4,587532.304,146883.076,0.06999999999999999,25,10,5,106,18078.695400000004,4,587532.304,146883.076,0.06999999999999999,25,10,5,106,18078.695400000004
4565,0,3,301280.66,100426.88666666664,0.10625000000000001,14,8,5,54,6323.5549999999985,3,301280.66,100426.88666666664,0.10625000000000001,14,8,5,54,6323.5549999999985
3291,0,2,273151.08400000003,136575.542,0.08333333333333333,17,6,4,471,13279.132333333333,2,273151.08400000003,136575.542,0.08333333333333333,17,6,4,471,13279.132333333333
3654,1,2,154530.3335,77265.16675,0.1,13,5,3,14,5628.420700000001,2,154530.3335,77265.16675,0.1,13,5,3,14,5628.420700000001
827,0,5,511420.984,102284.1968,0.07307692307692308,40,13,5,40,10422.377999999999,5,511420.984,102284.1968,0.07307692307692308,40,13,5,40,10422.377999999999
3678,0,1,219069.316,219069.316,0.1625,10,4,3,284,6214.958999999997,1,219069.316,219069.316,0.1625,10,4,3,284,6214.958999999997
3428,0,2,340539.076,170269.538,0.10000000000000002,20,6,4,356,12599.197666666667,2,340539.076,170269.538,0.10000000000000002,20,6,4,356,12599.197666666667
1278,0,3,158260.847,52753.61566666667,0.125,9,4,3,105,7773.581749999999,3,158260.847,52753.61566666667,0.125,9,4,3,105,7773.581749999999
2399,1,2,218487.4055,109243.70275,0.14166666666666666,13,6,3,347,5552.65925,2,218487.4055,109243.70275,0.14166666666666666,13,6,3,347,5552.65925
4351,0,1,56228.488000000005,56228.488000000005,0.06666666666666667,12,3,2,87,5649.029333333335,1,56228.488000000005,56228.488000000005,0.06666666666666667,12,3,2,87,5649.029333333335
2238,0,4,394256.702,98564.1755,0.10500000000000001,24,9,4,172,7026.962199999999,4,394256.702,98564.1755,0.10500000000000001,24,9,4,172,7026.962199999999
3092,0,3,296722.316,98907.43866666667,0.11875000000000001,17,8,4,455,3702.023250000001,3,296722.316,98907.43866666667,0.11875000000000001,17,8,4,455,3702.023250000001
2216,1,4,579173.899,144793.47475,0.08636363636363636,29,11,4,278,9506.746272727274,4,579173.899,144793.47475,0.08636363636363636,29,11,4,278,9506.746272727274
470,1,1,38897.344000000005,38897.344000000005,0.1,5,2,2,406,4143.122000000001,1,38897.344000000005,38897.344000000005,0.1,5,2,2,406,4143.122000000001
4518,0,7,1168298.9665,166899.85235714287,0.10227272727272728,52,21,4,172,9791.37256818182,7,1168298.9665,166899.85235714287,0.10227272727272728,52,21,4,172,9791.37256818182
4298,1,1,48489.004,48489.004,0.1,2,2,2,847,5130.837000000001,1,48489.004,48489.004,0.1,2,2,2,847,5130.837000000001
4959,0,1,292952.50049999997,292952.50049999997,0.13333333333333333,10,3,3,800,24708.18683333333,1,292952.50049999997,292952.50049999997,0.13333333333333333,10,3,3,800,24708.18683333333
426,1,1,58980.450000000004,58980.450000000004,0.175,4,2,2,550,1137.5650000000044,1,58980.450000000004,58980.450000000004,0.175,4,2,2,550,1137.5650000000044
1399,0,4,624678.254,156169.56350000002,0.08750000000000001,34,12,4,57,10839.132833333335,4,624678.254,156169.56350000002,0.08750000000000001,34,12,4,57,10839.132833333335
820,0,3,279529.3745,93176.45816666666,0.08,16,5,3,217,10644.546899999996,3,279529.3745,93176.45816666666,0.08,16,5,3,217,10644.546899999996
1195,0,3,264673.89749999996,88224.63249999999,0.075,11,6,4,176,13292.237916666663,3,264673.89749999996,88224.63249999999,0.075,11,6,4,176,13292.237916666663
3038,0,3,397141.543,132380.51433333333,0.075,13,6,5,398,23198.1755,3,397141.543,132380.51433333333,0.075,13,6,5,398,23198.1755
174,0,2,335784.92600000004,167892.46300000002,0.1416666666666667,14,6,3,167,11136.742666666672,2,335784.92600000004,167892.46300000002,0.1416666666666667,14,6,3,167,11136.742666666672
447,0,4,475344.828,118836.207,0.09,25,10,5,100,14482.6068,4,475344.828,118836.207,0.09,25,10,5,100,14482.6068
2277,1,3,539759.075,179919.69166666665,0.11666666666666665,21,6,4,105,20456.454166666674,3,539759.075,179919.69166666665,0.11666666666666665,21,6,4,105,20456.454166666674
3499,0,3,426470.4315,142156.8105,0.06818181818181818,25,11,5,178,8025.271954545454,3,426470.4315,142156.8105,0.06818181818181818,25,11,5,178,8025.271954545454
4602,1,3,339628.02050000004,113209.34016666666,0.1,20,9,4,91,7890.661166666669,3,339628.02050000004,113209.34016666666,0.1,20,9,4,91,7890.661166666669
4545,0,4,309944.8955,77486.223875,0.07142857142857142,16,7,4,371,10203.886499999997,4,309944.8955,77486.223875,0.07142857142857142,16,7,4,371,10203.886499999997
2124,0,5,882537.099,176507.41979999997,0.1323529411764706,48,17,5,82,7513.827588235294,5,882537.099,176507.41979999997,0.1323529411764706,48,17,5,82,7513.827588235294
3375,1,2,272545.307,136272.6535,0.11666666666666665,13,6,3,238,11808.511166666665,2,272545.307,136272.6535,0.11666666666666665,13,6,3,238,11808.511166666665
752,0,1,66815.74,66815.74,0.0,2,1,1,174,27308.08,1,66815.74,66815.74,0.0,2,1,1,174,27308.08
1056,1,1,188112.1,188112.1,0.13333333333333333,8,3,3,59,10144.163333333332,1,188112.1,188112.1,0.13333333333333333,8,3,3,59,10144.163333333332
4495,0,4,681941.862,170485.4655,0.1125,32,12,5,85,12017.317666666664,4,681941.862,170485.4655,0.1125,32,12,5,85,12017.317666666664
1726,0,2,217996.086,108998.043,0.10000000000000002,9,6,3,705,9536.867666666667,2,217996.086,108998.043,0.10000000000000002,9,6,3,705,9536.867666666667
1286,0,4,634881.7955,158720.448875,0.06666666666666667,28,12,5,205,10878.713791666667,4,634881.7955,158720.448875,0.06666666666666667,28,12,5,205,10878.713791666667
2018,1,3,129495.474,43165.158,0.06000000000000001,9,5,3,298,6102.496800000003,3,129495.474,43165.158,0.06000000000000001,9,5,3,298,6102.496800000003
4622,0,7,680490.3555000001,97212.90792857143,0.07857142857142858,28,14,5,128,13973.95682142857,7,680490.3555000001,97212.90792857143,0.07857142857142858,28,14,5,128,13973.95682142857
3177,0,1,38683.278,38683.278,0.1,2,1,1,325,9312.197999999997,1,38683.278,38683.278,0.1,2,1,1,325,9312.197999999997
1929,1,2,179794.595,89897.2975,0.1416666666666667,15,6,4,120,4992.919166666667,2,179794.595,89897.2975,0.1416666666666667,15,6,4,120,4992.919166666667
1735,0,1,202538.636,202538.636,0.0625,11,4,4,308,15818.403999999999,1,202538.636,202538.636,0.0625,11,4,4,308,15818.403999999999
2232,1,5,518478.0955,103695.6191,0.08636363636363636,28,11,5,96,12347.465045454544,5,518478.0955,103695.6191,0.08636363636363636,28,11,5,96,12347.465045454544
3725,0,1,391439.556,391439.556,0.15,12,3,3,81,34263.11866666667,1,391439.556,391439.556,0.15,12,3,3,81,34263.11866666667
614,0,2,306211.78699999995,153105.89349999998,0.07142857142857142,17,7,5,212,5991.882428571426,2,306211.78699999995,153105.89349999998,0.07142857142857142,17,7,5,212,5991.882428571426
772,0,1,85133.384,85133.384,0.05,3,2,2,678,12520.237000000001,1,85133.384,85133.384,0.05,3,2,2,678,12520.237000000001
579,0,1,193346.83800000002,193346.83800000002,0.0875,10,4,4,596,12134.6145,1,193346.83800000002,193346.83800000002,0.0875,10,4,4,596,12134.6145
3567,0,3,255842.6255,85280.87516666666,0.0642857142857143,14,7,4,224,7973.389357142857,3,255842.6255,85280.87516666666,0.0642857142857143,14,7,4,224,7973.389357142857
4085,1,4,336002.7045,84000.676125,0.1111111111111111,22,9,4,14,7171.319388888889,4,336002.7045,84000.676125,0.1111111111111111,22,9,4,14,7171.319388888889
3774,0,4,462331.289,115582.82225,0.08636363636363636,22,11,4,128,10605.547181818181,4,462331.289,115582.82225,0.08636363636363636,22,11,4,128,10605.547181818181
1380,0,2,141002.925,70501.46250000001,0.1,9,5,4,711,5365.3009999999995,2,141002.925,70501.46250000001,0.1,9,5,4,711,5365.3009999999995
956,0,3,280826.0,93608.66666666667,0.09285714285714286,18,7,4,367,5550.328571428572,3,280826.0,93608.66666666667,0.09285714285714286,18,7,4,367,5550.328571428572
3722,0,2,235248.86800000002,117624.43400000001,0.10000000000000002,16,6,3,2,9931.973000000004,2,235248.86800000002,117624.43400000001,0.10000000000000002,16,6,3,2,9931.973000000004
3805,0,2,269208.052,134604.026,0.09166666666666667,16,6,4,310,7201.747000000003,2,269208.052,134604.026,0.09166666666666667,16,6,4,310,7201.747000000003
623,0,4,312512.26399999997,78128.066,0.1,17,10,4,351,6711.1874,4,312512.26399999997,78128.066,0.1,17,10,4,351,6711.1874
1460,0,3,328363.1775,109454.3925,0.1111111111111111,22,9,3,166,9622.05972222222,3,328363.1775,109454.3925,0.1111111111111111,22,9,3,166,9622.05972222222
2651,0,1,197669.162,197669.162,0.11666666666666665,8,3,3,662,18633.440666666673,1,197669.162,197669.162,0.11666666666666665,8,3,3,662,18633.440666666673
2481,1,1,50902.32,50902.32,0.2,3,1,1,26,1116.8400000000038,1,50902.32,50902.32,0.2,3,1,1,26,1116.8400000000038
3819,0,1,140805.217,140805.217,0.06666666666666667,6,3,3,173,12857.209,1,140805.217,140805.217,0.06666666666666667,6,3,3,173,12857.209
361,0,3,411941.7,137313.9,0.07142857142857142,20,7,4,158,17647.864285714288,3,411941.7,137313.9,0.07142857142857142,20,7,4,158,17647.864285714288
2918,0,6,557381.838,92896.973,0.10714285714285714,40,13,4,97,5269.241285714285,6,557381.838,92896.973,0.10714285714285714,40,13,4,97,5269.241285714285
2500,1,2,246351.40000000002,123175.70000000001,0.10000000000000002,14,6,3,409,9526.158333333335,2,246351.40000000002,123175.70000000001,0.10000000000000002,14,6,3,409,9526.158333333335
1360,1,1,236430.99950000003,236430.99950000003,0.0625,9,4,3,68,17995.234875000002,1,236430.99950000003,236430.99950000003,0.0625,9,4,3,68,17995.234875000002
4165,0,2,289908.698,144954.349,0.1125,13,4,2,127,17473.331999999995,2,289908.698,144954.349,0.1125,13,4,2,127,17473.331999999995
2782,0,3,303246.98600000003,101082.32866666668,0.1285714285714286,21,7,5,8,6573.279428571431,3,303246.98600000003,101082.32866666668,0.1285714285714286,21,7,5,8,6573.279428571431
4876,0,1,353134.005,353134.005,0.07500000000000001,14,4,4,540,18911.298749999994,1,353134.005,353134.005,0.07500000000000001,14,4,4,540,18911.298749999994
4763,1,4,355039.0875,88759.771875,0.1,21,9,5,249,8638.383055555554,4,355039.0875,88759.771875,0.1,21,9,5,249,8638.383055555554
1811,1,1,82965.06450000001,82965.06450000001,0.11666666666666668,6,3,2,32,4330.478166666669,1,82965.06450000001,82965.06450000001,0.11666666666666668,6,3,2,32,4330.478166666669
4620,0,4,664741.713,166185.42825,0.1409090909090909,34,11,5,78,9286.851181818183,4,664741.713,166185.42825,0.1409090909090909,34,11,5,78,9286.851181818183
4459,1,3,318776.8975,106258.96583333334,0.13,11,5,4,381,13518.703500000003,3,318776.8975,106258.96583333334,0.13,11,5,4,381,13518.703500000003
3441,0,2,240179.91249999998,120089.95624999999,0.1142857142857143,13,7,2,592,7787.758928571428,2,240179.91249999998,120089.95624999999,0.1142857142857143,13,7,2,592,7787.758928571428
2567,1,4,432796.492,108199.123,0.1,26,10,5,0,8698.333818181818,4,432796.492,108199.123,0.1,26,10,5,0,8698.333818181818
4548,0,1,414011.4505,414011.4505,0.1,15,4,3,284,25943.752624999986,1,414011.4505,414011.4505,0.1,15,4,3,284,25943.752624999986
4787,0,1,106712.265,106712.265,0.05,3,1,1,777,21300.255000000005,1,106712.265,106712.265,0.05,3,1,1,777,21300.255000000005
1253,1,2,410221.848,205110.924,0.1,22,8,4,205,15381.710999999998,2,410221.848,205110.924,0.1,22,8,4,205,15381.710999999998
1414,0,3,426963.2905,142321.09683333334,0.06666666666666667,18,6,4,70,15407.151749999999,3,426963.2905,142321.09683333334,0.06666666666666667,18,6,4,70,15407.151749999999
2542,0,2,281884.591,140942.2955,0.05,14,4,4,239,23663.15275,2,281884.591,140942.2955,0.05,14,4,4,239,23663.15275
1605,0,4,483638.5515,120909.637875,0.08888888888888889,25,9,4,223,10805.402388888891,4,483638.5515,120909.637875,0.08888888888888889,25,9,4,223,10805.402388888891
1683,0,4,394818.1115,98704.527875,0.09285714285714286,18,7,4,101,13852.634499999998,4,394818.1115,98704.527875,0.09285714285714286,18,7,4,101,13852.634499999998
3583,0,2,84373.124,42186.562,0.06666666666666667,8,3,3,149,5216.547999999999,2,84373.124,42186.562,0.06666666666666667,8,3,3,149,5216.547999999999
440,1,1,50287.889,50287.889,0.05,2,1,1,20,4993.749000000003,1,50287.889,50287.889,0.05,2,1,1,20,4993.749000000003
2629,1,5,967386.0244999999,193477.2049,0.08846153846153845,36,13,5,219,20627.82726923077,5,967386.0244999999,193477.2049,0.08846153846153845,36,13,5,219,20627.82726923077
1126,0,1,95363.90400000001,95363.90400000001,0.2,3,1,1,864,28692.474000000002,1,95363.90400000001,95363.90400000001,0.2,3,1,1,864,28692.474000000002
1295,1,3,530660.9625,176886.98750000002,0.07222222222222223,19,8,5,26,18624.123611111117,3,530660.9625,176886.98750000002,0.07222222222222223,19,8,5,26,18624.123611111117
1777,0,2,322322.7465,161161.37325,0.07,13,5,2,320,17964.605300000003,2,322322.7465,161161.37325,0.07,13,5,2,320,17964.605300000003
3334,0,2,114964.7755,57482.387749999994,0.1,9,4,4,520,9481.641375,2,114964.7755,57482.387749999994,0.1,9,4,4,520,9481.641375
2778,0,1,68343.936,68343.936,0.2,3,1,1,432,1845.2459999999992,1,68343.936,68343.936,0.2,3,1,1,432,1845.2459999999992
215,0,4,329501.61850000004,82375.404625,0.15,16,7,2,10,8283.149785714286,4,329501.61850000004,82375.404625,0.15,16,7,2,10,8283.149785714286
3457,0,2,220862.08550000002,110431.04275000001,0.1,9,4,3,272,10506.893875000003,2,220862.08550000002,110431.04275000001,0.1,9,4,3,272,10506.893875000003
3631,0,3,289624.67699999997,96541.559,0.125,9,4,2,246,20308.891749999995,3,289624.67699999997,96541.559,0.125,9,4,2,246,20308.891749999995
2129,0,2,93195.446,46597.723,0.125,7,4,2,287,1648.5339999999987,2,93195.446,46597.723,0.125,7,4,2,287,1648.5339999999987
4513,0,1,74655.2055,74655.2055,0.175,4,2,2,472,1223.1127499999966,1,74655.2055,74655.2055,0.175,4,2,2,472,1223.1127499999966
191,0,2,57239.501000000004,28619.750500000002,0.0875,10,4,4,435,3419.27775,2,57239.501000000004,28619.750500000002,0.0875,10,4,4,435,3419.27775
3093,0,1,211093.462,211093.462,0.07500000000000001,8,4,3,436,10665.445500000002,1,211093.462,211093.462,0.07500000000000001,8,4,3,436,10665.445500000002
4086,0,2,433262.3515,216631.17575,0.07142857142857142,20,7,3,861,19520.00735714286,2,433262.3515,216631.17575,0.07142857142857142,20,7,3,861,19520.00735714286
488,0,1,146605.144,146605.144,0.15,4,1,1,133,28831.504,1,146605.144,146605.144,0.15,4,1,1,133,28831.504
668,0,3,153656.593,51218.86433333333,0.10714285714285714,12,7,5,84,4217.266142857142,3,153656.593,51218.86433333333,0.10714285714285714,12,7,5,84,4217.266142857142
825,0,3,517578.294,172526.098,0.1111111111111111,19,9,4,58,15410.364888888887,3,517578.294,172526.098,0.1111111111111111,19,9,4,58,15410.364888888887
2607,0,2,320628.962,160314.481,0.09166666666666667,17,6,4,263,10868.463666666665,2,320628.962,160314.481,0.09166666666666667,17,6,4,263,10868.463666666665
1980,0,3,572092.272,190697.424,0.04285714285714286,23,7,4,81,23642.52457142857,3,572092.272,190697.424,0.04285714285714286,23,7,4,81,23642.52457142857
95,0,2,375880.325,187940.16249999998,0.1,20,8,5,123,11739.724375000002,2,375880.325,187940.16249999998,0.1,20,8,5,123,11739.724375000002
2344,0,4,700032.7445,175008.186125,0.10384615384615385,40,12,5,67,6334.055730769228,4,700032.7445,175008.186125,0.10384615384615385,40,12,5,67,6334.055730769228
43,0,1,220450.18399999998,220450.18399999998,0.0875,13,4,3,160,8242.625999999995,1,220450.18399999998,220450.18399999998,0.0875,13,4,3,160,8242.625999999995
4361,1,2,280712.244,140356.122,0.16666666666666666,14,6,4,75,6807.923999999998,2,280712.244,140356.122,0.16666666666666666,14,6,4,75,6807.923999999998
712,0,2,134565.236,67282.618,0.1875,10,4,3,553,4984.764,2,134565.236,67282.618,0.1875,10,4,3,553,4984.764
3866,1,3,592570.4820000001,197523.49400000004,0.0875,24,8,4,62,18892.717750000003,3,592570.4820000001,197523.49400000004,0.0875,24,8,4,62,18892.717750000003
1848,0,1,221289.831,221289.831,0.10000000000000002,7,3,2,402,13611.263666666668,1,221289.831,221289.831,0.10000000000000002,7,3,2,402,13611.263666666668
1276,0,4,300826.8335,75206.708375,0.14285714285714285,17,7,4,138,5994.594785714285,4,300826.8335,75206.708375,0.14285714285714285,17,7,4,138,5994.594785714285
2352,0,5,767370.997,153474.19939999998,0.10454545454545454,32,11,4,228,15732.919727272725,5,767370.997,153474.19939999998,0.10454545454545454,32,11,4,228,15732.919727272725
4813,0,1,52154.114499999996,52154.114499999996,0.025,2,2,1,634,7945.28725,1,52154.114499999996,52154.114499999996,0.025,2,2,1,634,7945.28725
1210,0,2,310417.331,155208.6655,0.1416666666666667,17,6,3,523,13325.931833333334,2,310417.331,155208.6655,0.1416666666666667,17,6,3,523,13325.931833333334
813,0,3,312149.351,104049.78366666667,0.1388888888888889,18,9,4,617,4833.431222222225,3,312149.351,104049.78366666667,0.1388888888888889,18,9,4,617,4833.431222222225
1076,0,2,435192.785,217596.39250000002,0.1,21,8,4,635,13200.339374999998,2,435192.785,217596.39250000002,0.1,21,8,4,635,13200.339374999998
1843,0,2,422090.78349999996,211045.39174999998,0.10714285714285714,19,7,3,231,17405.444785714288,2,422090.78349999996,211045.39174999998,0.10714285714285714,19,7,3,231,17405.444785714288
612,1,3,369240.784,123080.26133333333,0.09999999999999999,17,7,5,52,8754.024857142858,3,369240.784,123080.26133333333,0.09999999999999999,17,7,5,52,8754.024857142858
979,0,2,41851.619999999995,20925.809999999998,0.1,3,2,2,214,4906.114999999999,2,41851.619999999995,20925.809999999998,0.1,3,2,2,214,4906.114999999999
2052,1,3,307612.967,102537.65566666667,0.1,20,8,5,80,9623.577125000002,3,307612.967,102537.65566666667,0.1,20,8,5,80,9623.577125000002
946,0,3,360297.00950000004,120099.00316666668,0.049999999999999996,17,6,3,161,21986.87991666667,3,360297.00950000004,120099.00316666668,0.049999999999999996,17,6,3,161,21986.87991666667
1850,0,1,194197.104,194197.104,0.06666666666666667,6,3,3,690,23232.558000000008,1,194197.104,194197.104,0.06666666666666667,6,3,3,690,23232.558000000008
711,1,2,220998.5045,110499.25225,0.15,8,5,4,486,6501.786900000001,2,220998.5045,110499.25225,0.15,8,5,4,486,6501.786900000001
4534,1,2,255151.25300000003,127575.62650000001,0.1,10,5,4,495,14248.004600000006,2,255151.25300000003,127575.62650000001,0.1,10,5,4,495,14248.004600000006
4355,0,3,304871.35,101623.78333333333,0.08571428571428573,16,7,4,316,9639.427142857141,3,304871.35,101623.78333333333,0.08571428571428573,16,7,4,316,9639.427142857141
1875,0,2,216786.772,108393.386,0.125,17,6,4,277,8415.725333333334,2,216786.772,108393.386,0.125,17,6,4,277,8415.725333333334
2199,0,6,623411.0625,103901.84375,0.08125,37,16,5,15,9315.75390625,6,623411.0625,103901.84375,0.08125,37,16,5,15,9315.75390625
4551,0,1,140407.6085,140407.6085,0.075,5,2,1,839,9897.454250000003,1,140407.6085,140407.6085,0.075,5,2,1,839,9897.454250000003
4761,0,1,65190.705,65190.705,0.15000000000000002,4,2,2,218,5715.852499999998,1,65190.705,65190.705,0.15000000000000002,4,2,2,218,5715.852499999998
3601,1,1,108135.764,108135.764,0.11666666666666665,5,3,2,18,13383.721333333335,1,108135.764,108135.764,0.11666666666666665,5,3,2,18,13383.721333333335
3277,0,3,300203.033,100067.67766666667,0.12142857142857144,17,7,5,528,12830.233285714286,3,300203.033,100067.67766666667,0.12142857142857144,17,7,5,528,12830.233285714286
972,0,1,229938.706,229938.706,0.1375,9,4,3,89,8861.4965,1,229938.706,229938.706,0.1375,9,4,3,89,8861.4965
839,0,3,157591.3975,52530.46583333333,0.07142857142857142,17,7,5,84,6284.708214285713,3,157591.3975,52530.46583333333,0.07142857142857142,17,7,5,84,6284.708214285713
4235,0,2,136887.23200000002,68443.61600000001,0.08333333333333333,10,3,2,193,7478.184000000005,2,136887.23200000002,68443.61600000001,0.08333333333333333,10,3,2,193,7478.184000000005
2592,0,3,221518.13,73839.37666666666,0.13999999999999999,15,5,3,94,6469.222000000002,3,221518.13,73839.37666666666,0.13999999999999999,15,5,3,94,6469.222000000002
2972,1,1,18902.232,18902.232,0.1,1,1,1,711,1447.7520000000004,1,18902.232,18902.232,0.1,1,1,1,711,1447.7520000000004
4550,1,2,383430.6195,191715.30975000001,0.1142857142857143,16,7,4,579,11560.859928571428,2,383430.6195,191715.30975000001,0.1142857142857143,16,7,4,579,11560.859928571428
3521,0,2,120089.815,60044.9075,0.12,10,5,3,341,8392.798999999999,2,120089.815,60044.9075,0.12,10,5,3,341,8392.798999999999
4586,0,3,373467.011,124489.00366666667,0.125,24,7,4,99,6811.5976249999985,3,373467.011,124489.00366666667,0.125,24,7,4,99,6811.5976249999985
1220,0,1,165685.12999999998,165685.12999999998,0.05,4,1,1,480,66046.72999999998,1,165685.12999999998,165685.12999999998,0.05,4,1,1,480,66046.72999999998
2561,0,1,66872.89600000001,66872.89600000001,0.2,8,2,2,16,-1660.9519999999948,1,66872.89600000001,66872.89600000001,0.2,8,2,2,16,-1660.9519999999948
4711,1,3,451872.5275,150624.1758333333,0.08499999999999999,24,10,4,242,12441.66475,3,451872.5275,150624.1758333333,0.08499999999999999,24,10,4,242,12441.66475
2270,0,2,265468.253,132734.1265,0.08750000000000001,10,4,2,567,16815.11825,2,265468.253,132734.1265,0.08750000000000001,10,4,2,567,16815.11825
1746,0,1,115329.802,115329.802,0.15,4,1,1,319,344.1619999999966,1,115329.802,115329.802,0.15,4,1,1,319,344.1619999999966
2259,1,2,175908.80099999998,87954.40049999999,0.09,10,5,3,138,10456.274199999998,2,175908.80099999998,87954.40049999999,0.09,10,5,3,138,10456.274199999998
2235,1,1,153576.1425,153576.1425,0.09999999999999999,9,3,2,149,14441.507500000002,1,153576.1425,153576.1425,0.09999999999999999,9,3,2,149,14441.507500000002
1007,1,2,217206.878,108603.439,0.09,9,5,4,311,9739.5136,2,217206.878,108603.439,0.09,9,5,4,311,9739.5136
3212,1,3,615874.988,205291.66266666667,0.1125,20,8,5,579,21446.091000000004,3,615874.988,205291.66266666667,0.1125,20,8,5,579,21446.091000000004
2020,0,2,181625.5695,90812.78474999999,0.11000000000000001,9,5,3,272,8755.5779,2,181625.5695,90812.78474999999,0.11000000000000001,9,5,3,272,8755.5779
619,0,1,136434.44400000002,136434.44400000002,0.15,8,3,2,459,3251.678000000003,1,136434.44400000002,136434.44400000002,0.15,8,3,2,459,3251.678000000003
3585,0,1,176150.977,176150.977,0.16666666666666666,9,3,3,193,8782.41566666667,1,176150.977,176150.977,0.16666666666666666,9,3,3,193,8782.41566666667
3156,0,2,312266.686,156133.343,0.07142857142857142,15,7,4,581,8831.465142857141,2,312266.686,156133.343,0.07142857142857142,15,7,4,581,8831.465142857141
1633,1,3,249864.764,83288.25466666667,0.07857142857142858,18,7,4,11,6665.173428571429,3,249864.764,83288.25466666667,0.07857142857142858,18,7,4,11,6665.173428571429
1757,1,1,17713.696,17713.696,0.2,2,1,1,63,4722.655999999999,1,17713.696,17713.696,0.2,2,1,1,63,4722.655999999999
376,1,2,223718.63,111859.315,0.125,10,4,3,278,10655.662500000002,2,223718.63,111859.315,0.125,10,4,3,278,10655.662500000002
4947,0,1,37321.664000000004,37321.664000000004,0.2,2,1,1,679,55.90400000000227,1,37321.664000000004,37321.664000000004,0.2,2,1,1,679,55.90400000000227
871,0,3,436173.89599999995,145391.29866666667,0.08333333333333333,21,6,4,102,13495.815999999997,3,436173.89599999995,145391.29866666667,0.08333333333333333,21,6,4,102,13495.815999999997
2984,1,3,212292.8895,70764.2965,0.15,15,6,3,69,7364.706583333333,3,212292.8895,70764.2965,0.15,15,6,3,69,7364.706583333333
1610,1,3,443156.4755,147718.82516666668,0.0642857142857143,19,7,5,88,15641.85507142857,3,443156.4755,147718.82516666668,0.0642857142857143,19,7,5,88,15641.85507142857
2438,0,1,42963.838,42963.838,0.1,2,2,2,28,3382.349,1,42963.838,42963.838,0.1,2,2,2,28,3382.349
3309,1,1,134107.80349999998,134107.80349999998,0.08750000000000001,9,4,3,503,6264.825875000001,1,134107.80349999998,134107.80349999998,0.08750000000000001,9,4,3,503,6264.825875000001
3514,1,2,138676.353,69338.1765,0.13,10,5,2,417,4629.284599999999,2,138676.353,69338.1765,0.13,10,5,2,417,4629.284599999999
597,0,1,171263.78,171263.78,0.0125,11,4,3,774,8299.55,1,171263.78,171263.78,0.0125,11,4,3,774,8299.55
1503,1,1,213798.4805,213798.4805,0.15,11,4,3,360,6536.245124999996,1,213798.4805,213798.4805,0.15,11,4,3,360,6536.245124999996
455,1,1,147942.62900000002,147942.62900000002,0.0875,8,4,3,309,9507.349750000001,1,147942.62900000002,147942.62900000002,0.0875,8,4,3,309,9507.349750000001
1892,1,1,102231.06199999999,102231.06199999999,0.1375,7,4,3,435,3490.995499999999,1,102231.06199999999,102231.06199999999,0.1375,7,4,3,435,3490.995499999999
2891,0,3,436782.498,145594.166,0.10714285714285714,18,7,3,182,15496.634000000004,3,436782.498,145594.166,0.10714285714285714,18,7,3,182,15496.634000000004
568,0,2,35793.729999999996,17896.864999999998,0.125,3,2,2,282,445.8849999999993,2,35793.729999999996,17896.864999999998,0.125,3,2,2,282,445.8849999999993
3270,0,1,220423.038,220423.038,0.18333333333333335,11,3,2,130,11247.872666666668,1,220423.038,220423.038,0.18333333333333335,11,3,2,130,11247.872666666668
2633,1,3,298138.9,99379.63333333332,0.10714285714285714,15,7,3,488,12251.608571428571,3,298138.9,99379.63333333332,0.10714285714285714,15,7,3,488,12251.608571428571
1800,1,2,306057.8865,153028.94325,0.07,11,5,3,225,13275.7413,2,306057.8865,153028.94325,0.07,11,5,3,225,13275.7413
854,1,1,228652.08000000002,228652.08000000002,0.0,8,2,2,257,42663.17999999999,1,228652.08000000002,228652.08000000002,0.0,8,2,2,257,42663.17999999999
3603,1,1,234274.77300000002,234274.77300000002,0.1,11,4,2,444,15746.803250000004,1,234274.77300000002,234274.77300000002,0.1,11,4,2,444,15746.803250000004
539,0,1,157122.157,157122.157,0.13333333333333333,7,3,2,386,15256.162333333335,1,157122.157,157122.157,0.13333333333333333,7,3,2,386,15256.162333333335
2221,1,2,76326.01849999999,38163.009249999996,0.08333333333333333,6,3,2,395,5458.072833333333,2,76326.01849999999,38163.009249999996,0.08333333333333333,6,3,2,395,5458.072833333333
2487,0,2,114633.5225,57316.76125,0.11000000000000001,9,5,3,456,2368.8405000000007,2,114633.5225,57316.76125,0.11000000000000001,9,5,3,456,2368.8405000000007
811,0,2,455091.21,227545.605,0.08333333333333333,20,6,4,151,18259.63,2,455091.21,227545.605,0.08333333333333333,20,6,4,151,18259.63
4762,0,1,174642.22,174642.22,0.0,5,2,2,324,23614.19,1,174642.22,174642.22,0.0,5,2,2,324,23614.19
3385,1,1,173009.392,173009.392,0.13333333333333333,9,3,2,102,6884.150666666665,1,173009.392,173009.392,0.13333333333333333,9,3,2,102,6884.150666666665
4098,1,1,174294.11750000002,174294.11750000002,0.11666666666666668,8,3,3,646,12614.23583333334,1,174294.11750000002,174294.11750000002,0.11666666666666668,8,3,3,646,12614.23583333334
2059,0,1,66267.16,66267.16,0.0,2,1,1,134,27958.520000000004,1,66267.16,66267.16,0.0,2,1,1,134,27958.520000000004
497,0,1,330545.82649999997,330545.82649999997,0.05,12,4,3,678,28020.804125,1,330545.82649999997,330545.82649999997,0.05,12,4,3,678,28020.804125
603,0,1,122565.56,122565.56,0.0,4,1,1,23,38013.479999999996,1,122565.56,122565.56,0.0,4,1,1,23,38013.479999999996
1750,1,1,91120.832,91120.832,0.06666666666666667,7,3,3,833,9646.070666666667,1,91120.832,91120.832,0.06666666666666667,7,3,3,833,9646.070666666667
